-- phpMyAdmin SQL Dump
-- version 3.5.1
-- http://www.phpmyadmin.net
--
-- Host: localhost
-- Generation Time: Jun 02, 2013 at 01:29 PM
-- Server version: 5.5.23
-- PHP Version: 5.3.13

SET SQL_MODE="NO_AUTO_VALUE_ON_ZERO";
SET time_zone = "+00:00";


/*!40101 SET @OLD_CHARACTER_SET_CLIENT=@@CHARACTER_SET_CLIENT */;
/*!40101 SET @OLD_CHARACTER_SET_RESULTS=@@CHARACTER_SET_RESULTS */;
/*!40101 SET @OLD_COLLATION_CONNECTION=@@COLLATION_CONNECTION */;
/*!40101 SET NAMES utf8 */;

--
-- Database: `dreamkyds_crm`
--

-- --------------------------------------------------------

--
-- Table structure for table `adm_audit_stock_limpieza`
--

CREATE TABLE IF NOT EXISTS `adm_audit_stock_limpieza` (
  `id_adm_audit_stock_limpieza` int(6) NOT NULL AUTO_INCREMENT,
  `orden` int(6) NOT NULL,
  `observaciones` longtext,
  `fecha` int(20) DEFAULT NULL,
  `archivo` longtext,
  `id_adm_audit_stock_limpieza_proc` int(6) DEFAULT NULL,
  PRIMARY KEY (`id_adm_audit_stock_limpieza`)
) ENGINE=InnoDB  DEFAULT CHARSET=utf8 AUTO_INCREMENT=23 ;

--
-- Dumping data for table `adm_audit_stock_limpieza`
--

INSERT INTO `adm_audit_stock_limpieza` (`id_adm_audit_stock_limpieza`, `orden`, `observaciones`, `fecha`, `archivo`, `id_adm_audit_stock_limpieza_proc`) VALUES
(1, 0, NULL, NULL, NULL, 1),
(2, 0, 'estas son las observacioens', 1367463600, NULL, 2),
(3, 0, 'observaciones', 1367982000, NULL, 4),
(4, 0, 'pongo obser', 1367377200, NULL, 5),
(5, 0, 'pepe', 1368673200, NULL, 6),
(6, 0, 'pepe1', 1368673200, NULL, 7),
(7, 0, 'peep1', 1367463600, '_7_CPP_CLI_tutorial.pdf', 8),
(8, 0, 'pepe12', 1367463600, '_8_Sql(1).pdf', 10),
(9, 0, 'asdsad new', 1367377200, '_9_F1404.png', 11),
(10, 0, 'dsf', 1368586800, NULL, 12),
(11, 0, 'sdf', 1369278000, NULL, 13),
(12, 0, 'ds2', 1368586800, NULL, 14),
(13, 0, 'psdpfsdf', 1367463600, NULL, 15),
(14, 0, 'wqerqwr', 1367550000, NULL, 16),
(15, 0, 'sdcsd', 1368586800, '_15_Traducciones.odt', 18),
(16, 0, 'asds', 1367982000, '_16_F1404.png', 20),
(17, 0, 'pepe nuevo', 1367463600, NULL, 0),
(18, 0, 'eed', 1369278000, NULL, 23),
(19, 0, 'sdff', 1369364400, '_19_Sql(1).pdf', 24),
(20, 0, 'df', 1367463600, '_20_F1404.png', 25),
(21, 0, 'okay termooo nuevo', 1367463600, '_21_F1404.png', 0),
(22, 0, 'proceso que comencé, pero no mandé a la segunda etapa', 1369278000, NULL, 30);

-- --------------------------------------------------------

--
-- Table structure for table `adm_audit_stock_limpieza_proc`
--

CREATE TABLE IF NOT EXISTS `adm_audit_stock_limpieza_proc` (
  `id_adm_audit_stock_limpieza_proc` int(6) NOT NULL AUTO_INCREMENT,
  `orden` int(6) NOT NULL,
  `id_adm_audit_stock_limpieza` int(6) DEFAULT NULL,
  `id_sis_procesos_flujos_dias` int(6) DEFAULT NULL,
  `id_cv_datos_personales` int(6) DEFAULT NULL,
  `id_relacionado` int(6) DEFAULT NULL,
  `fecha_alta` int(20) DEFAULT NULL,
  `comentario` longtext,
  PRIMARY KEY (`id_adm_audit_stock_limpieza_proc`)
) ENGINE=InnoDB  DEFAULT CHARSET=utf8 AUTO_INCREMENT=31 ;

--
-- Dumping data for table `adm_audit_stock_limpieza_proc`
--

INSERT INTO `adm_audit_stock_limpieza_proc` (`id_adm_audit_stock_limpieza_proc`, `orden`, `id_adm_audit_stock_limpieza`, `id_sis_procesos_flujos_dias`, `id_cv_datos_personales`, `id_relacionado`, `fecha_alta`, `comentario`) VALUES
(1, 0, 1, 113, 99903, NULL, 1368500400, NULL),
(2, 0, 2, 113, 99903, NULL, 1368500400, NULL),
(3, 0, 2, 114, NULL, NULL, NULL, NULL),
(4, 0, 3, 113, 99903, NULL, 1368500400, NULL),
(5, 0, 4, 113, 99903, NULL, 1368500400, NULL),
(6, 0, 5, 113, 99903, NULL, 1368500400, NULL),
(7, 0, 6, 113, 99903, NULL, 1368500400, NULL),
(8, 0, 7, 113, 99903, NULL, 1368500400, NULL),
(9, 0, 7, 114, NULL, NULL, NULL, NULL),
(10, 0, 8, 113, 99903, NULL, 1368500400, NULL),
(11, 0, 9, 113, 99903, NULL, 1368500400, NULL),
(12, 0, 10, 113, 99903, NULL, 1368500400, NULL),
(13, 0, 11, 113, 99903, NULL, 1368500400, NULL),
(14, 0, 12, 113, 99903, NULL, 1368500400, NULL),
(15, 0, 13, 113, 99903, NULL, 1368500400, NULL),
(16, 0, 14, 113, 99903, NULL, 1368500400, NULL),
(17, 0, 14, 114, NULL, NULL, NULL, NULL),
(18, 0, 15, 113, 99903, NULL, 1368500400, NULL),
(19, 0, 15, 114, NULL, NULL, NULL, NULL),
(20, 0, 16, 113, 99903, NULL, 1368759600, NULL),
(21, 0, 17, 113, 99903, NULL, 1369191600, NULL),
(22, 0, 17, 114, 99904, NULL, 1369191600, 'okaaaaa'),
(23, 0, 18, 113, 99903, NULL, 1369191600, NULL),
(24, 0, 19, 113, 99903, NULL, 1369191600, NULL),
(25, 0, 20, 113, 99903, NULL, 1369191600, NULL),
(26, 0, 17, 115, 99903, NULL, 1369191600, 'aokaa'),
(27, 0, 21, 113, 99903, NULL, 1369191600, NULL),
(28, 0, 21, 114, 99904, NULL, 1369191600, 'jdjd'),
(29, 0, 21, 115, 99903, NULL, 1369191600, 'sdsds'),
(30, 0, 22, 113, 99903, NULL, 1369191600, NULL);

-- --------------------------------------------------------

--
-- Table structure for table `adm_pedido_caja_chica`
--

CREATE TABLE IF NOT EXISTS `adm_pedido_caja_chica` (
  `id_adm_pedido_caja_chica` int(6) NOT NULL AUTO_INCREMENT,
  `orden` int(6) NOT NULL,
  `observaciones` longtext,
  `id_adm_pedido_caja_chica_proc` int(6) DEFAULT NULL,
  `archivo` varchar(256) DEFAULT NULL,
  PRIMARY KEY (`id_adm_pedido_caja_chica`)
) ENGINE=InnoDB  DEFAULT CHARSET=utf8 AUTO_INCREMENT=39 ;

--
-- Dumping data for table `adm_pedido_caja_chica`
--

INSERT INTO `adm_pedido_caja_chica` (`id_adm_pedido_caja_chica`, `orden`, `observaciones`, `id_adm_pedido_caja_chica_proc`, `archivo`) VALUES
(1, 0, 'holanene1', 1, NULL),
(2, 0, 'd12', 2, NULL),
(3, 0, 'pepe', 3, '_3_Traducciones.odt'),
(4, 0, 'otro nuevo1d', 4, '_4_Traducciones.odt'),
(5, 0, 'pepe', 6, NULL),
(6, 0, 'de', 8, NULL),
(7, 0, 'dfdf', 9, NULL),
(8, 0, 'edednewew NUEVO', 10, NULL),
(9, 0, 'pepe pepe', 12, NULL),
(10, 0, 'pepe', 13, NULL),
(11, 0, 'pepe1', 15, NULL),
(12, 0, 'pepep', 16, NULL),
(13, 0, 'pepe', 17, NULL),
(14, 0, 'pepito1ddsad', 18, NULL),
(15, 0, 'asdasd', 19, NULL),
(16, 0, 'rr', 20, NULL),
(17, 0, 'swdsd', 21, NULL),
(18, 0, 'eded', 22, NULL),
(19, 0, 'pepe', 23, NULL),
(20, 0, 'por las dudas', 24, NULL),
(21, 0, 'pop3', 25, NULL),
(22, 0, 'df', 26, NULL),
(23, 0, 'pepito', 27, NULL),
(24, 0, 'pepe', 28, NULL),
(25, 0, 'pepito', 29, NULL),
(26, 0, '343434', 30, NULL),
(27, 0, 'pepito', 31, '_27_F1404.png'),
(28, 0, 'ded', 33, NULL),
(29, 0, 'ererer 1', 35, NULL),
(30, 0, 'pepepe', 37, NULL),
(31, 0, 'pepe', 39, NULL),
(32, 0, 'sdfsdf', 41, NULL),
(33, 0, 'swfds', 42, NULL),
(34, 0, 'pepe', 43, NULL),
(35, 0, 'estoy probando caja chica', 45, '_35_F1404.png'),
(36, 0, 'sdsd', 47, '_36_F1404.png'),
(37, 0, 'pepe', 49, '_37_F1404.png'),
(38, 0, 'dfdf NEW1', 0, '_38_Traducciones.odt');

-- --------------------------------------------------------

--
-- Table structure for table `adm_pedido_caja_chica_detalle`
--

CREATE TABLE IF NOT EXISTS `adm_pedido_caja_chica_detalle` (
  `id_adm_pedido_caja_chica_detalle` int(6) NOT NULL AUTO_INCREMENT,
  `orden` int(6) NOT NULL,
  `id_adm_pedido_caja_chica_proc` int(6) DEFAULT NULL,
  `activo` int(1) DEFAULT NULL,
  `id_sis_cuentas` int(6) DEFAULT NULL,
  `detalle` longtext,
  `factura` varchar(30) DEFAULT NULL,
  `id_sis_areas` int(6) DEFAULT NULL,
  `monto` decimal(12,2) DEFAULT NULL,
  `id_crp_proveedores` int(6) DEFAULT NULL,
  PRIMARY KEY (`id_adm_pedido_caja_chica_detalle`)
) ENGINE=InnoDB  DEFAULT CHARSET=utf8 AUTO_INCREMENT=77 ;

--
-- Dumping data for table `adm_pedido_caja_chica_detalle`
--

INSERT INTO `adm_pedido_caja_chica_detalle` (`id_adm_pedido_caja_chica_detalle`, `orden`, `id_adm_pedido_caja_chica_proc`, `activo`, `id_sis_cuentas`, `detalle`, `factura`, `id_sis_areas`, `monto`, `id_crp_proveedores`) VALUES
(1, 0, 9, 1, NULL, NULL, NULL, NULL, NULL, NULL),
(2, 0, 10, 1, 1, 'deededed', '1212', 1, 1000.25, 2),
(3, 0, 10, 1, 3, 'detalle dos', '1515', 8, 200.00, 3),
(4, 0, 10, 1, 1, 'dett', '5656', 5, 250.00, 2),
(5, 0, 10, 1, 1, 'deed', '3434', 1, 0.00, 1),
(6, 0, 12, 1, 1, 'deded', '23', 1, 1.23, 2),
(7, 0, 12, 1, 3, 'detalle dosss', '4545', 5, 23.22, 2),
(8, 0, 13, 1, 1, 'detalle uno', '1212', 2, 34.55, 2),
(9, 0, 13, 0, 3, 'dettatat', '1212', 4, 125.55, 3),
(10, 0, 13, 0, 3, 'dettatat', '1212', 4, 125.55, 3),
(11, 0, 13, 1, 1, 'sdsd', 'wew', 1, 12.12, 1),
(12, 0, 15, 1, 1, 'dfdf', '4747', 1, 64.54, 2),
(13, 0, 15, 0, 3, '4444', '3434', 1, 437.47, 2),
(14, 0, 15, 0, 3, '4444', '3434', 1, 437.47, 2),
(15, 0, 16, 0, 1, 'eded', '44', 1, 200032.32, 2),
(16, 0, 17, 0, 1, 'detalle unoo', '1212', 1, 72.73, 1),
(17, 0, 17, 1, 1, 'detalle unoo', '1212', 5, 72.73, 2),
(18, 0, 22, 0, 1, 'de', '3434', 4, 0.00, 1),
(19, 0, 22, 0, 1, 'de', '3434', 4, 0.00, 1),
(20, 0, 22, 0, 1, 'dede', '33', 8, 34.34, 1),
(21, 0, 22, 1, 1, 'dede', '33', 1, 50.50, 1),
(22, 0, 22, 0, 1, 'de', '3434', 1, 0.00, 2),
(23, 0, 22, 1, 1, 'edede', '3434', 1, 0.00, 2),
(24, 0, 23, 0, 1, 'ded', '22', 2, 0.00, 1),
(25, 0, 23, 1, 1, 'ded', '22', 8, 0.00, 1),
(26, 0, 24, 0, 1, 'det', '1212', 8, 400.05, 2),
(27, 0, 25, 0, 1, 'de', '33', 5, 1.20, 2),
(28, 0, 25, 0, 1, 'de', '33', 3, 1.20, 1),
(29, 0, 28, 0, 1, 'deed', '34', 3, 0.34, 2),
(30, 0, 29, 0, 1, 'det', '12', 12, 20003.23, 2),
(31, 0, 30, 0, 1, 'detalle', '223', 3, 34.34, 2),
(32, 0, 31, 0, 1, 'detallelele unooo papeleria', '4355', 5, 0.12, 2),
(33, 0, 31, 0, 1, 'detallelele unooo papeleria', '4355', 12, 0.12, 2),
(34, 0, 31, 0, 1, 'detallelele unooo papeleria', '4355', 12, 0.12, 2),
(35, 0, 31, 1, 1, 'dede', '44', 1, 300.04, 1),
(36, 0, 33, 1, 1, 'deed', '33', 1, 120.00, 2),
(37, 0, 33, 0, 1, 'det', '4', 3, 50.00, 2),
(38, 0, 33, 0, 3, 'de papeleria', '12', 7, 30.00, 2),
(39, 0, 33, 0, 1, 'det', '4', 1, 100.00, 2),
(40, 0, 33, 1, 3, 'de papeleria', '12', 7, 300.00, 2),
(41, 0, 33, 0, 1, 'det de despensa', '4', 1, 100.00, 3),
(42, 0, 35, 0, 1, 'ded', '23', 3, 400.44, 2),
(43, 0, 35, 0, 1, 'ded', '23', 5, 400.44, 3),
(44, 0, 35, 1, 1, 'ded', '23', 9, 400.44, 1),
(45, 0, 35, 0, 1, 'deded', '334', 10, 50.05, 2),
(46, 0, 35, 0, 1, 'deded', '334', 11, 50.05, 3),
(47, 0, 35, 0, 1, 'wqreew', '4545', 11, 0.00, 2),
(48, 0, 35, 0, 1, 'deded', '334', 1, 50.05, 1),
(49, 0, 35, 1, 1, 'deded', '334', 9, 50.05, 1),
(50, 0, 37, 0, 1, 'detallee papele', 'eee', 3, 0.00, 2),
(51, 0, 37, 0, 1, 'dssd', '12', 8, 400.44, 1),
(52, 0, 37, 1, 1, 'dssd', '12', 7, 400.44, 2),
(53, 0, 37, 0, 1, 'detallee papele', 'eee', 8, 0.00, 2),
(54, 0, 39, 1, 1, 'deed ape', '12', 2, 23.23, 2),
(55, 0, 39, 0, 1, 'eded', '12', 9, 34.34, 2),
(56, 0, 39, 1, 1, 'eded', '12', 4, 34.34, 1),
(57, 0, 41, 0, 1, 'dsdsd', '3434', 1, 300.04, 2),
(58, 0, 42, 1, 1, 'ded', '33', 1, 0.34, 2),
(59, 0, 43, 0, 1, 'dettlltt', '33', 10, 3.03, 2),
(60, 0, 43, 1, 1, 'dettlltt', '33', 10, 3.03, 2),
(61, 0, 43, 0, 3, 'sdf', '44', 8, 0.44, 3),
(62, 0, 43, 0, 3, 'sdf', '44', 5, 0.44, 3),
(63, 0, 45, 1, 1, 'detalle uno', '3434', 8, 244.44, 1),
(64, 0, 45, 1, 3, 'detalle dos', '1212', 7, 34.34, 2),
(65, 0, 45, 1, 1, 'det teressss', '33', 1, 5000.55, 1),
(66, 0, 47, 1, 1, 'sdsd', '2323', 1, 10002.00, 2),
(67, 0, 49, 0, 1, 'ded', '23223', 1, 125.00, 1),
(68, 0, 49, 0, 1, 'deee', '12', 9, 100.02, 2),
(69, 0, 49, 1, 1, 'deee', '12', 9, 150.00, 2),
(70, 0, 49, 0, 1, 'ded', '23223', 1, 125.00, 1),
(71, 0, 49, 1, 1, 'dede', '44', 1, 50.00, 1),
(72, 0, 51, 0, 1, 'de', '12', 6, 100.02, 2),
(73, 0, 51, 0, 1, 'de', '12', 6, 100.02, 2),
(74, 0, 51, 1, 1, 'deed', '12', 1, 120.00, 2),
(75, 0, 51, 1, 1, 'de NEW', '12', 6, 100.02, 2),
(76, 0, 51, 0, 1, 'de', '12', 6, 100.02, 2);

-- --------------------------------------------------------

--
-- Table structure for table `adm_pedido_caja_chica_proc`
--

CREATE TABLE IF NOT EXISTS `adm_pedido_caja_chica_proc` (
  `id_adm_pedido_caja_chica_proc` int(6) NOT NULL AUTO_INCREMENT,
  `orden` int(6) NOT NULL,
  `id_adm_pedido_caja_chica` int(6) DEFAULT NULL,
  `id_sis_procesos_flujos_dias` int(6) DEFAULT NULL,
  `id_cv_datos_personales` int(6) DEFAULT NULL,
  `id_relacionado` int(6) DEFAULT NULL,
  `fecha_alta` int(20) DEFAULT NULL,
  `comentario` longtext,
  PRIMARY KEY (`id_adm_pedido_caja_chica_proc`)
) ENGINE=InnoDB  DEFAULT CHARSET=utf8 AUTO_INCREMENT=55 ;

--
-- Dumping data for table `adm_pedido_caja_chica_proc`
--

INSERT INTO `adm_pedido_caja_chica_proc` (`id_adm_pedido_caja_chica_proc`, `orden`, `id_adm_pedido_caja_chica`, `id_sis_procesos_flujos_dias`, `id_cv_datos_personales`, `id_relacionado`, `fecha_alta`, `comentario`) VALUES
(1, 0, 1, 122, 99904, NULL, 1368500400, NULL),
(2, 0, 2, 122, 99904, NULL, 1368500400, NULL),
(3, 0, 3, 122, 99904, NULL, 1368500400, NULL),
(4, 0, 4, 122, 99904, NULL, 1368500400, NULL),
(5, 0, 4, 123, NULL, NULL, NULL, NULL),
(6, 0, 5, 122, 99904, NULL, 1368500400, NULL),
(7, 0, 5, 123, NULL, NULL, NULL, NULL),
(8, 0, 6, 122, 99904, NULL, 1368500400, NULL),
(9, 0, 7, 122, 99904, NULL, 1368500400, NULL),
(10, 0, 8, 122, 99904, NULL, 1368500400, NULL),
(11, 0, 8, 123, NULL, NULL, NULL, NULL),
(12, 0, 9, 122, 99904, NULL, 1368500400, NULL),
(13, 0, 10, 122, 99904, NULL, 1368500400, NULL),
(14, 0, 10, 123, NULL, NULL, NULL, NULL),
(15, 0, 11, 122, 99904, NULL, 1368500400, NULL),
(16, 0, 12, 122, 99904, NULL, 1368500400, NULL),
(17, 0, 13, 122, 99904, NULL, 1368500400, NULL),
(18, 0, 14, 122, 99904, NULL, 1368500400, NULL),
(19, 0, 15, 122, 99904, NULL, 1368500400, NULL),
(20, 0, 16, 122, 99904, NULL, 1368500400, NULL),
(21, 0, 17, 122, 99904, NULL, 1368500400, NULL),
(22, 0, 18, 122, 99904, NULL, 1368500400, NULL),
(23, 0, 19, 122, 99904, NULL, 1368500400, NULL),
(24, 0, 20, 122, 99904, NULL, 1368500400, NULL),
(25, 0, 21, 122, 99904, NULL, 1368500400, NULL),
(26, 0, 22, 122, 99904, NULL, 1368500400, NULL),
(27, 0, 23, 122, 99904, NULL, 1368500400, NULL),
(28, 0, 24, 122, 99904, NULL, 1368500400, NULL),
(29, 0, 25, 122, 99904, NULL, 1368500400, NULL),
(30, 0, 26, 122, 99904, NULL, 1368500400, NULL),
(31, 0, 27, 122, 99904, NULL, 1368500400, NULL),
(32, 0, 27, 123, NULL, NULL, NULL, NULL),
(33, 0, 28, 122, 99904, NULL, 1368500400, NULL),
(34, 0, 28, 123, NULL, NULL, NULL, NULL),
(35, 0, 29, 122, 99904, NULL, 1368500400, NULL),
(36, 0, 29, 123, NULL, NULL, NULL, NULL),
(37, 0, 30, 122, 99904, NULL, 1368500400, NULL),
(38, 0, 30, 123, NULL, NULL, NULL, NULL),
(39, 0, 31, 122, 99904, NULL, 1368500400, NULL),
(40, 0, 31, 123, NULL, NULL, NULL, NULL),
(41, 0, 32, 122, 99904, NULL, 1368500400, NULL),
(42, 0, 33, 122, 99904, NULL, 1368500400, NULL),
(43, 0, 34, 122, 99904, NULL, 1368500400, NULL),
(44, 0, 34, 123, NULL, NULL, NULL, NULL),
(45, 0, 35, 122, 99904, NULL, 1368500400, NULL),
(46, 0, 35, 123, NULL, NULL, NULL, NULL),
(47, 0, 36, 122, 99904, NULL, 1368759600, NULL),
(48, 0, 36, 123, NULL, NULL, NULL, NULL),
(49, 0, 37, 122, 99904, NULL, 1369191600, NULL),
(50, 0, 37, 123, NULL, NULL, NULL, NULL),
(51, 0, 38, 122, 99904, NULL, 1369191600, NULL),
(52, 0, 38, 123, 99903, 51, 1369191600, 'te lo vuelvo'),
(53, 0, 38, 122, 99904, NULL, 1369191600, 'oka'),
(54, 0, 38, 123, 99903, NULL, 1369191600, 'oka');

-- --------------------------------------------------------

--
-- Table structure for table `adm_pedido_compras`
--

CREATE TABLE IF NOT EXISTS `adm_pedido_compras` (
  `id_adm_pedido_compras` int(6) NOT NULL AUTO_INCREMENT,
  `orden` int(6) NOT NULL,
  `id_adm_pedido_compras_proc` int(6) DEFAULT NULL,
  `asunto` varchar(200) DEFAULT NULL,
  `pedido` longtext,
  PRIMARY KEY (`id_adm_pedido_compras`)
) ENGINE=InnoDB  DEFAULT CHARSET=utf8 AUTO_INCREMENT=24 ;

--
-- Dumping data for table `adm_pedido_compras`
--

INSERT INTO `adm_pedido_compras` (`id_adm_pedido_compras`, `orden`, `id_adm_pedido_compras_proc`, `asunto`, `pedido`) VALUES
(1, 0, 1, NULL, NULL),
(2, 0, 2, NULL, NULL),
(3, 0, 3, 'asnteli', 'pedisosos'),
(4, 0, 4, 'asd loco', 'asd12 NEW pepe'),
(5, 0, 5, 'asunt', 'pedido2332 nuevo'),
(6, 0, 0, 'as', 'asdas'),
(7, 0, 10, 'nuevo', 'okas okaos kao s'),
(8, 0, 13, 'asdas', 'asd'),
(9, 0, 14, 'asd', 'sdwdasd'),
(10, 0, 15, 'asunto', 'pedooo'),
(11, 0, 16, 'asuntel', 'sddsf'),
(12, 0, 18, 'sdf', 'efsdf'),
(13, 0, 0, 'dsf ppe', 'sdf nasndsandasd'),
(14, 0, 23, 'sdfsdf', 'sdfsdf'),
(15, 0, 24, 'biromes', 'biriririr'),
(16, 0, 0, 'asuntel', 'sadasdasd'),
(17, 0, 32, 'sdf', 'sdf'),
(18, 0, 38, 'dszfdsf', 'sdfsfd'),
(19, 0, 39, 'sdf', 'sdf'),
(20, 0, 40, 'asdf', 'asd'),
(21, 0, 41, 'ssdf', 'wfe'),
(22, 0, 42, 'tutuca', 'siempre'),
(23, 0, 44, 'sddsf', 'sdffs');

-- --------------------------------------------------------

--
-- Table structure for table `adm_pedido_compras_arch`
--

CREATE TABLE IF NOT EXISTS `adm_pedido_compras_arch` (
  `id_adm_pedido_compras_arch` int(6) NOT NULL AUTO_INCREMENT,
  `orden` int(6) NOT NULL,
  `id_adm_pedido_compras_proc` int(6) DEFAULT NULL,
  `activo` int(1) DEFAULT NULL,
  `archivo` longtext,
  PRIMARY KEY (`id_adm_pedido_compras_arch`)
) ENGINE=InnoDB  DEFAULT CHARSET=utf8 AUTO_INCREMENT=31 ;

--
-- Dumping data for table `adm_pedido_compras_arch`
--

INSERT INTO `adm_pedido_compras_arch` (`id_adm_pedido_compras_arch`, `orden`, `id_adm_pedido_compras_proc`, `activo`, `archivo`) VALUES
(1, 0, 3, NULL, NULL),
(2, 0, 4, 1, '_2_Traducciones.odt'),
(3, 0, 4, 1, '_3_Traducciones.odt'),
(4, 0, 4, 1, '_4_Traducciones.odt'),
(5, 0, 4, 1, '_5_F1404.png'),
(6, 0, 5, 1, '_6_F1404.png'),
(7, 0, 6, 1, '_7_F1404.png'),
(8, 0, 13, 1, '_8_Sql(1).pdf'),
(9, 0, 14, 1, '_9_F1404.png'),
(10, 0, 14, 1, '_10_Traducciones.odt'),
(11, 0, 16, 1, '_11_Traducciones.odt'),
(12, 0, 16, 1, '_12_F1404.png'),
(13, 0, 18, 1, '_13_F1404.png'),
(14, 0, 18, 1, '_14_Sql(1).pdf'),
(15, 0, 19, 1, '_15_F1404.png'),
(16, 0, 19, 0, '_16_Traducciones.odt'),
(17, 0, 19, 1, '_17_Sql(1).pdf'),
(18, 0, 23, 1, '_18_Sql(1).pdf'),
(19, 0, 24, 1, '_19_F1404.png'),
(20, 0, 24, 1, '_20_CPP_CLI_tutorial.pdf'),
(21, 0, 38, 1, '_21_F1404.png'),
(22, 0, 38, 1, '_22_Traducciones.odt'),
(23, 0, 39, 1, '_23_Traducciones.odt'),
(24, 0, 39, 1, '_24_F1404.png'),
(25, 0, 40, 1, '_25_Traducciones.odt'),
(26, 0, 40, 1, '_26_F1404.png'),
(27, 0, 41, 0, '_27_F1404.png'),
(28, 0, 42, 0, '_28_Traducciones.odt'),
(29, 0, 42, 1, '_29_F1404.png'),
(30, 0, 44, 1, '_30_Traducciones.odt');

-- --------------------------------------------------------

--
-- Table structure for table `adm_pedido_compras_proc`
--

CREATE TABLE IF NOT EXISTS `adm_pedido_compras_proc` (
  `id_adm_pedido_compras_proc` int(6) NOT NULL AUTO_INCREMENT,
  `orden` int(6) NOT NULL,
  `id_adm_pedido_compras` int(6) DEFAULT NULL,
  `id_sis_procesos_flujos_dias` int(6) DEFAULT NULL,
  `id_cv_datos_personales` int(6) DEFAULT NULL,
  `id_relacionado` int(6) DEFAULT NULL,
  `fecha_alta` int(20) DEFAULT NULL,
  `comentario` longtext,
  PRIMARY KEY (`id_adm_pedido_compras_proc`)
) ENGINE=InnoDB  DEFAULT CHARSET=utf8 AUTO_INCREMENT=46 ;

--
-- Dumping data for table `adm_pedido_compras_proc`
--

INSERT INTO `adm_pedido_compras_proc` (`id_adm_pedido_compras_proc`, `orden`, `id_adm_pedido_compras`, `id_sis_procesos_flujos_dias`, `id_cv_datos_personales`, `id_relacionado`, `fecha_alta`, `comentario`) VALUES
(1, 0, 1, 126, 99901, NULL, 1368068400, NULL),
(2, 0, 2, 126, 99901, NULL, 1368068400, NULL),
(3, 0, 3, 126, 99901, NULL, 1368068400, NULL),
(4, 0, 4, 126, 99901, NULL, 1368068400, NULL),
(5, 0, 5, 126, 99903, NULL, 1369364400, 'oka'),
(6, 0, 6, 126, 99905, NULL, 1368673200, 'okas, mando'),
(7, 0, 6, 132, 99904, NULL, 1368068400, 'ljlksad jfksa jflksjflksd jflksd jflksdjflksd jflkds jfslkfj lkdjflkjf lkdsjf ldsakfjsad '),
(8, 0, 6, 133, 99903, NULL, 1368068400, 'okey, estamos viendo el tema de la aceptacion por parte de todos para los cuales necesitamos que reemplazcen el cpatatat dslkasjdlka jsd'),
(9, 0, 6, 134, 99904, NULL, 1368068400, 'bien, recibimos el pedido y lo cerramos.'),
(10, 0, 7, 128, 99904, NULL, 1368500400, NULL),
(11, 0, 7, 133, NULL, NULL, NULL, NULL),
(12, 0, 6, 132, NULL, NULL, NULL, NULL),
(13, 0, 8, 126, 99901, NULL, 1368759600, NULL),
(14, 0, 9, 128, 99904, NULL, 1368759600, NULL),
(15, 0, 10, 126, 99901, NULL, 1369018800, NULL),
(16, 0, 11, 126, 99901, NULL, 1369105200, NULL),
(17, 0, 11, 132, NULL, NULL, NULL, NULL),
(18, 0, 12, 126, 99901, NULL, 1369105200, NULL),
(19, 0, 13, 126, 99901, NULL, 1369105200, NULL),
(20, 0, 13, 132, 99904, NULL, 1369105200, 'ascasc'),
(21, 0, 13, 133, 99903, NULL, 1369105200, 'jsadjajsadsad'),
(22, 0, 13, 134, 99904, NULL, 1369105200, 'asdasd'),
(23, 0, 14, 128, 99904, NULL, 1369191600, NULL),
(24, 0, 15, 126, 99901, NULL, 1369364400, NULL),
(25, 0, 15, 132, 99904, NULL, 1369364400, 'sdf'),
(26, 0, 15, 133, NULL, NULL, NULL, NULL),
(27, 0, 5, 132, NULL, NULL, NULL, NULL),
(28, 0, 16, 126, 99901, NULL, 1369710000, NULL),
(29, 0, 16, 132, 99904, NULL, 1369710000, 'saldk salkdajslkd sad'),
(30, 0, 16, 133, 99903, NULL, 1369710000, 'oka'),
(31, 0, 16, 134, 99904, NULL, 1369710000, 'okey'),
(32, 0, 17, 126, 99901, NULL, 1369710000, NULL),
(33, 0, 17, 132, 99904, 32, 1369710000, 'okaakakakka'),
(34, 0, 17, 126, 99901, NULL, 1369710000, 'perfecccc'),
(35, 0, 17, 132, 99904, NULL, 1369710000, 'oka'),
(36, 0, 17, 133, 99903, NULL, 1369710000, 'okkddkkd'),
(37, 0, 17, 134, NULL, NULL, NULL, NULL),
(38, 0, 18, 126, 99901, NULL, 1369710000, NULL),
(39, 0, 19, 126, 99901, NULL, 1369710000, NULL),
(40, 0, 20, 126, 99901, NULL, 1369710000, NULL),
(41, 0, 21, 126, 99901, NULL, 1369710000, NULL),
(42, 0, 22, 126, 99901, NULL, 1369710000, NULL),
(43, 0, 22, 132, NULL, NULL, NULL, NULL),
(44, 0, 23, 126, 99901, NULL, 1369710000, NULL),
(45, 0, 23, 132, NULL, NULL, NULL, NULL);

-- --------------------------------------------------------

--
-- Table structure for table `adm_pedido_pagos_adelantos`
--

CREATE TABLE IF NOT EXISTS `adm_pedido_pagos_adelantos` (
  `id_adm_pedido_pagos_adelantos` int(6) NOT NULL AUTO_INCREMENT,
  `orden` int(6) NOT NULL,
  `id_adm_pedido_pagos_adelantos_proc` int(6) DEFAULT NULL,
  `asunto` varchar(200) DEFAULT NULL,
  `pedido` longtext,
  PRIMARY KEY (`id_adm_pedido_pagos_adelantos`)
) ENGINE=InnoDB  DEFAULT CHARSET=utf8 AUTO_INCREMENT=2 ;

--
-- Dumping data for table `adm_pedido_pagos_adelantos`
--

INSERT INTO `adm_pedido_pagos_adelantos` (`id_adm_pedido_pagos_adelantos`, `orden`, `id_adm_pedido_pagos_adelantos_proc`, `asunto`, `pedido`) VALUES
(1, 0, 1, 'asunteli', 'el pedidodoodd');

-- --------------------------------------------------------

--
-- Table structure for table `adm_pedido_pagos_adelantos_arch`
--

CREATE TABLE IF NOT EXISTS `adm_pedido_pagos_adelantos_arch` (
  `id_adm_pedido_pagos_adelantos_arch` int(6) NOT NULL AUTO_INCREMENT,
  `orden` int(6) NOT NULL,
  `id_adm_pedido_pagos_adelantos_proc` int(6) DEFAULT NULL,
  `activo` int(1) DEFAULT NULL,
  `archivo` longtext,
  PRIMARY KEY (`id_adm_pedido_pagos_adelantos_arch`)
) ENGINE=InnoDB  DEFAULT CHARSET=utf8 AUTO_INCREMENT=3 ;

--
-- Dumping data for table `adm_pedido_pagos_adelantos_arch`
--

INSERT INTO `adm_pedido_pagos_adelantos_arch` (`id_adm_pedido_pagos_adelantos_arch`, `orden`, `id_adm_pedido_pagos_adelantos_proc`, `activo`, `archivo`) VALUES
(1, 0, 1, 0, '_1_F1404.png'),
(2, 0, 1, 1, '_2_CPP_CLI_tutorial.pdf');

-- --------------------------------------------------------

--
-- Table structure for table `adm_pedido_pagos_adelantos_proc`
--

CREATE TABLE IF NOT EXISTS `adm_pedido_pagos_adelantos_proc` (
  `id_adm_pedido_pagos_adelantos_proc` int(6) NOT NULL AUTO_INCREMENT,
  `orden` int(6) NOT NULL,
  `id_sis_procesos_flujos_dias` int(6) DEFAULT NULL,
  `id_adm_pedido_pagos_adelantos` int(6) DEFAULT NULL,
  `id_cv_datos_personales` int(6) DEFAULT NULL,
  `id_relacionado` int(6) DEFAULT NULL,
  `fecha_alta` int(20) DEFAULT NULL,
  `comentario` longtext,
  PRIMARY KEY (`id_adm_pedido_pagos_adelantos_proc`)
) ENGINE=InnoDB  DEFAULT CHARSET=utf8 AUTO_INCREMENT=5 ;

--
-- Dumping data for table `adm_pedido_pagos_adelantos_proc`
--

INSERT INTO `adm_pedido_pagos_adelantos_proc` (`id_adm_pedido_pagos_adelantos_proc`, `orden`, `id_sis_procesos_flujos_dias`, `id_adm_pedido_pagos_adelantos`, `id_cv_datos_personales`, `id_relacionado`, `fecha_alta`, `comentario`) VALUES
(1, 0, 124, 1, 99904, NULL, 1369278000, NULL),
(2, 0, 125, 1, 99903, 1, 1369278000, 'cambiar tal cosa'),
(3, 0, 124, 1, 99904, NULL, 1369278000, 'okaoakoaka'),
(4, 0, 125, 1, NULL, NULL, NULL, NULL);

-- --------------------------------------------------------

--
-- Table structure for table `adm_propuestas_mejoras`
--

CREATE TABLE IF NOT EXISTS `adm_propuestas_mejoras` (
  `id_adm_propuestas_mejoras` int(6) NOT NULL AUTO_INCREMENT,
  `orden` int(6) NOT NULL,
  `id_adm_propuestas_mejoras_proc` int(6) DEFAULT NULL,
  `asunto` varchar(200) DEFAULT NULL,
  `mejora` longtext,
  PRIMARY KEY (`id_adm_propuestas_mejoras`)
) ENGINE=InnoDB DEFAULT CHARSET=utf8 AUTO_INCREMENT=1 ;

-- --------------------------------------------------------

--
-- Table structure for table `adm_propuestas_mejoras_arch`
--

CREATE TABLE IF NOT EXISTS `adm_propuestas_mejoras_arch` (
  `id_adm_propuestas_mejoras_arch` int(6) NOT NULL AUTO_INCREMENT,
  `orden` int(6) NOT NULL,
  `id_adm_propuestas_mejoras_proc` int(6) DEFAULT NULL,
  `activo` int(1) DEFAULT NULL,
  `archivo` longtext,
  PRIMARY KEY (`id_adm_propuestas_mejoras_arch`)
) ENGINE=InnoDB DEFAULT CHARSET=utf8 AUTO_INCREMENT=1 ;

-- --------------------------------------------------------

--
-- Table structure for table `adm_propuestas_mejoras_proc`
--

CREATE TABLE IF NOT EXISTS `adm_propuestas_mejoras_proc` (
  `id_adm_propuestas_mejoras_proc` int(6) NOT NULL AUTO_INCREMENT,
  `orden` int(6) NOT NULL,
  `id_adm_propuestas_mejoras` int(6) DEFAULT NULL,
  `id_sis_procesos_flujos_dias` int(6) DEFAULT NULL,
  `id_cv_datos_personales` int(6) DEFAULT NULL,
  `fecha_alta` int(20) DEFAULT NULL,
  `comentario` longtext,
  PRIMARY KEY (`id_adm_propuestas_mejoras_proc`)
) ENGINE=InnoDB DEFAULT CHARSET=utf8 AUTO_INCREMENT=1 ;

-- --------------------------------------------------------

--
-- Table structure for table `adm_reclamos`
--

CREATE TABLE IF NOT EXISTS `adm_reclamos` (
  `id_adm_reclamos` int(6) NOT NULL AUTO_INCREMENT,
  `orden` int(6) NOT NULL,
  `id_ven_cliente_contacto` int(6) DEFAULT NULL,
  `asunto` varchar(200) DEFAULT NULL,
  `reclamo` longtext,
  `id_adm_reclamos_proc` int(6) DEFAULT NULL,
  `id_crp_proveedores` int(6) DEFAULT NULL,
  PRIMARY KEY (`id_adm_reclamos`)
) ENGINE=InnoDB  DEFAULT CHARSET=utf8 AUTO_INCREMENT=7 ;

--
-- Dumping data for table `adm_reclamos`
--

INSERT INTO `adm_reclamos` (`id_adm_reclamos`, `orden`, `id_ven_cliente_contacto`, `asunto`, `reclamo`, `id_adm_reclamos_proc`, `id_crp_proveedores`) VALUES
(1, 0, NULL, NULL, NULL, 1, NULL),
(2, 0, NULL, 'sd', 'dsfaf1asd', 2, NULL),
(3, 0, 3, 'sdsd', 'sdsd', 3, 2),
(4, 0, 1, 'asfsdfdsf', 'sdf NEW', 4, 1),
(5, 0, 1, 'asuntooo', 'reclamooo n', 0, 2),
(6, 0, 3, 'sf', 'sdf', 8, 2);

-- --------------------------------------------------------

--
-- Table structure for table `adm_reclamos_arch`
--

CREATE TABLE IF NOT EXISTS `adm_reclamos_arch` (
  `id_adm_reclamos_arch` int(6) NOT NULL AUTO_INCREMENT,
  `orden` int(6) NOT NULL,
  `id_adm_reclamos_proc` int(6) DEFAULT NULL,
  `activo` int(1) DEFAULT NULL,
  `archivo` longtext,
  PRIMARY KEY (`id_adm_reclamos_arch`)
) ENGINE=InnoDB  DEFAULT CHARSET=utf8 AUTO_INCREMENT=7 ;

--
-- Dumping data for table `adm_reclamos_arch`
--

INSERT INTO `adm_reclamos_arch` (`id_adm_reclamos_arch`, `orden`, `id_adm_reclamos_proc`, `activo`, `archivo`) VALUES
(1, 0, 2, 1, '_1_F1404.png'),
(2, 0, 2, 1, '_2_Traducciones.odt'),
(3, 0, 4, 1, '_3_Traducciones.odt'),
(4, 0, 4, 1, '_4_Sql(1).pdf'),
(5, 0, 6, 1, '_5_F1404.png'),
(6, 0, 6, 1, '_6_CPP_CLI_tutorial.pdf');

-- --------------------------------------------------------

--
-- Table structure for table `adm_reclamos_proc`
--

CREATE TABLE IF NOT EXISTS `adm_reclamos_proc` (
  `id_adm_reclamos_proc` int(6) NOT NULL AUTO_INCREMENT,
  `orden` int(6) NOT NULL,
  `id_adm_reclamos` int(6) DEFAULT NULL,
  `id_sis_procesos_flujos_dias` int(6) DEFAULT NULL,
  `id_cv_datos_personales` int(6) DEFAULT NULL,
  `id_relacionado` int(6) DEFAULT NULL,
  `fecha_alta` int(20) DEFAULT NULL,
  `comentario` longtext,
  PRIMARY KEY (`id_adm_reclamos_proc`)
) ENGINE=InnoDB  DEFAULT CHARSET=utf8 AUTO_INCREMENT=10 ;

--
-- Dumping data for table `adm_reclamos_proc`
--

INSERT INTO `adm_reclamos_proc` (`id_adm_reclamos_proc`, `orden`, `id_adm_reclamos`, `id_sis_procesos_flujos_dias`, `id_cv_datos_personales`, `id_relacionado`, `fecha_alta`, `comentario`) VALUES
(1, 0, 1, 135, 99901, NULL, 1369278000, NULL),
(2, 0, 2, 135, 99901, NULL, 1369278000, NULL),
(3, 0, 3, 135, 99901, NULL, 1369364400, NULL),
(4, 0, 4, 135, 99901, NULL, 1369364400, NULL),
(5, 0, 4, 141, NULL, NULL, NULL, NULL),
(6, 0, 5, 140, 99908, NULL, 1369364400, NULL),
(7, 0, 5, 141, 99903, NULL, 1369364400, 'oka'),
(8, 0, 6, 140, 99908, NULL, 1369364400, NULL),
(9, 0, 6, 141, NULL, NULL, NULL, NULL);

-- --------------------------------------------------------

--
-- Table structure for table `adm_ytd_gastos_costos`
--

CREATE TABLE IF NOT EXISTS `adm_ytd_gastos_costos` (
  `id_adm_ytd_gastos_costos` int(6) NOT NULL AUTO_INCREMENT,
  `orden` int(6) NOT NULL,
  `observaciones` longtext,
  `id_adm_ytd_gastos_costos_proc` int(6) DEFAULT NULL,
  PRIMARY KEY (`id_adm_ytd_gastos_costos`)
) ENGINE=InnoDB  DEFAULT CHARSET=utf8 AUTO_INCREMENT=2 ;

--
-- Dumping data for table `adm_ytd_gastos_costos`
--

INSERT INTO `adm_ytd_gastos_costos` (`id_adm_ytd_gastos_costos`, `orden`, `observaciones`, `id_adm_ytd_gastos_costos_proc`) VALUES
(1, 3, 'kahskjdha skjd hkajs hd', 1);

-- --------------------------------------------------------

--
-- Table structure for table `adm_ytd_gastos_costos_detalle`
--

CREATE TABLE IF NOT EXISTS `adm_ytd_gastos_costos_detalle` (
  `id_adm_ytd_gastos_costos_detalle` int(6) NOT NULL AUTO_INCREMENT,
  `orden` int(6) NOT NULL,
  `id_adm_ytd_gastos_costos_proc` int(6) DEFAULT NULL,
  `activo` int(1) DEFAULT NULL,
  `id_sis_cuentas` int(6) DEFAULT NULL,
  `detalle` longtext,
  `factura` varchar(30) DEFAULT NULL,
  `id_sis_areas` int(6) DEFAULT NULL,
  `monto` decimal(12,2) DEFAULT NULL,
  `id_crp_proveedores` int(6) DEFAULT NULL,
  PRIMARY KEY (`id_adm_ytd_gastos_costos_detalle`)
) ENGINE=InnoDB DEFAULT CHARSET=utf8 AUTO_INCREMENT=1 ;

-- --------------------------------------------------------

--
-- Table structure for table `adm_ytd_gastos_costos_proc`
--

CREATE TABLE IF NOT EXISTS `adm_ytd_gastos_costos_proc` (
  `id_adm_ytd_gastos_costos_proc` int(6) NOT NULL AUTO_INCREMENT,
  `orden` int(6) NOT NULL,
  `id_adm_ytd_gastos_costos` int(6) DEFAULT NULL,
  `id_sis_procesos_flujos_dias` int(6) DEFAULT NULL,
  `id_cv_datos_personales` int(6) DEFAULT NULL,
  `id_relacionado` int(6) DEFAULT NULL,
  `fecha_alta` int(20) DEFAULT NULL,
  `comentario` longtext,
  PRIMARY KEY (`id_adm_ytd_gastos_costos_proc`)
) ENGINE=InnoDB  DEFAULT CHARSET=utf8 AUTO_INCREMENT=2 ;

--
-- Dumping data for table `adm_ytd_gastos_costos_proc`
--

INSERT INTO `adm_ytd_gastos_costos_proc` (`id_adm_ytd_gastos_costos_proc`, `orden`, `id_adm_ytd_gastos_costos`, `id_sis_procesos_flujos_dias`, `id_cv_datos_personales`, `id_relacionado`, `fecha_alta`, `comentario`) VALUES
(1, 5, 1, 121, 100003, NULL, 1366081200, 'comentarioaaaa');

-- --------------------------------------------------------

--
-- Table structure for table `adm_ytd_mantenimientos`
--

CREATE TABLE IF NOT EXISTS `adm_ytd_mantenimientos` (
  `id_adm_ytd_mantenimientos` int(6) NOT NULL AUTO_INCREMENT,
  `orden` int(6) NOT NULL,
  `asunto` varchar(200) DEFAULT NULL,
  `observaciones` longtext,
  `fecha_inicio` int(20) DEFAULT NULL,
  `id_sis_periodicidad` int(6) DEFAULT NULL,
  `cada_x_tiempo` int(4) DEFAULT NULL,
  `id_adm_ytd_mantenimientos_proc` int(6) DEFAULT NULL,
  PRIMARY KEY (`id_adm_ytd_mantenimientos`)
) ENGINE=InnoDB  DEFAULT CHARSET=utf8 AUTO_INCREMENT=94 ;

--
-- Dumping data for table `adm_ytd_mantenimientos`
--

INSERT INTO `adm_ytd_mantenimientos` (`id_adm_ytd_mantenimientos`, `orden`, `asunto`, `observaciones`, `fecha_inicio`, `id_sis_periodicidad`, `cada_x_tiempo`, `id_adm_ytd_mantenimientos_proc`) VALUES
(1, 4, 'pepe', 'observ nuevo uno, pero nuevoooo', 1365562800, 1, 1, 1),
(2, 0, NULL, NULL, NULL, NULL, NULL, 2),
(3, 0, NULL, 'observ 23', NULL, NULL, NULL, 3),
(4, 0, NULL, 'observacione 45', NULL, NULL, NULL, 4),
(5, 0, NULL, 'sdsd', NULL, NULL, NULL, 5),
(6, 0, 'ss', 'sdsd', 1366167600, 1, 1, 6),
(7, 0, 'asunto', 'observ 23', 1366167600, 5, 1, 7),
(8, 0, 'asunto', 'observ 23', 1366167600, 6, 1, 8),
(9, 0, 'asunto', 'observ 23', 1366167600, 3, 1, 9),
(10, 0, 'asunto', 'observ 23', 1366167600, 2, 2, 10),
(11, 0, 'asunto', 'obss', 1365562800, 1, 1, 11),
(12, 0, 'asunto NUEVO', 'obss', 1365562800, 1, 1, 12),
(13, 0, 'éee', 'ddd', 1366167600, 1, 1, 13),
(14, 0, 'as', 'asd', 1366167600, 1, 1, 14),
(15, 0, 'sdsds', 'sdsd', 1366167600, 1, 1, 15),
(16, 0, 'sd', 'sd', 1365562800, 1, 1, 16),
(17, 0, 'pepe', 'sdfsd', 1365562800, 1, 1, 17),
(18, 0, 'asunto', 'obserebrebr er ebr NUEVO1', 1365562800, 1, 1, 18),
(19, 0, NULL, 'observaciones nuevoooo', NULL, NULL, NULL, 19),
(20, 0, NULL, 'obser', NULL, NULL, NULL, 20),
(21, 0, NULL, 'obser', NULL, NULL, NULL, 21),
(22, 0, NULL, 'sd', NULL, NULL, NULL, 22),
(23, 0, 'asunto 23', 'asd NEW', 1365562800, 1, 1, 23),
(24, 0, 'asunto', 'obervaciones nuevo', 1365562800, 1, 1, 24),
(25, 0, 'pepe', 'obse', 1365562800, 1, 1, 25),
(26, 0, 'pepe', 'obse', 1365562800, 1, 1, 26),
(27, 0, 'pepe', 'obse', 1365562800, 1, 1, 27),
(28, 0, 'ssg', 'sdsd Nuunu', 1365562800, 2, 1, 28),
(29, 0, 'asas', 'as', 1365562800, 2, 1, 29),
(30, 0, 'hola', 'obs', 1365562800, 1, 1, 30),
(31, 0, 'asunto nuevo', 'observaciones new new', 1365649200, 2, 1, 31),
(32, 0, 'asunto', 'observvvsvsvs pibe hooal', 1365562800, 1, 1, 32),
(33, 0, 'pepe', 'asd', 1366686000, 1, 1, 33),
(34, 0, 'as', 'obser new', 1365562800, 1, 1, 34),
(35, 0, 'sad', 'asd', 1365562800, 1, 1, 35),
(36, 0, 'hola', 'observaciones new', 1365562800, 1, 1, 36),
(37, 0, 'asunun', 'sdsd new', 1365562800, 1, 1, 37),
(38, 0, 'sd', 'dddd NEW', 1365562800, 1, 1, 38),
(39, 0, 'hola', 'hello new', 1365562800, 1, 1, 39),
(40, 0, 'asas', 'lamp nuevoooo', 1365562800, 1, 1, 40),
(41, 0, 'n', 'sd', 1365562800, 1, 1, 41),
(42, 0, 'hola', 'asdasd newwww', 1365562800, 1, 1, 42),
(43, 0, 'lamp', 'sd new', 1365562800, 3, 1, 43),
(44, 0, 'sd', 'sdsdsd', 1365562800, 1, 1, 44),
(45, 0, 'sd', 'asd', 1365562800, 1, 1, 45),
(46, 0, 'asunto 23', 'sd', 1365562800, 1, 1, 46),
(47, 0, 'holas', 'sdoshd', 1365562800, 1, 1, 47),
(48, 0, 'sdsd', 'sdsd', 1365562800, 1, 1, 48),
(49, 0, 'sdsd', 'asd', 1365562800, 1, 1, 49),
(50, 0, 'sd', 'sd', 1365562800, 1, 1, 50),
(51, 0, 'df', 'df newwww', 1365562800, 1, 1, 51),
(52, 0, 'as', 'asdasd', 1365562800, 1, 1, 52),
(53, 0, 'sdf', 'sdf', 1365562800, 1, 1, 53),
(54, 0, 'dfdf', 'dfdf new', 1365562800, 1, 1, 54),
(55, 0, 'd', 'sdf', 1365562800, 1, 1, 55),
(56, 0, 'pepe', 'sdf new', 1365562800, 1, 1, 56),
(57, 0, 'asunto', 'observaciones', 1365562800, 1, 1, 57),
(58, 0, 'asunto', 'as', 1365562800, 1, 1, 59),
(59, 0, 'asunto', 'ad', 1365562800, 2, 1, 61),
(60, 0, 'pepe', 'observ', 1365562800, 1, 1, 62),
(61, 0, 'notebook', 'as', 1365562800, 1, 1, 65),
(62, 0, 'holasasas', 'sdsd', 1365476400, 1, 1, 67),
(63, 0, 'celular', 'asd', 1365735600, 1, 1, 0),
(65, 0, 'termo', 'asdsa', 1365562800, 1, 1, -1),
(66, 0, 'notebook', 'asdasd', 1365562800, 1, 1, 0),
(67, 0, 'mesita de madera', 'sadsad', 1365562800, 1, 1, 0),
(68, 0, 'lucrecia', 'obsdsd', 1365562800, 1, 1, 0),
(69, 0, 'asd', 'asd', 1367377200, 1, 1, 91),
(70, 0, 'df', 'df', 1367377200, 1, 1, 92),
(71, 0, 'termo', 'asas', 1367463600, 1, 1, 93),
(72, 0, 'termo', 'asas', 1367463600, 1, 1, 94),
(73, 0, 'pepepe', 'asdasd', 1368673200, 1, 1, 95),
(74, 0, 'asuntoooo', 'asdsd', 1367982000, 1, 1, 96),
(75, 0, 'asuntoooo', 'asdsd', 1367982000, 1, 1, 97),
(76, 0, 'pepe', 'asdasd', 1368068400, 1, 1, 98),
(77, 0, 'pepe', 'asdasd', 1368068400, 1, 1, 99),
(78, 0, 'nuevo', 'asdasd', 1367377200, 2, 1, 100),
(79, 0, 'nuevo new', 'asdasd', 1367377200, 1, 1, 101),
(80, 0, 'nuevo new', 'asdasd', 1367377200, 1, 1, 102),
(81, 0, 'nuevo new', 'asdasd', 1367377200, 2, 1, 103),
(82, 0, 'nuevo new', 'asdasd', 1367377200, 2, 1, 104),
(83, 0, 'nuevo new', 'asdasd', 1367377200, 3, 1, 105),
(84, 0, 'asdsa', 'sdasd', 1367463600, 1, 1, 106),
(85, 0, 'asunto eppe', 'sadasd', 1367377200, 1, 1, 107),
(86, 0, 'asunto eppe new', 'sadasd', 1367377200, 1, 1, 108),
(87, 0, 'sdsd new1', 'sd', 1367463600, 1, 1, 109),
(88, 0, 'asdsaNEW', 'asd1', 1367895600, 1, 1, 110),
(89, 0, 'sdfnewNUEVO', 'NUEVOsdf', 1367377200, 1, 1, 111),
(90, 0, 'ads', 'ad', 1368500400, 1, 1, 112),
(91, 0, 'comienza loboratorio el mant', 'assdf', 1368154800, 1, 1, 0),
(92, 0, 'holasasas', 'dasd', 1367377200, 1, 1, 119),
(93, 0, 'asdsad', 'asd', 1367463600, 1, 1, 120);

-- --------------------------------------------------------

--
-- Table structure for table `adm_ytd_mantenimientos_arch`
--

CREATE TABLE IF NOT EXISTS `adm_ytd_mantenimientos_arch` (
  `id_adm_ytd_mantenimientos_arch` int(6) NOT NULL AUTO_INCREMENT,
  `orden` int(6) NOT NULL,
  `id_adm_ytd_mantenimientos_proc` int(6) DEFAULT NULL,
  `activo` int(1) DEFAULT NULL,
  `archivo` longtext,
  PRIMARY KEY (`id_adm_ytd_mantenimientos_arch`)
) ENGINE=InnoDB  DEFAULT CHARSET=utf8 AUTO_INCREMENT=79 ;

--
-- Dumping data for table `adm_ytd_mantenimientos_arch`
--

INSERT INTO `adm_ytd_mantenimientos_arch` (`id_adm_ytd_mantenimientos_arch`, `orden`, `id_adm_ytd_mantenimientos_proc`, `activo`, `archivo`) VALUES
(10, 0, 1, NULL, NULL),
(11, 0, 1, 1, '_11_santos,catherine 9-22-11pc(1).docm'),
(12, 0, 1, 1, '_12_sonata_admin.png'),
(13, 0, 1, 1, '_13_sonata_admin.png'),
(14, 0, 1, 1, '_14_CV2013w.pdf'),
(16, 0, 36, 1, '_16_procesos.php'),
(17, 0, 40, 1, '_17_adm_pedido_pagos_adelantos.pdf'),
(19, 0, 43, 1, '_19_adm_pedido_pagos_adelantos.pdf'),
(20, 0, 43, 1, '_20_dk_cosas'),
(21, 0, 43, 1, '_21_adm_ytd_gastos_costos.pdf'),
(22, 0, 43, 1, '_22_adm_reclamos.pdf'),
(23, 0, 43, 1, '_23_adm_pedido_caja_chica.pdf'),
(24, 0, 44, 1, '_24_adm_ytd_gastos_costos.pdf'),
(25, 0, 45, 1, '_25_loading-gif-animation.gif'),
(26, 0, 46, 1, '_26_adm_reclamos.pdf'),
(27, 0, 47, 1, '_27_adm_propuestas_mejoras.pdf'),
(28, 0, 47, 1, '_28_adm_propuestas_mejoras.pdf'),
(29, 0, 47, 1, '_29_adm_ytd_gastos_costos.pdf'),
(30, 0, 48, 1, '_30_temporal.php~'),
(31, 0, 49, 1, '_31_adm_reclamos.pdf'),
(32, 0, 50, 1, '_32_adm_reclamos.pdf'),
(33, 0, 51, 1, '_33_adm_pedido_caja_chica.pdf'),
(34, 0, 52, 1, '_34_adm_propuestas_mejoras.pdf'),
(35, 0, 53, 0, '_35_dk_cosas'),
(36, 0, 54, 0, '_36_adm_audit_stock_limpieza.pdf'),
(37, 0, 54, 1, '_37_adm_ytd_gastos_costos.pdf'),
(38, 0, 54, 1, '_38_adm_propuestas_mejoras.pdf'),
(39, 0, 54, 0, '_39_adm_propuestas_mejoras.pdf'),
(40, 0, 54, 1, '_40_adm_reclamos.pdf'),
(41, 0, 54, 1, '_41_adm_audit_stock_limpieza.pdf'),
(42, 0, 55, 1, '_42_procesos.php'),
(43, 0, 55, 0, '_43_Página_12 __ El mundo __ Otra vuelta de los estudiantes.pdf'),
(44, 0, 55, 1, '_44_adm_pedido_caja_chica.pdf'),
(45, 0, 55, 1, '_45_adm_reclamos.pdf'),
(46, 0, 56, 1, '_46_adm_propuestas_mejoras.pdf'),
(47, 0, 56, 1, '_47_adm_pedido_caja_chica.pdf'),
(48, 0, 56, 0, '_48_adm_propuestas_mejoras.pdf'),
(49, 0, 56, 1, '_49_Papi_2.odt'),
(50, 0, 56, 1, '_50_adm_pedido_caja_chica.pdf'),
(51, 0, 56, 1, '_51_adm_ytd_gastos_costos.pdf'),
(52, 0, 57, 1, '_52_explora_falta~'),
(53, 0, 61, 1, '_53_adm_pedido_pagos_adelantos.pdf'),
(54, 0, 61, 1, '_54_adm_pedido_caja_chica.pdf'),
(55, 0, 61, 1, '_55_loading-gif-animation.gif'),
(56, 0, 62, 1, '_56_adm_reclamos.pdf'),
(57, 0, 65, 1, '_57_adm_propuestas_mejoras.pdf'),
(58, 0, 65, 1, '_58_Página_12 __ El mundo __ Otra vuelta de los estudiantes.pdf'),
(59, 0, 67, 1, '_59_adm_pedido_caja_chica.pdf'),
(60, 0, 67, 1, '_60_adm_propuestas_mejoras.pdf'),
(61, 0, 69, 1, '_61_adm_pedido_caja_chica.pdf'),
(62, 0, 69, 1, '_62_adm_pedido_caja_chica.pdf'),
(63, 0, 83, 1, '_63_Página_12 __ El mundo __ Otra vuelta de los estudiantes.pdf'),
(64, 0, 83, 1, '_64_Página_12 __ El mundo __ Otra vuelta de los estudiantes.pdf'),
(65, 0, 83, 1, '_65_procesos.php'),
(66, 0, 87, 1, '_66_adm_propuestas_mejoras.pdf'),
(67, 0, 87, 1, '_67_adm_propuestas_mejoras.pdf'),
(68, 0, 110, 1, '_68_pantallas.zip'),
(69, 0, -10, 1, '_69_loading-gif-animation.gif'),
(70, 0, 111, 1, '_70_Papi_2.odt'),
(71, 0, 111, 1, '_71_dk_cosas'),
(72, 0, 111, 0, '_72_enGlish.learn'),
(73, 0, 111, 0, '_73_enGlish.learn'),
(74, 0, 111, 1, '_74_enGlish.learn'),
(75, 0, 112, 0, '_75_temporal.php~'),
(76, 0, 112, 1, '_76_america sur.jpg'),
(77, 0, 112, 0, '_75_temporal.php~'),
(78, 0, 112, 1, '_78_Página_12 __ El mundo __ Otra vuelta de los estudiantes.pdf');

-- --------------------------------------------------------

--
-- Table structure for table `adm_ytd_mantenimientos_proc`
--

CREATE TABLE IF NOT EXISTS `adm_ytd_mantenimientos_proc` (
  `id_adm_ytd_mantenimientos_proc` int(6) NOT NULL AUTO_INCREMENT,
  `orden` int(6) NOT NULL,
  `id_adm_ytd_mantenimientos` int(6) DEFAULT NULL,
  `id_sis_procesos_flujos_dias` int(6) DEFAULT NULL,
  `id_cv_datos_personales` int(6) DEFAULT NULL,
  `id_relacionado` int(6) DEFAULT NULL,
  `fecha_alta` int(20) DEFAULT NULL,
  `comentario` longtext,
  PRIMARY KEY (`id_adm_ytd_mantenimientos_proc`)
) ENGINE=InnoDB  DEFAULT CHARSET=utf8 AUTO_INCREMENT=121 ;

--
-- Dumping data for table `adm_ytd_mantenimientos_proc`
--

INSERT INTO `adm_ytd_mantenimientos_proc` (`id_adm_ytd_mantenimientos_proc`, `orden`, `id_adm_ytd_mantenimientos`, `id_sis_procesos_flujos_dias`, `id_cv_datos_personales`, `id_relacionado`, `fecha_alta`, `comentario`) VALUES
(77, 0, 65, 118, 99911, NULL, 1366945200, NULL),
(78, 0, 65, 119, 99903, 77, 1366945200, 'hay que cambiar tal cosa'),
(79, 0, 65, 118, 99911, NULL, 1366945200, 'okey'),
(80, 0, 65, 119, 99903, NULL, 1366945200, 'no lo apruebo.'),
(81, 0, 66, 117, 99908, NULL, 1366945200, NULL),
(82, 0, 66, 119, 99903, NULL, 1366945200, 'okey'),
(83, 0, 67, 117, 99908, NULL, 1367031600, NULL),
(84, 0, 67, 119, 99903, 83, 1367031600, 'Hay que modificar algo.'),
(85, 0, 67, 117, 99908, NULL, 1367031600, 'okey'),
(86, 0, 67, 119, 99903, NULL, 1367031600, 'ok'),
(87, 0, 68, 117, 99908, NULL, 1367031600, NULL),
(88, 0, 68, 119, 99903, 87, 1367031600, 'no, hay que modificar tal cosa.'),
(89, 0, 68, 117, 99908, NULL, 1367031600, 'ah esta bien lo modificamos.'),
(90, 0, 68, 119, 99903, NULL, 1367031600, 'ok'),
(91, 0, 69, 117, 99908, NULL, 1367377200, NULL),
(92, 0, 70, 117, 99908, NULL, 1367377200, NULL),
(93, 0, 71, 117, 99908, NULL, 1367377200, NULL),
(94, 0, 72, 117, 99908, NULL, 1367377200, NULL),
(95, 0, 73, 117, 99908, NULL, 1367377200, NULL),
(96, 0, 74, 117, 99908, NULL, 1367377200, NULL),
(97, 0, 75, 117, 99908, NULL, 1367377200, NULL),
(98, 0, 76, 117, 99908, NULL, 1367377200, NULL),
(99, 0, 77, 117, 99908, NULL, 1367377200, NULL),
(100, 0, 78, 117, 99908, NULL, 1367377200, NULL),
(101, 0, 79, 117, 99908, NULL, 1367377200, NULL),
(102, 0, 80, 117, 99908, NULL, 1367377200, NULL),
(103, 0, 81, 117, 99908, NULL, 1367377200, NULL),
(104, 0, 82, 117, 99908, NULL, 1367377200, NULL),
(105, 0, 83, 117, 99908, NULL, 1367377200, NULL),
(106, 0, 84, 117, 99908, NULL, 1367377200, NULL),
(107, 0, 85, 117, 99908, NULL, 1367377200, NULL),
(108, 0, 86, 117, 99908, NULL, 1367377200, NULL),
(109, 0, 87, 117, 99908, NULL, 1367377200, NULL),
(110, 0, 88, 117, 99908, NULL, 1367377200, NULL),
(111, 0, 89, 117, 99908, NULL, 1367377200, NULL),
(112, 0, 90, 117, 99908, NULL, 1367463600, NULL),
(113, 0, 90, 119, 99903, 112, 1367463600, 'hay que sacar algo'),
(114, 0, 90, 117, NULL, NULL, NULL, NULL),
(115, 0, 91, 118, 99911, NULL, 1367463600, NULL),
(116, 0, 91, 119, 99903, 115, 1367463600, 'labo modificalo'),
(117, 0, 91, 118, 99911, NULL, 1367463600, 'okey lo cambiamos'),
(118, 0, 91, 119, 99903, NULL, 1367463600, 'perfecto.'),
(119, 0, 92, 117, 99908, NULL, 1367550000, NULL),
(120, 0, 93, 117, 99908, NULL, 1368500400, NULL);

-- --------------------------------------------------------

--
-- Table structure for table `adm_ytd_mantenimiento_recordatorio`
--

CREATE TABLE IF NOT EXISTS `adm_ytd_mantenimiento_recordatorio` (
  `id_adm_ytd_mantenimiento_recordatorio` int(6) NOT NULL AUTO_INCREMENT,
  `orden` int(6) NOT NULL,
  `id_adm_ytd_mantenimientos_proc` int(6) DEFAULT NULL,
  `activo` int(1) DEFAULT NULL,
  `resultado` int(1) DEFAULT NULL,
  `detalle` longtext,
  `costo` decimal(12,2) DEFAULT NULL,
  `archivo_1` longtext,
  `archivo_2` longtext,
  `archivo_3` longtext,
  `archivo_4` longtext,
  `archivo_5` longtext,
  `fecha` int(20) DEFAULT NULL,
  PRIMARY KEY (`id_adm_ytd_mantenimiento_recordatorio`)
) ENGINE=InnoDB  DEFAULT CHARSET=utf8 AUTO_INCREMENT=710 ;

--
-- Dumping data for table `adm_ytd_mantenimiento_recordatorio`
--

INSERT INTO `adm_ytd_mantenimiento_recordatorio` (`id_adm_ytd_mantenimiento_recordatorio`, `orden`, `id_adm_ytd_mantenimientos_proc`, `activo`, `resultado`, `detalle`, `costo`, `archivo_1`, `archivo_2`, `archivo_3`, `archivo_4`, `archivo_5`, `fecha`) VALUES
(623, 0, 1, NULL, NULL, NULL, NULL, NULL, NULL, NULL, NULL, NULL, 1367377200),
(624, 0, 1, NULL, NULL, NULL, NULL, NULL, NULL, NULL, NULL, NULL, 1367982000),
(625, 0, 1, NULL, NULL, NULL, NULL, NULL, NULL, NULL, NULL, NULL, 1368586800),
(626, 0, 1, NULL, NULL, NULL, NULL, NULL, NULL, NULL, NULL, NULL, 1369191600),
(627, 0, 1, NULL, NULL, NULL, NULL, NULL, NULL, NULL, NULL, NULL, 1369882800),
(628, 0, 1, NULL, NULL, NULL, NULL, NULL, NULL, NULL, NULL, NULL, 1370487600),
(629, 0, 1, NULL, NULL, NULL, NULL, NULL, NULL, NULL, NULL, NULL, 1371092400),
(630, 0, 1, NULL, NULL, NULL, NULL, NULL, NULL, NULL, NULL, NULL, 1371697200),
(631, 0, 1, NULL, NULL, NULL, NULL, NULL, NULL, NULL, NULL, NULL, 1372302000),
(632, 0, 1, NULL, NULL, NULL, NULL, NULL, NULL, NULL, NULL, NULL, 1367377200),
(633, 0, 1, NULL, NULL, NULL, NULL, NULL, NULL, NULL, NULL, NULL, 1367982000),
(634, 0, 1, NULL, NULL, NULL, NULL, NULL, NULL, NULL, NULL, NULL, 1368586800),
(635, 0, 1, NULL, NULL, NULL, NULL, NULL, NULL, NULL, NULL, NULL, 1369191600),
(636, 0, 1, NULL, NULL, NULL, NULL, NULL, NULL, NULL, NULL, NULL, 1369882800),
(637, 0, 1, NULL, NULL, NULL, NULL, NULL, NULL, NULL, NULL, NULL, 1370487600),
(638, 0, 1, NULL, NULL, NULL, NULL, NULL, NULL, NULL, NULL, NULL, 1371092400),
(639, 0, 1, NULL, NULL, NULL, NULL, NULL, NULL, NULL, NULL, NULL, 1371697200),
(640, 0, 1, NULL, NULL, NULL, NULL, NULL, NULL, NULL, NULL, NULL, 1372302000),
(641, 0, 1, NULL, NULL, NULL, NULL, NULL, NULL, NULL, NULL, NULL, 1367377200),
(642, 0, 1, NULL, NULL, NULL, NULL, NULL, NULL, NULL, NULL, NULL, 1367982000),
(643, 0, 1, NULL, NULL, NULL, NULL, NULL, NULL, NULL, NULL, NULL, 1368586800),
(644, 0, 1, NULL, NULL, NULL, NULL, NULL, NULL, NULL, NULL, NULL, 1369191600),
(645, 0, 1, NULL, NULL, NULL, NULL, NULL, NULL, NULL, NULL, NULL, 1369882800),
(646, 0, 1, NULL, NULL, NULL, NULL, NULL, NULL, NULL, NULL, NULL, 1370487600),
(647, 0, 1, NULL, NULL, NULL, NULL, NULL, NULL, NULL, NULL, NULL, 1371092400),
(648, 0, 1, NULL, NULL, NULL, NULL, NULL, NULL, NULL, NULL, NULL, 1371697200),
(649, 0, 1, NULL, NULL, NULL, NULL, NULL, NULL, NULL, NULL, NULL, 1372302000),
(650, 0, 1, NULL, NULL, NULL, NULL, NULL, NULL, NULL, NULL, NULL, 1367377200),
(651, 0, 1, NULL, NULL, NULL, NULL, NULL, NULL, NULL, NULL, NULL, 1367982000),
(652, 0, 1, NULL, NULL, NULL, NULL, NULL, NULL, NULL, NULL, NULL, 1368586800),
(653, 0, 1, NULL, NULL, NULL, NULL, NULL, NULL, NULL, NULL, NULL, 1369191600),
(654, 0, 1, NULL, NULL, NULL, NULL, NULL, NULL, NULL, NULL, NULL, 1369882800),
(655, 0, 1, NULL, NULL, NULL, NULL, NULL, NULL, NULL, NULL, NULL, 1370487600),
(656, 0, 1, NULL, NULL, NULL, NULL, NULL, NULL, NULL, NULL, NULL, 1371092400),
(657, 0, 1, NULL, NULL, NULL, NULL, NULL, NULL, NULL, NULL, NULL, 1371697200),
(658, 0, 1, NULL, NULL, NULL, NULL, NULL, NULL, NULL, NULL, NULL, 1372302000),
(659, 0, 1, NULL, NULL, NULL, NULL, NULL, NULL, NULL, NULL, NULL, 1368586800),
(660, 0, 1, NULL, NULL, NULL, NULL, NULL, NULL, NULL, NULL, NULL, 1369191600),
(661, 0, 1, NULL, NULL, NULL, NULL, NULL, NULL, NULL, NULL, NULL, 1369882800),
(662, 0, 1, NULL, NULL, NULL, NULL, NULL, NULL, NULL, NULL, NULL, 1370487600),
(663, 0, 1, NULL, NULL, NULL, NULL, NULL, NULL, NULL, NULL, NULL, 1371092400),
(664, 0, 1, NULL, NULL, NULL, NULL, NULL, NULL, NULL, NULL, NULL, 1371697200),
(665, 0, 1, NULL, NULL, NULL, NULL, NULL, NULL, NULL, NULL, NULL, 1372302000),
(666, 0, 1, NULL, NULL, NULL, NULL, NULL, NULL, NULL, NULL, NULL, 1367463600),
(667, 0, 1, NULL, NULL, NULL, NULL, NULL, NULL, NULL, NULL, NULL, 1368068400),
(668, 0, 1, NULL, NULL, NULL, NULL, NULL, NULL, NULL, NULL, NULL, 1368673200),
(669, 0, 1, NULL, NULL, NULL, NULL, NULL, NULL, NULL, NULL, NULL, 1369278000),
(670, 0, 1, NULL, NULL, NULL, NULL, NULL, NULL, NULL, NULL, NULL, 1369882800),
(671, 0, 1, NULL, NULL, NULL, NULL, NULL, NULL, NULL, NULL, NULL, 1370487600),
(672, 0, 1, NULL, NULL, NULL, NULL, NULL, NULL, NULL, NULL, NULL, 1371092400),
(673, 0, 1, NULL, NULL, NULL, NULL, NULL, NULL, NULL, NULL, NULL, 1371697200),
(674, 0, 1, NULL, NULL, NULL, NULL, NULL, NULL, NULL, NULL, NULL, 1372302000),
(675, 0, 1, NULL, NULL, NULL, NULL, NULL, NULL, NULL, NULL, NULL, 1367982000),
(676, 0, 1, NULL, NULL, NULL, NULL, NULL, NULL, NULL, NULL, NULL, 1368586800),
(677, 0, 1, NULL, NULL, NULL, NULL, NULL, NULL, NULL, NULL, NULL, 1369191600),
(678, 0, 1, NULL, NULL, NULL, NULL, NULL, NULL, NULL, NULL, NULL, 1369882800),
(679, 0, 1, NULL, NULL, NULL, NULL, NULL, NULL, NULL, NULL, NULL, 1370487600),
(680, 0, 1, NULL, NULL, NULL, NULL, NULL, NULL, NULL, NULL, NULL, 1371092400),
(681, 0, 1, NULL, NULL, NULL, NULL, NULL, NULL, NULL, NULL, NULL, 1371697200),
(682, 0, 1, NULL, NULL, NULL, NULL, NULL, NULL, NULL, NULL, NULL, 1372302000),
(683, 0, 1, NULL, NULL, NULL, NULL, NULL, NULL, NULL, NULL, NULL, 1367463600),
(684, 0, 1, NULL, NULL, NULL, NULL, NULL, NULL, NULL, NULL, NULL, 1368068400),
(685, 0, 1, NULL, NULL, NULL, NULL, NULL, NULL, NULL, NULL, NULL, 1368673200),
(686, 0, 1, NULL, NULL, NULL, NULL, NULL, NULL, NULL, NULL, NULL, 1369278000),
(687, 0, 1, NULL, NULL, NULL, NULL, NULL, NULL, NULL, NULL, NULL, 1369882800),
(688, 0, 1, NULL, NULL, NULL, NULL, NULL, NULL, NULL, NULL, NULL, 1370487600),
(689, 0, 1, NULL, NULL, NULL, NULL, NULL, NULL, NULL, NULL, NULL, 1371092400),
(690, 0, 1, NULL, NULL, NULL, NULL, NULL, NULL, NULL, NULL, NULL, 1371697200),
(691, 0, 1, NULL, NULL, NULL, NULL, NULL, NULL, NULL, NULL, NULL, 1372302000),
(692, 0, 1, NULL, NULL, NULL, NULL, NULL, NULL, NULL, NULL, NULL, 1369623600),
(693, 0, 1, NULL, NULL, NULL, NULL, NULL, NULL, NULL, NULL, NULL, 1370228400),
(694, 0, 1, NULL, NULL, NULL, NULL, NULL, NULL, NULL, NULL, NULL, 1370833200),
(695, 0, 1, NULL, NULL, NULL, NULL, NULL, NULL, NULL, NULL, NULL, 1371438000),
(696, 0, 1, NULL, NULL, NULL, NULL, NULL, NULL, NULL, NULL, NULL, 1372042800),
(697, 0, 1, NULL, NULL, NULL, NULL, NULL, NULL, NULL, NULL, NULL, 1372647600),
(698, 0, 1, NULL, NULL, NULL, NULL, NULL, NULL, NULL, NULL, NULL, 1369710000),
(699, 0, 1, NULL, NULL, NULL, NULL, NULL, NULL, NULL, NULL, NULL, 1370314800),
(700, 0, 1, NULL, NULL, NULL, NULL, NULL, NULL, NULL, NULL, NULL, 1370919600),
(701, 0, 1, NULL, NULL, NULL, NULL, NULL, NULL, NULL, NULL, NULL, 1371524400),
(702, 0, 1, NULL, NULL, NULL, NULL, NULL, NULL, NULL, NULL, NULL, 1372129200),
(703, 0, 1, NULL, NULL, NULL, NULL, NULL, NULL, NULL, NULL, NULL, 1367982000),
(704, 0, 1, NULL, NULL, NULL, NULL, NULL, NULL, NULL, NULL, NULL, 1369710000),
(705, 0, 1, NULL, NULL, NULL, NULL, NULL, NULL, NULL, NULL, NULL, 1369710000),
(706, 0, 1, NULL, NULL, NULL, NULL, NULL, NULL, NULL, NULL, NULL, 1370314800),
(707, 0, 1, NULL, NULL, NULL, NULL, NULL, NULL, NULL, NULL, NULL, 1370919600),
(708, 0, 1, NULL, NULL, NULL, NULL, NULL, NULL, NULL, NULL, NULL, 1371524400),
(709, 0, 1, NULL, NULL, NULL, NULL, NULL, NULL, NULL, NULL, NULL, 1372129200);

-- --------------------------------------------------------

--
-- Table structure for table `ave_campania`
--

CREATE TABLE IF NOT EXISTS `ave_campania` (
  `id_ave_campania` int(6) NOT NULL AUTO_INCREMENT,
  `orden` int(6) NOT NULL,
  `campania` varchar(100) DEFAULT NULL,
  `motivo` varchar(200) DEFAULT NULL,
  `fecha_inicio` varchar(50) DEFAULT NULL,
  `hora` varchar(20) DEFAULT NULL,
  `mgl_fecha_inicio` int(20) DEFAULT NULL,
  `mgl_asunto` varchar(200) DEFAULT NULL,
  `mgl_texto` longtext,
  `mgl_plantilla` longtext,
  `id_ave_campania_proc` int(6) DEFAULT NULL,
  PRIMARY KEY (`id_ave_campania`)
) ENGINE=InnoDB DEFAULT CHARSET=utf8 AUTO_INCREMENT=1 ;

-- --------------------------------------------------------

--
-- Table structure for table `ave_campania_clientes`
--

CREATE TABLE IF NOT EXISTS `ave_campania_clientes` (
  `id_ave_campania_clientes` int(6) NOT NULL AUTO_INCREMENT,
  `orden` int(6) NOT NULL,
  `id_ave_campania_proc` int(6) DEFAULT NULL,
  `activo` int(1) DEFAULT NULL,
  `id_ven_cliente_contacto` int(6) DEFAULT NULL,
  `hora` varchar(20) DEFAULT NULL,
  PRIMARY KEY (`id_ave_campania_clientes`)
) ENGINE=InnoDB DEFAULT CHARSET=utf8 AUTO_INCREMENT=1 ;

-- --------------------------------------------------------

--
-- Table structure for table `ave_campania_proc`
--

CREATE TABLE IF NOT EXISTS `ave_campania_proc` (
  `id_ave_campania_proc` int(6) NOT NULL AUTO_INCREMENT,
  `orden` int(6) NOT NULL,
  `id_ave_campania` int(6) DEFAULT NULL,
  `id_sis_procesos_flujos_dias` int(6) DEFAULT NULL,
  `id_cv_datos_personales` int(6) DEFAULT NULL,
  `id_relacionado` int(6) DEFAULT NULL,
  `fecha_alta` int(20) DEFAULT NULL,
  `comentario` longtext,
  PRIMARY KEY (`id_ave_campania_proc`)
) ENGINE=InnoDB DEFAULT CHARSET=utf8 AUTO_INCREMENT=1 ;

-- --------------------------------------------------------

--
-- Table structure for table `ave_comparacion_aerolineas`
--

CREATE TABLE IF NOT EXISTS `ave_comparacion_aerolineas` (
  `id_ave_comparacion_aerolineas` int(6) NOT NULL AUTO_INCREMENT,
  `orden` int(6) NOT NULL,
  `id_sis_provincia` int(6) DEFAULT NULL,
  `fecha_inicio` int(20) DEFAULT NULL,
  `fecha_fin` int(20) DEFAULT NULL,
  `observaciones` longtext,
  `id_ave_comparacion_aerolineas_proc` int(6) DEFAULT NULL,
  PRIMARY KEY (`id_ave_comparacion_aerolineas`)
) ENGINE=InnoDB  DEFAULT CHARSET=utf8 AUTO_INCREMENT=13 ;

--
-- Dumping data for table `ave_comparacion_aerolineas`
--

INSERT INTO `ave_comparacion_aerolineas` (`id_ave_comparacion_aerolineas`, `orden`, `id_sis_provincia`, `fecha_inicio`, `fecha_fin`, `observaciones`, `id_ave_comparacion_aerolineas_proc`) VALUES
(1, 0, NULL, NULL, NULL, NULL, 1),
(2, 0, 13, 1367377200, 1367463600, 'aero de mendoza', 2),
(3, 0, 15, 1368673200, 1367982000, 'neuquen aero', 3),
(4, 0, 14, 1368241200, 1368414000, 'aero misiones', 4),
(5, 0, 12, 1369364400, 1368500400, 'aero la rioja', 5),
(6, 0, 1, 1367550000, 1367895600, 'pepe', 6),
(7, 0, 1, 1369191600, 1368414000, 'dsds', 7),
(8, 0, 1, 1367982000, 1368154800, 'pepepepe', 0),
(9, 0, 5, 1367377200, 1367550000, 'sdsdf', 11),
(10, 0, 1, 1367377200, 1367636400, 'pepepepe', 13),
(11, 0, 1, 1367377200, 1367463600, 'sadf', 14),
(12, 0, 11, 1369278000, 1369882800, 'pepe mate', 16);

-- --------------------------------------------------------

--
-- Table structure for table `ave_comparacion_aerolineas_opc`
--

CREATE TABLE IF NOT EXISTS `ave_comparacion_aerolineas_opc` (
  `id_ave_comparacion_aerolineas_opc` int(6) NOT NULL AUTO_INCREMENT,
  `orden` int(6) NOT NULL,
  `id_ave_comparacion_aerolineas_proc` int(6) DEFAULT NULL,
  `activo` int(1) DEFAULT NULL,
  `aerolinea` varchar(200) DEFAULT NULL,
  `comentario` longtext,
  `costo` decimal(12,2) DEFAULT NULL,
  `archivo` longtext,
  PRIMARY KEY (`id_ave_comparacion_aerolineas_opc`)
) ENGINE=InnoDB  DEFAULT CHARSET=utf8 AUTO_INCREMENT=36 ;

--
-- Dumping data for table `ave_comparacion_aerolineas_opc`
--

INSERT INTO `ave_comparacion_aerolineas_opc` (`id_ave_comparacion_aerolineas_opc`, `orden`, `id_ave_comparacion_aerolineas_proc`, `activo`, `aerolinea`, `comentario`, `costo`, `archivo`) VALUES
(1, 0, 2, 1, NULL, NULL, NULL, NULL),
(2, 0, 2, 1, NULL, NULL, NULL, NULL),
(3, 0, 3, 1, NULL, NULL, NULL, NULL),
(4, 0, 3, 1, NULL, NULL, NULL, NULL),
(5, 0, 3, 1, 'aero uno', 'coment uno', 120.00, NULL),
(6, 0, 4, 1, 'aero uno', 'coment uno', 1200.00, NULL),
(7, 0, 4, 1, 'aero dos', 'coment dos', 10005.00, NULL),
(8, 0, 5, 1, 'la rioja aeroo', 'coment uno', 120.33, NULL),
(9, 0, 5, 1, 'la asda', 'asdsad', 98.76, NULL),
(10, 0, 6, 1, 'sd', 'asd', 345.34, NULL),
(11, 0, 7, 1, 'asd', 'asd', 12.12, NULL),
(12, 0, 8, 0, 'aroo', 'asd', 1200.00, NULL),
(13, 0, 8, 1, 'otra', 'asd', 766.66, '_13_F1404.png'),
(14, 0, 8, 0, 'aroo', 'asd', 1200.00, NULL),
(15, 0, 8, 0, 'nueva', 'adasa', 123.33, NULL),
(16, 0, 8, 1, 'nueva', 'adasa', 1200.00, NULL),
(17, 0, 11, 1, 'sdfsdf', 'sdfsdf', 120.00, NULL),
(18, 0, 11, 1, 'wsfd', 'asfd', 1.20, NULL),
(19, 0, 11, 1, 'sad', 'asd', 37.37, '_19_F1404.png'),
(20, 0, 11, 1, 'sdf', 'sdf', 98.98, NULL),
(21, 0, 11, 1, 'sdf', 'sdf', 100.02, NULL),
(22, 0, 13, 1, 'top', 'comettt', 0.12, NULL),
(23, 0, 13, 1, 'sdfsdfsd', 'sdfsdf', 10000.10, '_23_F1404.png'),
(24, 0, 13, 1, 'sdf', 'sdf', 30004.34, '_24_Traducciones.odt'),
(25, 0, 14, 1, 'jdjd', 'hdhdg', 23.23, NULL),
(26, 0, 14, 1, 'pepe', 'hdsfcsdfhc', 23.23, NULL),
(27, 0, 14, 0, 'sdfsdf', 'sdf', 10002.12, NULL),
(28, 0, 14, 0, 'sdf', 'ewf', 400037.47, '_28_F1404.png'),
(29, 0, 14, 1, 'sdf', 'ewf NUEVOOOO', 400037.47, '_28_F1404.png'),
(30, 0, 14, 0, 'sdfsdf', 'sdf', 10002.12, NULL),
(31, 0, 16, 0, 'aero uno', 'coment uno', 120.00, '_31_Traducciones.odt'),
(32, 0, 16, 1, 'aero dos', 'coment dos', 1500.00, '_32_F1404.png'),
(33, 0, 16, 0, 'aero tres', 'coment tres', 1200.00, NULL),
(34, 0, 16, 1, 'aero uno', 'coment uno NUEVO', 120.00, '_31_Traducciones.odt'),
(35, 0, 16, 0, 'aero tres', 'coment tres', 1200.00, NULL);

-- --------------------------------------------------------

--
-- Table structure for table `ave_comparacion_aerolineas_proc`
--

CREATE TABLE IF NOT EXISTS `ave_comparacion_aerolineas_proc` (
  `id_ave_comparacion_aerolineas_proc` int(6) NOT NULL AUTO_INCREMENT,
  `orden` int(6) NOT NULL,
  `id_ave_comparacion_aerolineas` int(6) DEFAULT NULL,
  `id_sis_procesos_flujos_dias` int(6) DEFAULT NULL,
  `id_cv_datos_personales` int(6) DEFAULT NULL,
  `id_relacionado` int(6) DEFAULT NULL,
  `fecha_alta` int(20) DEFAULT NULL,
  `comentario` longtext,
  PRIMARY KEY (`id_ave_comparacion_aerolineas_proc`)
) ENGINE=InnoDB  DEFAULT CHARSET=utf8 AUTO_INCREMENT=19 ;

--
-- Dumping data for table `ave_comparacion_aerolineas_proc`
--

INSERT INTO `ave_comparacion_aerolineas_proc` (`id_ave_comparacion_aerolineas_proc`, `orden`, `id_ave_comparacion_aerolineas`, `id_sis_procesos_flujos_dias`, `id_cv_datos_personales`, `id_relacionado`, `fecha_alta`, `comentario`) VALUES
(1, 0, 1, 69, 99901, NULL, 1368068400, NULL),
(2, 0, 2, 69, 99901, NULL, 1368068400, NULL),
(3, 0, 3, 69, 99901, NULL, 1368068400, NULL),
(4, 0, 4, 69, 99901, NULL, 1368068400, NULL),
(5, 0, 5, 69, 99901, NULL, 1368068400, NULL),
(6, 0, 6, 69, 99901, NULL, 1368068400, NULL),
(7, 0, 7, 69, 99901, NULL, 1368068400, NULL),
(8, 0, 8, 69, 99901, NULL, 1368068400, NULL),
(9, 0, 8, 70, 99902, NULL, 1368068400, 'perfectedcted skjd sakjd hakjsd hkjsahddkja hsj asjdhaskjdhkjsa hdkjsa hdjsa hd'),
(10, 0, 8, 71, 99904, NULL, 1368068400, 'oka'),
(11, 0, 9, 69, 99901, NULL, 1369105200, NULL),
(12, 0, 9, 70, NULL, NULL, NULL, NULL),
(13, 0, 10, 69, 99901, NULL, 1369105200, NULL),
(14, 0, 11, 69, 99901, NULL, 1369105200, NULL),
(15, 0, 11, 70, NULL, NULL, NULL, NULL),
(16, 0, 12, 69, 99901, NULL, 1369105200, NULL),
(17, 0, 12, 70, 99902, NULL, 1369105200, 'oka'),
(18, 0, 12, 71, NULL, NULL, NULL, NULL);

-- --------------------------------------------------------

--
-- Table structure for table `ave_comparacion_hoteles`
--

CREATE TABLE IF NOT EXISTS `ave_comparacion_hoteles` (
  `id_ave_comparacion_hoteles` int(6) NOT NULL AUTO_INCREMENT,
  `orden` int(6) NOT NULL,
  `id_sis_provincia` int(6) DEFAULT NULL,
  `fecha_inicio` int(20) DEFAULT NULL,
  `fecha_fin` int(20) DEFAULT NULL,
  `observaciones` longtext,
  `id_ave_comparacion_hoteles_proc` int(6) DEFAULT NULL,
  PRIMARY KEY (`id_ave_comparacion_hoteles`)
) ENGINE=InnoDB  DEFAULT CHARSET=utf8 AUTO_INCREMENT=31 ;

--
-- Dumping data for table `ave_comparacion_hoteles`
--

INSERT INTO `ave_comparacion_hoteles` (`id_ave_comparacion_hoteles`, `orden`, `id_sis_provincia`, `fecha_inicio`, `fecha_fin`, `observaciones`, `id_ave_comparacion_hoteles_proc`) VALUES
(1, 3, 1, 23232323, 23232322, 'la djdj epepep pepep ddd', 1),
(2, 0, 1, 1369191600, 1369191600, 'pepe', 2),
(3, 0, 1, 1367982000, 1368068400, 'asd', 3),
(4, 0, 1, 1367377200, 1368586800, 'dd', 4),
(5, 0, 1, 1367636400, 1369191600, 'pepe NEW', 5),
(6, 0, 1, 1367377200, 1367463600, 'pepe', 6),
(7, 0, 1, 1367377200, 1367463600, 'pepepepeepe', 7),
(8, 0, 1, 1368586800, 1369796400, 'pepepe', 8),
(9, 0, 1, 1367982000, 1368068400, 'sdsd', 0),
(10, 0, 3, 1367377200, 1367463600, 'pepepe1', -1),
(11, 0, 5, 1367377200, 1367463600, 'directo', 15),
(12, 0, 10, 1367982000, 1368500400, 'juj', 17),
(13, 0, 16, 1369105200, 1369105200, 'rio', 19),
(14, 0, 1, 1367377200, 1367982000, 'dd', 21),
(15, 0, 15, 1369278000, 1369105200, 'swd', 23),
(16, 0, 1, 1369278000, 1369105200, 'adasd', 24),
(17, 0, 10, 1368586800, 1368500400, 'dd', 0),
(18, 0, 3, 1367377200, 1367463600, 'comp de hoteles de catamarca', 0),
(19, 0, 4, 1367377200, 1367463600, 'aero uno', 35),
(20, 0, 11, 1367377200, 1367463600, 'wdqwd', 36),
(21, 0, 5, 1367463600, 1367550000, 'wqd', 0),
(22, 0, 14, 1367377200, 1367463600, 'pera', 40),
(23, 0, 4, 1367550000, 1368068400, 'sdfsdfsdf', 41),
(24, 0, 13, 1367463600, 1367636400, 'pepepe', 42),
(25, 0, 1, 1367463600, 1367636400, 'pepepe', 43),
(26, 0, 8, 1367377200, 1367463600, 'pepepe', 44),
(27, 0, 12, 1367377200, 1367463600, 'pepe', 45),
(28, 0, 12, 1367463600, 1367550000, 'pepe', 46),
(29, 0, 12, 1367377200, 1367463600, 'pepep new de', 0),
(30, 0, 1, 1367550000, 1367982000, 'pepepe', 0);

-- --------------------------------------------------------

--
-- Table structure for table `ave_comparacion_hoteles_opc`
--

CREATE TABLE IF NOT EXISTS `ave_comparacion_hoteles_opc` (
  `id_ave_comparacion_hoteles_opc` int(6) NOT NULL AUTO_INCREMENT,
  `orden` int(6) NOT NULL,
  `id_ave_comparacion_hoteles_proc` int(6) DEFAULT NULL,
  `activo` int(1) DEFAULT NULL,
  `hotel` varchar(200) DEFAULT NULL,
  `comentario` longtext,
  `costo` decimal(12,2) DEFAULT NULL,
  `archivo` longtext,
  PRIMARY KEY (`id_ave_comparacion_hoteles_opc`)
) ENGINE=InnoDB  DEFAULT CHARSET=utf8 AUTO_INCREMENT=330 ;

--
-- Dumping data for table `ave_comparacion_hoteles_opc`
--

INSERT INTO `ave_comparacion_hoteles_opc` (`id_ave_comparacion_hoteles_opc`, `orden`, `id_ave_comparacion_hoteles_proc`, `activo`, `hotel`, `comentario`, `costo`, `archivo`) VALUES
(1, 1, 1, 0, 'lamborge', 'es un buen hotel', 1200.00, NULL),
(2, 0, 1, 0, 'palace', 'comentario del palace', 1800.00, NULL),
(3, 0, 1, 0, 'pepe', 'comentario de pepe', 2828.00, NULL),
(4, 0, 1, 0, 'hotel', 'sdsd', 1200.00, NULL),
(5, 0, 1, 0, 'pepepe', 'pepeepepe', 1500.00, NULL),
(6, 0, 1, 0, 'agrego', 'yes', 121212.00, NULL),
(7, 0, 1, 0, 'Nuevo Hotel', 'comentario del Nuevo Hotel', 20000.00, NULL),
(8, 0, 1, 0, 'hotel 3', 'comentario 3', 2000.00, NULL),
(9, 0, 1, 0, 'Nuevo Hotel', 'comentario del Nuevo Hotel', 20000.00, NULL),
(10, 0, 1, 0, 'Nuevo Hotel', 'comentario del Nuevo Hotel', 20000.00, '__Formularios.xls'),
(11, 0, 1, 0, 'hotel 3', 'comentario 3fefe', 2000.00, '__Acta modelo okidata.xls'),
(12, 0, 1, 0, 'Nuevo Hotel', 'comentario del Nuevo Hotel', 20000.00, NULL),
(13, 0, 1, 0, 'hotel uno', 'hotel uno', 221.00, '__usuarios.sql'),
(14, 0, 1, 0, 'Nuevo Hotel', 'comentario del Nuevo Hotel', 20000.00, '__file.png'),
(15, 0, 1, 0, 'hola', 'hola', 100.00, NULL),
(16, 0, 1, 0, 'pepe', 'peep', 323.00, NULL),
(17, 0, 1, 0, 'otro', 'otro', 0.00, ''),
(18, 0, 1, 0, 'df', 'df', 1111.00, NULL),
(19, 0, 1, 0, 'otro', 'otro nuevo', 1212.00, NULL),
(20, 0, 1, 0, 'otro', 'otro NUEVO', 1212.00, NULL),
(21, 0, 1, 0, 'otro', 'otro NUEVO', 1212.00, NULL),
(22, 0, 1, 0, 'otro', 'otro NUEVO NUEVO', 1212.00, NULL),
(23, 0, 1, 0, 'nuevo 3', 'nuevo tres veces', 1212.00, NULL),
(24, 0, 1, 0, 'pepe NUEVO', 'peep NUEVO', 323.00, NULL),
(25, 0, 1, 0, 'hola nuevo', 'hola nuevo', 100.00, NULL),
(26, 0, 1, 0, 'pepe viejo', 'peep viejo', 323.00, NULL),
(27, 0, 1, 0, 'otro otro', 'otro otro', 100.00, NULL),
(28, 0, 1, 0, 'otro otro NUEVO', 'otro otro NUEVO', 100.00, NULL),
(29, 0, 1, 0, 'juampa', 'juampa', 100.00, NULL),
(30, 0, 1, 0, 'juampa dos', 'juampa dos', 100.00, NULL),
(31, 0, 1, 0, 'juampa tres', 'juampa tres', 100.00, NULL),
(32, 0, 1, 0, 'hotel uno', 'hotel uno', 221.00, '__Flujos_de_trabajos.xls'),
(33, 0, 1, 0, 'sd', 'sd', 12.00, NULL),
(34, 0, 1, 0, 'juampa', 'juampa', 1212.00, '__Objetos'),
(35, 0, 1, 0, 'juampa 4', 'juampa 4', 12.00, NULL),
(36, 0, 1, 0, 'pepe', 'pepepepepe', 1212.00, NULL),
(37, 0, 1, 0, 'juampa cinco', 'juampa cinco', 12.00, NULL),
(38, 0, 1, 0, 'juampa seis', 'juampa seis', 12.00, '__Formularios.xls'),
(39, 0, 1, 0, 'pepe', 'pepe UNO', 1212.00, NULL),
(40, 0, 1, 0, 'pepe', 'pepe DSOSOSO', 1212.00, '__Papi_2.odt'),
(41, 0, 1, 0, 'nuevo', 'nuevo', 12.00, '__enGlish.learn'),
(42, 0, 1, 0, 'juampa', 'juampa', 12.00, '__datos_desarrollo_crm.pdf'),
(43, 0, 1, 0, 'otro', 'otro nuevo', 12.00, '__datos_desarrollo_crm.pdf'),
(44, 0, 1, 0, 'ss', 'ss', 23.00, '__enGlish.learn'),
(45, 0, 1, 0, 'df', 'df', 23.00, '__CV_2013.pdf'),
(46, 0, 1, 0, 'pepe nuevo', 'pepe nuevo', 123.00, '__file.png'),
(47, 0, 1, 0, 'sd', 'sd', 23.00, NULL),
(48, 0, 1, 0, 'NUEVO', 'NUEVO', 12.00, NULL),
(49, 0, 1, 0, 'dfdf', 'dfdf', 23.00, NULL),
(50, 0, 1, 0, 'ed', 'ed', 23.00, NULL),
(51, 0, 1, 0, '12', '12', 1212.00, NULL),
(52, 0, 1, 0, 'sdsd', 'sdsd', 1212.00, NULL),
(53, 0, 1, 0, 'sdsd', 'sdsd', 1212.00, NULL),
(54, 0, 1, 0, 'hoteetet', 'comentrt', 12.00, NULL),
(55, 0, 1, 0, 'hoteetet', 'comentrt nuevo', 12.00, '__Objetos'),
(56, 0, 1, 0, 'sd', 'sd', 23.00, NULL),
(57, 0, 1, 0, 'ddfd', 'dfdf', 2323.00, NULL),
(58, 0, 1, 0, 'ddfd', 'dfdf', 2323.00, NULL),
(59, 0, 1, 0, 'pepe', 'pepe', 121212.00, NULL),
(60, 0, 1, 0, 'pepedos', 'pepedos', 1212.00, NULL),
(61, 0, 1, 0, 'pepetres', 'pepetres', 1212.00, NULL),
(62, 0, 1, 0, 'sdsd', 'sdsd', 1212.00, NULL),
(63, 0, 1, 0, 'pepepe', 'pepepe', 7373.00, NULL),
(64, 0, 1, 0, 'sd', 'sdsd', 12.00, NULL),
(65, 0, 1, 0, 'hdhdh', 'hshdsdsdh', 121212.00, NULL),
(66, 0, 1, 0, 'qwerpoiu', 'qwerpoiu', 3434.00, NULL),
(67, 0, 1, 0, 'pepeep', 'eppepe', 1212.00, NULL),
(68, 0, 1, 0, 'nuevo', 'nuevo', 1212.00, NULL),
(69, 0, 1, 0, 'nuevo', 'nuevo dos', 1212.00, NULL),
(70, 0, 1, 0, 'peepep', 'peepeppepepepe', 1212.00, NULL),
(71, 0, 1, 0, 'sdsd', 'sdsd', 44545.00, NULL),
(72, 0, 1, 0, 'sdsdss', 'sdsd', 3223.00, NULL),
(73, 0, 1, 0, 'pepe', 'pepe dos', 345.00, NULL),
(74, 0, 1, 0, 'nuevo dos', 'nuevo dos', 345.00, NULL),
(75, 0, 1, 0, 'cuatro', 'cuatro', 1250.00, NULL),
(76, 0, 1, 0, 'nuevo', 'nuevo', 1234.00, NULL),
(77, 0, 1, 0, 'agrego el ocho', 'agrego el ocho', 23.00, NULL),
(78, 0, 1, 0, 'ahora el 9', 'ahora el 9', 12.00, NULL),
(79, 0, 1, 0, 'jdjd', 'jdjd', 1212.00, NULL),
(80, 0, 1, 0, 'sd', 'sd', 12.00, NULL),
(81, 0, 1, 0, 'df', 'df', 12.34, NULL),
(82, 0, 1, 0, 'df', 'df', 25.25, NULL),
(83, 0, 1, 0, 'asas1212', 'sdsd1212', 12.00, NULL),
(84, 0, 1, 0, '1sd', 'hdhdh', 12.00, NULL),
(85, 0, 1, 0, 'juan pablo', 'sosa', 12.00, NULL),
(86, 0, 1, 0, '1sd', 'hdhdh', 12.00, NULL),
(87, 0, 1, 0, 'juan pablo', 'sosa', 123.00, NULL),
(88, 0, 1, 0, 'juan pablo', 'sosa', 123.56, NULL),
(89, 0, 1, 0, 'juan pablo andrés', 'sosa', 123.56, NULL),
(90, 0, 1, 0, 'juan pablo andrés', 'sosa', 123.57, NULL),
(91, 0, 1, 0, 'juan pablo andrés', 'sosa uno', 123.57, NULL),
(92, 0, 1, 0, 'nombre hotel', 'comentario', 126.00, NULL),
(93, 0, 1, 0, 'nombre hotel', 'comentario nuevo', 126.00, NULL),
(94, 0, 1, 0, 'nuevo', 'nuevo dos lo cambio', 1212.00, NULL),
(95, 0, 1, 0, 'nuevo', 'nuevo dos lo cambio nuevo nuevo', 1212.00, 'pepe.xls'),
(96, 0, 1, 0, 'hotel', 'coment', 123.00, NULL),
(97, 0, 1, 0, 'nuevo hotel', 'este es un nuevo comentario', 4343.00, NULL),
(98, 0, 1, 0, 'er', 'er', 34.00, NULL),
(99, 0, 1, 0, 'hotel id99', 'comentario id99', 123.00, NULL),
(100, 0, 1, 0, 'hotel id99', 'comentario id99', 123.00, NULL),
(101, 0, 1, 0, 'hotel 101', 'coment 101', 123.00, NULL),
(102, 0, 1, 0, 'df', 'df', 234.00, NULL),
(103, 0, 1, 0, 'df', 'sd', 33.00, '__CV_2013.pdf'),
(104, 0, 1, 0, 'hotel 104', 'coment subo archi programacion1.pdf', 123456.00, '__programacion1.pdf'),
(105, 0, 1, 0, 'va 105', 'subo file.png', 123.00, NULL),
(106, 0, 1, 0, 'sd', 'sd', 34.00, '__CV_2013.pdf'),
(107, 0, 1, 0, 'nuevo', 'nuevo', 123.00, '__datos_desarrollo_crm.pdf'),
(108, 0, 1, 0, 'sdf', 'sdf', 123.00, '__file.png'),
(109, 0, 1, 0, 'nuevo uno', 'nuevo uno', 123.00, NULL),
(110, 0, 1, 0, 'sd', 'sd', 2323.00, NULL),
(111, 0, 1, 0, 'sd', 'sd', 123.00, NULL),
(112, 0, 1, 0, 'sd', 'sd', 123.00, NULL),
(113, 0, 1, 0, 'caca', 'caca', 12.00, '_113_CV_2013.pdf'),
(114, 0, 1, 0, 'df', 'df', 234.00, NULL),
(115, 0, 1, 0, 'sd', 'sd', 34.00, NULL),
(116, 0, 1, 0, '2323', '2323', 2323.00, '_116_datos_desarrollo_crm.pdf'),
(117, 0, 1, 0, 'subo', 'uno', 123.00, '_117_programacion1.pdf'),
(118, 0, 117, 1, 'subo', 'uno', 123.00, NULL),
(119, 0, 1, 0, 'asd', 'as', 1212.00, '_119_CV_2013.pdf'),
(120, 0, 119, 1, 'nuevo', 'nuevo', 1212.00, NULL),
(121, 0, 1, 0, 'hotel', 'comentario', 123.00, '_121_programacion1.pdf'),
(122, 0, 121, 1, 'pepe2', 'pepe2', 123.00, NULL),
(123, 0, 1, 0, 'hotel', 'coment', 123.00, '_123_CV_2013.pdf'),
(124, 0, 123, 1, 'pepe dos', 'pepe dos', 123.00, '_124_datos_desarrollo_crm.pdf'),
(125, 0, 114, 1, 'df', 'df', 234.00, NULL),
(126, 0, 1, 0, 'hotel y 28', 'comentario y 28', 9828.00, NULL),
(127, 0, 1, 0, 'sf', 'sd', 34.00, NULL),
(128, 0, 1, 0, 'ho', 'df', 34.00, NULL),
(129, 0, 1, 0, 'df', 'df', 34.00, NULL),
(130, 0, 1, 0, 'df', 'df', 34.00, NULL),
(131, 0, 1, 0, 'df', 'df', 34.00, '_131_Formularios.xls'),
(132, 0, 131, 1, 'df', 'df', 34.00, NULL),
(133, 0, 1, 0, 'df', 'df', 23.00, '_133_Formularios.xls'),
(134, 0, 133, 1, 'nuevo nuevo', 'nuevo nuevo', 99.00, NULL),
(135, 0, 1, 0, 'dfdf', 'dfdf', 45.00, '_135_programacion1.pdf'),
(136, 0, 135, 1, 'dfdf', 'dfdf', 45.00, NULL),
(137, 0, 1, 0, 'df', 'df', 34.00, '_137_datos_desarrollo_crm.pdf'),
(138, 0, 137, 1, 'df', 'df', 34.00, '_138_programacion1.pdf'),
(139, 0, 1, 0, 'df', 'df', 44.00, '_139_Formularios.xls'),
(140, 0, 139, 1, 'df', 'df', 44.00, NULL),
(141, 0, 1, 0, 'df', 'df', 34.00, '_141_Formularios.xls'),
(142, 0, 1, 0, 'df', 'df', 45.00, '_142_datos_desarrollo_crm.pdf'),
(143, 0, 142, 1, 'df', 'df', 45.00, NULL),
(144, 0, 1, 0, 'd', 'd', 5.00, '_144_CV_2013.pdf'),
(145, 0, 1, 0, 'fgfg', 'fgfg', 4545.00, '_145_datos_desarrollo_crm.pdf'),
(146, 0, 1, 0, 'hot', 'com', 3434.00, '_146_programacion1.pdf'),
(147, 0, 146, 1, 'hot', 'com nuevoooo', 3434.00, '\r\n                                _146_programacion1.pdf                            '),
(148, 0, 144, 1, 'nuevo pepe', 'nuevo pepe', 5.00, '_148_Formularios.xls'),
(149, 0, 145, 1, 'fgfg', 'fgfg', 4545.00, '_149_enGlish.learn'),
(150, 0, 1, 0, 'df', 'df', 344.00, '_150_temporal.php~'),
(151, 0, 150, 1, 'df', 'df', 344.00, '_151_file.png'),
(152, 0, 1, 0, 'df', 'df', 34.00, '_152_datos_desarrollo_crm.pdf'),
(153, 0, 1, 0, 'df nuevo', 'df nuevoooo', 34.00, '_153_CV_2013.pdf'),
(154, 0, 1, 0, 'df nuevo', 'df nuevoooo', 34.00, '\r\n                                _153_CV_2013.pdf                            '),
(155, 0, 1, 0, 'dd', 'fdf', 33.00, NULL),
(156, 0, 1, 0, 'dd', 'fdf', 33.00, NULL),
(157, 0, 1, 0, 'df', 'df', 34.00, NULL),
(158, 0, 1, 0, 'nuevo', 'nuevo juan', 23.00, NULL),
(159, 0, 1, 0, 'df', 'df', 34.00, NULL),
(160, 0, 1, 0, 'juan', 'pablo', 123.00, NULL),
(161, 0, 1, 0, 'juan', 'pablo sosa', 123.00, NULL),
(162, 0, 1, 0, 'juampa', 'juampa', 123.00, NULL),
(163, 0, 1, 0, 'df', 'df', 23.00, NULL),
(164, 0, 1, 0, 'juampa', 'juampa dos', 123.00, NULL),
(165, 0, 1, 0, 'juampa', 'juampa dos', 123.00, NULL),
(166, 0, 1, 0, 'ff', 'gg', 343.00, NULL),
(167, 0, 1, 0, 'df', 'df', 44.00, NULL),
(168, 0, 1, 0, 'sdf', 'sdf', 44.00, NULL),
(169, 0, 1, 0, 'ff', 'ff', 22.00, NULL),
(170, 0, 1, 0, 'df', 'df', 33.00, NULL),
(171, 0, 1, 0, 'df', 'df', 44.00, NULL),
(172, 0, 1, 0, 'df', 'df', 23.00, NULL),
(173, 0, 1, 0, 'df', 'df', 34.00, NULL),
(174, 0, 1, 0, 'df', 'df', 45.00, NULL),
(175, 0, 1, 0, 'ddd', 'sad', 23.00, NULL),
(176, 0, 1, 0, 's', 'ssd', 3434.00, NULL),
(177, 0, 1, 0, 'dd', 'ssdf', 23.00, NULL),
(178, 0, 1, 0, 'juampa cuatro', 'juampa cuatro', 123.00, NULL),
(179, 0, 1, 0, 'df', 'df', 33.00, NULL),
(180, 0, 1, 0, 'juampa', 'juampa cuatro', 123.00, NULL),
(181, 0, 1, 0, 'juan pablo', 'sosa', 1234.00, NULL),
(182, 0, 1, 0, 'juampa cinco', 'juampa cinco', 654.00, '_182_datos_desarrollo_crm.pdf'),
(183, 0, 1, 0, 'juampa seis', 'juampa seis', 123.00, NULL),
(184, 0, 1, 0, 'hotel', 'cxom', 23.00, NULL),
(185, 0, 1, 0, 'df', 'df', 44.00, NULL),
(186, 0, 1, 0, 'ff', 'ff', 333.00, NULL),
(187, 0, 1, 0, 'df', 'df', 22.00, NULL),
(188, 0, 1, 0, 'juampa', 'juampa nuevo', 123.00, NULL),
(189, 0, 1, 0, 'juampa dos', 'juampa dos', 234.00, NULL),
(190, 0, 1, 0, 'juampa cinco', 'juampa cinco', 5.00, NULL),
(191, 0, 1, 0, 'juampa cinco', 'juampa cinco', 5.00, '\r\n                                                            '),
(192, 0, 1, 0, 'juampa dos', 'juampa dos nuevo', 234.00, '\r\n                                                            '),
(193, 0, 1, 0, 'juampa renovado', 'juampa renovado', 123.00, NULL),
(194, 0, 1, 0, 'ibm', 'thinkpad', 23.00, NULL),
(195, 0, 1, 0, 'samsung', '15pulg', 543.00, NULL),
(196, 0, 1, 0, 'pochoclos', 'con cacona', 564.00, NULL),
(197, 0, 1, 0, 'hotel', 'coment', 3434.00, NULL),
(198, 0, 1, 0, 'hotel', 'coment', 3434.00, NULL),
(199, 0, 1, 0, 'juampa', 'juampa', 3434.00, NULL),
(200, 0, 1, 0, 'uno solo', 'uno solo', 232323.00, NULL),
(201, 0, 1, 0, 'pruebo', 'las dos', 34.00, NULL),
(202, 0, 1, 0, 'hotel', 'com', 43.00, NULL),
(203, 0, 1, 0, 'pepe', 'pepe nuevo', 2323.00, NULL),
(204, 0, 1, 0, 'nuevo', 'nuevo uno', 344.00, NULL),
(205, 0, 1, 0, 'nu nuevo ', 'hotel', 3434.00, NULL),
(206, 0, 1, 0, 'ingreso hotel', 'un comentario', 123.34, NULL),
(207, 0, 1, 0, 'pochoclo', 'va con archivo', 65.23, '_207_programacion1.pdf'),
(208, 0, 1, 0, 'pochoclo', 'va con archivo sigue mismo arhivo', 65.23, '\r\n                                _207_programacion1.pdf                            '),
(209, 0, 1, 0, 'hotel', 'thinkpad', 23.00, '_209_usuarios.sql'),
(210, 0, 1, 0, 'hotel', 'thinkpad dejo archivo', 23.56, '_209_usuarios.sql'),
(211, 0, 1, 0, 'juampireta', 'juampa seis mismo archivo', 65.23, '_207_programacion1.pdf'),
(212, 0, 1, 0, 'juampireta', 'juampa seis mismo archivo', 65.23, '_212_Curriculum Vitae 2013.pdf'),
(213, 0, 1, 0, 'hotel nuevo', 'palace htel', 23.00, NULL),
(214, 0, 1, 0, 'hotel', 'thinkpad dejo archivo mismooo', 23.56, '_209_usuarios.sql'),
(215, 0, 1, 0, 'nuevo hotel', 'comentario nuevo', 3434.00, NULL),
(216, 0, 1, 0, 'nuevo hotel', 'comentario nuevo nuevo nuevo', 3434.00, ''),
(217, 0, 1, 0, 'juampa cinco', 'juampa cinco nuevo archivo', 654.00, '_217_1322783592minitutorialgit.pdf'),
(218, 0, 1, 0, 'sdsd', 'sdsd', 34.00, NULL),
(219, 0, 1, 0, 'hotel', 'nuevo excedido limite', 2323.00, NULL),
(220, 0, 1, 0, 'ho', 'com', 34.00, '_220_Instrucciones de funcionamiento KX-TA308 KX-TA616.pdf'),
(221, 0, 1, 0, 'nuevo hotel', 'un comentario', 123.45, NULL),
(222, 0, 1, 0, 'juampa seis', 'juampa seis', 123.00, '_222_Quien_dijo_frio.pps'),
(223, 0, 1, 0, 'nuevo hotel', 'un comentario nuevo', 123.00, ''),
(224, 0, 1, 1, 'hola', 'com cargo nuevo mismo archivo _220', 34.00, '_220_Instrucciones de funcionamiento KX-TA308 KX-TA616.pdf'),
(225, 0, 1, 0, 'juampa cinco', 'juampa cinco otro archivo', 654.00, '_225_conceptos bsicos de javascript con ejemplos pdf.exe'),
(226, 0, 1, 1, 'juampireta', 'juampa seis mismo archivo', 65.23, '_226_mantisbt-1.2.12.tar.gz'),
(227, 0, 1, 1, 'nuevo', 'nuevo', 12.00, '_227_spain-hitos-ok.pdf'),
(228, 0, 1, 0, 'df', 'df', 12.00, '_228_55081859-mantis-manual-de-administracion-v10doc-proyecto.pdf'),
(229, 0, 1, 0, 'sd', 'sd', 34.00, NULL),
(230, 0, 1, 0, 'ho', 'hs', 12.00, NULL),
(231, 0, 1, 0, 'sd', 'sd', 34.00, NULL),
(232, 0, 1, 0, 'df', 'df', 34.00, NULL),
(233, 0, 1, 0, 'df', 'df', 34.00, NULL),
(234, 0, 1, 0, 'df', 'df', 34.00, NULL),
(235, 0, 1, 0, 'ff', 'ff', 33.00, NULL),
(236, 0, 1, 0, 'f', 'gg', 44.00, NULL),
(237, 0, 1, 0, 'df', 'ff', 444.00, NULL),
(238, 0, 1, 0, 'dff', 'df', 44.00, '_238_movimientosHistoricos(4).xls'),
(239, 0, 1, 0, 'ff', 'ff', 33.00, '_239_Instrucciones de funcionamiento KX-TA308 KX-TA616.pdf'),
(240, 0, 1, 0, 'ff', 'fff', 44.00, NULL),
(241, 0, 1, 0, 'ff', 'ff', 55.00, NULL),
(242, 0, 1, 0, 'ff', 'ff dejo el mismo 239', 33.00, '_239_Instrucciones de funcionamiento KX-TA308 KX-TA616.pdf'),
(243, 0, 1, 0, 'ff', 'ff dejo el mismo 239', 33.00, '_243_vax contacto.zip'),
(244, 0, 1, 0, 'ff', 'ff dejo el mismo 239', 33.00, NULL),
(245, 0, 1, 0, 'juampa cinco', 'juampa cinco otro archivo', 654.00, '_225_conceptos bsicos de javascript con ejemplos pdf.exe'),
(246, 0, 1, 0, 'df', 'df', 44.00, NULL),
(247, 0, 1, 0, 'dfdf', 'que rapido', 11.00, NULL),
(248, 0, 1, 0, 'ff', 'ff dejo el mismo 239 NUEVOOO', 33.00, ''),
(249, 0, 1, 1, 'pepito', 'comentario', 123.00, NULL),
(250, 0, 1, 0, 'hotel nuevo', 'coment nuevo', 125.00, NULL),
(251, 0, 1, 1, 'hotel nuevo', 'coment nuevo pepe', 125.00, ''),
(252, 0, 1, 1, 'hot', 'co', 12.00, '_252_numeros.zip'),
(253, 0, 1, 0, 'hotel nuevo', 'comentario de juampa', 12.23, NULL),
(254, 0, 1, 1, '', '', 120035.33, NULL),
(255, 0, 1, 1, 'er', 'er', 1200.45, NULL),
(256, 0, 1, 1, 'hd', 'dd', 123.45, '_256_Informática Personal estable.xls'),
(257, 0, 1, 1, 'sd', 'sd', 1200.45, '_257_movimientosHistoricos(3).xls'),
(258, 0, 1, 1, 'sdds', 'sdd', 12.23, NULL),
(259, 0, 1, 1, 'hotel nuevo', 'comentario nuevo', 1200.35, NULL),
(260, 0, 1, 1, '', '', 123.45, NULL),
(261, 0, 1, 0, 'hotel nuevo', 'comentario nuevo pepe de 1000', 1000.00, ''),
(262, 0, 1, 0, 'hot', 'df', 1000.23, '_262_mysql_basico_hasta_avanzado.1925.zip'),
(263, 0, 1, 1, 'hot', 'df', 1000.23, '_262_mysql_basico_hasta_avanzado.1925.zip'),
(264, 0, 1, 1, 'hot', 'df NUEVO', 1000.23, '_262_mysql_basico_hasta_avanzado.1925.zip'),
(265, 0, 1, 1, 'sd', 'sd NUEVOO', 1200.45, '_257_movimientosHistoricos(3).xls'),
(266, 0, 6, 1, 'pepe', 'pepe', 120.00, NULL),
(267, 0, 6, 1, 'pepito', 'otro', 150.00, NULL),
(268, 0, 6, 1, 'pepepe', 'asdasd', 150.00, NULL),
(269, 0, 6, 1, 'holet', 'asdsad', 0.00, NULL),
(270, 0, 6, 1, 'asdasd', 'asd', 0.00, NULL),
(271, 0, 6, 1, 'pe', 'asd', 12.00, '_271_dk_cosas'),
(272, 0, 7, 1, 'hod', 'sd', 120.00, NULL),
(273, 0, 7, 1, 'asd', 'sadsa', 670.00, '_273_adm_pedido_compras.png'),
(274, 0, 8, 1, 'hotel', 'sadffds', 10002.12, '_274_adm_pedido_compras.png'),
(275, 0, 8, 1, 'sd', 'asd', 12.12, '_275_Sql(1).pdf'),
(276, 0, 8, 1, 'sdf', 'sdf', 120.00, NULL),
(277, 0, 8, 1, 'sdf', 'sdf', 0.12, NULL),
(278, 0, 8, 1, 'ee', 'ee', 0.00, NULL),
(279, 0, 10, 1, 'sd', 'sdsd', 10002.00, NULL),
(280, 0, 13, 1, 'sheraton', 'es muy bueno', 1500.00, NULL),
(281, 0, 13, 1, 'otro', 'mas barato', 1300.00, '_281_Traducciones.odt'),
(282, 0, 15, 0, 'lala', 'asdasd', 120.00, NULL),
(283, 0, 15, 0, 'zxc', 'xzc', 12.12, NULL),
(284, 0, 15, 0, 'lala', 'asdasd', 120.00, NULL),
(285, 0, 15, 1, 'asdasd', 'asdasd', 98.98, NULL),
(286, 0, 17, 1, 'sdsd', 'sdsd comn', 12.12, NULL),
(287, 0, 19, 1, 'hotelaso', 'buen comentario', 120.00, NULL),
(288, 0, 21, 1, 'lala', 'lele', 120.00, NULL),
(289, 0, 21, 1, 'sd', 'sd', 98.98, NULL),
(290, 0, 23, 1, 'sd', 'asdasd', 80003.83, NULL),
(291, 0, 24, 0, 'ssaf', 'hehe', 60004.64, NULL),
(292, 0, 24, 1, 'ssaf', 'hehe', 12.12, NULL),
(293, 0, 24, 0, 'sds', 'sdsd', 12.12, NULL),
(294, 0, 24, 0, 'sds', 'sdsdNEW', 12.12, NULL),
(295, 0, 24, 0, 'ssaf', 'hehe', 60004.64, NULL),
(296, 0, 24, 1, 'sds', 'sdsdNEW1', 12.12, NULL),
(297, 0, 26, 0, 'hoetl uno', 'coment 1', 120.00, NULL),
(298, 0, 26, 0, 'hoetl uno', 'coment 1NEW', 120.00, '_298_Traducciones.odt'),
(299, 0, 26, 1, 'hoetl uno', 'coment 1NEW', 150.00, NULL),
(300, 0, 30, 1, 'hotel uno', 'coment uno', 1250.00, '_300_Traducciones.odt'),
(301, 0, 36, 0, 'qwdqw', 'qw', 120.00, '_301_Traducciones.odt'),
(302, 0, 36, 1, 'qwdqw', 'qw', 120.00, NULL),
(303, 0, 36, 0, 'sad', 'asd', 12.00, '_303_Sql(1).pdf'),
(304, 0, 36, 1, 'sad', 'asd', 12.00, NULL),
(305, 0, 36, 0, 'sdfsdfu', 'sdfsd', 120.00, '_305_Sql(1).pdf'),
(306, 0, 40, 1, 'hot', 'sdf', 120.00, NULL),
(307, 0, 40, 1, '2323', 'dfdfdfs', 47.47, '_307_Traducciones.odt'),
(308, 0, 40, 1, '23', 'qwasd', 98.98, NULL),
(309, 0, 41, 1, 'hoeee', 'sdfsdf', 12.00, NULL),
(310, 0, 41, 1, 'hotel dos', 'ccomee', 150.00, '_310_Traducciones.odt'),
(311, 0, 41, 1, 'sdc', 'sdc', 120.00, NULL),
(312, 0, 42, 1, 'hotelll', 'comentaa', 12.00, '_312_F1404.png'),
(313, 0, 43, 1, 'sdf', 'sdf', 200013.23, NULL),
(314, 0, 43, 1, 'sdfsdf', 'sdfsdf', 112200.00, NULL),
(315, 0, 44, 1, 'hoe', 'hodhd', 87.87, NULL),
(316, 0, 46, 0, 'hoe', 'comen', 120.00, NULL),
(317, 0, 46, 0, 'hoe', 'comen', 120.00, NULL),
(318, 0, 46, 0, 'HDHD', 'hdhdh', 120.00, '_318_F1404.png'),
(319, 0, 46, 0, 'HDHD', 'hdhdh', 120.00, NULL),
(320, 0, 46, 1, 'HDHD', 'hdhdh', 120.00, NULL),
(321, 0, 46, 0, 'dfdf', 'sefdsf', 1000.50, '_321_F1404.png'),
(322, 0, 46, 1, 'dfdf', 'sefdsf NUEVO', 1000.50, '_321_F1404.png'),
(323, 0, 46, 0, 'hotel', 'neueu', 120.00, '_323_Sql(1).pdf'),
(324, 0, 46, 0, 'hotel', 'neueu NUEVOOO', 120.00, '_323_Sql(1).pdf'),
(325, 0, 46, 1, 'hotel', 'neueu NUEVOOO', 120.00, '_325_Traducciones.odt'),
(326, 0, 47, 1, 'ad', 'asd', 40007.47, NULL),
(327, 0, 47, 0, 'hdgd', 'comenta', 120.00, '_327_CPP_CLI_tutorial.pdf'),
(328, 0, 47, 1, 'hdgd', 'comenta newwww', 1200.00, '_327_CPP_CLI_tutorial.pdf'),
(329, 0, 50, 1, 'hote', 'comenttt', 120.00, '_329_CPP_CLI_tutorial.pdf');

-- --------------------------------------------------------

--
-- Table structure for table `ave_comparacion_hoteles_proc`
--

CREATE TABLE IF NOT EXISTS `ave_comparacion_hoteles_proc` (
  `id_ave_comparacion_hoteles_proc` int(6) NOT NULL AUTO_INCREMENT,
  `orden` int(6) NOT NULL,
  `id_ave_comparacion_hoteles` int(6) DEFAULT NULL,
  `id_sis_procesos_flujos_dias` int(6) DEFAULT NULL,
  `id_cv_datos_personales` int(6) DEFAULT NULL,
  `id_relacionado` int(6) DEFAULT NULL,
  `fecha_alta` int(8) DEFAULT NULL,
  `comentario` longtext,
  PRIMARY KEY (`id_ave_comparacion_hoteles_proc`)
) ENGINE=InnoDB  DEFAULT CHARSET=utf8 AUTO_INCREMENT=58 ;

--
-- Dumping data for table `ave_comparacion_hoteles_proc`
--

INSERT INTO `ave_comparacion_hoteles_proc` (`id_ave_comparacion_hoteles_proc`, `orden`, `id_ave_comparacion_hoteles`, `id_sis_procesos_flujos_dias`, `id_cv_datos_personales`, `id_relacionado`, `fecha_alta`, `comentario`) VALUES
(1, 0, 1, 1, 100002, NULL, NULL, NULL),
(2, 0, 2, 66, 99901, NULL, 1367982000, NULL),
(3, 0, 3, 66, 99901, NULL, 1367982000, NULL),
(4, 0, 4, 66, 99901, NULL, 1367982000, NULL),
(5, 0, 5, 66, 99901, NULL, 1367982000, NULL),
(6, 0, 6, 66, 99901, NULL, 1367982000, NULL),
(7, 0, 7, 66, 99901, NULL, 1367982000, NULL),
(8, 0, 8, 66, 99901, NULL, 1367982000, NULL),
(9, 0, 8, 67, NULL, NULL, NULL, NULL),
(10, 0, 9, 66, 99901, NULL, 1367982000, NULL),
(11, 0, 9, 67, 99902, NULL, 1367982000, 'okay'),
(12, 0, 9, 68, 99904, NULL, 1367982000, 'perf'),
(13, 0, 10, 66, 99901, NULL, 1368068400, NULL),
(14, 0, 10, 67, 99902, NULL, 1368068400, 'lo doy de baja. hay algo que esta mal.'),
(15, 0, 11, 66, 99901, NULL, 1368068400, NULL),
(16, 0, 11, 67, NULL, NULL, NULL, NULL),
(17, 0, 12, 66, 99901, NULL, 1368068400, NULL),
(18, 0, 12, 67, NULL, NULL, NULL, NULL),
(19, 0, 13, 66, 99901, NULL, 1368068400, NULL),
(20, 0, 13, 67, NULL, NULL, NULL, NULL),
(21, 0, 14, 66, 99901, NULL, 1368068400, NULL),
(22, 0, 14, 67, NULL, NULL, NULL, NULL),
(23, 0, 15, 66, 99901, NULL, 1368068400, NULL),
(24, 0, 16, 66, 99901, NULL, 1368068400, NULL),
(25, 0, 16, 67, 99902, NULL, 1368068400, 'bueno, estamos buscando alguien zapaz de esa área, asi que bien logrado el porópsi de la cola por la cual nos vamos llendo a depositar la energía de la cabeza en otros pensamientos. Muchas Gracias a todos'),
(26, 0, 17, 66, 99901, NULL, 1368068400, NULL),
(27, 0, 17, 67, 99902, NULL, 1368068400, 'okey'),
(28, 0, 17, 68, 99904, NULL, 1368068400, 'okey'),
(29, 0, 16, 68, NULL, NULL, NULL, NULL),
(30, 0, 18, 66, 99901, NULL, 1368068400, NULL),
(31, 0, 18, 67, 99902, NULL, 1368068400, 'Bueno, a mi me parece que en tal caso, deberiamos agregar más hoteles para poder seleccionar bien, a la hora de ir a catamarca, además es un lugar que se viaja mucho. Para la próxima por favor más hoteles en la selección así elejimos de manera correcta.'),
(32, 0, 18, 68, 99904, 31, 1368068400, 'Mirá, en tal caso, lo que podemos hacer para la próxima es que en vez de ser seleccionado de una u otr, vamos a tener que revisar mejor. Por eso por favor, asist de ventas, determinemos bien cual es el mejor, te lo paso.'),
(33, 0, 18, 67, 99902, NULL, 1368068400, 'okey, ahora sí.'),
(34, 0, 18, 68, 99904, NULL, 1368068400, 'perectos, me interesa'),
(35, 0, 19, 66, 99901, NULL, 1368068400, NULL),
(36, 0, 20, 66, 99901, NULL, 1368759600, NULL),
(37, 0, 20, 67, NULL, NULL, NULL, NULL),
(38, 0, 21, 66, 99901, NULL, 1368759600, NULL),
(39, 0, 21, 67, 99902, NULL, 1369105200, 'oka'),
(40, 0, 22, 66, 99901, NULL, 1369105200, NULL),
(41, 0, 23, 66, 99901, NULL, 1369105200, NULL),
(42, 0, 24, 66, 99901, NULL, 1369105200, NULL),
(43, 0, 25, 66, 99901, NULL, 1369105200, NULL),
(44, 0, 26, 66, 99901, NULL, 1369105200, NULL),
(45, 0, 27, 66, 99901, NULL, 1369105200, NULL),
(46, 0, 28, 66, 99901, NULL, 1369105200, NULL),
(47, 0, 29, 66, 99901, NULL, 1369105200, NULL),
(48, 0, 29, 67, 99902, NULL, 1369105200, 'oka'),
(49, 0, 29, 68, 99904, NULL, 1369105200, 'perfecto'),
(50, 0, 30, 66, 99901, NULL, 1369105200, NULL),
(51, 0, 30, 67, 99902, NULL, 1369105200, 'apapapapapapa'),
(52, 0, 30, 68, 99904, 51, 1369105200, 'lo vuelvo a a de ventas, por que hay un error'),
(53, 0, 30, 67, 99902, NULL, 1369105200, 'okey'),
(54, 0, 30, 68, 99904, NULL, 1369105200, 'ahora si. perfecto'),
(55, 0, 21, 68, 99904, 39, 1369105200, 'te lo vuelvo atras'),
(56, 0, 21, 67, 99902, NULL, 1369105200, 'okey'),
(57, 0, 21, 68, 99904, NULL, 1369105200, 'perecto. cierro');

-- --------------------------------------------------------

--
-- Table structure for table `bod_mantener_limpieza`
--

CREATE TABLE IF NOT EXISTS `bod_mantener_limpieza` (
  `id_bod_mantener_limpieza` int(6) NOT NULL AUTO_INCREMENT,
  `orden` int(6) NOT NULL,
  `observaciones` longtext,
  `id_bod_mantener_limpieza_proc` int(6) DEFAULT NULL,
  PRIMARY KEY (`id_bod_mantener_limpieza`)
) ENGINE=InnoDB  DEFAULT CHARSET=utf8 AUTO_INCREMENT=2 ;

--
-- Dumping data for table `bod_mantener_limpieza`
--

INSERT INTO `bod_mantener_limpieza` (`id_bod_mantener_limpieza`, `orden`, `observaciones`, `id_bod_mantener_limpieza_proc`) VALUES
(1, 0, 'hola nuevo', 0);

-- --------------------------------------------------------

--
-- Table structure for table `bod_mantener_limpieza_proc`
--

CREATE TABLE IF NOT EXISTS `bod_mantener_limpieza_proc` (
  `id_bod_mantener_limpieza_proc` int(6) NOT NULL AUTO_INCREMENT,
  `orden` int(6) NOT NULL,
  `id_bod_mantener_limpieza` int(6) DEFAULT NULL,
  `id_sis_procesos_flujos_dias` int(6) DEFAULT NULL,
  `id_cv_datos_personales` int(6) DEFAULT NULL,
  `id_relacionado` int(6) DEFAULT NULL,
  `fecha_alta` int(20) DEFAULT NULL,
  `comentario` longtext,
  PRIMARY KEY (`id_bod_mantener_limpieza_proc`)
) ENGINE=InnoDB  DEFAULT CHARSET=utf8 AUTO_INCREMENT=4 ;

--
-- Dumping data for table `bod_mantener_limpieza_proc`
--

INSERT INTO `bod_mantener_limpieza_proc` (`id_bod_mantener_limpieza_proc`, `orden`, `id_bod_mantener_limpieza`, `id_sis_procesos_flujos_dias`, `id_cv_datos_personales`, `id_relacionado`, `fecha_alta`, `comentario`) VALUES
(1, 0, 1, 210, 99903, NULL, 1369796400, NULL),
(2, 0, 1, 211, 99907, NULL, 1369796400, 'okey'),
(3, 0, 1, 212, 99904, NULL, 1369796400, 'ok');

-- --------------------------------------------------------

--
-- Table structure for table `crm_mejorar_aplicaciones`
--

CREATE TABLE IF NOT EXISTS `crm_mejorar_aplicaciones` (
  `id_crm_mejorar_aplicaciones` int(6) NOT NULL AUTO_INCREMENT,
  `orden` int(6) NOT NULL,
  `asunto` varchar(200) DEFAULT NULL,
  `mejora` longtext,
  `id_crm_mejorar_aplicaciones_proc` int(6) DEFAULT NULL,
  PRIMARY KEY (`id_crm_mejorar_aplicaciones`)
) ENGINE=InnoDB  DEFAULT CHARSET=utf8 AUTO_INCREMENT=3 ;

--
-- Dumping data for table `crm_mejorar_aplicaciones`
--

INSERT INTO `crm_mejorar_aplicaciones` (`id_crm_mejorar_aplicaciones`, `orden`, `asunto`, `mejora`, `id_crm_mejorar_aplicaciones_proc`) VALUES
(1, 0, 'as', 'mej', 6),
(2, 0, 'asunto asunto', 'mejora mejora', 9);

-- --------------------------------------------------------

--
-- Table structure for table `crm_mejorar_aplicaciones_arch`
--

CREATE TABLE IF NOT EXISTS `crm_mejorar_aplicaciones_arch` (
  `id_crm_mejorar_aplicaciones_arch` int(6) NOT NULL AUTO_INCREMENT,
  `orden` int(6) NOT NULL,
  `id_crm_mejorar_aplicaciones_proc` int(6) DEFAULT NULL,
  `activo` int(1) DEFAULT NULL,
  `archivo` longtext,
  PRIMARY KEY (`id_crm_mejorar_aplicaciones_arch`)
) ENGINE=InnoDB  DEFAULT CHARSET=utf8 AUTO_INCREMENT=5 ;

--
-- Dumping data for table `crm_mejorar_aplicaciones_arch`
--

INSERT INTO `crm_mejorar_aplicaciones_arch` (`id_crm_mejorar_aplicaciones_arch`, `orden`, `id_crm_mejorar_aplicaciones_proc`, `activo`, `archivo`) VALUES
(1, 0, 6, NULL, NULL),
(2, 0, 6, 1, '_2_Traducciones.odt'),
(3, 0, 9, 0, '_3_Traducciones.odt'),
(4, 0, 9, 1, '_4_F1404.png');

-- --------------------------------------------------------

--
-- Table structure for table `crm_mejorar_aplicaciones_proc`
--

CREATE TABLE IF NOT EXISTS `crm_mejorar_aplicaciones_proc` (
  `id_crm_mejorar_aplicaciones_proc` int(6) NOT NULL AUTO_INCREMENT,
  `orden` int(6) NOT NULL,
  `id_crm_mejorar_aplicaciones` int(6) DEFAULT NULL,
  `id_sis_procesos_flujos_dias` int(6) DEFAULT NULL,
  `id_cv_datos_personales` int(6) DEFAULT NULL,
  `id_relacionado` int(6) DEFAULT NULL,
  `fecha_alta` int(20) DEFAULT NULL,
  `comentario` longtext,
  PRIMARY KEY (`id_crm_mejorar_aplicaciones_proc`)
) ENGINE=InnoDB  DEFAULT CHARSET=utf8 AUTO_INCREMENT=12 ;

--
-- Dumping data for table `crm_mejorar_aplicaciones_proc`
--

INSERT INTO `crm_mejorar_aplicaciones_proc` (`id_crm_mejorar_aplicaciones_proc`, `orden`, `id_crm_mejorar_aplicaciones`, `id_sis_procesos_flujos_dias`, `id_cv_datos_personales`, `id_relacionado`, `fecha_alta`, `comentario`) VALUES
(1, 0, NULL, 383, 99901, NULL, 1369796400, NULL),
(2, 0, NULL, 383, 99901, NULL, 1369796400, NULL),
(3, 0, NULL, 383, 99901, NULL, 1369796400, NULL),
(4, 0, NULL, 383, 99901, NULL, 1369796400, NULL),
(5, 0, NULL, 383, 99901, NULL, 1369882800, NULL),
(6, 0, 1, 383, 99901, NULL, 1369882800, NULL),
(7, 0, 1, 390, 99908, NULL, 1369882800, 'asas'),
(8, 0, 1, 391, NULL, NULL, NULL, NULL),
(9, 0, 2, 384, 99902, NULL, 1369882800, NULL),
(10, 0, 2, 390, 99908, NULL, 1369882800, 'oka'),
(11, 0, 2, 391, NULL, NULL, NULL, NULL);

-- --------------------------------------------------------

--
-- Table structure for table `crm_solucionar_bugs`
--

CREATE TABLE IF NOT EXISTS `crm_solucionar_bugs` (
  `id_crm_solucionar_bugs` int(6) NOT NULL AUTO_INCREMENT,
  `orden` int(6) NOT NULL,
  `asunto` varchar(200) DEFAULT NULL,
  `reporte` longtext,
  `id_crm_solucionar_bugs_proc` int(6) DEFAULT NULL,
  PRIMARY KEY (`id_crm_solucionar_bugs`)
) ENGINE=InnoDB  DEFAULT CHARSET=utf8 AUTO_INCREMENT=2 ;

--
-- Dumping data for table `crm_solucionar_bugs`
--

INSERT INTO `crm_solucionar_bugs` (`id_crm_solucionar_bugs`, `orden`, `asunto`, `reporte`, `id_crm_solucionar_bugs_proc`) VALUES
(1, 0, 'asunto del error', 'y este es el reporte', 0);

-- --------------------------------------------------------

--
-- Table structure for table `crm_solucionar_bugs_arch`
--

CREATE TABLE IF NOT EXISTS `crm_solucionar_bugs_arch` (
  `id_crm_solucionar_bugs_arch` int(6) NOT NULL AUTO_INCREMENT,
  `orden` int(6) NOT NULL,
  `id_crm_solucionar_bugs_proc` int(6) DEFAULT NULL,
  `activo` int(1) DEFAULT NULL,
  `archivo` longtext,
  PRIMARY KEY (`id_crm_solucionar_bugs_arch`)
) ENGINE=InnoDB  DEFAULT CHARSET=utf8 AUTO_INCREMENT=3 ;

--
-- Dumping data for table `crm_solucionar_bugs_arch`
--

INSERT INTO `crm_solucionar_bugs_arch` (`id_crm_solucionar_bugs_arch`, `orden`, `id_crm_solucionar_bugs_proc`, `activo`, `archivo`) VALUES
(1, 0, 1, 0, '_1_Traducciones.odt'),
(2, 0, 1, 1, '_2_F1404.png');

-- --------------------------------------------------------

--
-- Table structure for table `crm_solucionar_bugs_proc`
--

CREATE TABLE IF NOT EXISTS `crm_solucionar_bugs_proc` (
  `id_crm_solucionar_bugs_proc` int(12) NOT NULL AUTO_INCREMENT,
  `orden` int(6) NOT NULL,
  `id_crm_solucionar_bugs` int(6) DEFAULT NULL,
  `id_sis_procesos_flujos_dias` int(6) DEFAULT NULL,
  `id_cv_datos_personales` int(6) DEFAULT NULL,
  `id_relacionado` int(6) DEFAULT NULL,
  `fecha_alta` int(20) DEFAULT NULL,
  `comentario` longtext,
  PRIMARY KEY (`id_crm_solucionar_bugs_proc`)
) ENGINE=InnoDB  DEFAULT CHARSET=utf8 AUTO_INCREMENT=4 ;

--
-- Dumping data for table `crm_solucionar_bugs_proc`
--

INSERT INTO `crm_solucionar_bugs_proc` (`id_crm_solucionar_bugs_proc`, `orden`, `id_crm_solucionar_bugs`, `id_sis_procesos_flujos_dias`, `id_cv_datos_personales`, `id_relacionado`, `fecha_alta`, `comentario`) VALUES
(1, 0, 1, 217, 99901, NULL, 1369796400, NULL),
(2, 0, 1, 224, 99908, NULL, 1369796400, 'oka'),
(3, 0, 1, 225, 99903, NULL, 1369796400, 'oka');

-- --------------------------------------------------------

--
-- Table structure for table `crp_busqueda_fabricas_precios`
--

CREATE TABLE IF NOT EXISTS `crp_busqueda_fabricas_precios` (
  `id_crp_busqueda_fabricas_precios` int(6) NOT NULL AUTO_INCREMENT,
  `orden` int(6) NOT NULL,
  `proveedor` varchar(200) DEFAULT NULL,
  `id_sis_pais` int(6) DEFAULT NULL,
  `ciudad` varchar(150) DEFAULT NULL,
  `direccion` longtext,
  `contacto` varchar(200) DEFAULT NULL,
  `telefono` varchar(200) DEFAULT NULL,
  `observaciones` longtext,
  `id_crp_busqueda_fabricas_precios_proc` int(6) DEFAULT NULL,
  PRIMARY KEY (`id_crp_busqueda_fabricas_precios`)
) ENGINE=InnoDB DEFAULT CHARSET=utf8 AUTO_INCREMENT=1 ;

-- --------------------------------------------------------

--
-- Table structure for table `crp_busqueda_fabricas_precios_proc`
--

CREATE TABLE IF NOT EXISTS `crp_busqueda_fabricas_precios_proc` (
  `id_crp_busqueda_fabricas_precios_proc` int(6) NOT NULL AUTO_INCREMENT,
  `orden` int(6) NOT NULL,
  `id_crp_busqueda_fabricas_precios` int(6) DEFAULT NULL,
  `id_sis_procesos_flujos_dias` int(6) DEFAULT NULL,
  `id_cv_datos_personales` int(6) DEFAULT NULL,
  `id_relacionado` int(6) DEFAULT NULL,
  `fecha_alta` int(20) DEFAULT NULL,
  `comentario` longtext,
  PRIMARY KEY (`id_crp_busqueda_fabricas_precios_proc`)
) ENGINE=InnoDB DEFAULT CHARSET=utf8 AUTO_INCREMENT=1 ;

-- --------------------------------------------------------

--
-- Table structure for table `crp_busqueda_fabricas_precios_prod`
--

CREATE TABLE IF NOT EXISTS `crp_busqueda_fabricas_precios_prod` (
  `id_crp_busqueda_fabricas_precios_prod` int(6) NOT NULL AUTO_INCREMENT,
  `orden` int(6) NOT NULL,
  PRIMARY KEY (`id_crp_busqueda_fabricas_precios_prod`)
) ENGINE=InnoDB DEFAULT CHARSET=utf8 AUTO_INCREMENT=1 ;

-- --------------------------------------------------------

--
-- Table structure for table `crp_pedidos_ej_busqueda`
--

CREATE TABLE IF NOT EXISTS `crp_pedidos_ej_busqueda` (
  `id_crp_pedidos_ej_busqueda` int(6) NOT NULL AUTO_INCREMENT,
  `orden` int(6) NOT NULL,
  `nombre_pedido` varchar(200) DEFAULT NULL,
  `id_crp_pedidos_ej_busqueda_proc` int(6) DEFAULT NULL,
  PRIMARY KEY (`id_crp_pedidos_ej_busqueda`)
) ENGINE=InnoDB DEFAULT CHARSET=utf8 AUTO_INCREMENT=1 ;

-- --------------------------------------------------------

--
-- Table structure for table `crp_pedidos_ej_busqueda_proc`
--

CREATE TABLE IF NOT EXISTS `crp_pedidos_ej_busqueda_proc` (
  `id_crp_pedidos_ej_busqueda_proc` int(6) NOT NULL AUTO_INCREMENT,
  `orden` int(6) NOT NULL,
  `id_crp_pedidos_ej_busqueda` int(6) DEFAULT NULL,
  `id_sis_procesos_flujos_dias` int(6) DEFAULT NULL,
  `id_cv_datos_personales` int(6) DEFAULT NULL,
  `id_relacionado` int(6) DEFAULT NULL,
  `fecha_alta` int(20) DEFAULT NULL,
  `comentario` longtext,
  PRIMARY KEY (`id_crp_pedidos_ej_busqueda_proc`)
) ENGINE=InnoDB DEFAULT CHARSET=utf8 AUTO_INCREMENT=1 ;

-- --------------------------------------------------------

--
-- Table structure for table `crp_pedidos_ej_busqueda_prod`
--

CREATE TABLE IF NOT EXISTS `crp_pedidos_ej_busqueda_prod` (
  `id_crp_pedidos_ej_busqueda_prod` int(6) NOT NULL AUTO_INCREMENT,
  `orden` int(6) NOT NULL,
  `id_crp_pedidos_ej_busqueda_proc` int(6) DEFAULT NULL,
  `activo` int(1) DEFAULT NULL,
  `nombre` varchar(200) DEFAULT NULL,
  `detalle` longtext,
  `cantidad` int(10) DEFAULT NULL,
  `precio_deseado` decimal(12,2) DEFAULT NULL,
  `observaciones` longtext,
  `foto_1` longtext,
  `foto_2` longtext,
  `foto_3` longtext,
  `foto_4` longtext,
  `foto_5` longtext,
  `archivo_1` longtext,
  `archivo_2` longtext,
  `archivo_3` longtext,
  `archivo_4` longtext,
  `archivo_5` longtext,
  PRIMARY KEY (`id_crp_pedidos_ej_busqueda_prod`)
) ENGINE=InnoDB DEFAULT CHARSET=utf8 AUTO_INCREMENT=1 ;

-- --------------------------------------------------------

--
-- Table structure for table `crp_pedidos_muestras`
--

CREATE TABLE IF NOT EXISTS `crp_pedidos_muestras` (
  `id_crp_pedidos_muestras` int(6) NOT NULL AUTO_INCREMENT,
  `orden` int(6) NOT NULL,
  `proveedor` varchar(200) DEFAULT NULL,
  `id_sis_pais` int(6) DEFAULT NULL,
  `ciudad` varchar(150) DEFAULT NULL,
  `direccion` longtext,
  `observaciones` longtext,
  `id_crp_pedidos_muestras_proc` int(6) DEFAULT NULL,
  PRIMARY KEY (`id_crp_pedidos_muestras`)
) ENGINE=InnoDB DEFAULT CHARSET=utf8 AUTO_INCREMENT=1 ;

-- --------------------------------------------------------

--
-- Table structure for table `crp_pedidos_muestras_proc`
--

CREATE TABLE IF NOT EXISTS `crp_pedidos_muestras_proc` (
  `id_crp_pedidos_muestras_proc` int(6) NOT NULL AUTO_INCREMENT,
  `orden` int(6) NOT NULL,
  `id_crp_pedidos_muestras` int(6) DEFAULT NULL,
  `id_sis_procesos_flujos_dias` int(6) DEFAULT NULL,
  `id_cv_datos_personales` int(6) DEFAULT NULL,
  `id_relacionado` int(6) DEFAULT NULL,
  `fecha_alta` int(20) DEFAULT NULL,
  `comentario` longtext,
  PRIMARY KEY (`id_crp_pedidos_muestras_proc`)
) ENGINE=InnoDB DEFAULT CHARSET=utf8 AUTO_INCREMENT=1 ;

-- --------------------------------------------------------

--
-- Table structure for table `crp_pedidos_muestras_prod`
--

CREATE TABLE IF NOT EXISTS `crp_pedidos_muestras_prod` (
  `id_crp_pedidos_muestras_prod` int(6) NOT NULL AUTO_INCREMENT,
  `orden` int(6) NOT NULL,
  `referencia_de_producto` longtext,
  `cantidad` int(6) DEFAULT NULL,
  `id_crp_pedidos_muestras_proc` int(6) DEFAULT NULL,
  PRIMARY KEY (`id_crp_pedidos_muestras_prod`)
) ENGINE=InnoDB DEFAULT CHARSET=utf8 AUTO_INCREMENT=1 ;

-- --------------------------------------------------------

--
-- Table structure for table `crp_proveedores`
--

CREATE TABLE IF NOT EXISTS `crp_proveedores` (
  `id_crp_proveedores` int(6) NOT NULL AUTO_INCREMENT,
  `orden` int(6) NOT NULL,
  `observaciones` longtext,
  `id_crp_proveedores_proc` decimal(10,0) DEFAULT NULL,
  `nombre` varchar(200) DEFAULT NULL,
  `direccion` longtext,
  `clave_identificacion_tributaria` varchar(40) DEFAULT NULL,
  `tipo` varchar(50) DEFAULT NULL,
  PRIMARY KEY (`id_crp_proveedores`)
) ENGINE=InnoDB  DEFAULT CHARSET=utf8 AUTO_INCREMENT=4 ;

--
-- Dumping data for table `crp_proveedores`
--

INSERT INTO `crp_proveedores` (`id_crp_proveedores`, `orden`, `observaciones`, `id_crp_proveedores_proc`, `nombre`, `direccion`, `clave_identificacion_tributaria`, `tipo`) VALUES
(1, 3, NULL, NULL, 'Libreria', NULL, NULL, NULL),
(2, 3, NULL, NULL, 'Papeleria', NULL, NULL, NULL),
(3, 3, NULL, NULL, 'Despensa', NULL, NULL, NULL);

-- --------------------------------------------------------

--
-- Table structure for table `crp_proveedores_arch`
--

CREATE TABLE IF NOT EXISTS `crp_proveedores_arch` (
  `id_crp_proveedores_arch` int(6) NOT NULL AUTO_INCREMENT,
  `orden` int(6) NOT NULL,
  `id_crp_proveedores_proc` int(6) DEFAULT NULL,
  `activo` int(1) DEFAULT NULL,
  `archivo` longtext,
  PRIMARY KEY (`id_crp_proveedores_arch`)
) ENGINE=InnoDB DEFAULT CHARSET=utf8 AUTO_INCREMENT=1 ;

-- --------------------------------------------------------

--
-- Table structure for table `crp_proveedores_proc`
--

CREATE TABLE IF NOT EXISTS `crp_proveedores_proc` (
  `id_crp_proveedores_proc` int(6) NOT NULL AUTO_INCREMENT,
  `orden` int(6) NOT NULL,
  `id_crp_proveedores` int(6) DEFAULT NULL,
  `id_sis_procesos_flujos_dias` int(6) DEFAULT NULL,
  `id_cv_datos_personales` int(6) DEFAULT NULL,
  `fecha_alta` int(20) DEFAULT NULL,
  `comentario` longtext,
  PRIMARY KEY (`id_crp_proveedores_proc`)
) ENGINE=InnoDB DEFAULT CHARSET=utf8 AUTO_INCREMENT=1 ;

-- --------------------------------------------------------

--
-- Table structure for table `crp_visitas_expo`
--

CREATE TABLE IF NOT EXISTS `crp_visitas_expo` (
  `id_crp_visitas_expo` int(6) NOT NULL AUTO_INCREMENT,
  `orden` int(6) NOT NULL,
  `exposicion` varchar(200) DEFAULT NULL,
  `id_sis_pais` int(6) DEFAULT NULL,
  `ciudad` varchar(150) DEFAULT NULL,
  `fecha_inicio` int(20) DEFAULT NULL,
  `fecha_fin` int(20) DEFAULT NULL,
  `costo` decimal(12,2) DEFAULT NULL,
  `observaciones` longtext,
  `id_crp_visitas_expo_proc` int(6) DEFAULT NULL,
  PRIMARY KEY (`id_crp_visitas_expo`)
) ENGINE=InnoDB DEFAULT CHARSET=utf8 AUTO_INCREMENT=1 ;

-- --------------------------------------------------------

--
-- Table structure for table `crp_visitas_expo_proc`
--

CREATE TABLE IF NOT EXISTS `crp_visitas_expo_proc` (
  `id_crp_visitas_expo_proc` int(6) NOT NULL AUTO_INCREMENT,
  `orden` int(6) NOT NULL,
  `id_crp_visitas_expo` int(6) DEFAULT NULL,
  `id_sis_procesos_flujos_dias` int(6) DEFAULT NULL,
  `id_cv_datos_personales` int(6) DEFAULT NULL,
  `id_relacionado` int(6) DEFAULT NULL,
  `fecha_alta` int(20) DEFAULT NULL,
  `comentario` longtext,
  PRIMARY KEY (`id_crp_visitas_expo_proc`)
) ENGINE=InnoDB DEFAULT CHARSET=utf8 AUTO_INCREMENT=1 ;

-- --------------------------------------------------------

--
-- Table structure for table `crp_visitas_fabricas`
--

CREATE TABLE IF NOT EXISTS `crp_visitas_fabricas` (
  `id_crp_visitas_fabricas` int(6) NOT NULL AUTO_INCREMENT,
  `orden` int(6) NOT NULL,
  `fabrica` varchar(200) DEFAULT NULL,
  `id_sis_pais` int(6) DEFAULT NULL,
  `ciudad` varchar(150) DEFAULT NULL,
  `fecha_inicio` int(20) DEFAULT NULL,
  `fecha_fin` int(20) DEFAULT NULL,
  `costo` decimal(12,2) DEFAULT NULL,
  `observaciones` longtext,
  `id_crp_visitas_fabricas_proc` int(6) DEFAULT NULL,
  PRIMARY KEY (`id_crp_visitas_fabricas`)
) ENGINE=InnoDB DEFAULT CHARSET=utf8 AUTO_INCREMENT=1 ;

-- --------------------------------------------------------

--
-- Table structure for table `crp_visitas_fabricas_proc`
--

CREATE TABLE IF NOT EXISTS `crp_visitas_fabricas_proc` (
  `id_crp_visitas_fabricas_proc` int(6) NOT NULL AUTO_INCREMENT,
  `orden` int(6) NOT NULL,
  `id_crp_visitas_fabricas` int(6) DEFAULT NULL,
  `id_sis_procesos_flujos_dias` int(6) DEFAULT NULL,
  `id_cv_datos_personales` int(6) DEFAULT NULL,
  `id_relacionado` int(6) DEFAULT NULL,
  `fecha_alta` int(20) DEFAULT NULL,
  `comentario` longtext,
  PRIMARY KEY (`id_crp_visitas_fabricas_proc`)
) ENGINE=InnoDB DEFAULT CHARSET=utf8 AUTO_INCREMENT=1 ;

-- --------------------------------------------------------

--
-- Table structure for table `cv_datos_educacion`
--

CREATE TABLE IF NOT EXISTS `cv_datos_educacion` (
  `id_cv_datos_educacion` int(6) NOT NULL AUTO_INCREMENT,
  `orden` int(6) NOT NULL,
  `id_cv_datos_personales` int(6) DEFAULT NULL,
  `nivel` varchar(50) DEFAULT NULL,
  `institucion` varchar(100) DEFAULT NULL,
  `estado` varchar(50) DEFAULT NULL,
  `titulo` varchar(200) DEFAULT NULL,
  `area` varchar(200) DEFAULT NULL,
  `comentarios` longtext,
  PRIMARY KEY (`id_cv_datos_educacion`)
) ENGINE=InnoDB DEFAULT CHARSET=utf8 AUTO_INCREMENT=1 ;

-- --------------------------------------------------------

--
-- Table structure for table `cv_datos_experiencia_laboral`
--

CREATE TABLE IF NOT EXISTS `cv_datos_experiencia_laboral` (
  `id_cv_datos_experiencia_laboral` int(6) NOT NULL AUTO_INCREMENT,
  `orden` int(6) NOT NULL,
  `empresa` varchar(200) DEFAULT NULL,
  `telefono` varchar(200) DEFAULT NULL,
  `direccion_laboral` longtext,
  `fecha_inicio` int(20) DEFAULT NULL,
  `fecha_fin` int(20) DEFAULT NULL,
  `puesto` varchar(200) DEFAULT NULL,
  `area` varchar(200) DEFAULT NULL,
  `industria` varchar(200) DEFAULT NULL,
  `tareas_realizadas` longtext,
  `motivo_egreso` varchar(200) DEFAULT NULL,
  `id_cv_datos_personales` int(6) DEFAULT NULL,
  PRIMARY KEY (`id_cv_datos_experiencia_laboral`)
) ENGINE=InnoDB DEFAULT CHARSET=utf8 AUTO_INCREMENT=1 ;

-- --------------------------------------------------------

--
-- Table structure for table `cv_datos_idiomas`
--

CREATE TABLE IF NOT EXISTS `cv_datos_idiomas` (
  `id_cv_datos_idiomas` int(6) NOT NULL AUTO_INCREMENT,
  `orden` int(6) NOT NULL,
  `idioma` varchar(50) DEFAULT NULL,
  `habla` varchar(50) DEFAULT NULL,
  `lee` varchar(50) DEFAULT NULL,
  `escribe` varchar(50) DEFAULT NULL,
  `id_cv_datos_personales` int(6) DEFAULT NULL,
  PRIMARY KEY (`id_cv_datos_idiomas`)
) ENGINE=InnoDB DEFAULT CHARSET=utf8 AUTO_INCREMENT=1 ;

-- --------------------------------------------------------

--
-- Table structure for table `cv_datos_personales`
--

CREATE TABLE IF NOT EXISTS `cv_datos_personales` (
  `id_cv_datos_personales` int(6) NOT NULL AUTO_INCREMENT,
  `orden` int(6) NOT NULL,
  `nombre` varchar(200) DEFAULT NULL,
  `apellido` varchar(200) DEFAULT NULL,
  `documento` decimal(12,0) DEFAULT NULL,
  `calle` varchar(200) DEFAULT NULL,
  `altura` varchar(50) DEFAULT NULL,
  `piso` varchar(50) DEFAULT NULL,
  `departamento` varchar(50) DEFAULT NULL,
  `codigo_postal` varchar(50) DEFAULT NULL,
  `id_cv_provincia` int(6) DEFAULT NULL,
  `partido` varchar(100) DEFAULT NULL,
  `ciudad` varchar(100) DEFAULT NULL,
  `telefono` varchar(100) DEFAULT NULL,
  `celular` varchar(100) DEFAULT NULL,
  `mail` varchar(100) DEFAULT NULL,
  `fecha_de_nacimiento` int(20) DEFAULT NULL,
  `recomendado_por` varchar(200) DEFAULT NULL,
  `familiares_en_la_empresa` int(1) DEFAULT NULL,
  `nombre_del_familiar` varchar(200) DEFAULT NULL,
  `apellido_del_familiar` varchar(200) DEFAULT NULL,
  `cargo_del_familiar` varchar(200) DEFAULT NULL,
  `padre_nombre` varchar(200) DEFAULT NULL,
  `padre_apellido` varchar(200) DEFAULT NULL,
  `padre_fecha_de_nacimiento` int(20) DEFAULT NULL,
  `padre_nacionalidad` varchar(50) DEFAULT NULL,
  `tipo_de_documento` varchar(50) DEFAULT NULL,
  `nacionalidad` varchar(100) DEFAULT NULL,
  `clave_identificacion` varchar(50) DEFAULT NULL,
  `estado_civil` varchar(50) DEFAULT NULL,
  `clave_identificacion_tipo` varchar(50) DEFAULT NULL,
  `sexo` varchar(50) DEFAULT NULL,
  `padre_clave_identificacion_t` varchar(50) DEFAULT NULL,
  `padre_clave_identificacion` varchar(50) DEFAULT NULL,
  `padre_tipo_de_documento` varchar(50) DEFAULT NULL,
  `padre_documento` varchar(50) DEFAULT NULL,
  `padre_ocupacion` varchar(200) DEFAULT NULL,
  `madre_nombre` varchar(200) DEFAULT NULL,
  `madre_apellido` varchar(200) DEFAULT NULL,
  `madre_fecha_de_nacimiento` int(20) DEFAULT NULL,
  `madre_nacionalidad` varchar(50) DEFAULT NULL,
  `madre_tipo_de_documento` varchar(50) DEFAULT NULL,
  `madre_documento` varchar(50) DEFAULT NULL,
  `madre_ocupacion` varchar(200) DEFAULT NULL,
  `madre_clave_identificacion_t` varchar(50) DEFAULT NULL,
  `madre_clave_identificacion` varchar(50) DEFAULT NULL,
  `conyuge_nombre` varchar(200) DEFAULT NULL,
  `conyuge_apellido` varchar(200) DEFAULT NULL,
  `conyuge_fecha_de_nacimiento` int(20) DEFAULT NULL,
  `conyuge_nacionalidad` varchar(50) DEFAULT NULL,
  `conyuge_tipo_de_documento` varchar(50) DEFAULT NULL,
  `conyuge_documento` varchar(50) DEFAULT NULL,
  `conyuge_ocupacion` varchar(200) DEFAULT NULL,
  `conyuge_clave_identificacion_t` varchar(50) DEFAULT NULL,
  `conyuge_clave_identificacion` varchar(50) DEFAULT NULL,
  `puesto_1` varchar(200) DEFAULT NULL,
  `puesto_2` varchar(200) DEFAULT NULL,
  `puesto_3` varchar(200) DEFAULT NULL,
  `sucursal_1` varchar(200) DEFAULT NULL,
  `sucursal_2` varchar(200) DEFAULT NULL,
  `sucursal_3` varchar(200) DEFAULT NULL,
  `casa_central` int(1) DEFAULT NULL,
  `disponibilidad_dia_desde` int(20) DEFAULT NULL,
  `disponibilidad_dia_hasta` int(20) DEFAULT NULL,
  `disponibilidad_hora_desde` int(2) DEFAULT NULL,
  `disponibilidad_hora_hasta` int(2) DEFAULT NULL,
  `comentarios` longtext,
  `habilitado` int(1) DEFAULT NULL,
  `usuario` varchar(50) DEFAULT NULL,
  `clave` varchar(40) DEFAULT NULL,
  `id_sis_areas` int(6) DEFAULT NULL,
  `recupero_clave_fecha` int(20) DEFAULT NULL,
  `recupero_clave_id` varchar(50) DEFAULT NULL,
  `recomendado_por_cargo` varchar(100) DEFAULT NULL,
  PRIMARY KEY (`id_cv_datos_personales`)
) ENGINE=InnoDB  DEFAULT CHARSET=utf8 AUTO_INCREMENT=100003 ;

--
-- Dumping data for table `cv_datos_personales`
--

INSERT INTO `cv_datos_personales` (`id_cv_datos_personales`, `orden`, `nombre`, `apellido`, `documento`, `calle`, `altura`, `piso`, `departamento`, `codigo_postal`, `id_cv_provincia`, `partido`, `ciudad`, `telefono`, `celular`, `mail`, `fecha_de_nacimiento`, `recomendado_por`, `familiares_en_la_empresa`, `nombre_del_familiar`, `apellido_del_familiar`, `cargo_del_familiar`, `padre_nombre`, `padre_apellido`, `padre_fecha_de_nacimiento`, `padre_nacionalidad`, `tipo_de_documento`, `nacionalidad`, `clave_identificacion`, `estado_civil`, `clave_identificacion_tipo`, `sexo`, `padre_clave_identificacion_t`, `padre_clave_identificacion`, `padre_tipo_de_documento`, `padre_documento`, `padre_ocupacion`, `madre_nombre`, `madre_apellido`, `madre_fecha_de_nacimiento`, `madre_nacionalidad`, `madre_tipo_de_documento`, `madre_documento`, `madre_ocupacion`, `madre_clave_identificacion_t`, `madre_clave_identificacion`, `conyuge_nombre`, `conyuge_apellido`, `conyuge_fecha_de_nacimiento`, `conyuge_nacionalidad`, `conyuge_tipo_de_documento`, `conyuge_documento`, `conyuge_ocupacion`, `conyuge_clave_identificacion_t`, `conyuge_clave_identificacion`, `puesto_1`, `puesto_2`, `puesto_3`, `sucursal_1`, `sucursal_2`, `sucursal_3`, `casa_central`, `disponibilidad_dia_desde`, `disponibilidad_dia_hasta`, `disponibilidad_hora_desde`, `disponibilidad_hora_hasta`, `comentarios`, `habilitado`, `usuario`, `clave`, `id_sis_areas`, `recupero_clave_fecha`, `recupero_clave_id`, `recomendado_por_cargo`) VALUES
(-100, 5, 'clien de id_ven_cliente_contacto', 'clientclientcl de afuera', NULL, NULL, NULL, NULL, NULL, NULL, NULL, NULL, NULL, NULL, NULL, NULL, NULL, NULL, NULL, NULL, NULL, NULL, NULL, NULL, NULL, NULL, NULL, NULL, NULL, NULL, NULL, NULL, NULL, NULL, NULL, NULL, NULL, NULL, NULL, NULL, NULL, NULL, NULL, NULL, NULL, NULL, NULL, NULL, NULL, NULL, NULL, NULL, NULL, NULL, NULL, NULL, NULL, NULL, NULL, NULL, NULL, NULL, NULL, NULL, NULL, NULL, NULL, NULL, NULL, NULL, 12, NULL, NULL, NULL),
(99901, 3, 'nom ventas', 'ape ventas', NULL, NULL, NULL, NULL, NULL, NULL, NULL, NULL, NULL, NULL, NULL, NULL, NULL, NULL, NULL, NULL, NULL, NULL, NULL, NULL, NULL, NULL, NULL, NULL, NULL, NULL, NULL, NULL, NULL, NULL, NULL, NULL, NULL, NULL, NULL, NULL, NULL, NULL, NULL, NULL, NULL, NULL, NULL, NULL, NULL, NULL, NULL, NULL, NULL, NULL, NULL, NULL, NULL, NULL, NULL, NULL, NULL, NULL, NULL, NULL, NULL, NULL, NULL, NULL, 'ventas', 'ventas', 1, NULL, NULL, NULL),
(99902, 3, 'nom asist ventas', 'apell asist ventas', NULL, NULL, NULL, NULL, NULL, NULL, NULL, NULL, NULL, NULL, NULL, NULL, NULL, NULL, NULL, NULL, NULL, NULL, NULL, NULL, NULL, NULL, NULL, NULL, NULL, NULL, NULL, NULL, NULL, NULL, NULL, NULL, NULL, NULL, NULL, NULL, NULL, NULL, NULL, NULL, NULL, NULL, NULL, NULL, NULL, NULL, NULL, NULL, NULL, NULL, NULL, NULL, NULL, NULL, NULL, NULL, NULL, NULL, NULL, NULL, NULL, NULL, NULL, NULL, 'asistentedeventas', 'asistentedeventas', 2, NULL, NULL, NULL),
(99903, 4, 'nom gerencia', 'apell gerencia', NULL, NULL, NULL, NULL, NULL, NULL, NULL, NULL, NULL, NULL, NULL, NULL, NULL, NULL, NULL, NULL, NULL, NULL, NULL, NULL, NULL, NULL, NULL, NULL, NULL, NULL, NULL, NULL, NULL, NULL, NULL, NULL, NULL, NULL, NULL, NULL, NULL, NULL, NULL, NULL, NULL, NULL, NULL, NULL, NULL, NULL, NULL, NULL, NULL, NULL, NULL, NULL, NULL, NULL, NULL, NULL, NULL, NULL, NULL, NULL, NULL, NULL, NULL, NULL, 'gerencia', 'gerencia', 3, NULL, NULL, NULL),
(99904, 5, 'nom administracion', 'apell administracion', NULL, NULL, NULL, NULL, NULL, NULL, NULL, NULL, NULL, NULL, NULL, NULL, NULL, NULL, NULL, NULL, NULL, NULL, NULL, NULL, NULL, NULL, NULL, NULL, NULL, NULL, NULL, NULL, NULL, NULL, NULL, NULL, NULL, NULL, NULL, NULL, NULL, NULL, NULL, NULL, NULL, NULL, NULL, NULL, NULL, NULL, NULL, NULL, NULL, NULL, NULL, NULL, NULL, NULL, NULL, NULL, NULL, NULL, NULL, NULL, NULL, NULL, NULL, NULL, 'administracion', 'administracion', 4, NULL, NULL, NULL),
(99905, 6, 'nom rrhh', 'rrhh', NULL, NULL, NULL, NULL, NULL, NULL, NULL, NULL, NULL, NULL, NULL, NULL, NULL, NULL, NULL, NULL, NULL, NULL, NULL, NULL, NULL, NULL, NULL, NULL, NULL, NULL, NULL, NULL, NULL, NULL, NULL, NULL, NULL, NULL, NULL, NULL, NULL, NULL, NULL, NULL, NULL, NULL, NULL, NULL, NULL, NULL, NULL, NULL, NULL, NULL, NULL, NULL, NULL, NULL, NULL, NULL, NULL, NULL, NULL, NULL, NULL, NULL, NULL, NULL, 'rrhh', 'rrhh', 5, NULL, NULL, NULL),
(99906, 7, 'nom trafico', 'apell trafico', NULL, NULL, NULL, NULL, NULL, NULL, NULL, NULL, NULL, NULL, NULL, NULL, NULL, NULL, NULL, NULL, NULL, NULL, NULL, NULL, NULL, NULL, NULL, NULL, NULL, NULL, NULL, NULL, NULL, NULL, NULL, NULL, NULL, NULL, NULL, NULL, NULL, NULL, NULL, NULL, NULL, NULL, NULL, NULL, NULL, NULL, NULL, NULL, NULL, NULL, NULL, NULL, NULL, NULL, NULL, NULL, NULL, NULL, NULL, NULL, NULL, NULL, NULL, NULL, 'trafico', 'trafico', 6, NULL, NULL, NULL),
(99907, 8, 'nom bodega', 'apell bodega', NULL, NULL, NULL, NULL, NULL, NULL, NULL, NULL, NULL, NULL, NULL, NULL, NULL, NULL, NULL, NULL, NULL, NULL, NULL, NULL, NULL, NULL, NULL, NULL, NULL, NULL, NULL, NULL, NULL, NULL, NULL, NULL, NULL, NULL, NULL, NULL, NULL, NULL, NULL, NULL, NULL, NULL, NULL, NULL, NULL, NULL, NULL, NULL, NULL, NULL, NULL, NULL, NULL, NULL, NULL, NULL, NULL, NULL, NULL, NULL, NULL, NULL, NULL, NULL, 'bodega', 'bodega', 7, NULL, NULL, NULL),
(99908, 8, 'nom sistemas', 'apell sistemas', NULL, NULL, NULL, NULL, NULL, NULL, NULL, NULL, NULL, NULL, NULL, NULL, NULL, NULL, NULL, NULL, NULL, NULL, NULL, NULL, NULL, NULL, NULL, NULL, NULL, NULL, NULL, NULL, NULL, NULL, NULL, NULL, NULL, NULL, NULL, NULL, NULL, NULL, NULL, NULL, NULL, NULL, NULL, NULL, NULL, NULL, NULL, NULL, NULL, NULL, NULL, NULL, NULL, NULL, NULL, NULL, NULL, NULL, NULL, NULL, NULL, NULL, NULL, NULL, 'sistemas', 'sistemas', 8, NULL, NULL, NULL),
(99909, 10, 'compradores nom ', 'apell compradores', NULL, NULL, NULL, NULL, NULL, NULL, NULL, NULL, NULL, NULL, NULL, NULL, NULL, NULL, NULL, NULL, NULL, NULL, NULL, NULL, NULL, NULL, NULL, NULL, NULL, NULL, NULL, NULL, NULL, NULL, NULL, NULL, NULL, NULL, NULL, NULL, NULL, NULL, NULL, NULL, NULL, NULL, NULL, NULL, NULL, NULL, NULL, NULL, NULL, NULL, NULL, NULL, NULL, NULL, NULL, NULL, NULL, NULL, NULL, NULL, NULL, NULL, NULL, NULL, 'compradores', 'compradores', 9, NULL, NULL, NULL),
(99910, 11, 'diseño nom', 'apell diseño', NULL, NULL, NULL, NULL, NULL, NULL, NULL, NULL, NULL, NULL, NULL, NULL, NULL, NULL, NULL, NULL, NULL, NULL, NULL, NULL, NULL, NULL, NULL, NULL, NULL, NULL, NULL, NULL, NULL, NULL, NULL, NULL, NULL, NULL, NULL, NULL, NULL, NULL, NULL, NULL, NULL, NULL, NULL, NULL, NULL, NULL, NULL, NULL, NULL, NULL, NULL, NULL, NULL, NULL, NULL, NULL, NULL, NULL, NULL, NULL, NULL, NULL, NULL, NULL, 'disenio', 'disenio', 10, NULL, NULL, NULL),
(99911, 12, 'laboratorio nom', 'laboratorio diseño', NULL, NULL, NULL, NULL, NULL, NULL, NULL, NULL, NULL, NULL, NULL, NULL, NULL, NULL, NULL, NULL, NULL, NULL, NULL, NULL, NULL, NULL, NULL, NULL, NULL, NULL, NULL, NULL, NULL, NULL, NULL, NULL, NULL, NULL, NULL, NULL, NULL, NULL, NULL, NULL, NULL, NULL, NULL, NULL, NULL, NULL, NULL, NULL, NULL, NULL, NULL, NULL, NULL, NULL, NULL, NULL, NULL, NULL, NULL, NULL, NULL, NULL, NULL, NULL, 'laboratorio', 'laboratorio', 11, NULL, NULL, NULL),
(99912, 13, 'clientes nom', 'clientes diseño', NULL, NULL, NULL, NULL, NULL, NULL, NULL, NULL, NULL, NULL, NULL, NULL, NULL, NULL, NULL, NULL, NULL, NULL, NULL, NULL, NULL, NULL, NULL, NULL, NULL, NULL, NULL, NULL, NULL, NULL, NULL, NULL, NULL, NULL, NULL, NULL, NULL, NULL, NULL, NULL, NULL, NULL, NULL, NULL, NULL, NULL, NULL, NULL, NULL, NULL, NULL, NULL, NULL, NULL, NULL, NULL, NULL, NULL, NULL, NULL, NULL, NULL, NULL, NULL, 'clientes', 'clientes', 12, NULL, NULL, NULL),
(99921, 0, 'nomb ventas DOS', 'ape ventas DOS', NULL, NULL, NULL, NULL, NULL, NULL, 5, NULL, NULL, NULL, NULL, NULL, NULL, NULL, NULL, NULL, NULL, NULL, NULL, NULL, NULL, NULL, NULL, NULL, NULL, NULL, NULL, NULL, NULL, NULL, NULL, NULL, NULL, NULL, NULL, NULL, NULL, NULL, NULL, NULL, NULL, NULL, NULL, NULL, NULL, NULL, NULL, NULL, NULL, NULL, NULL, NULL, NULL, NULL, NULL, NULL, NULL, NULL, NULL, NULL, NULL, NULL, NULL, 1, 'ventasdos', 'ventasdos', 1, NULL, NULL, NULL),
(100002, 2, 'juampatres', 'Sosa', 27861007, NULL, NULL, NULL, NULL, NULL, 1, NULL, NULL, NULL, NULL, NULL, 2147483647, NULL, 3, NULL, NULL, NULL, NULL, NULL, 34343434, NULL, NULL, NULL, NULL, NULL, NULL, NULL, NULL, NULL, NULL, NULL, NULL, NULL, NULL, 34343434, NULL, NULL, NULL, NULL, NULL, NULL, NULL, NULL, 343434, NULL, NULL, NULL, NULL, NULL, NULL, NULL, NULL, NULL, NULL, NULL, NULL, 2, 23232323, 23232323, 2, 2, NULL, 1, 'juampa', 'juampapass', 8, 23232323, NULL, NULL);

-- --------------------------------------------------------

--
-- Table structure for table `cv_dato_hijos`
--

CREATE TABLE IF NOT EXISTS `cv_dato_hijos` (
  `id_cv_dato_hijos` int(6) NOT NULL AUTO_INCREMENT,
  `orden` int(6) NOT NULL,
  `id_cv_datos_personales` int(6) DEFAULT NULL,
  `nombre` varchar(100) DEFAULT NULL,
  `apellido` varchar(100) DEFAULT NULL,
  `fecha_de_nacimiento` int(20) DEFAULT NULL,
  `nacionalidad` varchar(100) DEFAULT NULL,
  `tipo_de_documento` varchar(50) DEFAULT NULL,
  `documento` varchar(50) DEFAULT NULL,
  `ocupacion` varchar(100) DEFAULT NULL,
  `clave_identificacion_tipo` varchar(30) DEFAULT NULL,
  `clave_identificacion_tribut` varchar(50) DEFAULT NULL,
  PRIMARY KEY (`id_cv_dato_hijos`)
) ENGINE=InnoDB DEFAULT CHARSET=utf8 AUTO_INCREMENT=1 ;

-- --------------------------------------------------------

--
-- Table structure for table `dis_aprobacion_licencias`
--

CREATE TABLE IF NOT EXISTS `dis_aprobacion_licencias` (
  `id_dis_aprobacion_licencias` int(6) NOT NULL AUTO_INCREMENT,
  `orden` int(6) NOT NULL,
  `asunto` varchar(200) DEFAULT NULL,
  `observaciones` longtext,
  `id_dis_aprobacion_licencias_proc` int(6) DEFAULT NULL,
  PRIMARY KEY (`id_dis_aprobacion_licencias`)
) ENGINE=InnoDB  DEFAULT CHARSET=utf8 AUTO_INCREMENT=5 ;

--
-- Dumping data for table `dis_aprobacion_licencias`
--

INSERT INTO `dis_aprobacion_licencias` (`id_dis_aprobacion_licencias`, `orden`, `asunto`, `observaciones`, `id_dis_aprobacion_licencias_proc`) VALUES
(3, 0, 'asunteli aprobar dicha licencia', 'hay que mandarla a aprobar', 0),
(4, 0, 'pepe', 'pepe', 0);

-- --------------------------------------------------------

--
-- Table structure for table `dis_aprobacion_licencias_arch`
--

CREATE TABLE IF NOT EXISTS `dis_aprobacion_licencias_arch` (
  `id_dis_aprobacion_licencias_arch` int(6) NOT NULL AUTO_INCREMENT,
  `orden` int(6) NOT NULL,
  `id_dis_aprobacion_licencias_proc` int(6) DEFAULT NULL,
  `activo` int(1) DEFAULT NULL,
  `archivo` longtext,
  PRIMARY KEY (`id_dis_aprobacion_licencias_arch`)
) ENGINE=InnoDB  DEFAULT CHARSET=utf8 AUTO_INCREMENT=5 ;

--
-- Dumping data for table `dis_aprobacion_licencias_arch`
--

INSERT INTO `dis_aprobacion_licencias_arch` (`id_dis_aprobacion_licencias_arch`, `orden`, `id_dis_aprobacion_licencias_proc`, `activo`, `archivo`) VALUES
(3, 0, 5, 1, '_3_CPP_CLI_tutorial.pdf'),
(4, 0, 8, 1, '_4_Traducciones.odt');

-- --------------------------------------------------------

--
-- Table structure for table `dis_aprobacion_licencias_proc`
--

CREATE TABLE IF NOT EXISTS `dis_aprobacion_licencias_proc` (
  `id_dis_aprobacion_licencias_proc` int(6) NOT NULL AUTO_INCREMENT,
  `orden` int(6) NOT NULL,
  `id_dis_aprobacion_licencias` int(6) DEFAULT NULL,
  `id_sis_procesos_flujos_dias` int(6) DEFAULT NULL,
  `id_cv_datos_personales` int(6) DEFAULT NULL,
  `id_relacionado` int(6) DEFAULT NULL,
  `fecha_alta` int(20) DEFAULT NULL,
  `comentario` longtext,
  PRIMARY KEY (`id_dis_aprobacion_licencias_proc`)
) ENGINE=InnoDB  DEFAULT CHARSET=utf8 AUTO_INCREMENT=11 ;

--
-- Dumping data for table `dis_aprobacion_licencias_proc`
--

INSERT INTO `dis_aprobacion_licencias_proc` (`id_dis_aprobacion_licencias_proc`, `orden`, `id_dis_aprobacion_licencias`, `id_sis_procesos_flujos_dias`, `id_cv_datos_personales`, `id_relacionado`, `fecha_alta`, `comentario`) VALUES
(5, 0, 3, 254, 99903, NULL, 1369623600, NULL),
(6, 0, 3, 255, 99910, NULL, 1369623600, 'oka'),
(7, 0, 3, 256, 99903, NULL, 1369623600, 'okey'),
(8, 0, 4, 254, 99903, NULL, 1369623600, NULL),
(9, 0, 4, 255, 99910, NULL, 1369623600, 'pepepepe'),
(10, 0, 4, 256, 99903, NULL, 1369623600, 'perfecto');

-- --------------------------------------------------------

--
-- Table structure for table `dis_armado_arte_fabrica`
--

CREATE TABLE IF NOT EXISTS `dis_armado_arte_fabrica` (
  `id_dis_armado_arte_fabrica` int(6) NOT NULL AUTO_INCREMENT,
  `orden` int(6) NOT NULL,
  `asunto` varchar(200) DEFAULT NULL,
  `observaciones` longtext,
  `id_dis_armado_arte_fabrica_proc` int(6) DEFAULT NULL,
  PRIMARY KEY (`id_dis_armado_arte_fabrica`)
) ENGINE=InnoDB  DEFAULT CHARSET=utf8 AUTO_INCREMENT=3 ;

--
-- Dumping data for table `dis_armado_arte_fabrica`
--

INSERT INTO `dis_armado_arte_fabrica` (`id_dis_armado_arte_fabrica`, `orden`, `asunto`, `observaciones`, `id_dis_armado_arte_fabrica_proc`) VALUES
(1, 0, 'asunteli', 'obserrbb', 0),
(2, 0, 'asunto', 'observacioness', 5);

-- --------------------------------------------------------

--
-- Table structure for table `dis_armado_arte_fabrica_arch`
--

CREATE TABLE IF NOT EXISTS `dis_armado_arte_fabrica_arch` (
  `id_dis_armado_arte_fabrica_arch` int(6) NOT NULL AUTO_INCREMENT,
  `orden` int(6) NOT NULL,
  `id_dis_armado_arte_fabrica_proc` int(6) DEFAULT NULL,
  `activo` int(1) DEFAULT NULL,
  `archivo` longtext,
  PRIMARY KEY (`id_dis_armado_arte_fabrica_arch`)
) ENGINE=InnoDB  DEFAULT CHARSET=utf8 AUTO_INCREMENT=4 ;

--
-- Dumping data for table `dis_armado_arte_fabrica_arch`
--

INSERT INTO `dis_armado_arte_fabrica_arch` (`id_dis_armado_arte_fabrica_arch`, `orden`, `id_dis_armado_arte_fabrica_proc`, `activo`, `archivo`) VALUES
(1, 0, 1, 1, '_1_Traducciones.odt'),
(2, 0, 5, 1, '_2_Traducciones.odt'),
(3, 0, 5, 0, '_3_F1404.png');

-- --------------------------------------------------------

--
-- Table structure for table `dis_armado_arte_fabrica_proc`
--

CREATE TABLE IF NOT EXISTS `dis_armado_arte_fabrica_proc` (
  `id_dis_armado_arte_fabrica_proc` int(6) NOT NULL AUTO_INCREMENT,
  `orden` int(6) NOT NULL,
  `id_dis_armado_arte_fabrica` int(6) DEFAULT NULL,
  `id_sis_procesos_flujos_dias` int(6) DEFAULT NULL,
  `id_cv_datos_personales` int(6) DEFAULT NULL,
  `id_relacionado` int(6) DEFAULT NULL,
  `fecha_alta` int(20) DEFAULT NULL,
  `comentario` longtext,
  PRIMARY KEY (`id_dis_armado_arte_fabrica_proc`)
) ENGINE=InnoDB  DEFAULT CHARSET=utf8 AUTO_INCREMENT=7 ;

--
-- Dumping data for table `dis_armado_arte_fabrica_proc`
--

INSERT INTO `dis_armado_arte_fabrica_proc` (`id_dis_armado_arte_fabrica_proc`, `orden`, `id_dis_armado_arte_fabrica`, `id_sis_procesos_flujos_dias`, `id_cv_datos_personales`, `id_relacionado`, `fecha_alta`, `comentario`) VALUES
(1, 0, 1, 257, 99903, NULL, 1369623600, NULL),
(2, 0, 1, 258, 99910, NULL, 1369623600, 'oka'),
(3, 0, 1, 259, 99909, NULL, 1369623600, 'okaokaoka'),
(4, 0, 1, 260, 99903, NULL, 1369623600, 'perfecto. cierro'),
(5, 0, 2, 257, 99903, NULL, 1369623600, NULL),
(6, 0, 2, 258, NULL, NULL, NULL, NULL);

-- --------------------------------------------------------

--
-- Table structure for table `dis_imp_arte_fabrica`
--

CREATE TABLE IF NOT EXISTS `dis_imp_arte_fabrica` (
  `id_dis_imp_arte_fabrica` int(6) NOT NULL AUTO_INCREMENT,
  `orden` int(6) NOT NULL,
  `asunto` varchar(200) DEFAULT NULL,
  `observaciones` longtext,
  `id_dis_imp_arte_fabrica_proc` int(6) DEFAULT NULL,
  PRIMARY KEY (`id_dis_imp_arte_fabrica`)
) ENGINE=InnoDB  DEFAULT CHARSET=utf8 AUTO_INCREMENT=2 ;

--
-- Dumping data for table `dis_imp_arte_fabrica`
--

INSERT INTO `dis_imp_arte_fabrica` (`id_dis_imp_arte_fabrica`, `orden`, `asunto`, `observaciones`, `id_dis_imp_arte_fabrica_proc`) VALUES
(1, 0, 'asdasd', 'sadasd', 0);

-- --------------------------------------------------------

--
-- Table structure for table `dis_imp_arte_fabrica_arch`
--

CREATE TABLE IF NOT EXISTS `dis_imp_arte_fabrica_arch` (
  `id_dis_imp_arte_fabrica_arch` int(6) NOT NULL AUTO_INCREMENT,
  `orden` int(6) NOT NULL,
  `id_dis_imp_arte_fabrica_proc` int(6) DEFAULT NULL,
  `activo` int(1) DEFAULT NULL,
  `archivo` longtext,
  PRIMARY KEY (`id_dis_imp_arte_fabrica_arch`)
) ENGINE=InnoDB  DEFAULT CHARSET=utf8 AUTO_INCREMENT=3 ;

--
-- Dumping data for table `dis_imp_arte_fabrica_arch`
--

INSERT INTO `dis_imp_arte_fabrica_arch` (`id_dis_imp_arte_fabrica_arch`, `orden`, `id_dis_imp_arte_fabrica_proc`, `activo`, `archivo`) VALUES
(1, 0, 1, 0, '_1_Traducciones.odt'),
(2, 0, 1, 1, '_2_F1404.png');

-- --------------------------------------------------------

--
-- Table structure for table `dis_imp_arte_fabrica_proc`
--

CREATE TABLE IF NOT EXISTS `dis_imp_arte_fabrica_proc` (
  `id_dis_imp_arte_fabrica_proc` int(12) NOT NULL AUTO_INCREMENT,
  `orden` int(6) NOT NULL,
  `id_dis_imp_arte_fabrica` int(6) DEFAULT NULL,
  `id_sis_procesos_flujos_dias` int(6) DEFAULT NULL,
  `id_cv_datos_personales` int(6) DEFAULT NULL,
  `id_relacionado` int(6) DEFAULT NULL,
  `fecha_alta` int(20) DEFAULT NULL,
  `comentario` longtext,
  PRIMARY KEY (`id_dis_imp_arte_fabrica_proc`)
) ENGINE=InnoDB  DEFAULT CHARSET=utf8 AUTO_INCREMENT=2 ;

--
-- Dumping data for table `dis_imp_arte_fabrica_proc`
--

INSERT INTO `dis_imp_arte_fabrica_proc` (`id_dis_imp_arte_fabrica_proc`, `orden`, `id_dis_imp_arte_fabrica`, `id_sis_procesos_flujos_dias`, `id_cv_datos_personales`, `id_relacionado`, `fecha_alta`, `comentario`) VALUES
(1, 0, 1, 261, 99903, NULL, 1369623600, NULL);

-- --------------------------------------------------------

--
-- Table structure for table `dis_proponer_ideas`
--

CREATE TABLE IF NOT EXISTS `dis_proponer_ideas` (
  `id_dis_proponer_ideas` int(6) NOT NULL AUTO_INCREMENT,
  `orden` int(6) NOT NULL,
  `asunto` varchar(200) DEFAULT NULL,
  `observaciones` longtext,
  `id_dis_proponer_ideas_proc` int(6) DEFAULT NULL,
  PRIMARY KEY (`id_dis_proponer_ideas`)
) ENGINE=InnoDB  DEFAULT CHARSET=utf8 AUTO_INCREMENT=2 ;

--
-- Dumping data for table `dis_proponer_ideas`
--

INSERT INTO `dis_proponer_ideas` (`id_dis_proponer_ideas`, `orden`, `asunto`, `observaciones`, `id_dis_proponer_ideas_proc`) VALUES
(1, 0, 'chauuuu', 'eprer', 0);

-- --------------------------------------------------------

--
-- Table structure for table `dis_proponer_ideas_arch`
--

CREATE TABLE IF NOT EXISTS `dis_proponer_ideas_arch` (
  `id_dis_proponer_ideas_arch` int(6) NOT NULL AUTO_INCREMENT,
  `orden` int(6) NOT NULL,
  `id_dis_proponer_ideas_proc` int(6) DEFAULT NULL,
  `activo` int(1) DEFAULT NULL,
  `archivo` longtext,
  PRIMARY KEY (`id_dis_proponer_ideas_arch`)
) ENGINE=InnoDB  DEFAULT CHARSET=utf8 AUTO_INCREMENT=4 ;

--
-- Dumping data for table `dis_proponer_ideas_arch`
--

INSERT INTO `dis_proponer_ideas_arch` (`id_dis_proponer_ideas_arch`, `orden`, `id_dis_proponer_ideas_proc`, `activo`, `archivo`) VALUES
(1, 0, 1, NULL, NULL),
(2, 0, 1, 0, '_2_Traducciones.odt'),
(3, 0, 1, 1, '_3_F1404.png');

-- --------------------------------------------------------

--
-- Table structure for table `dis_proponer_ideas_proc`
--

CREATE TABLE IF NOT EXISTS `dis_proponer_ideas_proc` (
  `id_dis_proponer_ideas_proc` int(6) NOT NULL AUTO_INCREMENT,
  `orden` int(6) NOT NULL,
  `id_dis_proponer_ideas` int(6) DEFAULT NULL,
  `id_sis_procesos_flujos_dias` int(6) DEFAULT NULL,
  `id_cv_datos_personales` int(6) DEFAULT NULL,
  `id_relacionado` int(6) DEFAULT NULL,
  `fecha_alta` int(20) DEFAULT NULL,
  `comentario` longtext,
  PRIMARY KEY (`id_dis_proponer_ideas_proc`)
) ENGINE=InnoDB  DEFAULT CHARSET=utf8 AUTO_INCREMENT=3 ;

--
-- Dumping data for table `dis_proponer_ideas_proc`
--

INSERT INTO `dis_proponer_ideas_proc` (`id_dis_proponer_ideas_proc`, `orden`, `id_dis_proponer_ideas`, `id_sis_procesos_flujos_dias`, `id_cv_datos_personales`, `id_relacionado`, `fecha_alta`, `comentario`) VALUES
(1, 0, 1, 252, 99910, NULL, 1369623600, NULL),
(2, 0, 1, 253, 99903, NULL, 1369623600, 'okay');

-- --------------------------------------------------------

--
-- Table structure for table `dis_recibir_trabajar_artes`
--

CREATE TABLE IF NOT EXISTS `dis_recibir_trabajar_artes` (
  `id_dis_recibir_trabajar_artes` int(6) NOT NULL AUTO_INCREMENT,
  `orden` int(6) NOT NULL,
  `asunto` varchar(200) DEFAULT NULL,
  `observaciones` longtext,
  `id_dis_recibir_trabajar_artes_proc` int(6) DEFAULT NULL,
  PRIMARY KEY (`id_dis_recibir_trabajar_artes`)
) ENGINE=InnoDB  DEFAULT CHARSET=utf8 AUTO_INCREMENT=14 ;

--
-- Dumping data for table `dis_recibir_trabajar_artes`
--

INSERT INTO `dis_recibir_trabajar_artes` (`id_dis_recibir_trabajar_artes`, `orden`, `asunto`, `observaciones`, `id_dis_recibir_trabajar_artes_proc`) VALUES
(1, 0, 'asad', 'asdasd', 0),
(2, 0, 'dsa', 'sadf', 4),
(3, 0, 'asdsd', 'afd', 5),
(4, 0, 'wd', 'ewfd', 6),
(5, 0, 'sdf', 'sdf', 7),
(6, 0, 'dfdf', 'dsafdsf', 8),
(7, 0, 'sad', 'adsa', 9),
(8, 0, 'sdf', 'sdf', 10),
(9, 0, 'sdsdf', 'sadfsdfsd', 11),
(10, 0, 'sdfsf', 'dsff', 12),
(11, 0, 'fdf', 'fdfdfdfv', 13),
(12, 0, 'asunto', 'observavavav', 15),
(13, 0, 'fdf', 'sdfsdfsdf', 17);

-- --------------------------------------------------------

--
-- Table structure for table `dis_recibir_trabajar_artes_arch`
--

CREATE TABLE IF NOT EXISTS `dis_recibir_trabajar_artes_arch` (
  `id_dis_recibir_trabajar_artes_arch` int(6) NOT NULL AUTO_INCREMENT,
  `orden` int(6) NOT NULL,
  `id_dis_recibir_trabajar_artes_proc` int(6) DEFAULT NULL,
  `activo` int(1) DEFAULT NULL,
  `archivo` longtext,
  PRIMARY KEY (`id_dis_recibir_trabajar_artes_arch`)
) ENGINE=InnoDB  DEFAULT CHARSET=utf8 AUTO_INCREMENT=18 ;

--
-- Dumping data for table `dis_recibir_trabajar_artes_arch`
--

INSERT INTO `dis_recibir_trabajar_artes_arch` (`id_dis_recibir_trabajar_artes_arch`, `orden`, `id_dis_recibir_trabajar_artes_proc`, `activo`, `archivo`) VALUES
(1, 0, 1, 1, '_1_Traducciones.odt'),
(2, 0, 1, 0, '_2_Sql(1).pdf'),
(3, 0, 4, 1, '_3_Traducciones.odt'),
(4, 0, 5, 1, '_4_Traducciones.odt'),
(5, 0, 6, 1, '_5_Traducciones.odt'),
(6, 0, 6, 1, '_6_F1404.png'),
(7, 0, 7, 1, '_7_Traducciones.odt'),
(8, 0, 8, 1, '_8_Traducciones.odt'),
(9, 0, 9, 1, '_9_F1404.png'),
(10, 0, 10, 1, '_10_Sql(1).pdf'),
(11, 0, 11, 1, '_11_Traducciones.odt'),
(12, 0, 12, 0, '_12_Traducciones.odt'),
(13, 0, 13, 0, '_13_Traducciones.odt'),
(14, 0, 15, 0, '_14_F1404.png'),
(15, 0, 15, 0, '_15_Sql(1).pdf'),
(16, 0, 17, NULL, NULL),
(17, 0, 17, 1, '_17_F1404.png');

-- --------------------------------------------------------

--
-- Table structure for table `dis_recibir_trabajar_artes_proc`
--

CREATE TABLE IF NOT EXISTS `dis_recibir_trabajar_artes_proc` (
  `id_dis_recibir_trabajar_artes_proc` int(6) NOT NULL AUTO_INCREMENT,
  `orden` int(6) NOT NULL,
  `id_dis_recibir_trabajar_artes` int(6) DEFAULT NULL,
  `id_sis_procesos_flujos_dias` int(6) DEFAULT NULL,
  `id_cv_datos_personales` int(6) DEFAULT NULL,
  `id_relacionado` int(6) DEFAULT NULL,
  `fecha_alta` int(20) DEFAULT NULL,
  `comentario` longtext,
  PRIMARY KEY (`id_dis_recibir_trabajar_artes_proc`)
) ENGINE=InnoDB  DEFAULT CHARSET=utf8 AUTO_INCREMENT=18 ;

--
-- Dumping data for table `dis_recibir_trabajar_artes_proc`
--

INSERT INTO `dis_recibir_trabajar_artes_proc` (`id_dis_recibir_trabajar_artes_proc`, `orden`, `id_dis_recibir_trabajar_artes`, `id_sis_procesos_flujos_dias`, `id_cv_datos_personales`, `id_relacionado`, `fecha_alta`, `comentario`) VALUES
(1, 0, 1, 380, 99903, NULL, 1369623600, NULL),
(2, 0, 1, 381, 99910, NULL, 1369623600, 'perfecto'),
(3, 0, 1, 382, 99903, NULL, 1369623600, 'oka'),
(4, 0, 2, 380, 99903, NULL, 1369710000, NULL),
(5, 0, 3, 380, 99903, NULL, 1369710000, NULL),
(6, 0, 4, 380, 99903, NULL, 1369710000, NULL),
(7, 0, 5, 380, 99903, NULL, 1369710000, NULL),
(8, 0, 6, 380, 99903, NULL, 1369710000, NULL),
(9, 0, 7, 380, 99903, NULL, 1369710000, NULL),
(10, 0, 8, 380, 99903, NULL, 1369710000, NULL),
(11, 0, 9, 380, 99903, NULL, 1369710000, NULL),
(12, 0, 10, 380, 99903, NULL, 1369710000, NULL),
(13, 0, 11, 380, 99903, NULL, 1369710000, NULL),
(14, 0, 11, 381, NULL, NULL, NULL, NULL),
(15, 0, 12, 380, 99903, NULL, 1369710000, NULL),
(16, 0, 12, 381, NULL, NULL, NULL, NULL),
(17, 0, 13, 380, 99903, NULL, 1369710000, NULL);

-- --------------------------------------------------------

--
-- Table structure for table `ger_contacto`
--

CREATE TABLE IF NOT EXISTS `ger_contacto` (
  `id_ger_contacto` int(6) NOT NULL AUTO_INCREMENT,
  `orden` int(6) NOT NULL,
  `nombre` varchar(200) DEFAULT NULL,
  `apellido` varchar(200) DEFAULT NULL,
  `mail` varchar(200) DEFAULT NULL,
  `telefono` varchar(200) DEFAULT NULL,
  `empresa` varchar(200) DEFAULT NULL,
  `ciudad_provincia` varchar(100) DEFAULT NULL,
  `pais` varchar(100) DEFAULT NULL,
  `motivo` varchar(200) DEFAULT NULL,
  `comentario` longtext,
  PRIMARY KEY (`id_ger_contacto`)
) ENGINE=InnoDB  DEFAULT CHARSET=utf8 AUTO_INCREMENT=2 ;

--
-- Dumping data for table `ger_contacto`
--

INSERT INTO `ger_contacto` (`id_ger_contacto`, `orden`, `nombre`, `apellido`, `mail`, `telefono`, `empresa`, `ciudad_provincia`, `pais`, `motivo`, `comentario`) VALUES
(1, 1, 'asdf', 'asdf', 'asdf@asdf.asf', 'asdf', 'asdf', 'asdf', 'asdf', '0', 'asdf');

-- --------------------------------------------------------

--
-- Table structure for table `ger_mantenimiento`
--

CREATE TABLE IF NOT EXISTS `ger_mantenimiento` (
  `id_ger_mantenimiento` int(6) NOT NULL AUTO_INCREMENT,
  `orden` int(6) NOT NULL,
  `id_sis_mantenimiento_opciones` int(6) DEFAULT NULL,
  `detalle` longtext,
  `fecha_inicio` int(20) DEFAULT NULL,
  `id_sis_periodicidad` int(6) DEFAULT NULL,
  `cada_x_tiempo` int(4) DEFAULT NULL,
  `id_ger_mantenimiento_proc` int(6) DEFAULT NULL,
  PRIMARY KEY (`id_ger_mantenimiento`)
) ENGINE=InnoDB DEFAULT CHARSET=utf8 AUTO_INCREMENT=1 ;

-- --------------------------------------------------------

--
-- Table structure for table `ger_mantenimiento_arch`
--

CREATE TABLE IF NOT EXISTS `ger_mantenimiento_arch` (
  `id_ger_mantenimiento_arch` int(6) NOT NULL AUTO_INCREMENT,
  `orden` int(6) NOT NULL,
  `id_ger_mantenimiento_proc` int(6) DEFAULT NULL,
  `activo` int(1) DEFAULT NULL,
  `archivo` longtext,
  PRIMARY KEY (`id_ger_mantenimiento_arch`)
) ENGINE=InnoDB DEFAULT CHARSET=utf8 AUTO_INCREMENT=1 ;

-- --------------------------------------------------------

--
-- Table structure for table `ger_mantenimiento_mails`
--

CREATE TABLE IF NOT EXISTS `ger_mantenimiento_mails` (
  `id_ger_mantenimiento_mails` int(6) NOT NULL AUTO_INCREMENT,
  `orden` int(6) NOT NULL,
  `id_ger_mantenimiento_proc` int(6) DEFAULT NULL,
  `activo` int(1) DEFAULT NULL,
  `mail` varchar(150) DEFAULT NULL,
  PRIMARY KEY (`id_ger_mantenimiento_mails`)
) ENGINE=InnoDB DEFAULT CHARSET=utf8 AUTO_INCREMENT=1 ;

-- --------------------------------------------------------

--
-- Table structure for table `ger_mantenimiento_proc`
--

CREATE TABLE IF NOT EXISTS `ger_mantenimiento_proc` (
  `id_ger_mantenimiento_proc` int(6) NOT NULL AUTO_INCREMENT,
  `orden` int(6) NOT NULL,
  `id_sis_procesos_flujos_dias` int(6) DEFAULT NULL,
  `id_cv_datos_personales` int(6) DEFAULT NULL,
  `id_relacionado` int(6) DEFAULT NULL,
  `fecha_alta` int(20) DEFAULT NULL,
  `comentario` longtext,
  `id_ger_mantenimiento` int(6) DEFAULT NULL,
  PRIMARY KEY (`id_ger_mantenimiento_proc`)
) ENGINE=InnoDB DEFAULT CHARSET=utf8 AUTO_INCREMENT=1 ;

-- --------------------------------------------------------

--
-- Table structure for table `ger_mantenimiento_recordatorio`
--

CREATE TABLE IF NOT EXISTS `ger_mantenimiento_recordatorio` (
  `id_ger_mantenimiento_recordatorio` int(6) NOT NULL AUTO_INCREMENT,
  `orden` int(6) NOT NULL,
  `id_ger_mantenimiento_proc` int(6) DEFAULT NULL,
  `activo` int(1) DEFAULT NULL,
  `resultado` int(1) DEFAULT NULL,
  `detalle` longtext,
  `costo` decimal(12,2) DEFAULT NULL,
  `archivo_1` longtext,
  `archivo_2` longtext,
  `archivo_3` longtext,
  `archivo_4` longtext,
  `archivo_5` longtext,
  `fecha` int(20) DEFAULT NULL,
  PRIMARY KEY (`id_ger_mantenimiento_recordatorio`)
) ENGINE=InnoDB DEFAULT CHARSET=utf8 AUTO_INCREMENT=1 ;

-- --------------------------------------------------------

--
-- Table structure for table `ger_otros_pedidos`
--

CREATE TABLE IF NOT EXISTS `ger_otros_pedidos` (
  `id_ger_otros_pedidos` int(6) NOT NULL AUTO_INCREMENT,
  `orden` int(6) NOT NULL,
  `id_ven_cliente_contacto` int(6) DEFAULT NULL,
  `id_sis_areas` int(6) DEFAULT NULL,
  `asunto` varchar(200) DEFAULT NULL,
  `pedido` longtext,
  `id_ger_otros_pedidos_proc` int(6) DEFAULT NULL,
  PRIMARY KEY (`id_ger_otros_pedidos`)
) ENGINE=InnoDB  DEFAULT CHARSET=utf8 AUTO_INCREMENT=15 ;

--
-- Dumping data for table `ger_otros_pedidos`
--

INSERT INTO `ger_otros_pedidos` (`id_ger_otros_pedidos`, `orden`, `id_ven_cliente_contacto`, `id_sis_areas`, `asunto`, `pedido`, `id_ger_otros_pedidos_proc`) VALUES
(1, 0, NULL, NULL, NULL, NULL, 1),
(2, 0, NULL, NULL, NULL, NULL, 2),
(3, 0, NULL, NULL, NULL, NULL, 3),
(4, 0, NULL, NULL, NULL, NULL, 4),
(5, 0, NULL, NULL, NULL, NULL, 5),
(6, 0, NULL, NULL, 'sdasd', 'asdasd', 0),
(7, 0, NULL, NULL, 'ssdsd', 'sadasd', 0),
(8, 0, NULL, NULL, 'dsf', 'asfd', 10),
(9, 0, NULL, NULL, 'asunto', 'y el pedido', 0),
(10, 0, NULL, NULL, 'asunteli', 'pepe', 14),
(11, 0, NULL, 4, 'asunto', 'pedido por favor', 15),
(12, 0, NULL, 4, 'asunteooo', 'pedidoooo', 17),
(13, 0, NULL, 4, 'asuntoooo', 'pedidododod', 0),
(14, 0, NULL, 2, 'asunto del mouse', 'pedido del mouse', 21);

-- --------------------------------------------------------

--
-- Table structure for table `ger_otros_pedidos_arch`
--

CREATE TABLE IF NOT EXISTS `ger_otros_pedidos_arch` (
  `id_ger_otros_pedidos_arch` int(6) NOT NULL AUTO_INCREMENT,
  `orden` int(6) NOT NULL,
  `activo` int(1) DEFAULT NULL,
  `archivo` longtext,
  `id_ger_otros_pedidos_proc` int(6) DEFAULT NULL,
  PRIMARY KEY (`id_ger_otros_pedidos_arch`)
) ENGINE=InnoDB  DEFAULT CHARSET=utf8 AUTO_INCREMENT=3 ;

--
-- Dumping data for table `ger_otros_pedidos_arch`
--

INSERT INTO `ger_otros_pedidos_arch` (`id_ger_otros_pedidos_arch`, `orden`, `activo`, `archivo`, `id_ger_otros_pedidos_proc`) VALUES
(1, 0, 1, '_1_CPP_CLI_tutorial.pdf', 6),
(2, 0, 0, '_2_Traducciones.odt', 6);

-- --------------------------------------------------------

--
-- Table structure for table `ger_otros_pedidos_proc`
--

CREATE TABLE IF NOT EXISTS `ger_otros_pedidos_proc` (
  `id_ger_otros_pedidos_proc` int(6) NOT NULL AUTO_INCREMENT,
  `orden` int(6) NOT NULL,
  `id_ger_otros_pedidos` int(6) DEFAULT NULL,
  `id_sis_procesos_flujos_dias` int(6) DEFAULT NULL,
  `id_cv_datos_personales` int(6) DEFAULT NULL,
  `id_relacionado` int(6) DEFAULT NULL,
  `fecha_alta` int(20) DEFAULT NULL,
  `comentario` longtext,
  PRIMARY KEY (`id_ger_otros_pedidos_proc`)
) ENGINE=InnoDB  DEFAULT CHARSET=utf8 AUTO_INCREMENT=25 ;

--
-- Dumping data for table `ger_otros_pedidos_proc`
--

INSERT INTO `ger_otros_pedidos_proc` (`id_ger_otros_pedidos_proc`, `orden`, `id_ger_otros_pedidos`, `id_sis_procesos_flujos_dias`, `id_cv_datos_personales`, `id_relacionado`, `fecha_alta`, `comentario`) VALUES
(1, 0, 1, 77, 99912, NULL, 1368673200, NULL),
(2, 0, 2, 77, 99912, NULL, 1368673200, NULL),
(3, 0, 3, 77, 99912, NULL, 1368673200, NULL),
(4, 0, 4, 77, 99912, NULL, 1368673200, NULL),
(5, 0, 5, 77, 99912, NULL, 1368673200, NULL),
(6, 0, 6, 77, 99912, NULL, 1368673200, NULL),
(7, 0, 6, 78, 99901, NULL, 1368673200, 'okacha'),
(8, 0, 6, 87, 99903, NULL, 1368673200, 'pepeppe'),
(9, 0, 7, 77, 99912, NULL, 1369796400, NULL),
(10, 0, 8, 77, 99912, NULL, 1369796400, NULL),
(11, 0, 9, 77, 99912, NULL, 1369796400, NULL),
(12, 0, 9, 80, 99904, NULL, 1369796400, 'perfecto'),
(13, 0, 9, 87, 99903, NULL, 1369796400, 'oka'),
(14, 0, 10, 77, 99912, NULL, 1369796400, NULL),
(15, 0, 11, 77, 99912, NULL, 1369796400, NULL),
(16, 0, 11, 78, NULL, NULL, NULL, NULL),
(17, 0, 12, 77, 99912, NULL, 1369796400, NULL),
(18, 0, 13, 77, 99912, NULL, 1369796400, NULL),
(19, 0, 13, 80, 99904, NULL, 1369796400, 'oka'),
(20, 0, 13, 87, 99903, NULL, 1369796400, 'oka'),
(21, 0, 14, 77, 99912, NULL, 1369796400, NULL),
(22, 0, 14, 79, 99902, NULL, 1369796400, 'oka'),
(23, 0, 14, 87, 99903, 22, 1369796400, 'vuevlo atras, debería volver a asistente de ventas nada mas.'),
(24, 0, 14, 79, NULL, NULL, NULL, NULL);

-- --------------------------------------------------------

--
-- Table structure for table `ger_planificacion_gastos`
--

CREATE TABLE IF NOT EXISTS `ger_planificacion_gastos` (
  `id_ger_planificacion_gastos` int(6) NOT NULL AUTO_INCREMENT,
  `orden` int(6) NOT NULL,
  `observaciones` longtext,
  `id_ger_planificacion_gastos_proc` int(6) DEFAULT NULL,
  PRIMARY KEY (`id_ger_planificacion_gastos`)
) ENGINE=InnoDB  DEFAULT CHARSET=utf8 AUTO_INCREMENT=287 ;

--
-- Dumping data for table `ger_planificacion_gastos`
--

INSERT INTO `ger_planificacion_gastos` (`id_ger_planificacion_gastos`, `orden`, `observaciones`, `id_ger_planificacion_gastos_proc`) VALUES
(1, 0, 'okas1 uno dos', 1),
(2, 0, NULL, 8),
(3, 0, NULL, 9),
(4, 0, NULL, 10),
(5, 0, NULL, 11),
(6, 0, NULL, 12),
(7, 0, NULL, 13),
(8, 0, NULL, 14),
(9, 0, NULL, 15),
(10, 0, NULL, 16),
(11, 0, NULL, 17),
(12, 0, NULL, 18),
(13, 0, NULL, 19),
(14, 0, NULL, 20),
(15, 0, NULL, 21),
(16, 0, NULL, 22),
(17, 0, 'okas1 uno dos', 23),
(18, 0, NULL, 24),
(19, 0, 'hola', 25),
(20, 0, 'hola', 26),
(21, 0, 'hola', 27),
(22, 0, 'hola', 28),
(23, 0, 'hola', 29),
(24, 0, 'hola', 30),
(25, 0, 'hola', 31),
(26, 0, 'hol', 32),
(27, 0, 'hola pepe popoto', 33),
(28, 0, NULL, 34),
(29, 0, NULL, 35),
(30, 0, NULL, 36),
(31, 0, 'pepe nuevo', 37),
(32, 0, 'hola nuevo pepe', 38),
(33, 0, 'modif nuevo 1f', 39),
(34, 0, 'hola', 40),
(35, 0, 'hola', 41),
(36, 0, 'hola', 42),
(37, 0, 'holaaa pepe', 43),
(38, 0, 'hola nuevo', 44),
(39, 0, 'hola', 45),
(40, 0, 'hola', 45),
(44, 3, NULL, NULL),
(45, 3, NULL, NULL),
(46, 3, NULL, NULL),
(47, 3, NULL, NULL),
(48, 0, 'hola', 45),
(49, 0, 'si', 46),
(50, 0, 'df', 47),
(51, 0, 'df', 47),
(52, 0, NULL, 49),
(53, 0, 'auto', NULL),
(54, 0, 'hola pepe', 51),
(55, 0, 'hola pepe', 51),
(56, 0, 'hola', NULL),
(57, 0, 'hola nuevo', 52),
(58, 0, NULL, 53),
(59, 0, 'auto nuevo', NULL),
(60, 0, 'auto', 54),
(61, 0, 'celular nuevo', NULL),
(62, 0, 'celular', 55),
(63, 0, 'pepe nuevo', NULL),
(64, 0, 'pepe', 56),
(65, 0, 'hola nuevo denuevo', NULL),
(66, 0, 'hola', 57),
(67, 0, 'hola nuevo', NULL),
(68, 0, NULL, 58),
(69, 0, 'hola', 59),
(70, 0, 'hola nuevo denuevo', NULL),
(71, 0, 'hola', 60),
(72, 0, 'hola nuevo', NULL),
(73, 0, 'avion nuevo', NULL),
(74, 0, 'avion', 61),
(75, 0, NULL, 62),
(76, 0, NULL, 63),
(77, 0, 'notebook otra', NULL),
(78, 0, 'notebook', 64),
(79, 0, 'pepe bondiola nuevo', NULL),
(80, 0, 'pepe bondiola', 65),
(81, 0, 'lampara nueva otra vez', NULL),
(82, 0, 'lampara', 66),
(83, 0, 'lampara nueva', NULL),
(84, 0, 'mesa verde de nuevo nuevo 12', NULL),
(85, 0, 'mesa', 67),
(86, 0, 'mesa verde', 67),
(87, 0, 'mesa verde de nuevo', 67),
(88, 0, 'hola nuevo denuevo', NULL),
(89, 0, 'hola', 68),
(90, 0, 'hola nuevo', 68),
(91, 0, 'pizarrón blanco ahora nuevo', NULL),
(92, 0, 'pizarrón blanco ahora', 69),
(93, 0, 'hola nuevo', NULL),
(94, 0, 'hola', 70),
(95, 0, NULL, 71),
(96, 0, 'hola', 72),
(97, 0, NULL, 73),
(98, 0, 'compu nueva', NULL),
(99, 0, 'compu', 74),
(100, 0, NULL, 75),
(101, 0, NULL, 76),
(102, 0, NULL, 77),
(103, 0, NULL, 78),
(104, 0, NULL, 79),
(105, 0, NULL, 80),
(106, 0, NULL, 81),
(107, 0, 'papel nuevo', NULL),
(108, 0, 'papel', 82),
(109, 0, 'lampara nuevaaa y otra assss', NULL),
(110, 0, 'lampara', 83),
(111, 0, 'lampara nuevaaa', 83),
(112, 0, 'hola mundo viejo', NULL),
(113, 0, 'hola mundo', 84),
(114, 0, 'start vieja', NULL),
(115, 0, 'start', 85),
(116, 0, 'hooal mundo', NULL),
(117, 0, 'hooal', 86),
(118, 0, 'sdsd pepe', 87),
(119, 0, 'hola vieja mundo', NULL),
(120, 0, 'hola', 88),
(121, 0, 'auto modi dos', NULL),
(122, 0, 'auto', 89),
(123, 0, 'auto modi', 89),
(124, 0, 'mesa pera dos', NULL),
(125, 0, 'mesa', 90),
(126, 0, 'mesa pera', 90),
(127, 0, 'hola mundo nuevo', NULL),
(128, 0, 'hola', 91),
(129, 0, 'hola mundo', 91),
(130, 0, 'hola mundo nuevo', NULL),
(131, 0, 'hola', 92),
(132, 0, 'hola mundo', 92),
(133, 0, 'hola mundo nuevo', 92),
(134, 0, 'hola', 93),
(135, 0, 'matiensooo', 94),
(136, 0, 'ingreso una observacion. la modifico', NULL),
(137, 0, 'ingreso una observacion.', 95),
(138, 0, NULL, 96),
(139, 0, 'hola nuevo pepe', NULL),
(140, 0, 'hola', 97),
(141, 0, 'hola nuevo', 97),
(142, 0, NULL, 98),
(143, 0, 'agrego observacion NUEVO otra vez', NULL),
(144, 0, 'agrego observacion', 99),
(145, 0, 'agrego observacion NUEVO', 99),
(146, 0, NULL, 100),
(147, 0, NULL, 101),
(148, 0, NULL, 102),
(149, 0, 'hola', 103),
(150, 0, NULL, 104),
(151, 0, 'hola', 105),
(152, 0, NULL, 113),
(153, 0, NULL, 114),
(154, 0, 'hola', 115),
(155, 0, 'celular nuevo', 116),
(156, 0, 'celular', 116),
(157, 0, 'lampara nueva 1', NULL),
(158, 0, 'lampara', 117),
(159, 0, 'lampara nueva', 117),
(160, 0, 'tutu uno', 118),
(161, 0, 'dfdf', 119),
(162, 0, 'fdfd uno', 120),
(163, 0, 'pepe uno', 121),
(164, 0, '', 122),
(165, 0, 'pepe', 123),
(166, 0, '', 124),
(167, 0, 'hola mundo', 125),
(168, 0, 'pepe', 126),
(169, 0, 'hdhd dhdh', 127),
(170, 0, 'pepe nuevo', 128),
(171, 0, 'mundo nuevo', 129),
(172, 0, 'hola mundo', 130),
(173, 0, 'pepe nuevo', 131),
(174, 0, 'pepe nuevo', 132),
(175, 0, 'pepe nuevo mundo tres', 133),
(176, 0, 'pepe', 135),
(177, 0, 'celu', 136),
(178, 0, 'papa', 137),
(179, 0, 'nuevo', 138),
(180, 0, 'pepe', 139),
(181, 0, 'celular nuevo nuevo', 140),
(182, 0, 'computadora nueva', 141),
(183, 0, 'celular nuevo', 142),
(184, 0, 'monitor nuevo', 144),
(185, 0, 'mete palo', 0),
(186, 0, 'ppe', 147),
(187, 0, 'pepe', 150),
(188, 0, 'pepe', 152),
(189, 0, 'pepe', 154),
(190, 0, 'hola mundo', 156),
(191, 0, 'f', 158),
(192, 0, 'mate uno', 159),
(193, 0, 'termo nuevo1', 161),
(194, 0, 'lampara', 163),
(195, 0, 'computador', 165),
(196, 0, 'notebook', 167),
(197, 0, 'libro', 0),
(198, 0, 'placa mother', 171),
(199, 0, 'soldador', 0),
(200, 0, 'mate de metal', -1),
(201, 0, 'terma con soda', 180),
(202, 0, 'cartuchera', 0),
(203, 0, 'cinta metrica', 0),
(204, 0, 'cuadro', 194),
(205, 0, 'teclado nuevo', 196),
(206, 0, 'marcador negro de pizarra', 201),
(207, 0, 'hi fi stereo', 204),
(208, 0, 'termo de metal', 207),
(209, 0, 'celular', 211),
(210, 0, 'lampaap', 213),
(211, 0, 'pepe pepe', 215),
(212, 0, 'pepepepe', 217),
(213, 0, 'ep rwe proew p ewr', 219),
(214, 0, 'hole', 223),
(215, 0, 'pepepe', 226),
(216, 0, 'hola nuevo', 227),
(217, 0, 'holasasas nuevo', 228),
(218, 0, 'holas de nuevo pepe', 229),
(219, 0, 'holasss', 230),
(220, 0, 'hola mundo nuevo', 231),
(221, 0, 'hola', 233),
(222, 0, 'pepe', 234),
(223, 0, 'hola pepe', 235),
(224, 0, 'hola pepe', 236),
(225, 0, 'hoalsasas', 237),
(226, 0, 'pepe new', 238),
(227, 0, 'observacion de el borrador rojo', 0),
(228, 0, 'marcador amarillo', 245),
(229, 0, 'mate', 0),
(230, 0, 'lampara', 257),
(231, 0, 'balcon', 262),
(232, 0, 'birome', 0),
(233, 0, 'lapicera', 0),
(234, 0, 'lampara de color blanco', 0),
(235, 0, 'spepe', 282),
(236, 0, 'pepe', 285),
(237, 0, 'okeokeoe', 286),
(238, 0, 'dfdf', 287),
(239, 0, 'jdjd', 288),
(240, 0, 'eje', 289),
(241, 0, 'lampara', 290),
(242, 0, 'lampara new1', 291),
(243, 0, 'pepe', 292),
(244, 0, 'pepe', 293),
(245, 0, 'pepepepe', 294),
(246, 0, 'dfsdf', 295),
(247, 0, 'pepepe', 296),
(248, 0, 'sadasd', 297),
(249, 0, 'pepep', 298),
(250, 0, 'hddhd', 300),
(251, 0, 'dfdf', 301),
(252, 0, 'ger pepenew', 0),
(253, 0, 'pepe', 0),
(254, 0, 'epoeppe hola', 310),
(255, 0, 'pepe', 315),
(256, 0, 'agregogogo 1', 316),
(257, 0, 'ya puse', 317),
(258, 0, 'asdasdsd', 319),
(259, 0, 'asdsad asasd', 320),
(260, 0, '12', 321),
(261, 0, 'pepe1 2', 323),
(262, 0, 'pepe new', 324),
(263, 0, 'pepe new', 325),
(264, 0, 'ded de', 326),
(265, 0, 'pepe1', 327),
(266, 0, 'nueneune  nenwe', 328),
(267, 0, 'pepe1', 329),
(268, 0, 'pepe new', 330),
(269, 0, 'epepe new', 331),
(270, 0, 'pepe1', 333),
(271, 0, 'pepe new', 335),
(272, 0, 'sd  de', 337),
(273, 0, 'pepe new', 338),
(274, 0, 'hola2', 339),
(275, 0, 'pepe1dd', 340),
(276, 0, 'pepe new', 342),
(277, 0, 'hola nuevo uno', 343),
(278, 0, 'pepe1', 344),
(279, 0, 'pepe', 345),
(280, 0, 'hola termon', 347),
(281, 0, 'pepe1', 349),
(282, 0, 'ed', 351),
(283, 0, 'pepe', 352),
(284, 0, 'hola', 353),
(285, 0, 'hoashdoasd noon', 355),
(286, 0, 'nuevas observaciones DE gerencia', 0);

-- --------------------------------------------------------

--
-- Table structure for table `ger_planificacion_gastos_detalle`
--

CREATE TABLE IF NOT EXISTS `ger_planificacion_gastos_detalle` (
  `id_ger_planificacion_gastos_detalle` int(6) NOT NULL AUTO_INCREMENT,
  `orden` int(6) NOT NULL,
  `id_ger_planificacion_gastos_proc` int(6) DEFAULT NULL,
  `activo` int(1) DEFAULT NULL,
  `id_sis_cuentas` int(6) DEFAULT NULL,
  `detalle` longtext,
  `mes` int(1) DEFAULT NULL,
  `monto` decimal(12,2) DEFAULT NULL,
  `id_crp_proveedores` int(6) DEFAULT NULL,
  PRIMARY KEY (`id_ger_planificacion_gastos_detalle`)
) ENGINE=InnoDB  DEFAULT CHARSET=utf8 AUTO_INCREMENT=296 ;

--
-- Dumping data for table `ger_planificacion_gastos_detalle`
--

INSERT INTO `ger_planificacion_gastos_detalle` (`id_ger_planificacion_gastos_detalle`, `orden`, `id_ger_planificacion_gastos_proc`, `activo`, `id_sis_cuentas`, `detalle`, `mes`, `monto`, `id_crp_proveedores`) VALUES
(1, 3, 1, 0, 1, 'aqui va detaleeee', 2, 345.60, 2),
(2, 0, 1, 0, 2, 'detallelle de la cuenta cha chac chchc', 6, 1.24, 3),
(3, 0, 1, 0, 1, 'este es detalle', 3, 234.00, 2),
(4, 0, 1, 0, 3, '', NULL, NULL, 2),
(5, 0, 1, 0, NULL, '', NULL, NULL, NULL),
(6, 0, 1, 0, 1, '', 4, 34.56, 2),
(7, 0, 1, 0, 1, 'detalle juampa', 3, 3434.57, 2),
(8, 0, 1, 0, 1, 'detalle juampa nuevo', 3, 3434.57, 2),
(9, 0, 1, 0, 3, 'det juampa uno', 5, 34.44, 2),
(10, 0, 1, 0, 1, 'este es detalle NUEVO', 3, 234.57, 2),
(11, 0, 1, 0, 1, 'este es detalle NUEVO juampa', 3, 234.59, 2),
(12, 0, 1, 0, 1, 'dedede', 3, 34.34, 2),
(13, 0, 1, 0, NULL, '', NULL, NULL, NULL),
(14, 0, 1, 0, 1, 'dede', 2, 2.00, NULL),
(15, 0, 1, 0, 1, 'sdsd', NULL, NULL, NULL),
(16, 0, 1, 0, 1, 'shsh', NULL, NULL, NULL),
(17, 0, 1, 0, 1, 'det', 23, 12.00, NULL),
(18, 0, 1, 0, 1, 'de', 3, 34.34, 3),
(19, 0, 1, 0, 1, 'det', 2, 34.00, 1),
(20, 0, 1, 0, 1, 'shsh', 2, 34.00, 1),
(21, 0, 1, 0, 1, 'este es detalle NUEVO juampa', 3, 234.59, 2),
(22, 0, 1, 0, 1, 'de', 3, 23.00, 1),
(23, 0, 1, 0, 1, 'de', 3, 33.00, 2),
(24, 0, 1, 0, 1, 'de', 12, 23.00, 2),
(25, 0, 1, 0, 1, 'de', 13, 34.00, 2),
(26, 0, 1, 0, 1, 'der', 8, 34.00, 1),
(27, 0, 1, 0, 1, 'e', 8, 34.00, 1),
(28, 0, 1, 0, 1, 'de', 12, 23.00, 2),
(29, 0, 1, 0, 3, 'detalle de juampa de despensa', 12, 23.00, 3),
(30, 0, 1, 0, 1, 'det', 3, 1200.26, 2),
(31, 4, 1, 0, 1, 'detkshdfkj ds', 4, 47.40, 2),
(32, 0, 1, 0, 1, 'det', 3, 47.40, 2),
(33, 0, 1, 0, 1, 'de', 4, 50.00, 2),
(34, 0, 1, 0, 1, 'wewe', 4, 45.00, 1),
(35, 0, 1, 0, 1, 'det', 4, 50.00, 2),
(36, 0, 1, 0, 3, 'det', 4, 5.00, 2),
(37, 0, 1, 0, 1, 'de', 4, 50.00, 1),
(38, 0, 1, 0, 3, '555', 9, 5.00, 1),
(39, 0, 1, 0, 1, 'de', 5, 2.25, 2),
(40, 0, 1, 0, 1, '23', 7, 101.45, 1),
(41, 0, 1, 0, 1, 'fr', 6, 45.00, 2),
(42, 0, 1, 0, 1, 'dd', 2, 54.00, 1),
(43, 0, 1, 0, 1, 'det', 4, 23.00, 2),
(44, 0, 1, 0, 1, 'det', 4, 4.55, 1),
(45, 0, 1, 1, 3, 'ddd', 5, 40.05, 1),
(46, 0, 1, 0, 1, '23', 7, 50.00, 1),
(47, 0, 1, 0, 1, 'de', 4, 1.23, 1),
(48, 0, 1, 1, 1, 'de', 2, 125.23, 1),
(49, 0, 1, 0, 1, 'det', 2, 1530.45, 1),
(50, 0, 1, 0, 1, 'de', 2, 1530.45, 1),
(51, 0, 1, 1, 1, 'denueueeeue', 2, 1530.45, 1),
(52, 0, 1, 1, 1, 'de', 4, 15.25, 1),
(53, 0, 1, 1, 1, '23', 7, 50.00, 1),
(54, 0, 1, 1, 1, 'dd', 2, 12.34, 1),
(55, 0, 1, 0, 1, 'de', 3, 0.00, 2),
(56, 0, 67, 0, 1, 'ff', 3, 23.44, 1),
(57, 0, 67, 0, 1, 'det', 2, 12.34, 2),
(58, 0, 67, 0, 1, 'f', 4, 34.23, 1),
(59, 0, 67, 0, 1, 'este es el detalle', 3, 123.54, 3),
(60, 0, 67, 0, 1, 'este es el detalle nuevo', 3, 123.54, 1),
(61, 0, 67, 1, NULL, NULL, NULL, NULL, NULL),
(62, 0, 67, 0, 1, 'hola', 3, 10002.12, 1),
(63, 0, 67, 0, 1, 'dfdf', 3, 304.34, 2),
(64, 0, 67, 0, 1, 'deded', 2, 12.12, 3),
(65, 0, 67, 0, 3, 'erer', 4, 34.34, 1),
(66, 0, 67, 0, 1, 'df', 3, 12.22, 2),
(67, 3, NULL, NULL, NULL, NULL, NULL, NULL, NULL),
(68, 0, 67, 0, 1, 'dfsdsd', 3, 12.22, 1),
(69, 0, 67, 0, 1, 'dfdf', 3, 0.33, 1),
(70, 3, NULL, NULL, NULL, NULL, NULL, NULL, NULL),
(71, 0, 67, 0, 1, 'ff', 3, 23.44, 1),
(72, 0, 67, 0, 1, 'detallelee', 3, 33.33, 1),
(73, 0, 67, 0, 1, 'dsfdfdf', 3, 303.33, 2),
(74, 0, 67, 0, 1, 'deded', 4, 23.23, 3),
(75, 0, 67, 0, 1, 'nueva pipa de papa', 2, 1.23, 1),
(76, 0, 67, 0, 1, 'nueva pipa de papa NUEVOOOO', 2, 1.23, 1),
(77, 0, 67, 0, 1, 'dfdf', 3, 23.23, 2),
(78, 0, 67, 0, 3, '33', 2, 20003.23, 3),
(79, 0, 67, 1, 3, '33 nuevo', 2, 20003.23, 1),
(80, 0, 67, 0, 3, '33 nuevo dos', 2, 20003.23, 1),
(81, 0, 67, 0, 3, '33 nuevo dos pituco', 2, 20003.23, 1),
(82, 0, 67, 1, 3, '33 nuevo', 2, 20003.23, 1),
(83, 0, 67, 1, 3, '33 nuevo', 2, 20003.23, 1),
(84, 0, 1, 0, 1, 'de', 3, 0.00, 2),
(85, 0, 67, 0, 1, 'dfdf', 3, 23.23, 2),
(86, 0, 68, 1, 3, 'esto es detalle', 3, 0.00, 1),
(87, 0, 68, 0, 1, 'dede', 4, 12.12, 1),
(88, 0, 68, 1, 1, 'dede nuevo', 4, 12.12, 1),
(89, 0, 69, 0, 3, 'nuevo detalle de papeleria', 2, 123.45, 1),
(90, 0, 69, 0, 3, 'nuevo detalle de papeleria', 2, 123.45, 1),
(91, 0, 69, 0, 3, 'otro detalle de libreria', 4, 34.34, 1),
(92, 0, 69, 1, 3, 'mas detalles', 4, 748.47, 3),
(93, 0, 69, 0, 3, 'otro detalle de libreria ahora de despensa', 4, 34.34, 3),
(94, 0, 69, 0, 3, 'otro detalle de libreria ahora de despensa', 4, 34.34, 3),
(95, 0, 69, 1, 1, 'dede', 3, 0.34, 1),
(96, 0, 70, 1, 1, 'detalle', 3, 1.23, 2),
(97, 0, 92, 1, 1, 'wewe', 4, 1000.23, 1),
(98, 0, 92, 1, 1, 'sdsd', 5, 1.23, 3),
(99, 0, 92, 1, 1, 'wewe', 4, 1.23, 2),
(100, 0, 92, 1, 1, 'dede', 3, 23.23, 2),
(101, 0, 92, 1, 3, 'eee', 2, 23.23, 2),
(102, 0, 93, 0, 1, 'deded', 2, 1002.12, 2),
(103, 0, 93, 0, 1, 'deded', 2, 1002.12, 2),
(104, 0, 93, 0, 1, 'detalle uno', 2, 12.33, 2),
(105, 0, 93, 0, 3, 'pepe pepe', 3, 8000.38, 1),
(106, 0, 93, 0, 3, 'pepe pepe', 3, 8000.38, 1),
(107, 0, 93, 0, 1, 'pepepepe', 3, 200.03, 1),
(108, 0, 93, 0, 1, 'pepepepe', 3, 200.03, 1),
(109, 0, 93, 0, 1, 'detalle uno', 2, 12.33, 2),
(110, 0, 93, 0, 3, 'dededed', 4, 40.00, 1),
(111, 0, 93, 0, 3, 'dededed', 4, 40.00, 1),
(112, 0, 93, 1, 1, 'eded', 4, 0.44, 1),
(113, 0, 93, 1, 1, 'dfdf', 3, 0.23, 1),
(114, 0, 93, 0, 1, 'mate', 3, 1.23, 1),
(115, 0, 93, 0, 1, 'mate', 3, 1.23, 1),
(116, 0, 93, 0, 1, 'mate', 3, 1.23, 1),
(117, 0, 93, 0, 1, 'mate', 3, 1.23, 1),
(118, 0, 93, 0, 1, 'mate', 3, 1.23, 1),
(119, 0, 93, 0, 1, 'mate', 3, 1.23, 1),
(120, 0, 93, 0, 1, 'mate', 3, 1.23, 1),
(121, 0, 94, 0, 1, 'ded', 2, 12.12, 1),
(122, 0, 94, 0, 1, 'ded', 2, 12.12, 1),
(123, 0, 94, 0, 3, 'qwqw', 2, 12.12, 1),
(124, 0, 94, 0, 3, 'qwqw', 2, 12.12, 1),
(125, 0, 94, 0, 1, 'ded', 2, 0.12, 1),
(126, 0, 94, 0, 1, 'ded', 2, 0.12, 1),
(127, 0, 94, 0, 3, 'de', 2, 12.12, 1),
(128, 0, 94, 0, 1, 'dedede', 12, 32.32, 1),
(129, 0, 94, 0, 3, 'de', 2, 12.12, 1),
(130, 0, 94, 0, 1, 'dedede', 12, 32.32, 1),
(131, 0, 95, 0, 1, 'detalle uno de libreria', 2, 48.48, 1),
(132, 0, 95, 0, 1, 'detalle de papeleria', 12, 49.49, 2),
(133, 0, 95, 1, 3, 'detalle de despensa', 2, 83.83, 3),
(134, 0, 95, 1, 1, 'detalle uno de libreria NUEVO', 2, 48.48, 1),
(135, 0, 95, 0, 1, 'detalle de papeleria', 12, 49.49, 2),
(136, 0, 97, 0, 1, 'detalle', 2, 100.02, 2),
(137, 0, 97, 0, 1, 'dede', 5, 45.34, 2),
(138, 0, 97, 0, 1, 'detalle', 2, 100.02, 2),
(139, 0, 97, 1, 1, 'dede nuevooo', 5, 45.34, 1),
(140, 0, 99, 0, 1, 'detalle', 2, 123.33, 2),
(141, 0, 99, 0, 1, 'dede', 2, 12.22, 1),
(142, 0, 99, 0, 1, 'dede', 2, 12.22, 1),
(143, 0, 99, 1, 1, 'detalle NUEVOOO', 2, 123.33, 1),
(144, 0, 156, 1, 1, 'detalle uno', 3, 12.34, 2),
(145, 0, 156, 0, 1, 'gast de papeleria', 6, 123.33, 2),
(146, 0, 156, 0, 1, 'gast de papeleria', 6, 123.33, 2),
(147, 0, 156, 0, 3, 'pepe pepe despensa', 1, 121.21, 3),
(148, 0, 156, 1, 3, 'pepe pepe despensa NUEVO', 1, 121.21, 1),
(149, 0, 159, 1, 1, 'detalle uno', 3, 45.66, 2),
(150, 0, 159, 1, 1, 'det 2', 8, 34.34, 3),
(151, 0, 159, 1, 3, 'detalle numero tres', 9, 0.44, 2),
(152, 0, 161, 0, 1, 'frfr', 4, 4000.44, 2),
(153, 0, 161, 0, 1, 'ff', 4, 0.44, 2),
(154, 0, 161, 0, 1, 'ff', 4, 0.44, 2),
(155, 0, 161, 1, 1, 'dede', 3, 10.00, 1),
(156, 0, 161, 1, 1, 'frfr', 4, 100.00, 1),
(157, 0, 163, 1, 1, 'detalle de lampara', 3, 12.33, 2),
(158, 0, 165, 1, 1, 'detalll', 3, 10002.34, 2),
(159, 0, 165, 1, 3, 'dede', 4, 44.44, 3),
(160, 0, 165, 1, 1, 'detralalala', 4, 34.44, 1),
(161, 0, 165, 1, 1, 'sdsd', 4, 23.23, 2),
(162, 0, 169, 1, 1, 'pepepeep', 4, 44.44, 1),
(163, 0, 169, 1, 1, 'detaaa', 4, 1.23, 2),
(164, 0, 171, 1, 1, 'detalleeee', 4, 123.33, 3),
(165, 0, 171, 1, 3, 'dfdf', 8, 324.54, 2),
(166, 0, 171, 1, 1, 'detalle tresgdgd', 7, 100.00, 2),
(167, 0, 171, 1, 1, 'detalle cuatro', 12, 123.33, 3),
(168, 0, 174, 1, 1, 'detalle uno', 4, 123.33, 1),
(169, 0, 174, 1, 1, 'det dos', 5, 898.55, 1),
(170, 0, 177, 1, 1, 'detalle unooooo', 3, 123.44, 1),
(171, 0, 177, 1, 3, 'detallll dos', 7, 77.77, 1),
(172, 0, 177, 1, 1, 'detal tres', 2, 123.44, 3),
(173, 0, 180, 1, 1, 'detalle uno', 3, 123.33, 2),
(174, 0, 180, 1, 1, 'detalle dos', 4, 343.43, 2),
(175, 0, 182, 1, 1, 'detaleeeeessss UNO SOLO', 4, 234.44, 1),
(176, 0, 187, 1, 1, 'det', 4, 344.44, 2),
(177, 0, 187, 1, 3, 'det dosss', 6, 888.55, 2),
(178, 0, 194, 1, 1, 'sdsd', 4, 4000.44, 2),
(179, 0, 201, 1, 3, 'detalle uno', 4, 123.44, 2),
(180, 0, 201, 1, 1, 'detalle 2', 5, 874.44, 2),
(181, 0, 204, 1, 1, 'dett', 4, 400.04, 1),
(182, 0, 207, 1, 1, 'dfdf nuevo', 5, 123.33, 1),
(183, 0, 211, 1, 1, 'det', 4, 44.44, 1),
(184, 0, 213, 1, 1, 'ddf', 4, 40.34, 2),
(185, 0, 215, 1, 1, 'detalll', 2, 23.33, 2),
(186, 0, 217, 1, 1, 'dsfdfdf', 3, 12.33, 3),
(187, 0, 219, 1, 1, 'det', 4, 10002.33, 2),
(188, 0, 223, 1, 1, 'ddd', 4, 400.04, 2),
(189, 0, 0, 1, NULL, NULL, NULL, NULL, NULL),
(190, 0, 0, 1, 1, '3', 11, 0.12, 1),
(191, 0, 0, 1, 1, 'ff', 4, 0.00, 1),
(192, 0, 0, 1, 1, 'ff', 3, 0.00, 2),
(194, 0, 227, 1, 1, 'eded', 3, 34.34, 2),
(195, 0, 227, 1, 1, 'eded', 3, 34.34, 2),
(196, 0, 227, 1, 1, 'sd', 3, 33.33, 1),
(197, 0, 227, 1, 1, 'sd', 12, 3.33, 1),
(198, 0, 228, 1, 1, 'dfdf nuevo', 2, 10002.12, 1),
(199, 0, 228, 1, 1, 'deed', 7, 200.00, 2),
(200, 0, 228, 1, 1, '3', 3, 12.12, 1),
(201, 0, 229, 1, 1, 'det', 3, 12.11, 1),
(202, 0, 229, 1, 1, 'det', 5, 12.12, 3),
(204, 0, 230, 1, 1, 'deed', 4, 12.12, 1),
(205, 0, 230, 1, 1, 'df', 6, 100.00, 1),
(206, 0, 231, 1, 1, 'det', 5, 12.32, 2),
(207, 0, 231, 1, 1, 'deed', 8, 125.00, 2),
(208, 0, 231, 1, 1, '121212', 9, 1200.00, 2),
(209, 0, 233, 1, 1, 'de', 2, 12.34, 1),
(210, 0, 235, 1, 1, 'sd', 3, 34.34, 1),
(211, 0, 236, 1, 1, 'de', 4, 1000.23, 1),
(212, 0, 236, 1, 1, 'de', 4, 1000.23, 1),
(213, 0, 236, 1, 1, 'de', 2, 10002.12, 1),
(214, 0, 237, 1, 1, 'det', 4, 200.02, 2),
(215, 0, 238, 1, 3, 'detalle uno', 4, 12.25, 2),
(216, 0, 240, 1, 1, 'detalle uno de libreria', 2, 100.25, 1),
(217, 0, 240, 1, 1, 'det dos de papeleria', 5, 200.35, 2),
(218, 0, 240, 1, 1, 'det trres de despensa', 8, 100.40, 3),
(219, 0, 245, 1, 1, 'det', 2, 100.35, 2),
(220, 0, 279, 1, 1, 'detalle uno', 2, 120.00, 2),
(221, 0, 279, 1, 1, 'detalle dos', 8, 150.00, 2),
(222, 0, 286, 1, 1, 'deded', 3, 12.34, 2),
(223, 0, 286, 1, 1, 'deed', 5, 47.47, 2),
(224, 0, 288, 1, 1, 'sdf', 12, 125.00, 1),
(225, 0, 291, 1, 1, 'detalle de lamp', 2, 120.00, 2),
(226, 0, 291, 1, 1, 'det imp aer', 12, 120.00, 1),
(227, 0, 291, 1, 1, 'deded', 5, 120.00, 1),
(228, 0, 291, 1, 3, 'sdsd', 12, 1212.12, 3),
(229, 0, 292, 1, 3, 'sdsd', 12, 1002.12, 2),
(230, 0, 292, 1, 1, 'deded', 10, 100.00, 2),
(231, 0, 293, 1, 1, 'ded', 3, 120.00, 2),
(232, 0, 294, 1, 1, 'dede', 2, 120.00, 2),
(233, 0, 294, 1, 1, 'deed', 2, 100.02, 1),
(234, 0, 295, 1, 1, 'asdsad', 12, 213.23, 1),
(235, 0, 296, 1, 1, 'sfd', 12, 12.12, 1),
(236, 0, 297, 1, 1, 'gsgd', 12, 12.12, 1),
(237, 0, 297, 1, 1, 'gsgd', 12, 12.12, 1),
(238, 0, 298, 0, 1, 'hshsh', 12, 120.00, 1),
(239, 0, 298, 0, 1, 'hshsh', 12, 120.00, 1),
(240, 0, 298, 1, 1, 'pepe', 12, 1200.00, 1),
(241, 0, 300, 0, 1, 'deed', 2, 1002.12, 1),
(242, 0, 300, 0, 3, 'det', 3, 120.00, 2),
(243, 0, 300, 0, 1, 'deed', 2, 1002.12, 1),
(244, 0, 300, 0, 3, 'det', 3, 120.00, 2),
(245, 0, 301, 0, 1, 'deded', 2, 1.20, 1),
(246, 0, 301, 0, 1, 'deded', 2, 1.20, 1),
(247, 0, 302, 0, 1, 'ded', 3, 300.00, 1),
(248, 0, 302, 0, 1, 'de', 4, 400.00, 1),
(249, 0, 302, 0, 1, 'de', 4, 400.00, 1),
(250, 0, 302, 0, 1, 'de', 4, 500.00, 1),
(251, 0, 302, 0, 3, 'dedededed', 8, 30.50, 3),
(252, 0, 302, 0, 1, 'de', 4, 500.00, 1),
(253, 0, 302, 1, 3, 'dedededed', 8, 600.00, 1),
(254, 0, 302, 0, 1, 'ded', 3, 300.00, 1),
(255, 0, 302, 1, 1, 'deede', 3, 125.50, 2),
(256, 0, 302, 0, 1, 'nuevo detalle', 2, 150.00, 1),
(257, 0, 302, 0, 1, 'nuevo detalle', 2, 200.00, 1),
(258, 0, 302, 0, 1, 'nuevo detalle', 2, 200.00, 1),
(259, 0, 310, 1, 1, 'dede', 2, 12.12, 2),
(260, 0, 315, 1, 1, 'deded', 4, 23.23, 1),
(261, 0, 315, 0, 1, 'ded', 3, 0.22, 3),
(262, 0, 317, 0, 1, 'dede', 3, 120.00, 2),
(263, 0, 317, 0, 3, 'detalle uno', 2, 120.00, 1),
(264, 0, 317, 0, 1, 'dede', 3, 120.00, 2),
(265, 0, 317, 1, 3, 'detalle uno', 2, 120.00, 2),
(266, 0, 321, 1, 1, 'de', 4, 12.00, 2),
(267, 0, 335, 1, 1, 'dede', 5, 10002.00, 2),
(268, 0, 340, 1, 1, 'dede', 3, 1.20, 2),
(269, 0, 344, 1, 1, 'hshs', 4, 120.00, 2),
(270, 0, 344, 1, 1, 'detalle', 3, 120.00, 2),
(271, 0, 347, 0, 1, 'det uno', 2, 10002.00, 2),
(272, 0, 347, 0, 1, 'det dos', 3, 10002.00, 3),
(273, 0, 347, 0, 3, 'det', 3, 120.00, 2),
(274, 0, 347, 0, 3, 'det', 3, 120.00, 2),
(275, 0, 347, 1, 1, 'det cuaterno', 12, 10.00, 1),
(276, 0, 347, 0, 1, 'det dos', 3, 10002.00, 3),
(277, 0, 347, 0, 1, 'det uno', 2, 10002.00, 2),
(278, 0, 347, 1, 1, 'decdcdc', 2, 45.56, 1),
(279, 0, 349, 1, 1, 'detalleee', 3, 120.00, 2),
(280, 0, 351, 0, 1, 'deded', 2, 1200.00, 2),
(281, 0, 351, 1, 1, 'deded', 4, 1200.00, 3),
(282, 0, 351, 0, 1, 'deded', 3, 10002.12, 3),
(283, 0, 352, 1, 1, 'det', 3, 120.00, 2),
(284, 0, 353, 1, 1, 'det', 4, 122.22, 1),
(285, 0, 353, 0, 1, 'deed', 4, 100.11, 3),
(286, 0, 353, 1, 1, 'deed', 4, 100.11, 1),
(287, 0, 355, 0, 1, 'ded', 3, 300.03, 2),
(288, 0, 355, 0, 1, 'ded', 3, 250.00, 2),
(289, 0, 355, 0, 3, 'det dos', 5, 250.00, 3),
(290, 0, 355, 1, 3, 'det dos NUEVO', 5, 500.00, 3),
(291, 0, 355, 0, 1, 'ded', 3, 250.00, 2),
(292, 0, 355, 1, 1, 'deded', 8, 230.00, 2),
(293, 0, 357, 1, 1, 'det', 4, 120.00, 1),
(294, 0, 357, 0, 3, 'detalle tres', 5, 120.00, 3),
(295, 0, 357, 1, 3, 'detalle tres NUEVO', 5, 120.00, 3);

-- --------------------------------------------------------

--
-- Table structure for table `ger_planificacion_gastos_proc`
--

CREATE TABLE IF NOT EXISTS `ger_planificacion_gastos_proc` (
  `id_ger_planificacion_gastos_proc` int(6) NOT NULL AUTO_INCREMENT,
  `orden` int(6) NOT NULL,
  `id_ger_planificacion_gastos` int(6) DEFAULT NULL,
  `id_sis_procesos_flujos_dias` int(6) DEFAULT NULL,
  `id_cv_datos_personales` int(6) DEFAULT NULL,
  `id_relacionado` int(6) DEFAULT NULL,
  `fecha_alta` int(20) DEFAULT NULL,
  `comentario` longtext,
  PRIMARY KEY (`id_ger_planificacion_gastos_proc`)
) ENGINE=InnoDB  DEFAULT CHARSET=utf8 AUTO_INCREMENT=360 ;

--
-- Dumping data for table `ger_planificacion_gastos_proc`
--

INSERT INTO `ger_planificacion_gastos_proc` (`id_ger_planificacion_gastos_proc`, `orden`, `id_ger_planificacion_gastos`, `id_sis_procesos_flujos_dias`, `id_cv_datos_personales`, `id_relacionado`, `fecha_alta`, `comentario`) VALUES
(201, 0, 206, 88, 99903, NULL, 1366167600, NULL),
(202, 0, 206, 379, 99908, NULL, 1366081200, 'esta todo bien.'),
(203, 0, 206, 89, NULL, NULL, NULL, NULL),
(207, 0, 208, 88, 99903, NULL, 1366167600, NULL),
(208, 0, 208, 379, 99908, NULL, 1366167600, 'esta bien, pero levantemos el precio.'),
(209, 0, 208, 89, 99903, 208, 1366167600, 'El precio debe quedar fijo com está.'),
(210, 0, 208, 379, NULL, 208, NULL, NULL),
(211, 0, 209, 88, 99903, NULL, 1366167600, NULL),
(212, 0, 209, 379, NULL, NULL, NULL, NULL),
(213, 0, 210, 88, 99903, NULL, 1366254000, NULL),
(214, 0, 210, 379, NULL, NULL, NULL, NULL),
(215, 0, 211, 88, 99903, NULL, 1366254000, NULL),
(216, 0, 211, 379, 99908, NULL, 1366254000, 'okey, siga adelante'),
(217, 0, 212, 88, 99903, NULL, 1366254000, NULL),
(218, 0, 212, 379, 99908, 217, 1366254000, 'hay que revisar otra cosa'),
(219, 0, 213, 88, 99903, NULL, 1366254000, NULL),
(220, 0, 213, 379, NULL, NULL, NULL, NULL),
(221, 0, 211, 89, NULL, NULL, NULL, NULL),
(222, 0, 212, 88, NULL, 217, NULL, NULL),
(223, 0, 214, 88, 99903, NULL, 1366340400, NULL),
(224, 0, 214, 379, 99908, NULL, 1366340400, 'okey'),
(225, 0, 214, 89, NULL, NULL, NULL, NULL),
(226, 0, 215, 88, 99903, NULL, 1366340400, NULL),
(227, 0, 216, 88, 99903, NULL, 1366599600, NULL),
(228, 0, 217, 88, 99903, NULL, 1366599600, NULL),
(229, 0, 218, 88, 99903, NULL, 1366599600, NULL),
(230, 0, 219, 88, 99903, NULL, 1366599600, NULL),
(231, 0, 220, 88, 99903, NULL, 1366599600, NULL),
(232, 0, 220, 379, NULL, NULL, NULL, NULL),
(233, 0, 221, 88, 99903, NULL, 1366599600, NULL),
(234, 0, 222, 88, 99903, NULL, 1366599600, NULL),
(235, 0, 223, 88, 99903, NULL, 1366599600, NULL),
(236, 0, 224, 88, 99903, NULL, 1366599600, NULL),
(237, 0, 225, 88, 99903, NULL, 1366599600, NULL),
(238, 0, 226, 88, 99903, NULL, 1366686000, NULL),
(239, 0, 226, 379, NULL, NULL, NULL, NULL),
(240, 0, 227, 88, 99903, NULL, 1366686000, NULL),
(241, 0, 227, 379, 99908, NULL, 1366686000, 'okey, pero bajen un poco despensa'),
(242, 0, 227, 89, 99903, 241, 1366686000, 'eso debe quedar de esa manera.'),
(243, 0, 227, 379, 99908, 241, 1366686000, 'okey, despensa queda a 100.40'),
(244, 0, 227, 89, 99903, NULL, 1366686000, 'okey'),
(245, 0, 228, 88, 99903, NULL, 1366686000, NULL),
(246, 0, 228, 379, 99908, NULL, 1366686000, 'ok'),
(247, 0, 228, 89, 99903, 246, 1366686000, 'fijate si basja el detalle'),
(248, 0, 228, 379, 99908, 246, 1366686000, 'okey, hago eso.'),
(249, 0, 228, 89, NULL, NULL, NULL, NULL),
(250, 0, 229, 88, 99903, NULL, 1366772400, NULL),
(251, 0, 229, 379, 99908, 250, 1366772400, 'hay algo mal'),
(252, 0, 229, 88, 99903, 250, 1366772400, 'ok sigue'),
(253, 0, 229, 379, 99908, NULL, 1366772400, 'perfecto'),
(254, 0, 229, 89, 99903, 251, 1366772400, 'hay que tocar algo'),
(255, 0, 229, 379, 99908, 251, 1366772400, 'ahora sí, ya lo corregimos'),
(256, 0, 229, 89, 99903, NULL, 1366772400, 'sdsd'),
(257, 0, 230, 88, 99903, NULL, 1366772400, NULL),
(258, 0, 230, 379, 99908, NULL, 1366772400, 'ok'),
(259, 0, 230, 89, 99903, 258, 1366772400, 'hay que revisar'),
(260, 0, 230, 379, 99908, NULL, 1366772400, 'okey. Ahora sí.'),
(261, 0, 230, 89, NULL, NULL, NULL, NULL),
(262, 0, 231, 88, 99903, NULL, 1366772400, NULL),
(263, 0, 231, 379, 99908, 262, 1366772400, 'habria que ver tal cosa'),
(264, 0, 231, 88, 99903, NULL, 1366772400, 'okey, ahora sí'),
(265, 0, 231, 379, 99908, NULL, 1366772400, 'okey'),
(266, 0, 232, 88, 99903, NULL, 1366772400, NULL),
(267, 0, 232, 379, 99908, 266, 1366772400, 'yo modificaria tal cosa.'),
(268, 0, 232, 88, 99908, NULL, 1366772400, 'okey'),
(269, 0, 232, 379, 99908, NULL, 1366772400, 'okey'),
(270, 0, 232, 89, 99903, 267, 1366772400, 'igual fijate tal cosa.'),
(271, 0, 232, 379, 99908, NULL, 1366772400, 'ahora sí'),
(272, 0, 232, 89, 99903, NULL, 1366772400, 'okey, lo cierro.'),
(273, 0, 231, 89, NULL, NULL, NULL, NULL),
(274, 0, 233, 88, 99903, NULL, 1366858800, NULL),
(275, 0, 233, 379, 99908, NULL, 1366858800, 'esta bien'),
(276, 0, 233, 89, 99903, 275, 1366858800, 'ah pper veamo tal cosa. vuelvo atras'),
(277, 0, 233, 379, 99908, NULL, 1366858800, 'ak. okey. ya lo corregimos'),
(278, 0, 233, 89, 99903, NULL, 1366858800, 'perfecto'),
(279, 0, 234, 88, 99903, NULL, 1366858800, NULL),
(280, 0, 234, 379, 99908, NULL, 1366858800, 'ok'),
(281, 0, 234, 89, 99903, NULL, 1366858800, 'ok'),
(282, 0, 235, 88, 99903, NULL, 1366945200, NULL),
(283, 0, 235, 379, 99908, NULL, 1366945200, 'okey'),
(284, 0, 235, 89, NULL, NULL, NULL, NULL),
(285, 0, 236, 88, 99903, NULL, 1367204400, NULL),
(286, 0, 237, 88, 99903, NULL, 1367463600, NULL),
(287, 0, 238, 88, 99903, NULL, 1367550000, NULL),
(288, 0, 239, 88, 99903, NULL, 1367550000, NULL),
(289, 0, 240, 88, 99903, NULL, 1367809200, NULL),
(290, 0, 241, 88, 99903, NULL, 1367809200, NULL),
(291, 0, 242, 88, 99903, NULL, 1367809200, NULL),
(292, 0, 243, 88, 99903, NULL, 1367809200, NULL),
(293, 0, 244, 88, 99903, NULL, 1367809200, NULL),
(294, 0, 245, 88, 99903, NULL, 1367809200, NULL),
(295, 0, 246, 88, 99903, NULL, 1367809200, NULL),
(296, 0, 247, 88, 99903, NULL, 1367809200, NULL),
(297, 0, 248, 88, 99903, NULL, 1367809200, NULL),
(298, 0, 249, 88, 99903, NULL, 1367809200, NULL),
(299, 0, 249, 379, NULL, NULL, NULL, NULL),
(300, 0, 250, 88, 99903, NULL, 1367809200, NULL),
(301, 0, 251, 88, 99903, NULL, 1367809200, NULL),
(302, 0, 252, 88, 99903, NULL, 1367809200, NULL),
(303, 0, 252, 379, 99908, NULL, 1367809200, 'ok'),
(304, 0, 252, 89, 99903, NULL, 1367809200, 'perfecto. cierro'),
(305, 0, 253, 88, 99903, NULL, 1367809200, NULL),
(306, 0, 253, 379, 99908, 305, 1367809200, 'faltan los gastos.'),
(307, 0, 253, 88, 99903, NULL, 1367809200, 'si, no los hay.'),
(308, 0, 253, 379, 99908, NULL, 1367809200, 'oka'),
(309, 0, 253, 89, 99903, NULL, 1367809200, 'perfecto. cierro'),
(310, 0, 254, 88, 99903, NULL, 1367895600, NULL),
(311, 0, 254, 379, 99908, NULL, 1367895600, 'okey, perfecto'),
(312, 0, 254, 89, 99903, 311, 1367895600, 'ah no, modifica tal cosa.'),
(313, 0, 254, 379, 99908, NULL, 1367895600, 'oke'),
(314, 0, 254, 89, NULL, NULL, NULL, NULL),
(315, 0, 255, 88, 99903, NULL, 1368500400, NULL),
(316, 0, 256, 88, 99903, NULL, 1368759600, NULL),
(317, 0, 257, 88, 99903, NULL, 1368759600, NULL),
(318, 0, 257, 379, NULL, NULL, NULL, NULL),
(319, 0, 258, 88, 99903, NULL, 1368759600, NULL),
(320, 0, 259, 88, 99903, NULL, 1368759600, NULL),
(321, 0, 260, 88, 99903, NULL, 1368759600, NULL),
(322, 0, 260, 379, NULL, NULL, NULL, NULL),
(323, 0, 261, 88, 99903, NULL, 1369018800, NULL),
(324, 0, 262, 88, 99903, NULL, 1369018800, NULL),
(325, 0, 263, 88, 99903, NULL, 1369018800, NULL),
(326, 0, 264, 88, 99903, NULL, 1369018800, NULL),
(327, 0, 265, 88, 99903, NULL, 1369018800, NULL),
(328, 0, 266, 88, 99903, NULL, 1369018800, NULL),
(329, 0, 267, 88, 99903, NULL, 1369018800, NULL),
(330, 0, 268, 88, 99903, NULL, 1369018800, NULL),
(331, 0, 269, 88, 99903, NULL, 1369018800, NULL),
(332, 0, 269, 379, NULL, NULL, NULL, NULL),
(333, 0, 270, 88, 99903, NULL, 1369018800, NULL),
(334, 0, 270, 379, NULL, NULL, NULL, NULL),
(335, 0, 271, 88, 99903, NULL, 1369018800, NULL),
(336, 0, 271, 379, NULL, NULL, NULL, NULL),
(337, 0, 272, 88, 99903, NULL, 1369018800, NULL),
(338, 0, 273, 88, 99903, NULL, 1369018800, NULL),
(339, 0, 274, 88, 99903, NULL, 1369018800, NULL),
(340, 0, 275, 88, 99903, NULL, 1369018800, NULL),
(341, 0, 275, 379, NULL, NULL, NULL, NULL),
(342, 0, 276, 88, 99903, NULL, 1369018800, NULL),
(343, 0, 277, 88, 99903, NULL, 1369018800, NULL),
(344, 0, 278, 88, 99903, NULL, 1369018800, NULL),
(345, 0, 279, 88, 99903, NULL, 1369018800, NULL),
(346, 0, 279, 379, NULL, NULL, NULL, NULL),
(347, 0, 280, 88, 99903, NULL, 1369018800, NULL),
(348, 0, 280, 379, NULL, NULL, NULL, NULL),
(349, 0, 281, 88, 99903, NULL, 1369018800, NULL),
(350, 0, 281, 379, NULL, NULL, NULL, NULL),
(351, 0, 282, 88, 99903, NULL, 1369018800, NULL),
(352, 0, 283, 88, 99903, NULL, 1369105200, NULL),
(353, 0, 284, 88, 99903, NULL, 1369105200, NULL),
(354, 0, 284, 379, NULL, NULL, NULL, NULL),
(355, 0, 285, 88, 99903, NULL, 1369105200, NULL),
(356, 0, 285, 379, NULL, NULL, NULL, NULL),
(357, 0, 286, 88, 99903, NULL, 1369105200, NULL),
(358, 0, 286, 379, 99908, NULL, 1369105200, 'okey'),
(359, 0, 286, 89, 99903, NULL, 1369105200, 'perfecto');

-- --------------------------------------------------------

--
-- Table structure for table `kirke_componente`
--

CREATE TABLE IF NOT EXISTS `kirke_componente` (
  `id_componente` int(6) NOT NULL AUTO_INCREMENT,
  `id_tabla` int(6) NOT NULL DEFAULT '0',
  `orden` int(6) NOT NULL DEFAULT '0',
  `componente` varchar(30) DEFAULT NULL,
  `tabla_campo` varchar(40) DEFAULT NULL,
  PRIMARY KEY (`id_componente`),
  KEY `id_pagina` (`id_tabla`)
) ENGINE=InnoDB  DEFAULT CHARSET=utf8 AUTO_INCREMENT=100914 ;

--
-- Dumping data for table `kirke_componente`
--

INSERT INTO `kirke_componente` (`id_componente`, `id_tabla`, `orden`, `componente`, `tabla_campo`) VALUES
(3001, 3001, 3001, '001-CampoTexto', 'nombre'),
(3002, 3001, 3002, '001-CampoTexto', 'apellido'),
(3003, 3001, 3006, '003-CampoNumero', 'documento'),
(3007, 3001, 3008, '019-SeparadorConTitulo', ''),
(3008, 3001, 3009, '001-CampoTexto', 'calle'),
(3009, 3001, 3010, '001-CampoTexto', 'altura'),
(3010, 3001, 3011, '001-CampoTexto', 'piso'),
(3011, 3001, 3012, '001-CampoTexto', 'departamento'),
(3012, 3001, 3016, '001-CampoTexto', 'codigo_postal'),
(3013, 3003, 3013, '001-CampoTexto', 'pais'),
(3014, 3004, 3014, '006-Desplegable', 'id_sis_pais'),
(3015, 3004, 3015, '001-CampoTexto', 'provincia'),
(3016, 3001, 3017, '021-DesplegableMultiple', 'id_sis_provincia'),
(3017, 3001, 3018, '001-CampoTexto', 'partido'),
(3018, 3001, 3019, '001-CampoTexto', 'ciudad'),
(3019, 3001, 3020, '019-SeparadorConTitulo', ''),
(3020, 3001, 3021, '001-CampoTexto', 'telefono'),
(3021, 3001, 3022, '001-CampoTexto', 'celular'),
(3022, 3001, 3023, '001-CampoTexto', 'mail'),
(3026, 3001, 3032, '004-Fecha', 'fecha_de_nacimiento'),
(3030, 3001, 3036, '001-CampoTexto', 'recomendado_por'),
(3031, 3001, 3039, '005-Opcion', 'familiares_en_la_empresa'),
(3032, 3001, 3040, '001-CampoTexto', 'nombre_del_familiar'),
(3033, 3001, 3038, '019-SeparadorConTitulo', ''),
(3034, 3001, 3041, '001-CampoTexto', 'apellido_del_familiar'),
(3035, 3001, 3042, '001-CampoTexto', 'cargo_del_familiar'),
(3036, 3001, 3043, '019-SeparadorConTitulo', ''),
(3037, 3001, 3044, '001-CampoTexto', 'padre_nombre'),
(3038, 3001, 3045, '001-CampoTexto', 'padre_apellido'),
(3039, 3001, 3046, '004-Fecha', 'padre_fecha_de_nacimiento'),
(3040, 3001, 3047, '001-CampoTexto', 'padre_nacionalidad'),
(3041, 3001, 3005, '001-CampoTexto', 'tipo_de_documento'),
(3042, 3001, 3026, '001-CampoTexto', 'nacionalidad'),
(3043, 3001, 3035, '001-CampoTexto', 'clave_identificacion'),
(3044, 3001, 3033, '001-CampoTexto', 'estado_civil'),
(3045, 3001, 3034, '001-CampoTexto', 'clave_identificacion_tipo'),
(3046, 3001, 3030, '001-CampoTexto', 'sexo'),
(3047, 3001, 3051, '001-CampoTexto', 'padre_clave_identificacion_t'),
(3048, 3001, 3052, '001-CampoTexto', 'padre_clave_identificacion'),
(3049, 3001, 3048, '001-CampoTexto', 'padre_tipo_de_documento'),
(3050, 3001, 3049, '001-CampoTexto', 'padre_documento'),
(3051, 3001, 3050, '001-CampoTexto', 'padre_ocupacion'),
(3052, 3001, 3053, '019-SeparadorConTitulo', ''),
(3053, 3001, 3054, '001-CampoTexto', 'madre_nombre'),
(3054, 3001, 3055, '001-CampoTexto', 'madre_apellido'),
(3055, 3001, 3056, '004-Fecha', 'madre_fecha_de_nacimiento'),
(3056, 3001, 3057, '001-CampoTexto', 'madre_nacionalidad'),
(3057, 3001, 3058, '001-CampoTexto', 'madre_tipo_de_documento'),
(3058, 3001, 3059, '001-CampoTexto', 'madre_documento'),
(3059, 3001, 3060, '001-CampoTexto', 'madre_ocupacion'),
(3060, 3001, 3061, '001-CampoTexto', 'madre_clave_identificacion_t'),
(3061, 3001, 3062, '001-CampoTexto', 'madre_clave_identificacion'),
(3062, 3001, 3063, '019-SeparadorConTitulo', ''),
(3063, 3001, 3064, '001-CampoTexto', 'conyuge_nombre'),
(3064, 3001, 3065, '001-CampoTexto', 'conyuge_apellido'),
(3065, 3001, 3066, '004-Fecha', 'conyuge_fecha_de_nacimiento'),
(3066, 3001, 3067, '001-CampoTexto', 'conyuge_nacionalidad'),
(3067, 3001, 3068, '001-CampoTexto', 'conyuge_tipo_de_documento'),
(3068, 3001, 3069, '001-CampoTexto', 'conyuge_documento'),
(3069, 3001, 3070, '001-CampoTexto', 'conyuge_ocupacion'),
(3070, 3001, 3071, '001-CampoTexto', 'conyuge_clave_identificacion_t'),
(3071, 3001, 3072, '001-CampoTexto', 'conyuge_clave_identificacion'),
(3072, 3001, 3073, '019-SeparadorConTitulo', ''),
(3073, 3001, 3074, '001-CampoTexto', 'puesto_1'),
(3076, 3001, 3075, '001-CampoTexto', 'puesto_2'),
(3077, 3001, 3076, '001-CampoTexto', 'puesto_3'),
(3078, 3001, 3077, '001-CampoTexto', 'sucursal_1'),
(3079, 3001, 3078, '001-CampoTexto', 'sucursal_2'),
(3080, 3001, 3079, '001-CampoTexto', 'sucursal_3'),
(3081, 3001, 3080, '005-Opcion', 'casa_central'),
(3082, 3001, 3081, '019-SeparadorConTitulo', ''),
(3083, 3001, 3082, '004-Fecha', 'disponibilidad_dia_desde'),
(3084, 3001, 3083, '004-Fecha', 'disponibilidad_dia_hasta'),
(3085, 3001, 3084, '014-DesplegableNumeros', 'disponibilidad_hora_desde'),
(3086, 3001, 3085, '014-DesplegableNumeros', 'disponibilidad_hora_hasta'),
(3087, 3001, 3165, '002-CampoTextoLargo', 'comentarios'),
(3088, 3008, 3086, '006-Desplegable', 'id_cv_datos_personales'),
(3089, 3008, 3087, '001-CampoTexto', 'nivel'),
(3090, 3008, 3088, '001-CampoTexto', 'institucion'),
(3091, 3008, 3089, '001-CampoTexto', 'estado'),
(3092, 3008, 3090, '001-CampoTexto', 'titulo'),
(3093, 3008, 3091, '001-CampoTexto', 'area'),
(3094, 3008, 3092, '002-CampoTextoLargo', 'comentarios'),
(3095, 3009, 3094, '001-CampoTexto', 'idioma'),
(3096, 3009, 3095, '001-CampoTexto', 'habla'),
(3097, 3009, 3096, '001-CampoTexto', 'lee'),
(3098, 3009, 3107, '001-CampoTexto', 'escribe'),
(3099, 3010, 3098, '001-CampoTexto', 'empresa'),
(3100, 3010, 3099, '001-CampoTexto', 'telefono'),
(3101, 3010, 3100, '002-CampoTextoLargo', 'direccion_laboral'),
(3102, 3010, 3101, '004-Fecha', 'fecha_inicio'),
(3103, 3010, 3102, '004-Fecha', 'fecha_fin'),
(3104, 3010, 3103, '001-CampoTexto', 'puesto'),
(3105, 3010, 3104, '001-CampoTexto', 'area'),
(3106, 3010, 3105, '001-CampoTexto', 'industria'),
(3107, 3010, 3106, '002-CampoTextoLargo', 'tareas_realizadas'),
(3108, 3010, 3108, '001-CampoTexto', 'motivo_egreso'),
(3109, 3009, 3093, '006-Desplegable', 'id_cv_datos_personales'),
(3110, 3010, 3097, '006-Desplegable', 'id_cv_datos_personales'),
(100000, 100000, 3109, '001-CampoTexto', 'familia'),
(100001, 100001, 3110, '001-CampoTexto', 'subfamilia'),
(100002, 100001, 3111, '006-Desplegable', 'id_pro_familia'),
(100003, 100003, 3112, '001-CampoTexto', 'marca'),
(100004, 100002, 3113, '021-DesplegableMultiple', 'id_pro_subfamilia'),
(100005, 100002, 3114, '006-Desplegable', 'id_pro_marca'),
(100006, 100002, 3115, '001-CampoTexto', 'referencia'),
(100007, 100002, 3116, '001-CampoTexto', 'producto'),
(100008, 100002, 3117, '002-CampoTextoLargo', 'detalle'),
(100009, 100002, 3118, '019-SeparadorConTitulo', ''),
(100010, 100002, 3119, '003-CampoNumero', 'productos_por_caja'),
(100011, 100002, 3120, '003-CampoNumero', 'alto'),
(100012, 100002, 3121, '003-CampoNumero', 'ancho'),
(100013, 100002, 3122, '003-CampoNumero', 'fondo'),
(100014, 100002, 3123, '003-CampoNumero', 'volumen'),
(100015, 100002, 3124, '003-CampoNumero', 'peso'),
(100016, 100002, 3126, '019-SeparadorConTitulo', ''),
(100017, 100002, 3127, '008-ImagenDirectorio', 'foto_carrito_catalodo'),
(100018, 100002, 3128, '008-ImagenDirectorio', 'foto_catalogo_detalle'),
(100019, 100002, 3175, '008-ImagenDirectorio', 'foto_catalogo_detalle_grande'),
(100020, 100004, 3129, '001-CampoTexto', 'nombre'),
(100021, 100004, 3130, '001-CampoTexto', 'apellido'),
(100022, 100004, 3131, '001-CampoTexto', 'mail'),
(100023, 100004, 3132, '001-CampoTexto', 'telefono'),
(100024, 100004, 3133, '001-CampoTexto', 'empresa'),
(100025, 100004, 3134, '001-CampoTexto', 'ciudad_provincia'),
(100026, 100004, 3135, '001-CampoTexto', 'pais'),
(100027, 100004, 3136, '001-CampoTexto', 'motivo'),
(100028, 100004, 3137, '002-CampoTextoLargo', 'comentario'),
(100029, 100005, 3138, '001-CampoTexto', 'empresa'),
(100030, 100005, 3139, '001-CampoTexto', 'sitio_web'),
(100031, 100005, 3140, '001-CampoTexto', 'identificacion_tributaria'),
(100032, 100005, 3141, '021-DesplegableMultiple', 'id_sis_provincia'),
(100033, 100005, 3142, '001-CampoTexto', 'telefono'),
(100034, 100005, 3143, '001-CampoTexto', 'mail_solicitante'),
(100035, 100006, 3144, '006-Desplegable', 'id_ven_cliente'),
(100036, 100006, 3145, '001-CampoTexto', 'nombre_sucursal'),
(100037, 100006, 3146, '002-CampoTextoLargo', 'direccion'),
(100038, 100006, 3147, '001-CampoTexto', 'telefono'),
(100040, 100005, 3149, '001-CampoTexto', 'usuario'),
(100041, 100005, 3150, '020-Contrasena', 'clave'),
(100042, 100007, 3151, '001-CampoTexto', 'nombre'),
(100043, 100007, 3152, '001-CampoTexto', 'apellido'),
(100044, 100007, 3153, '006-Desplegable', 'id_ven_cliente_sucursales'),
(100045, 100007, 3154, '001-CampoTexto', 'mail'),
(100046, 100007, 3155, '001-CampoTexto', 'telefono'),
(100047, 100007, 3156, '001-CampoTexto', 'celular'),
(100048, 100007, 3157, '001-CampoTexto', 'sector'),
(100049, 100007, 3158, '001-CampoTexto', 'puesto'),
(100050, 100005, 3159, '002-CampoTextoLargo', 'observaciones'),
(100051, 100005, 3218, '005-Opcion', 'habilitado'),
(100052, 100008, 3161, '001-CampoTexto', 'nombre'),
(100053, 100008, 3162, '003-CampoNumero', 'multiplicador'),
(100054, 100005, 3160, '006-Desplegable', 'id_ven_lista_precios'),
(100056, 3001, 3166, '019-SeparadorConTitulo', ''),
(100057, 3001, 3167, '005-Opcion', 'habilitado'),
(100058, 3001, 3168, '001-CampoTexto', 'usuario'),
(100059, 3001, 3174, '020-Contrasena', 'clave'),
(100060, 100010, 3169, '001-CampoTexto', 'area'),
(100065, 3001, 3189, '006-Desplegable', 'id_sis_areas'),
(100066, 100002, 3176, '019-SeparadorConTitulo', ''),
(100067, 100002, 3177, '012-ArchivoDirectorio', 'archivo'),
(100068, 100002, 3178, '003-CampoNumero', 'stock'),
(100069, 100002, 3203, '005-Opcion', 'habilitado'),
(100074, 100011, 3179, '021-DesplegableMultiple', 'id_ven_cliente_sucursales'),
(100075, 100011, 3181, '015-FechaSistema', 'fecha_alta'),
(100076, 100011, 3188, '005-Opcion', 'habilitado'),
(100078, 100012, 3185, '006-Desplegable', 'id_pro_producto'),
(100079, 100012, 3186, '003-CampoNumero', 'cantidad'),
(100080, 100012, 3187, '003-CampoNumero', 'precio'),
(100081, 100012, 3277, '005-Opcion', 'habilitado'),
(100082, 100012, 3278, '015-FechaSistema', 'fecha_alta'),
(100083, 100011, 3180, '002-CampoTextoLargo', 'observacion'),
(100084, 3001, 3190, '019-SeparadorConTitulo', ''),
(100085, 3001, 3191, '004-Fecha', 'recupero_clave_fecha'),
(100086, 3001, 3202, '001-CampoTexto', 'recupero_clave_id'),
(100087, 100013, 3192, '006-Desplegable', 'id_cv_datos_personales'),
(100088, 100013, 3193, '001-CampoTexto', 'nombre'),
(100089, 100013, 3194, '001-CampoTexto', 'apellido'),
(100090, 100013, 3195, '004-Fecha', 'fecha_de_nacimiento'),
(100091, 100013, 3196, '001-CampoTexto', 'nacionalidad'),
(100092, 100013, 3197, '001-CampoTexto', 'tipo_de_documento'),
(100093, 100013, 3198, '001-CampoTexto', 'documento'),
(100094, 100013, 3199, '001-CampoTexto', 'ocupacion'),
(100095, 100013, 3200, '001-CampoTexto', 'clave_identificacion_tipo'),
(100096, 100013, 3201, '001-CampoTexto', 'clave_identificacion_tribut'),
(100097, 3001, 3037, '001-CampoTexto', 'recomendado_por_cargo'),
(100098, 100002, 3125, '003-CampoNumero', 'precio'),
(100099, 100014, 3204, '006-Desplegable', 'id_sis_pais'),
(100100, 100014, 3205, '004-Fecha', 'fecha'),
(100101, 100015, 3206, '001-CampoTexto', 'proceso'),
(100102, 100016, 3207, '006-Desplegable', 'id_sis_areas'),
(100103, 100016, 3208, '006-Desplegable', 'id_sis_procesos'),
(100104, 100016, 3209, '003-CampoNumero', 'proceso_orden'),
(100105, 100016, 3210, '003-CampoNumero', 'dias_activo'),
(100106, 100005, 3163, '002-CampoTextoLargo', 'comentario'),
(100107, 100017, 3212, '006-Desplegable', 'id_ven_cliente'),
(100108, 100017, 3213, '006-Desplegable', 'id_sis_procesos_flujos_dias'),
(100109, 100017, 3214, '006-Desplegable', 'id_cv_datos_personales'),
(100110, 100017, 3215, '003-CampoNumero', 'id_relacionado'),
(100111, 100017, 3216, '015-FechaSistema', 'fecha_alta'),
(100112, 100017, 3217, '002-CampoTextoLargo', 'comentario'),
(100113, 100005, 3211, '003-CampoNumero', 'id_cliente_proc'),
(100115, 100018, 3220, '006-Desplegable', 'id_ven_cliente'),
(100116, 100019, 3221, '006-Desplegable', 'id_ven_pedido_muestra'),
(100117, 100019, 3222, '006-Desplegable', 'id_sis_procesos_flujos_dias'),
(100118, 100019, 3223, '006-Desplegable', 'id_cv_datos_personales'),
(100119, 100019, 3224, '003-CampoNumero', 'id_relacionado'),
(100120, 100019, 3225, '015-FechaSistema', 'fecha_alta'),
(100121, 100019, 3226, '002-CampoTextoLargo', 'comentario'),
(100122, 100020, 3227, '006-Desplegable', 'id_ven_pedido_muestra_proc'),
(100123, 100020, 3228, '005-Opcion', 'activo'),
(100124, 100020, 3229, '006-Desplegable', 'id_pro_producto'),
(100125, 100020, 3230, '003-CampoNumero', 'cantidad'),
(100126, 100021, 3231, '001-CampoTexto', 'campania'),
(100127, 100021, 3232, '001-CampoTexto', 'motivo'),
(100128, 100021, 3233, '001-CampoTexto', 'fecha_inicio'),
(100129, 100021, 3234, '001-CampoTexto', 'hora'),
(100130, 100021, 3235, '019-SeparadorConTitulo', ''),
(100131, 100021, 3236, '004-Fecha', 'mgl_fecha_inicio'),
(100132, 100021, 3237, '001-CampoTexto', 'mgl_asunto'),
(100133, 100021, 3238, '002-CampoTextoLargo', 'mgl_texto'),
(100134, 100021, 3239, '012-ArchivoDirectorio', 'mgl_plantilla'),
(100135, 100022, 3240, '006-Desplegable', 'id_ave_campania'),
(100136, 100022, 3241, '006-Desplegable', 'id_sis_procesos_flujos_dias'),
(100137, 100022, 3242, '006-Desplegable', 'id_cv_datos_personales'),
(100138, 100022, 3243, '003-CampoNumero', 'id_relacionado'),
(100139, 100022, 3244, '015-FechaSistema', 'fecha_alta'),
(100140, 100022, 3245, '002-CampoTextoLargo', 'comentario'),
(100141, 100021, 3246, '003-CampoNumero', 'id_campania_proc'),
(100142, 100018, 3247, '003-CampoNumero', 'id_pedido_muestra_proc'),
(100143, 100023, 3248, '006-Desplegable', 'id_ave_campania_proc'),
(100144, 100023, 3249, '005-Opcion', 'activo'),
(100145, 100023, 3250, '021-DesplegableMultiple', 'id_ven_cliente_contacto'),
(100146, 100023, 3251, '001-CampoTexto', 'hora'),
(100148, 100024, 3252, '021-DesplegableMultiple', 'id_ven_cliente_contacto'),
(100149, 100024, 3253, '001-CampoTexto', 'asunto'),
(100150, 100024, 3254, '002-CampoTextoLargo', 'detalle'),
(100151, 100024, 3256, '019-SeparadorConTitulo', ''),
(100152, 100024, 3257, '012-ArchivoDirectorio', 'archivo_pacto_social'),
(100153, 100024, 3258, '012-ArchivoDirectorio', 'archivo_certificado_registro_prod'),
(100154, 100024, 3259, '012-ArchivoDirectorio', 'archivo_certificado_incumb'),
(100155, 100024, 3260, '012-ArchivoDirectorio', 'archivo_referencias_bancarias'),
(100156, 100024, 3261, '012-ArchivoDirectorio', 'archivo_referencias_com'),
(100157, 100024, 3262, '012-ArchivoDirectorio', 'archivo_autorizaciones'),
(100158, 100024, 3264, '012-ArchivoDirectorio', 'archivo_contrato_credito'),
(100159, 100025, 3263, '006-Desplegable', 'id_ven_analisis_riesgo_crediticio'),
(100160, 100024, 3255, '003-CampoNumero', 'id_analisis_riesgo_crediticio_proc'),
(100161, 100025, 3265, '006-Desplegable', 'id_sis_procesos_flujos_dias'),
(100162, 100025, 3266, '006-Desplegable', 'id_cv_datos_personales'),
(100163, 100025, 3267, '003-CampoNumero', 'id_relacionado'),
(100164, 100025, 3268, '015-FechaSistema', 'fecha_alta'),
(100165, 100025, 3269, '002-CampoTextoLargo', 'comentario'),
(100166, 100026, 3270, '006-Desplegable', 'id_ven_orden_pedidos'),
(100167, 100026, 3271, '006-Desplegable', 'id_sis_procesos_flujos_dias'),
(100168, 100026, 3272, '006-Desplegable', 'id_cv_datos_personales'),
(100169, 100026, 3273, '003-CampoNumero', 'id_relacionado'),
(100170, 100026, 3274, '015-FechaSistema', 'fecha_alta'),
(100171, 100026, 3275, '002-CampoTextoLargo', 'comentario'),
(100174, 100012, 3183, '005-Opcion', 'activo'),
(100175, 100012, 3279, '003-CampoNumero', 'id_orden_pedidos_proc'),
(100176, 100027, 3280, '021-DesplegableMultiple', 'id_ven_cliente_contacto'),
(100177, 100027, 3282, '001-CampoTexto', 'asunto'),
(100178, 100027, 3283, '002-CampoTextoLargo', 'pedido'),
(100179, 100027, 3281, '003-CampoNumero', 'id_pedidos_varios_clientes_proc'),
(100180, 100028, 3284, '006-Desplegable', 'id_ven_pedidos_varios_clientes'),
(100181, 100028, 3285, '006-Desplegable', 'id_sis_procesos_flujos_dias'),
(100182, 100028, 3286, '006-Desplegable', 'id_cv_datos_personales'),
(100183, 100028, 3287, '003-CampoNumero', 'id_relacionado'),
(100184, 100028, 3288, '015-FechaSistema', 'fecha_alta'),
(100185, 100028, 3289, '002-CampoTextoLargo', 'comentario'),
(100186, 100029, 3290, '006-Desplegable', 'id_ven_pedidos_varios_clientes_proc'),
(100187, 100029, 3291, '012-ArchivoDirectorio', 'archivo'),
(100188, 100030, 3292, '021-DesplegableMultiple', 'id_ven_cliente_contacto'),
(100189, 100030, 3294, '002-CampoTextoLargo', 'pedido'),
(100190, 100030, 3293, '003-CampoNumero', 'id_pedido_precio_credito_proc'),
(100191, 100031, 3295, '006-Desplegable', 'id_ven_pedido_precio_credito'),
(100192, 100031, 3296, '006-Desplegable', 'id_sis_procesos_flujos_dias'),
(100193, 100031, 3297, '006-Desplegable', 'id_cv_datos_personales'),
(100194, 100031, 3298, '003-CampoNumero', 'id_relacionado'),
(100195, 100031, 3299, '015-FechaSistema', 'fecha_alta'),
(100196, 100031, 3300, '002-CampoTextoLargo', 'comentario'),
(100197, 100032, 3301, '006-Desplegable', 'id_ven_pedido_precio_credito_proc'),
(100198, 100032, 3302, '005-Opcion', 'activo'),
(100199, 100032, 3303, '012-ArchivoDirectorio', 'archivo'),
(100200, 100033, 3304, '021-DesplegableMultiple', 'id_ven_cliente_contacto'),
(100201, 100033, 3305, '006-Desplegable', 'id_sis_areas'),
(100202, 100033, 3306, '001-CampoTexto', 'asunto'),
(100203, 100033, 3307, '002-CampoTextoLargo', 'pedido'),
(100204, 100033, 3308, '003-CampoNumero', 'id_otros_pedidos_proc'),
(100205, 100034, 3309, '006-Desplegable', 'id_ger_otros_pedidos'),
(100206, 100034, 3310, '006-Desplegable', 'id_sis_procesos_flujos_dias'),
(100207, 100034, 3311, '006-Desplegable', 'id_cv_datos_personales'),
(100208, 100034, 3312, '003-CampoNumero', 'id_relacionado'),
(100209, 100034, 3313, '015-FechaSistema', 'fecha_alta'),
(100210, 100034, 3314, '002-CampoTextoLargo', 'comentario'),
(100212, 100035, 3317, '005-Opcion', 'activo'),
(100213, 100035, 3318, '012-ArchivoDirectorio', 'archivo'),
(100214, 100035, 3316, '006-Desplegable', 'id_ger_otros_pedidos_proc'),
(100215, 100036, 3319, '003-CampoNumero', 'id_pedido_pagos_adelantos_proc'),
(100216, 100036, 3320, '001-CampoTexto', 'asunto'),
(100217, 100036, 3321, '002-CampoTextoLargo', 'pedido'),
(100218, 100037, 3323, '006-Desplegable', 'id_sis_procesos_flujos_dias'),
(100219, 100037, 3322, '006-Desplegable', 'id_adm_pedido_pagos_adelantos'),
(100220, 100037, 3324, '006-Desplegable', 'id_cv_datos_personales'),
(100221, 100037, 3325, '003-CampoNumero', 'id_relacionado'),
(100222, 100037, 3326, '015-FechaSistema', 'fecha_alta'),
(100223, 100037, 3327, '002-CampoTextoLargo', 'comentario'),
(100224, 100038, 3328, '006-Desplegable', 'id_adm_pedido_pagos_adelantos_proc'),
(100225, 100038, 3329, '005-Opcion', 'activo'),
(100226, 100038, 3330, '012-ArchivoDirectorio', 'archivo'),
(100227, 100039, 3331, '003-CampoNumero', 'id_propuestas_mejoras_proc'),
(100228, 100039, 3332, '001-CampoTexto', 'asunto'),
(100229, 100039, 3333, '002-CampoTextoLargo', 'mejora'),
(100230, 100040, 3334, '006-Desplegable', 'id_adm_propuestas_mejoras'),
(100231, 100040, 3335, '006-Desplegable', 'id_sis_procesos_flujos_dias'),
(100232, 100040, 3336, '006-Desplegable', 'id_cv_datos_personales'),
(100233, 100040, 3337, '015-FechaSistema', 'fecha_alta'),
(100234, 100040, 3338, '002-CampoTextoLargo', 'comentario'),
(100235, 100041, 3339, '006-Desplegable', 'id_adm_propuestas_mejoras_proc'),
(100236, 100041, 3340, '005-Opcion', 'activo'),
(100237, 100041, 3341, '012-ArchivoDirectorio', 'archivo'),
(100238, 100042, 3342, '003-CampoNumero', 'id_pedido_compras_proc'),
(100239, 100042, 3343, '001-CampoTexto', 'asunto'),
(100240, 100042, 3344, '002-CampoTextoLargo', 'pedido'),
(100241, 100043, 3345, '006-Desplegable', 'id_adm_pedido_compras'),
(100242, 100043, 3346, '006-Desplegable', 'id_sis_procesos_flujos_dias'),
(100243, 100043, 3347, '006-Desplegable', 'id_cv_datos_personales'),
(100244, 100043, 3348, '003-CampoNumero', 'id_relacionado'),
(100245, 100043, 3349, '015-FechaSistema', 'fecha_alta'),
(100246, 100043, 3350, '002-CampoTextoLargo', 'comentario'),
(100247, 100044, 3351, '006-Desplegable', 'id_adm_pedido_compras_proc'),
(100248, 100044, 3352, '005-Opcion', 'activo'),
(100249, 100044, 3353, '012-ArchivoDirectorio', 'archivo'),
(100250, 100045, 3355, '021-DesplegableMultiple', 'id_ven_cliente_contacto'),
(100251, 100045, 3356, '001-CampoTexto', 'asunto'),
(100252, 100045, 3357, '002-CampoTextoLargo', 'reclamo'),
(100253, 100045, 3354, '003-CampoNumero', 'id_reclamos_proc'),
(100254, 100046, 3358, '006-Desplegable', 'id_adm_reclamos'),
(100255, 100046, 3359, '006-Desplegable', 'id_sis_procesos_flujos_dias'),
(100256, 100046, 3360, '006-Desplegable', 'id_cv_datos_personales'),
(100257, 100046, 3361, '003-CampoNumero', 'id_relacionado'),
(100258, 100046, 3362, '015-FechaSistema', 'fecha_alta'),
(100259, 100046, 3363, '002-CampoTextoLargo', 'comentario'),
(100260, 100047, 3364, '006-Desplegable', 'id_adm_reclamos_proc'),
(100261, 100047, 3365, '005-Opcion', 'activo'),
(100262, 100047, 3366, '012-ArchivoDirectorio', 'archivo'),
(100263, 100048, 3367, '004-Fecha', 'fecha_inicio'),
(100264, 100048, 3368, '004-Fecha', 'fecha_fin'),
(100265, 100048, 3369, '003-CampoNumero', 'cantidad_dias'),
(100266, 100048, 3370, '002-CampoTextoLargo', 'observaciones'),
(100267, 100048, 3371, '003-CampoNumero', 'id_pedido_vacaciones_proc'),
(100268, 100049, 3372, '006-Desplegable', 'id_rh_pedido_vacaciones'),
(100269, 100049, 3373, '006-Desplegable', 'id_cv_datos_personales'),
(100270, 100049, 3374, '003-CampoNumero', 'id_relacionado'),
(100271, 100049, 3375, '015-FechaSistema', 'fecha_alta'),
(100272, 100049, 3376, '002-CampoTextoLargo', 'comentario'),
(100273, 100050, 3377, '006-Desplegable', 'id_rh_pedido_vacaciones_proc'),
(100279, 100050, 3378, '005-Opcion', 'activo'),
(100280, 100050, 3379, '012-ArchivoDirectorio', 'archivo'),
(100281, 100051, 3380, '004-Fecha', 'fecha_inicio'),
(100282, 100051, 3381, '004-Fecha', 'fecha_fin'),
(100283, 100051, 3382, '003-CampoNumero', 'cantidad_dias'),
(100284, 100051, 3383, '002-CampoTextoLargo', 'observaciones'),
(100285, 100051, 3384, '003-CampoNumero', 'id_pedido_dias_libres_proc'),
(100286, 100052, 3385, '006-Desplegable', 'id_rh_pedido_dias_libres'),
(100287, 100052, 3386, '006-Desplegable', 'id_sis_procesos_flujos_dias'),
(100288, 100052, 3387, '006-Desplegable', 'id_cv_datos_personales'),
(100289, 100052, 3388, '003-CampoNumero', 'id_relacionado'),
(100290, 100052, 3389, '015-FechaSistema', 'fecha_alta'),
(100291, 100052, 3390, '002-CampoTextoLargo', 'comentario'),
(100292, 100053, 3391, '006-Desplegable', 'id_rh_pedido_dias_libres_proc'),
(100293, 100053, 3392, '005-Opcion', 'activo'),
(100294, 100053, 3393, '012-ArchivoDirectorio', 'archivo'),
(100295, 100054, 3394, '004-Fecha', 'fecha_inicio'),
(100296, 100054, 3395, '004-Fecha', 'fecha_fin'),
(100297, 100054, 3396, '003-CampoNumero', 'cantidad_dias'),
(100298, 100054, 3397, '002-CampoTextoLargo', 'observaciones'),
(100299, 100054, 3398, '003-CampoNumero', 'id_rendicion_dia_enfermedad_proc'),
(100300, 100055, 3399, '006-Desplegable', 'id_rh_rendicion_dias_enfermedad'),
(100301, 100055, 3400, '006-Desplegable', 'id_sis_procesos_flujos_dias'),
(100302, 100055, 3401, '006-Desplegable', 'id_cv_datos_personales'),
(100303, 100055, 3402, '003-CampoNumero', 'id_relacionado'),
(100304, 100055, 3403, '015-FechaSistema', 'fecha_alta'),
(100305, 100055, 3404, '002-CampoTextoLargo', 'comentario'),
(100306, 100056, 3405, '006-Desplegable', 'id_rh_rendicion_dias_enfermedad'),
(100307, 100056, 3406, '005-Opcion', 'activo'),
(100308, 100056, 3407, '012-ArchivoDirectorio', 'archivo'),
(100309, 100057, 3408, '003-CampoNumero', 'monto'),
(100310, 100057, 3409, '002-CampoTextoLargo', 'observaciones'),
(100311, 100057, 3410, '003-CampoNumero', 'id_pedido_adelanto_proc'),
(100312, 100058, 3411, '006-Desplegable', 'id_rh_pedido_adelanto'),
(100313, 100058, 3412, '006-Desplegable', 'id_sis_procesos_flujos_dias'),
(100314, 100058, 3413, '006-Desplegable', 'id_cv_datos_personales'),
(100315, 100058, 3414, '003-CampoNumero', 'id_relacionado'),
(100316, 100058, 3415, '015-FechaSistema', 'fecha_alta'),
(100317, 100058, 3416, '002-CampoTextoLargo', 'comentario'),
(100318, 100059, 3417, '001-CampoTexto', 'asunto'),
(100319, 100059, 3418, '002-CampoTextoLargo', 'observaciones'),
(100320, 100059, 3419, '003-CampoNumero', 'id_pedidos_de_rrhh_proc'),
(100321, 100060, 3420, '006-Desplegable', 'id_rh_pedidos_de_rrhh'),
(100322, 100060, 3421, '006-Desplegable', 'id_sis_procesos_flujos_dias'),
(100323, 100060, 3422, '006-Desplegable', 'id_cv_datos_personales'),
(100324, 100060, 3423, '003-CampoNumero', 'id_relacionado'),
(100325, 100060, 3424, '015-FechaSistema', 'fecha_alta'),
(100326, 100060, 3425, '002-CampoTextoLargo', 'comentario'),
(100328, 100061, 3426, '006-Desplegable', 'id_rh_pedidos_de_rrhh_proc'),
(100329, 100061, 3427, '005-Opcion', 'activo'),
(100330, 100061, 3428, '012-ArchivoDirectorio', 'archivo'),
(100344, 100065, 3429, '001-CampoTexto', 'asunto'),
(100345, 100065, 3430, '002-CampoTextoLargo', 'reporte'),
(100346, 100065, 3431, '003-CampoNumero', 'id_solucionar_bugs_proc'),
(100347, 100066, 3432, '006-Desplegable', 'id_crm_solucionar_bugs'),
(100348, 100066, 3433, '006-Desplegable', 'id_sis_procesos_flujos_dias'),
(100349, 100066, 3434, '006-Desplegable', 'id_cv_datos_personales'),
(100350, 100066, 3435, '003-CampoNumero', 'id_relacionado'),
(100351, 100066, 3436, '015-FechaSistema', 'fecha_alta'),
(100352, 100066, 3437, '002-CampoTextoLargo', 'comentario'),
(100353, 100067, 3438, '006-Desplegable', 'id_crm_solucionar_bugs_proc'),
(100354, 100067, 3439, '005-Opcion', 'activo'),
(100355, 100067, 3440, '012-ArchivoDirectorio', 'archivo'),
(100356, 100068, 3441, '001-CampoTexto', 'asunto'),
(100357, 100068, 3442, '002-CampoTextoLargo', 'mejora'),
(100358, 100068, 3443, '003-CampoNumero', 'id_mejora_aplicaciones_proc'),
(100359, 100069, 3444, '006-Desplegable', 'id_crm_mejorar_aplicaciones'),
(100360, 100069, 3445, '006-Desplegable', 'id_sis_procesos_flujos_dias'),
(100361, 100069, 3446, '006-Desplegable', 'id_cv_datos_personales'),
(100362, 100069, 3447, '003-CampoNumero', 'id_relacionado'),
(100363, 100069, 3448, '015-FechaSistema', 'fecha_alta'),
(100364, 100069, 3449, '002-CampoTextoLargo', 'comentario'),
(100365, 100070, 3450, '006-Desplegable', 'id_crm_mejorar_aplicaciones_proc'),
(100366, 100070, 3451, '005-Opcion', 'activo'),
(100367, 100070, 3452, '012-ArchivoDirectorio', 'archivo'),
(100368, 100071, 3453, '001-CampoTexto', 'asunto'),
(100369, 100071, 3454, '002-CampoTextoLargo', 'observaciones'),
(100370, 100071, 3455, '003-CampoNumero', 'id_proponer_ideas_proc'),
(100371, 100072, 3456, '006-Desplegable', 'id_dis_proponer_ideas'),
(100373, 100072, 3457, '006-Desplegable', 'id_sis_procesos_flujos_dias'),
(100374, 100072, 3458, '006-Desplegable', 'id_cv_datos_personales'),
(100375, 100072, 3459, '003-CampoNumero', 'id_relacionado'),
(100376, 100072, 3460, '015-FechaSistema', 'fecha_alta'),
(100377, 100072, 3461, '002-CampoTextoLargo', 'comentario'),
(100378, 100073, 3462, '006-Desplegable', 'id_dis_proponer_ideas_proc'),
(100379, 100073, 3463, '005-Opcion', 'activo'),
(100380, 100073, 3464, '012-ArchivoDirectorio', 'archivo'),
(100381, 100074, 3465, '001-CampoTexto', 'asunto'),
(100382, 100074, 3466, '002-CampoTextoLargo', 'observaciones'),
(100383, 100074, 3467, '003-CampoNumero', 'id_imp_arte_fabrica_proc'),
(100384, 100075, 3468, '006-Desplegable', 'id_dis_imp_arte_fabrica'),
(100385, 100075, 3469, '006-Desplegable', 'id_sis_procesos_flujos_dias'),
(100386, 100075, 3470, '006-Desplegable', 'id_cv_datos_personales'),
(100387, 100075, 3471, '003-CampoNumero', 'id_relacionado'),
(100388, 100075, 3472, '015-FechaSistema', 'fecha_alta'),
(100389, 100075, 3473, '002-CampoTextoLargo', 'comentario'),
(100390, 100076, 3474, '006-Desplegable', 'id_dis_imp_arte_fabrica_porc'),
(100391, 100076, 3475, '005-Opcion', 'activo'),
(100392, 100076, 3476, '012-ArchivoDirectorio', 'archivo'),
(100393, 100077, 3477, '001-CampoTexto', 'asunto'),
(100394, 100077, 3478, '002-CampoTextoLargo', 'observaciones'),
(100395, 100077, 3479, '003-CampoNumero', 'id_armado_arte_fabrica_proc'),
(100396, 100078, 3480, '006-Desplegable', 'id_dis_armado_arte_fabrica'),
(100397, 100078, 3481, '006-Desplegable', 'id_sis_procesos_flujos_dias'),
(100398, 100078, 3482, '006-Desplegable', 'id_cv_datos_personales'),
(100399, 100078, 3483, '003-CampoNumero', 'id_relacionado'),
(100400, 100078, 3484, '015-FechaSistema', 'fecha_alta'),
(100401, 100078, 3485, '002-CampoTextoLargo', 'comentario'),
(100402, 100079, 3486, '006-Desplegable', 'id_dis_armado_arte_fabrica_proc'),
(100403, 100079, 3487, '005-Opcion', 'activo'),
(100404, 100079, 3488, '012-ArchivoDirectorio', 'archivo'),
(100414, 100082, 3489, '001-CampoTexto', 'asunto'),
(100415, 100082, 3490, '002-CampoTextoLargo', 'observaciones'),
(100416, 100082, 3491, '003-CampoNumero', 'id_aprobacion_licencias_proc'),
(100417, 100083, 3492, '006-Desplegable', 'id_dis_aprobacion_licencias'),
(100418, 100083, 3493, '006-Desplegable', 'id_sis_procesos_flujos_dias'),
(100419, 100083, 3494, '006-Desplegable', 'id_cv_datos_personales'),
(100420, 100083, 3495, '003-CampoNumero', 'id_relacionado'),
(100421, 100083, 3496, '004-Fecha', 'fecha_alta'),
(100422, 100083, 3497, '002-CampoTextoLargo', 'comentario'),
(100423, 100084, 3498, '006-Desplegable', 'id_dis_aprobacion_licencias_proc'),
(100424, 100084, 3499, '005-Opcion', 'activo'),
(100425, 100084, 3500, '012-ArchivoDirectorio', 'archivo'),
(100426, 100085, 3501, '001-CampoTexto', 'asunto'),
(100427, 100085, 3502, '002-CampoTextoLargo', 'observaciones'),
(100428, 100085, 3503, '003-CampoNumero', 'id_recibir_trabajar_artes_proc'),
(100429, 100086, 3504, '006-Desplegable', 'id_dis_recibir_trabajar_artes'),
(100430, 100086, 3505, '006-Desplegable', 'id_sis_procesos_flujos_dias'),
(100431, 100086, 3506, '006-Desplegable', 'id_cv_datos_personales'),
(100432, 100086, 3507, '003-CampoNumero', 'id_relacionado'),
(100433, 100086, 3508, '015-FechaSistema', 'fecha_alta'),
(100434, 100086, 3509, '002-CampoTextoLargo', 'comentario'),
(100435, 100087, 3510, '006-Desplegable', 'id_dis_recibir_trabajar_artes_proc'),
(100436, 100087, 3511, '005-Opcion', 'activo'),
(100437, 100087, 3512, '012-ArchivoDirectorio', 'archivo'),
(100438, 100088, 3513, '002-CampoTextoLargo', 'observaciones'),
(100439, 100088, 3514, '003-CampoNumero', 'id_mantener_limpieza_proc'),
(100440, 100089, 3515, '006-Desplegable', 'id_bod_mantener_limpieza'),
(100441, 100089, 3516, '006-Desplegable', 'id_sis_procesos_flujos_dias'),
(100442, 100089, 3517, '006-Desplegable', 'id_cv_datos_personales'),
(100443, 100089, 3518, '003-CampoNumero', 'id_relacionado'),
(100444, 100089, 3519, '015-FechaSistema', 'fecha_alta'),
(100445, 100089, 3520, '002-CampoTextoLargo', 'comentario'),
(100446, 100090, 3521, '002-CampoTextoLargo', 'observaciones'),
(100447, 100090, 3522, '004-Fecha', 'fecha'),
(100448, 100090, 3523, '012-ArchivoDirectorio', 'archivo'),
(100449, 100090, 3524, '003-CampoNumero', 'id_audit_stock_limpieza_proc'),
(100450, 100091, 3525, '006-Desplegable', 'id_adm_audit_stock_limpieza'),
(100451, 100091, 3526, '006-Desplegable', 'id_sis_procesos_flujos_dias'),
(100452, 100091, 3527, '006-Desplegable', 'id_cv_datos_personales'),
(100453, 100091, 3528, '003-CampoNumero', 'id_relacionado'),
(100454, 100091, 3529, '015-FechaSistema', 'fecha_alta'),
(100455, 100091, 3530, '002-CampoTextoLargo', 'comentario'),
(100456, 100092, 3531, '021-DesplegableMultiple', 'id_ven_cliente_contacto'),
(100457, 100092, 3532, '001-CampoTexto', 'asunto'),
(100458, 100092, 3533, '002-CampoTextoLargo', 'propuesta'),
(100459, 100092, 3534, '003-CampoNumero', 'id_propuestas_comerciales_proc'),
(100460, 100093, 3535, '006-Desplegable', 'id_ven_propuestas_comerciales'),
(100461, 100093, 3536, '006-Desplegable', 'id_sis_procesos_flujos_dias'),
(100462, 100093, 3537, '006-Desplegable', 'id_cv_datos_personales'),
(100463, 100093, 3538, '003-CampoNumero', 'id_relacionado'),
(100464, 100093, 3539, '015-FechaSistema', 'fecha_alta'),
(100465, 100093, 3540, '002-CampoTextoLargo', 'comentario'),
(100466, 100094, 3541, '006-Desplegable', 'id_ven_propuestas_comerciales_proc'),
(100467, 100094, 3542, '005-Opcion', 'activo'),
(100468, 100094, 3543, '012-ArchivoDirectorio', 'archivo'),
(100469, 100095, 3544, '004-Fecha', 'fecha_inicio'),
(100470, 100095, 3545, '004-Fecha', 'fecha_fin'),
(100471, 100095, 3546, '002-CampoTextoLargo', 'observaciones'),
(100472, 100095, 3547, '003-CampoNumero', 'id_solicitud_viaticos_viajes_proc'),
(100473, 100096, 3548, '006-Desplegable', 'id_ven_solicitud_viaticos_viajes'),
(100474, 100096, 3549, '006-Desplegable', 'id_sis_procesos_flujos_dias'),
(100475, 100096, 3550, '006-Desplegable', 'id_cv_datos_personales'),
(100476, 100096, 3551, '003-CampoNumero', 'id_relacionado'),
(100477, 100096, 3552, '015-FechaSistema', 'fecha_alta'),
(100478, 100096, 3553, '002-CampoTextoLargo', 'comentario'),
(100479, 100097, 3554, '006-Desplegable', 'id_ven_solicitud_viaticos_viajes_proc'),
(100480, 100097, 3555, '005-Opcion', 'activo'),
(100481, 100097, 3556, '021-DesplegableMultiple', 'id_ven_cliente_sucursales'),
(100482, 100098, 3557, '001-CampoTexto', 'referencia'),
(100483, 100099, 3558, '006-Desplegable', 'id_ven_solicitud_viaticos_viajes_proc'),
(100484, 100099, 3560, '002-CampoTextoLargo', 'detalle'),
(100485, 100099, 3578, '003-CampoNumero', 'monto'),
(100486, 100100, 3561, '004-Fecha', 'fecha_inicio'),
(100487, 100100, 3562, '004-Fecha', 'fecha_fin'),
(100488, 100100, 3563, '002-CampoTextoLargo', 'observaciones'),
(100489, 100100, 3564, '003-CampoNumero', 'id_rendicion_viaticos_viajes_proc'),
(100490, 100101, 3565, '006-Desplegable', 'id_ven_rendicion_viaticos_viajes'),
(100491, 100101, 3566, '006-Desplegable', 'id_sis_procesos_flujos_dias'),
(100492, 100101, 3567, '006-Desplegable', 'id_cv_datos_personales'),
(100493, 100101, 3568, '003-CampoNumero', 'id_relacionado'),
(100494, 100101, 3569, '015-FechaSistema', 'fecha_alta'),
(100495, 100101, 3570, '002-CampoTextoLargo', 'comentario'),
(100496, 100102, 3571, '006-Desplegable', 'id_ven_rendicion_viaticos_viajes_proc'),
(100497, 100102, 3572, '005-Opcion', 'activo'),
(100498, 100102, 3573, '021-DesplegableMultiple', 'id_ven_cliente_sucursales'),
(100499, 100103, 3574, '006-Desplegable', 'id_ven_rendicion_viaticos_viajes_proc'),
(100500, 100103, 3576, '002-CampoTextoLargo', 'detalle'),
(100501, 100103, 3577, '003-CampoNumero', 'monto'),
(100502, 100103, 3575, '005-Opcion', 'activo'),
(100503, 100099, 3559, '005-Opcion', 'activo'),
(100504, 100103, 3579, '012-ArchivoDirectorio', 'archivo'),
(100505, 100099, 3580, '006-Desplegable', 'id_sis_gastos_viajes'),
(100506, 100103, 3581, '006-Desplegable', 'id_sis_gastos_viajes'),
(100507, 100104, 3582, '021-DesplegableMultiple', 'id_ven_cliente_sucursales'),
(100508, 100104, 3583, '005-Opcion', 'oficina_cliente'),
(100509, 100104, 3584, '004-Fecha', 'fecha'),
(100510, 100104, 3585, '001-CampoTexto', 'hora'),
(100511, 100104, 3586, '003-CampoNumero', 'id_visitas_de_clientes_proc'),
(100512, 100105, 3587, '006-Desplegable', 'id_ven_visitas_de_clientes'),
(100513, 100105, 3588, '006-Desplegable', 'id_sis_procesos_flujos_dias'),
(100514, 100105, 3589, '006-Desplegable', 'id_cv_datos_personales'),
(100515, 100105, 3590, '003-CampoNumero', 'id_relacionado'),
(100516, 100105, 3591, '015-FechaSistema', 'fecha_alta'),
(100517, 100105, 3592, '002-CampoTextoLargo', 'comentario'),
(100518, 100106, 3593, '006-Desplegable', 'id_ven_visitas_de_clientes_proc'),
(100519, 100106, 3594, '005-Opcion', 'activo'),
(100520, 100106, 3595, '021-DesplegableMultiple', 'id_ven_cliente_sucursales'),
(100521, 100107, 3596, '006-Desplegable', 'id_ven_visitas_de_clientes_proc'),
(100522, 100107, 3597, '005-Opcion', 'activo'),
(100523, 100107, 3598, '021-DesplegableMultiple', 'id_ven_cliente_contacto'),
(100524, 100108, 3599, '006-Desplegable', 'id_ven_visitas_de_clientes_proc'),
(100527, 100108, 3600, '005-Opcion', 'activo'),
(100528, 100108, 3601, '002-CampoTextoLargo', 'tema'),
(100529, 100108, 3602, '005-Opcion', 'tema_tocado'),
(100530, 100109, 3603, '006-Desplegable', 'id_ven_visitas_de_clientes_proc'),
(100531, 100109, 3604, '005-Opcion', 'activo'),
(100532, 100110, 3605, '006-Desplegable', 'id_pro_producto'),
(100533, 100110, 3606, '003-CampoNumero', 'cantidad'),
(100534, 100110, 3607, '006-Desplegable', 'id_cv_datos_personales'),
(100535, 100109, 3608, '006-Desplegable', 'id_pro_producto'),
(100536, 100109, 3609, '003-CampoNumero', 'cantidad'),
(100537, 100011, 3610, '006-Desplegable', 'id_cv_datos_personales'),
(100538, 100011, 3611, '006-Desplegable', 'id_ven_visitas_de_clientes'),
(100539, 100111, 3612, '021-DesplegableMultiple', 'id_ven_cliente_sucursales'),
(100540, 100111, 3613, '001-CampoTexto', 'exhibiendo_mercaderia'),
(100541, 100111, 3614, '001-CampoTexto', 'mercaderia_lugar'),
(100542, 100111, 3615, '001-CampoTexto', 'buena_cantidad_productos'),
(100543, 100111, 3616, '005-Opcion', 'poner_punto_venta'),
(100544, 100111, 3617, '005-Opcion', 'poner_banner'),
(100546, 100112, 3619, '006-Desplegable', 'id_ven_store_check'),
(100547, 100112, 3620, '006-Desplegable', 'id_sis_procesos_flujos_dias'),
(100548, 100112, 3621, '006-Desplegable', 'id_cv_datos_personales'),
(100549, 100112, 3622, '003-CampoNumero', 'id_relacionado'),
(100550, 100112, 3623, '015-FechaSistema', 'fecha_alta'),
(100551, 100112, 3624, '002-CampoTextoLargo', 'comentario'),
(100552, 100111, 3618, '002-CampoTextoLargo', 'observaciones'),
(100553, 100113, 3626, '006-Desplegable', 'id_ven_store_check_proc'),
(100554, 100113, 3627, '005-Opcion', 'activo'),
(100555, 100113, 3628, '006-Desplegable', 'id_pro_producto'),
(100556, 100113, 3629, '003-CampoNumero', 'cantidad'),
(100557, 100114, 3630, '006-Desplegable', 'id_ven_store_check_proc'),
(100558, 100114, 3631, '005-Opcion', 'activo'),
(100559, 100114, 3632, '012-ArchivoDirectorio', 'archivo'),
(100560, 100115, 3633, '006-Desplegable', 'id_ave_campania'),
(100561, 100115, 3634, '006-Desplegable', 'id_ven_cliente_contacto'),
(100562, 100115, 3635, '001-CampoTexto', 'tipo_llamada'),
(100563, 100115, 3636, '001-CampoTexto', 'prioridad'),
(100564, 100115, 3637, '004-Fecha', 'fecha'),
(100565, 100115, 3638, '001-CampoTexto', 'hora'),
(100566, 100115, 3639, '002-CampoTextoLargo', 'observaciones'),
(100567, 100115, 3640, '005-Opcion', 'pedido_muestras'),
(100568, 100115, 3641, '005-Opcion', 'orden_pedidos'),
(100569, 100115, 3642, '005-Opcion', 'propuestas_com_presuprod'),
(100570, 100115, 3643, '005-Opcion', 'alta_liente'),
(100571, 100115, 3644, '005-Opcion', 'pedidos_arios_cliente'),
(100572, 100115, 3645, '003-CampoNumero', 'recordar_temas_pendientes_d'),
(100573, 100115, 3646, '003-CampoNumero', 'id_llamadas_proc'),
(100574, 100116, 3647, '006-Desplegable', 'id_ven_llamadas'),
(100575, 100116, 3648, '006-Desplegable', 'id_sis_procesos_flujos_dias'),
(100576, 100116, 3649, '006-Desplegable', 'id_cv_datos_personales'),
(100577, 100116, 3650, '003-CampoNumero', 'id_relacionado'),
(100578, 100116, 3651, '015-FechaSistema', 'fecha_alta'),
(100579, 100116, 3652, '002-CampoTextoLargo', 'comentario'),
(100580, 100117, 3653, '006-Desplegable', 'id_ven_llamadas_proc'),
(100581, 100117, 3654, '005-Opcion', 'activo'),
(100583, 100117, 3655, '002-CampoTextoLargo', 'tema'),
(100584, 100117, 3656, '005-Opcion', 'tema_tocado'),
(100585, 100118, 3657, '006-Desplegable', 'id_sis_pais'),
(100586, 100118, 3658, '001-CampoTexto', 'ciudad'),
(100587, 100118, 3659, '004-Fecha', 'fecha_inicio'),
(100588, 100118, 3660, '004-Fecha', 'fecha_fin'),
(100589, 100118, 3661, '002-CampoTextoLargo', 'observaciones'),
(100590, 100118, 3662, '003-CampoNumero', 'id_comparacion_hoteles_proc'),
(100591, 100119, 3663, '006-Desplegable', 'id_ave_comparacion_hoteles'),
(100592, 100119, 3664, '006-Desplegable', 'id_sis_procesos_flujos_dias'),
(100593, 100119, 3665, '006-Desplegable', 'id_cv_datos_personales'),
(100594, 100119, 3666, '003-CampoNumero', 'id_relacionado'),
(100595, 100119, 3667, '002-CampoTextoLargo', 'comentario'),
(100596, 100120, 3668, '006-Desplegable', 'id_ave_comparacion_hoteles_proc'),
(100597, 100120, 3669, '005-Opcion', 'activo'),
(100598, 100120, 3670, '001-CampoTexto', 'hotel'),
(100599, 100120, 3671, '002-CampoTextoLargo', 'comentario'),
(100600, 100120, 3672, '003-CampoNumero', 'costo'),
(100601, 100120, 3673, '012-ArchivoDirectorio', 'archivo'),
(100602, 100121, 3674, '006-Desplegable', 'id_sis_pais'),
(100603, 100121, 3675, '001-CampoTexto', 'ciudad'),
(100604, 100121, 3676, '004-Fecha', 'fecha_inicio'),
(100605, 100121, 3677, '004-Fecha', 'fecha_fin'),
(100606, 100121, 3678, '002-CampoTextoLargo', 'observaciones'),
(100607, 100121, 3679, '003-CampoNumero', 'id_comparacion_aerolineas_proc'),
(100608, 100122, 3680, '006-Desplegable', 'id_ave_comparacion_aerolineas'),
(100609, 100122, 3681, '006-Desplegable', 'id_sis_procesos_flujos_dias'),
(100610, 100122, 3682, '006-Desplegable', 'id_cv_datos_personales'),
(100611, 100122, 3683, '003-CampoNumero', 'id_relacionado'),
(100612, 100122, 3684, '015-FechaSistema', 'fecha_alta'),
(100613, 100122, 3685, '002-CampoTextoLargo', 'comentario'),
(100614, 100123, 3686, '006-Desplegable', 'id_ave_comparacion_aerolineas_proc'),
(100615, 100123, 3687, '005-Opcion', 'activo'),
(100616, 100123, 3688, '001-CampoTexto', 'aerolinea'),
(100617, 100123, 3689, '002-CampoTextoLargo', 'comentario'),
(100618, 100123, 3690, '003-CampoNumero', 'costo'),
(100619, 100123, 3691, '012-ArchivoDirectorio', 'archivo'),
(100620, 100124, 3692, '001-CampoTexto', 'proveedor'),
(100621, 100124, 3693, '006-Desplegable', 'id_sis_pais'),
(100622, 100124, 3694, '001-CampoTexto', 'ciudad'),
(100623, 100124, 3695, '002-CampoTextoLargo', 'direccion'),
(100624, 100124, 3696, '001-CampoTexto', 'contacto'),
(100625, 100124, 3697, '001-CampoTexto', 'telefono'),
(100626, 100124, 3698, '002-CampoTextoLargo', 'observaciones'),
(100627, 100124, 3699, '003-CampoNumero', 'id_busqueda_fabricas_precios_proc'),
(100628, 100125, 3700, '006-Desplegable', 'id_crp_busqueda_fabricas_precios'),
(100629, 100125, 3701, '006-Desplegable', 'id_sis_procesos_flujos_dias'),
(100630, 100125, 3702, '006-Desplegable', 'id_cv_datos_personales'),
(100631, 100125, 3703, '003-CampoNumero', 'id_relacionado'),
(100632, 100125, 3704, '015-FechaSistema', 'fecha_alta'),
(100633, 100125, 3705, '002-CampoTextoLargo', 'comentario'),
(100634, 100126, 3706, '006-Desplegable', 'id_crp_busqueda_fabricas_precios_proc'),
(100635, 100126, 3707, '005-Opcion', 'activo'),
(100636, 100126, 3708, '001-CampoTexto', 'producto'),
(100637, 100126, 3709, '002-CampoTextoLargo', 'detalle'),
(100638, 100126, 3710, '003-CampoNumero', 'precio_unitario'),
(100639, 100126, 3711, '003-CampoNumero', 'cantidad_minima'),
(100640, 100127, 3712, '001-CampoTexto', 'proveedor'),
(100641, 100127, 3713, '006-Desplegable', 'id_sis_pais'),
(100642, 100127, 3714, '001-CampoTexto', 'ciudad'),
(100643, 100127, 3715, '002-CampoTextoLargo', 'direccion'),
(100644, 100127, 3716, '002-CampoTextoLargo', 'observaciones'),
(100645, 100127, 3717, '003-CampoNumero', 'id_pedidos_muestras_proc'),
(100646, 100128, 3718, '006-Desplegable', 'id_crp_pedidos_muestras'),
(100647, 100128, 3719, '006-Desplegable', 'id_sis_procesos_flujos_dias'),
(100648, 100128, 3720, '006-Desplegable', 'id_cv_datos_personales'),
(100649, 100128, 3721, '003-CampoNumero', 'id_relacionado'),
(100650, 100128, 3722, '015-FechaSistema', 'fecha_alta'),
(100651, 100128, 3723, '002-CampoTextoLargo', 'comentario'),
(100652, 100129, 3725, '002-CampoTextoLargo', 'referencia_de_producto'),
(100653, 100129, 3726, '003-CampoNumero', 'cantidad'),
(100654, 100129, 3724, '006-Desplegable', 'id_crp_pedidos_muestras_proc'),
(100655, 100130, 3727, '001-CampoTexto', 'nombre_pedido'),
(100660, 100130, 3728, '003-CampoNumero', 'id_pedidos_ej_busqueda_proc'),
(100661, 100131, 3729, '006-Desplegable', 'id_crp_pedidos_ej_busqueda'),
(100662, 100131, 3730, '006-Desplegable', 'id_sis_procesos_flujos_dias'),
(100663, 100131, 3731, '006-Desplegable', 'id_cv_datos_personales'),
(100664, 100131, 3732, '003-CampoNumero', 'id_relacionado'),
(100665, 100131, 3733, '015-FechaSistema', 'fecha_alta'),
(100666, 100131, 3734, '002-CampoTextoLargo', 'comentario'),
(100667, 100132, 3735, '006-Desplegable', 'id_crp_pedidos_ej_busqueda_proc'),
(100668, 100132, 3736, '005-Opcion', 'activo'),
(100669, 100132, 3737, '001-CampoTexto', 'nombre'),
(100670, 100132, 3738, '002-CampoTextoLargo', 'detalle'),
(100671, 100132, 3739, '003-CampoNumero', 'cantidad'),
(100672, 100132, 3740, '003-CampoNumero', 'precio_deseado'),
(100673, 100132, 3741, '002-CampoTextoLargo', 'observaciones'),
(100674, 100132, 3743, '008-ImagenDirectorio', 'foto_1'),
(100675, 100132, 3744, '008-ImagenDirectorio', 'foto_2'),
(100676, 100132, 3745, '008-ImagenDirectorio', 'foto_3'),
(100677, 100132, 3746, '008-ImagenDirectorio', 'foto_4'),
(100678, 100132, 3747, '008-ImagenDirectorio', 'foto_5'),
(100679, 100132, 3742, '019-SeparadorConTitulo', ''),
(100680, 100132, 3748, '019-SeparadorConTitulo', ''),
(100681, 100132, 3749, '012-ArchivoDirectorio', 'archivo_1'),
(100682, 100132, 3750, '012-ArchivoDirectorio', 'archivo_2'),
(100683, 100132, 3751, '012-ArchivoDirectorio', 'archivo_3'),
(100684, 100132, 3752, '012-ArchivoDirectorio', 'archivo_4'),
(100685, 100132, 3753, '012-ArchivoDirectorio', 'archivo_5'),
(100686, 100133, 3754, '001-CampoTexto', 'exposicion'),
(100687, 100133, 3755, '006-Desplegable', 'id_sis_pais'),
(100688, 100133, 3756, '001-CampoTexto', 'ciudad'),
(100689, 100133, 3757, '004-Fecha', 'fecha_inicio'),
(100690, 100133, 3758, '004-Fecha', 'fecha_fin'),
(100691, 100133, 3759, '003-CampoNumero', 'costo'),
(100692, 100133, 3760, '002-CampoTextoLargo', 'observaciones'),
(100693, 100133, 3761, '003-CampoNumero', 'id_visitas_expo_proc'),
(100694, 100134, 3762, '006-Desplegable', 'id_crp_visitas_expo'),
(100695, 100134, 3763, '006-Desplegable', 'id_sis_procesos_flujos_dias'),
(100696, 100134, 3764, '006-Desplegable', 'id_cv_datos_personales'),
(100697, 100134, 3765, '003-CampoNumero', 'id_relacionado'),
(100698, 100134, 3766, '015-FechaSistema', 'fecha_alta'),
(100699, 100134, 3767, '002-CampoTextoLargo', 'comentario'),
(100700, 100135, 3768, '001-CampoTexto', 'fabrica'),
(100701, 100135, 3769, '006-Desplegable', 'id_sis_pais'),
(100702, 100135, 3770, '001-CampoTexto', 'ciudad'),
(100703, 100135, 3771, '004-Fecha', 'fecha_inicio'),
(100704, 100135, 3772, '004-Fecha', 'fecha_fin'),
(100705, 100135, 3773, '003-CampoNumero', 'costo'),
(100706, 100135, 3774, '002-CampoTextoLargo', 'observaciones'),
(100707, 100135, 3775, '003-CampoNumero', 'id_visitas_fabricas_proc'),
(100708, 100136, 3776, '006-Desplegable', 'id_crp_visitas_fabricas'),
(100709, 100136, 3777, '006-Desplegable', 'id_sis_procesos_flujos_dias'),
(100710, 100136, 3778, '006-Desplegable', 'id_cv_datos_personales'),
(100711, 100136, 3779, '003-CampoNumero', 'id_relacionado'),
(100713, 100136, 3780, '015-FechaSistema', 'fecha_alta'),
(100714, 100136, 3781, '002-CampoTextoLargo', 'comentario'),
(100725, 100138, 3782, '021-DesplegableMultiple', 'id_ven_cliente_contacto'),
(100726, 100138, 3783, '004-Fecha', 'fecha'),
(100727, 100138, 3784, '001-CampoTexto', 'hora'),
(100728, 100138, 3785, '019-SeparadorConTitulo', ''),
(100729, 100138, 3786, '001-CampoTexto', 'empresa'),
(100730, 100138, 3787, '001-CampoTexto', 'contacto'),
(100731, 100138, 3788, '001-CampoTexto', 'telefono'),
(100732, 100138, 3789, '001-CampoTexto', 'mail'),
(100733, 100138, 3790, '002-CampoTextoLargo', 'direccion'),
(100734, 100138, 3791, '002-CampoTextoLargo', 'observaciones'),
(100735, 100139, 3792, '006-Desplegable', 'id_tra_aprob_consolidaciones'),
(100736, 100139, 3793, '006-Desplegable', 'id_sis_procesos_flujos_dias'),
(100737, 100139, 3794, '006-Desplegable', 'id_cv_datos_personales'),
(100738, 100139, 3795, '003-CampoNumero', 'id_relacionado'),
(100739, 100139, 3796, '015-FechaSistema', 'fecha_alta'),
(100740, 100139, 3797, '002-CampoTextoLargo', 'comentario'),
(100741, 100141, 3798, '021-DesplegableMultiple', 'id_pro_subfamilia'),
(100742, 100141, 3799, '006-Desplegable', 'id_pro_marca'),
(100743, 100141, 3800, '001-CampoTexto', 'referencia'),
(100744, 100141, 3801, '001-CampoTexto', 'producto'),
(100745, 100141, 3802, '002-CampoTextoLargo', 'detalle'),
(100746, 100141, 3803, '019-SeparadorConTitulo', ''),
(100747, 100141, 3804, '003-CampoNumero', 'productos_por_caja'),
(100748, 100141, 3805, '003-CampoNumero', 'alto'),
(100749, 100141, 3806, '003-CampoNumero', 'ancho'),
(100750, 100141, 3807, '003-CampoNumero', 'fondo'),
(100751, 100141, 3808, '003-CampoNumero', 'volumen'),
(100752, 100141, 3809, '003-CampoNumero', 'peso'),
(100753, 100141, 3810, '003-CampoNumero', 'precio'),
(100754, 100141, 3812, '008-ImagenDirectorio', 'foto_muestra'),
(100755, 100141, 3811, '019-SeparadorConTitulo', ''),
(100756, 100141, 3813, '002-CampoTextoLargo', 'problemas'),
(100757, 100141, 3814, '002-CampoTextoLargo', 'aclaracion'),
(100758, 100141, 3815, '019-SeparadorConTitulo', ''),
(100759, 100141, 3816, '003-CampoNumero', 'piso'),
(100760, 100141, 3817, '003-CampoNumero', 'pared'),
(100761, 100141, 3818, '003-CampoNumero', 'nivel_estanteria'),
(100762, 100141, 3819, '003-CampoNumero', 'cuadrante'),
(100763, 100141, 3820, '002-CampoTextoLargo', 'observaciones'),
(100764, 100141, 3821, '003-CampoNumero', 'id_etapa_productos_proc'),
(100765, 100142, 3822, '006-Desplegable', 'id_pro_etapa_productos'),
(100766, 100142, 3823, '006-Desplegable', 'id_sis_procesos_flujos_dias'),
(100767, 100142, 3824, '006-Desplegable', 'id_cv_datos_personales'),
(100768, 100142, 3825, '003-CampoNumero', 'id_relacionado'),
(100769, 100142, 3826, '015-FechaSistema', 'fecha_alta'),
(100770, 100142, 3827, '002-CampoTextoLargo', 'comentario'),
(100771, 100143, 3828, '001-CampoTexto', 'mantenimieno'),
(100772, 100144, 3829, '006-Desplegable', 'id_sis_mantenimiento_opciones'),
(100773, 100144, 3830, '002-CampoTextoLargo', 'detalle'),
(100774, 100144, 3831, '004-Fecha', 'fecha_inicio'),
(100775, 100145, 3832, '001-CampoTexto', 'periodicidad'),
(100776, 100144, 3833, '006-Desplegable', 'id_sis_periodicidad'),
(100777, 100144, 3834, '003-CampoNumero', 'cada_x_tiempo'),
(100778, 100144, 3835, '003-CampoNumero', 'id_mantenimiento_proc'),
(100779, 100146, 3837, '006-Desplegable', 'id_sis_procesos_flujos_dias'),
(100780, 100146, 3838, '006-Desplegable', 'id_cv_datos_personales'),
(100781, 100146, 3839, '003-CampoNumero', 'id_relacionado'),
(100782, 100146, 3840, '015-FechaSistema', 'fecha_alta'),
(100783, 100146, 3947, '002-CampoTextoLargo', 'comentario'),
(100784, 100147, 3841, '006-Desplegable', 'id_ger_mantenimiento_proc'),
(100785, 100147, 3842, '005-Opcion', 'activo'),
(100786, 100147, 3843, '012-ArchivoDirectorio', 'archivo'),
(100787, 100148, 3844, '006-Desplegable', 'id_ger_mantenimiento_proc'),
(100788, 100148, 3845, '005-Opcion', 'activo'),
(100789, 100148, 3846, '001-CampoTexto', 'mail'),
(100790, 100149, 3847, '001-CampoTexto', 'asunto'),
(100791, 100149, 3848, '002-CampoTextoLargo', 'observaciones'),
(100792, 100149, 3849, '004-Fecha', 'fecha_inicio'),
(100793, 100149, 3850, '006-Desplegable', 'id_sis_periodicidad'),
(100794, 100149, 3851, '003-CampoNumero', 'cada_x_tiempo'),
(100795, 100149, 3852, '003-CampoNumero', 'id_ytd_mantenimientos_proc'),
(100796, 100150, 3853, '006-Desplegable', 'id_adm_ytd_mantenimientos'),
(100797, 100150, 3854, '006-Desplegable', 'id_sis_procesos_flujos_dias'),
(100798, 100150, 3855, '006-Desplegable', 'id_cv_datos_personales'),
(100799, 100150, 3856, '003-CampoNumero', 'id_relacionado'),
(100800, 100150, 3857, '015-FechaSistema', 'fecha_alta'),
(100801, 100150, 3858, '002-CampoTextoLargo', 'comentario'),
(100802, 100151, 3859, '006-Desplegable', 'id_adm_ytd_mantenimientos_proc');
INSERT INTO `kirke_componente` (`id_componente`, `id_tabla`, `orden`, `componente`, `tabla_campo`) VALUES
(100803, 100151, 3860, '005-Opcion', 'activo'),
(100804, 100151, 3861, '012-ArchivoDirectorio', 'archivo'),
(100805, 100152, 3862, '006-Desplegable', 'id_ger_mantenimiento_proc'),
(100806, 100152, 3863, '005-Opcion', 'activo'),
(100807, 100152, 3865, '005-Opcion', 'resultado'),
(100808, 100152, 3866, '002-CampoTextoLargo', 'detalle'),
(100809, 100152, 3867, '003-CampoNumero', 'costo'),
(100810, 100152, 3868, '019-SeparadorConTitulo', ''),
(100811, 100152, 3869, '012-ArchivoDirectorio', 'archivo_1'),
(100812, 100152, 3870, '012-ArchivoDirectorio', 'archivo_2'),
(100813, 100152, 3871, '012-ArchivoDirectorio', 'archivo_3'),
(100814, 100152, 3872, '012-ArchivoDirectorio', 'archivo_4'),
(100815, 100152, 3885, '012-ArchivoDirectorio', 'archivo_5'),
(100816, 100153, 3873, '006-Desplegable', 'id_adm_ytd_mantenimientos_proc'),
(100817, 100153, 3874, '005-Opcion', 'activo'),
(100818, 100153, 3876, '005-Opcion', 'resultado'),
(100819, 100153, 3877, '002-CampoTextoLargo', 'detalle'),
(100820, 100153, 3878, '003-CampoNumero', 'costo'),
(100821, 100153, 3879, '019-SeparadorConTitulo', ''),
(100822, 100153, 3880, '012-ArchivoDirectorio', 'archivo_1'),
(100823, 100153, 3881, '012-ArchivoDirectorio', 'archivo_2'),
(100824, 100153, 3882, '012-ArchivoDirectorio', 'archivo_3'),
(100825, 100153, 3883, '012-ArchivoDirectorio', 'archivo_4'),
(100826, 100153, 3884, '012-ArchivoDirectorio', 'archivo_5'),
(100827, 100153, 3875, '004-Fecha', 'fecha'),
(100828, 100152, 3864, '004-Fecha', 'fecha'),
(100829, 100154, 3886, '001-CampoTexto', 'cuenta'),
(100830, 100154, 3887, '001-CampoTexto', 'descripcion'),
(100831, 100155, 3888, '002-CampoTextoLargo', 'observaciones'),
(100832, 100155, 3889, '003-CampoNumero', 'id_planificacion_gastos_proc'),
(100833, 100156, 3890, '006-Desplegable', 'id_ger_planificacion_gastos'),
(100834, 100156, 3891, '006-Desplegable', 'id_sis_procesos_flujos_dias'),
(100835, 100156, 3892, '006-Desplegable', 'id_cv_datos_personales'),
(100836, 100156, 3893, '003-CampoNumero', 'id_relacionado'),
(100837, 100156, 3894, '015-FechaSistema', 'fecha_alta'),
(100838, 100156, 3895, '002-CampoTextoLargo', 'comentario'),
(100839, 100157, 3896, '006-Desplegable', 'id_ger_planificacion_gastos_proc'),
(100840, 100157, 3897, '005-Opcion', 'activo'),
(100841, 100157, 3898, '006-Desplegable', 'id_sis_cuentas'),
(100842, 100157, 3899, '002-CampoTextoLargo', 'detalle'),
(100844, 100157, 3901, '003-CampoNumero', 'mes'),
(100845, 100157, 3902, '003-CampoNumero', 'monto'),
(100846, 100158, 3903, '002-CampoTextoLargo', 'observaciones'),
(100847, 100158, 3904, '003-CampoNumero', 'id_ytd_gastos_costos_proc'),
(100848, 100159, 3905, '006-Desplegable', 'id_adm_ytd_gastos_costos'),
(100849, 100159, 3906, '006-Desplegable', 'id_sis_procesos_flujos_dias'),
(100850, 100159, 3907, '006-Desplegable', 'id_cv_datos_personales'),
(100851, 100159, 3908, '003-CampoNumero', 'id_relacionado'),
(100852, 100159, 3909, '015-FechaSistema', 'fecha_alta'),
(100853, 100159, 3910, '002-CampoTextoLargo', 'comentario'),
(100854, 100160, 3911, '006-Desplegable', 'id_adm_ytd_gastos_costos_proc'),
(100855, 100160, 3912, '005-Opcion', 'activo'),
(100856, 100160, 3913, '006-Desplegable', 'id_sis_cuentas'),
(100857, 100160, 3914, '002-CampoTextoLargo', 'detalle'),
(100862, 100160, 3916, '001-CampoTexto', 'factura'),
(100863, 100160, 3917, '006-Desplegable', 'id_sis_areas'),
(100864, 100160, 3918, '003-CampoNumero', 'monto'),
(100865, 100161, 3919, '002-CampoTextoLargo', 'observaciones'),
(100866, 100161, 3920, '003-CampoNumero', 'id_pedido_caja_chica_proc'),
(100867, 100162, 3921, '006-Desplegable', 'id_adm_pedido_caja_chica'),
(100868, 100162, 3922, '006-Desplegable', 'id_sis_procesos_flujos_dias'),
(100869, 100162, 3923, '006-Desplegable', 'id_cv_datos_personales'),
(100870, 100162, 3924, '003-CampoNumero', 'id_relacionado'),
(100871, 100162, 3925, '015-FechaSistema', 'fecha_alta'),
(100872, 100162, 3926, '002-CampoTextoLargo', 'comentario'),
(100873, 100163, 3927, '006-Desplegable', 'id_adm_pedido_caja_chica_proc'),
(100874, 100163, 3928, '005-Opcion', 'activo'),
(100875, 100163, 3929, '006-Desplegable', 'id_sis_cuentas'),
(100876, 100163, 3930, '002-CampoTextoLargo', 'detalle'),
(100878, 100163, 3932, '001-CampoTexto', 'factura'),
(100879, 100163, 3933, '006-Desplegable', 'id_sis_areas'),
(100880, 100163, 3934, '003-CampoNumero', 'monto'),
(100881, 100111, 3935, '003-CampoNumero', 'id_store_check_proc'),
(100882, 100049, 3936, '006-Desplegable', 'id_sis_procesos_flujos_dias'),
(100883, 100164, 3937, '002-CampoTextoLargo', 'observaciones'),
(100884, 100164, 3938, '003-CampoNumero', 'id_proveedores_proc'),
(100885, 100165, 3939, '006-Desplegable', 'id_crp_proveedores'),
(100886, 100165, 3940, '006-Desplegable', 'id_sis_procesos_flujos_dias'),
(100887, 100165, 3941, '006-Desplegable', 'id_cv_datos_personales'),
(100888, 100165, 3942, '015-FechaSistema', 'fecha_alta'),
(100889, 100165, 3943, '002-CampoTextoLargo', 'comentario'),
(100890, 100166, 3944, '006-Desplegable', 'id_crp_proveedores_proc'),
(100891, 100166, 3945, '005-Opcion', 'activo'),
(100892, 100166, 3946, '012-ArchivoDirectorio', 'archivo'),
(100893, 100146, 3836, '006-Desplegable', 'id_ger_mantenimiento'),
(100894, 100138, 3948, '003-CampoNumero', 'id_aprob_consolidaciones'),
(100895, 100011, 3949, '003-CampoNumero', 'id_orden_pedidos_proc'),
(100896, 100164, 3950, '001-CampoTexto', 'nombre'),
(100897, 100164, 3951, '002-CampoTextoLargo', 'direccion'),
(100898, 100164, 3952, '001-CampoTexto', 'clave_identificacion_tributaria'),
(100899, 100164, 3953, '001-CampoTexto', 'tipo'),
(100900, 100157, 3954, '006-Desplegable', 'id_crp_proveedores'),
(100901, 100160, 3955, '006-Desplegable', 'id_crp_proveedores'),
(100902, 100163, 3956, '006-Desplegable', 'id_crp_proveedores'),
(100903, 100167, 3957, '001-CampoTexto', 'rol'),
(100904, 100168, 3958, '006-Desplegable', 'id_cv_datos_personales'),
(100905, 100168, 3959, '006-Desplegable', 'id_cv_datos_personales'),
(100906, 100168, 3960, '015-FechaSistema', 'fecha_alta'),
(100907, 100168, 3961, '005-Opcion', 'activo'),
(100908, 100169, 3962, '006-Desplegable', 'id_cv_datos_personales'),
(100909, 100169, 3963, '006-Desplegable', 'id_ven_cliente'),
(100910, 100169, 3964, '005-Opcion', 'activo'),
(100911, 100169, 3965, '015-FechaSistema', 'fecha_alta'),
(100913, 100010, 3966, '005-Opcion', 'acceso_publico');

-- --------------------------------------------------------

--
-- Table structure for table `kirke_componente_parametro`
--

CREATE TABLE IF NOT EXISTS `kirke_componente_parametro` (
  `id_componente_parametro` int(6) NOT NULL AUTO_INCREMENT,
  `id_componente` int(6) NOT NULL DEFAULT '0',
  `parametro` varchar(30) DEFAULT NULL,
  `valor` varchar(200) DEFAULT NULL,
  PRIMARY KEY (`id_componente_parametro`),
  KEY `id_componente` (`id_componente`)
) ENGINE=InnoDB  DEFAULT CHARSET=utf8 AUTO_INCREMENT=107661 ;

--
-- Dumping data for table `kirke_componente_parametro`
--

INSERT INTO `kirke_componente_parametro` (`id_componente_parametro`, `id_componente`, `parametro`, `valor`) VALUES
(3001, 3001, 'tipo_dato', 'texto'),
(3002, 3001, 'largo', '200'),
(3003, 3001, 'tb_columna_tipo', 'nombre'),
(3004, 3001, 'listado_mostrar', 's'),
(3005, 3001, 'obligatorio', 'no_nulo'),
(3006, 3001, 'permite_html', ''),
(3007, 3001, 'idioma_cs', 'Nombre'),
(3008, 3001, 'caracteres_permitidos', ''),
(3009, 3001, 'filtrar', 's'),
(3010, 3002, 'tipo_dato', 'texto'),
(3011, 3002, 'largo', '200'),
(3012, 3002, 'tb_columna_tipo', 'nombre'),
(3013, 3002, 'listado_mostrar', 's'),
(3014, 3002, 'obligatorio', 'no_nulo'),
(3015, 3002, 'permite_html', ''),
(3016, 3002, 'idioma_cs', 'Apellido'),
(3017, 3002, 'caracteres_permitidos', ''),
(3018, 3002, 'filtrar', 's'),
(3019, 3003, 'tipo_dato', 'decimal'),
(3020, 3003, 'tb_columna_tipo', 'nombre'),
(3021, 3003, 'largo', '12'),
(3022, 3003, 'decimales', '0'),
(3023, 3003, 'listado_mostrar', 's'),
(3024, 3003, 'obligatorio', 'no_nulo'),
(3025, 3003, 'idioma_cs', 'Documento'),
(3026, 3003, 'filtrar', 's'),
(3054, 3007, 'tipo_dato', ''),
(3055, 3007, 'idioma_cs', 'Direccion'),
(3056, 3008, 'tipo_dato', 'texto'),
(3057, 3008, 'largo', '200'),
(3058, 3008, 'tb_columna_tipo', 'nombre'),
(3059, 3008, 'listado_mostrar', 'n'),
(3060, 3008, 'obligatorio', 'nulo'),
(3061, 3008, 'permite_html', ''),
(3062, 3008, 'idioma_cs', 'Calle'),
(3063, 3008, 'caracteres_permitidos', ''),
(3064, 3008, 'filtrar', 's'),
(3065, 3009, 'tipo_dato', 'texto'),
(3066, 3009, 'largo', '50'),
(3067, 3009, 'tb_columna_tipo', 'nombre'),
(3068, 3009, 'listado_mostrar', 'n'),
(3069, 3009, 'obligatorio', 'nulo'),
(3070, 3009, 'permite_html', ''),
(3071, 3009, 'idioma_cs', 'Altura'),
(3072, 3009, 'caracteres_permitidos', ''),
(3073, 3009, 'filtrar', 's'),
(3074, 3010, 'tipo_dato', 'texto'),
(3075, 3010, 'largo', '50'),
(3076, 3010, 'tb_columna_tipo', 'nombre'),
(3077, 3010, 'listado_mostrar', 'n'),
(3078, 3010, 'obligatorio', 'nulo'),
(3079, 3010, 'permite_html', ''),
(3080, 3010, 'idioma_cs', 'Piso'),
(3081, 3010, 'caracteres_permitidos', ''),
(3082, 3010, 'filtrar', 's'),
(3083, 3011, 'tipo_dato', 'texto'),
(3084, 3011, 'largo', '50'),
(3085, 3011, 'tb_columna_tipo', 'nombre'),
(3086, 3011, 'listado_mostrar', 'n'),
(3087, 3011, 'obligatorio', 'nulo'),
(3088, 3011, 'permite_html', ''),
(3089, 3011, 'idioma_cs', 'Departamento'),
(3090, 3011, 'caracteres_permitidos', ''),
(3091, 3011, 'filtrar', 's'),
(3092, 3012, 'tipo_dato', 'texto'),
(3093, 3012, 'largo', '50'),
(3094, 3012, 'tb_columna_tipo', 'nombre'),
(3095, 3012, 'listado_mostrar', 'n'),
(3096, 3012, 'obligatorio', 'nulo'),
(3097, 3012, 'permite_html', ''),
(3098, 3012, 'idioma_cs', 'Codigo postal'),
(3099, 3012, 'caracteres_permitidos', ''),
(3100, 3012, 'filtrar', 's'),
(3101, 3013, 'tipo_dato', 'texto'),
(3102, 3013, 'largo', '50'),
(3103, 3013, 'tb_columna_tipo', 'nombre'),
(3104, 3013, 'listado_mostrar', 's'),
(3105, 3013, 'obligatorio', 'no_nulo'),
(3106, 3013, 'permite_html', ''),
(3107, 3013, 'idioma_cs', 'Pais'),
(3108, 3013, 'caracteres_permitidos', ''),
(3109, 3013, 'filtrar', 's'),
(3110, 3014, 'tipo_dato', 'numero'),
(3111, 3014, 'origen_cp_id', '3013'),
(3112, 3014, 'tb_columna_tipo', 'nombre_link'),
(3113, 3014, 'seleccionar_alta', 's'),
(3114, 3014, 'link_a_grupo', 's'),
(3115, 3014, 'listado_mostrar', 's'),
(3116, 3014, 'obligatorio', 'no_nulo'),
(3117, 3014, 'idioma_cs', 'Pais'),
(3118, 3014, 'filtrar', 's'),
(3119, 3015, 'tipo_dato', 'texto'),
(3120, 3015, 'largo', '100'),
(3121, 3015, 'tb_columna_tipo', 'nombre'),
(3122, 3015, 'listado_mostrar', 's'),
(3123, 3015, 'obligatorio', 'no_nulo'),
(3124, 3015, 'permite_html', ''),
(3125, 3015, 'idioma_cs', 'Provincia'),
(3126, 3015, 'caracteres_permitidos', ''),
(3127, 3015, 'filtrar', 's'),
(3128, 3016, 'tipo_dato', 'numero'),
(3129, 3016, 'origen_cp_id', '3015'),
(3130, 3016, 'origen_cp_id_otros', '3013'),
(3131, 3016, 'link_a_grupo', 's'),
(3132, 3016, 'tb_columna_tipo', 'nombre_link'),
(3133, 3016, 'seleccionar_alta', 's'),
(3134, 3016, 'listado_mostrar', 'n'),
(3135, 3016, 'obligatorio', 'nulo'),
(3136, 3016, 'idioma_cs', 'Provincia'),
(3137, 3016, 'filtrar', 's'),
(3138, 3017, 'tipo_dato', 'texto'),
(3139, 3017, 'largo', '100'),
(3140, 3017, 'tb_columna_tipo', 'nombre'),
(3141, 3017, 'listado_mostrar', 'n'),
(3142, 3017, 'obligatorio', 'nulo'),
(3143, 3017, 'permite_html', ''),
(3144, 3017, 'idioma_cs', 'Partido'),
(3145, 3017, 'caracteres_permitidos', ''),
(3146, 3017, 'filtrar', 's'),
(3147, 3018, 'tipo_dato', 'texto'),
(3148, 3018, 'largo', '100'),
(3149, 3018, 'tb_columna_tipo', 'nombre'),
(3150, 3018, 'listado_mostrar', 'n'),
(3151, 3018, 'obligatorio', 'nulo'),
(3152, 3018, 'permite_html', ''),
(3153, 3018, 'idioma_cs', 'Ciudad'),
(3154, 3018, 'caracteres_permitidos', ''),
(3155, 3018, 'filtrar', 's'),
(3156, 3019, 'tipo_dato', ''),
(3157, 3019, 'idioma_cs', 'Otros datos'),
(3158, 3020, 'tipo_dato', 'texto'),
(3159, 3020, 'largo', '100'),
(3160, 3020, 'tb_columna_tipo', 'nombre'),
(3161, 3020, 'listado_mostrar', 'n'),
(3162, 3020, 'obligatorio', 'nulo'),
(3163, 3020, 'permite_html', ''),
(3164, 3020, 'idioma_cs', 'Telefono'),
(3165, 3020, 'caracteres_permitidos', ''),
(3166, 3020, 'filtrar', 's'),
(3167, 3021, 'tipo_dato', 'texto'),
(3168, 3021, 'largo', '100'),
(3169, 3021, 'tb_columna_tipo', 'nombre'),
(3170, 3021, 'listado_mostrar', 'n'),
(3171, 3021, 'obligatorio', 'nulo'),
(3172, 3021, 'permite_html', ''),
(3173, 3021, 'idioma_cs', 'Celular'),
(3174, 3021, 'caracteres_permitidos', ''),
(3175, 3021, 'filtrar', 's'),
(3176, 3022, 'tipo_dato', 'texto'),
(3177, 3022, 'largo', '100'),
(3178, 3022, 'tb_columna_tipo', 'nombre'),
(3179, 3022, 'listado_mostrar', 'n'),
(3180, 3022, 'obligatorio', 'nulo'),
(3181, 3022, 'permite_html', ''),
(3182, 3022, 'idioma_cs', 'Mail'),
(3183, 3022, 'caracteres_permitidos', ''),
(3184, 3022, 'filtrar', 's'),
(3212, 3026, 'tipo_dato', 'numero'),
(3213, 3026, 'tb_columna_tipo', 'fecha'),
(3214, 3026, 'largo', '20'),
(3215, 3026, 'formato_fecha', 'ddmmaaaa'),
(3216, 3026, 'listado_mostrar', 'n'),
(3217, 3026, 'obligatorio', 'no_nulo'),
(3218, 3026, 'idioma_cs', 'Fecha de nacimiento'),
(3219, 3026, 'filtrar', 's'),
(3247, 3030, 'tipo_dato', 'texto'),
(3248, 3030, 'largo', '200'),
(3249, 3030, 'tb_columna_tipo', 'nombre'),
(3250, 3030, 'listado_mostrar', 'n'),
(3251, 3030, 'obligatorio', 'nulo'),
(3252, 3030, 'permite_html', ''),
(3253, 3030, 'idioma_cs', 'Recomendado por'),
(3254, 3030, 'caracteres_permitidos', ''),
(3255, 3030, 'filtrar', 's'),
(3256, 3031, 'tipo_dato', 'numero'),
(3257, 3031, 'tb_columna_tipo', 'nombre'),
(3258, 3031, 'activado', 'n'),
(3259, 3031, 'listado_mostrar', 'n'),
(3260, 3031, 'obligatorio', 'nulo'),
(3261, 3031, 'idioma_cs', 'Posee familiares trabajando en la empresa'),
(3262, 3031, 'filtrar', 's'),
(3263, 3032, 'tipo_dato', 'texto'),
(3264, 3032, 'largo', '200'),
(3265, 3032, 'tb_columna_tipo', 'nombre'),
(3266, 3032, 'listado_mostrar', 'n'),
(3267, 3032, 'obligatorio', 'nulo'),
(3268, 3032, 'permite_html', ''),
(3269, 3032, 'idioma_cs', 'Nombre del familiar'),
(3270, 3032, 'caracteres_permitidos', ''),
(3271, 3032, 'filtrar', 's'),
(3272, 3033, 'tipo_dato', ''),
(3273, 3033, 'idioma_cs', 'Familiar trabajando en la empresa'),
(3274, 3034, 'tipo_dato', 'texto'),
(3275, 3034, 'largo', '200'),
(3276, 3034, 'tb_columna_tipo', 'nombre'),
(3277, 3034, 'listado_mostrar', 'n'),
(3278, 3034, 'obligatorio', 'nulo'),
(3279, 3034, 'permite_html', ''),
(3280, 3034, 'idioma_cs', 'Apellido del familiar'),
(3281, 3034, 'caracteres_permitidos', ''),
(3282, 3034, 'filtrar', 's'),
(3283, 3035, 'tipo_dato', 'texto'),
(3284, 3035, 'largo', '200'),
(3285, 3035, 'tb_columna_tipo', 'nombre'),
(3286, 3035, 'listado_mostrar', 'n'),
(3287, 3035, 'obligatorio', 'nulo'),
(3288, 3035, 'permite_html', ''),
(3289, 3035, 'idioma_cs', 'Cargo del familiar'),
(3290, 3035, 'caracteres_permitidos', ''),
(3291, 3035, 'filtrar', 's'),
(3292, 3036, 'tipo_dato', ''),
(3293, 3036, 'idioma_cs', 'Datos del padre'),
(3294, 3037, 'tipo_dato', 'texto'),
(3295, 3037, 'largo', '200'),
(3296, 3037, 'tb_columna_tipo', 'nombre'),
(3297, 3037, 'listado_mostrar', 'n'),
(3298, 3037, 'obligatorio', 'nulo'),
(3299, 3037, 'permite_html', ''),
(3300, 3037, 'idioma_cs', 'Nombre'),
(3301, 3037, 'caracteres_permitidos', ''),
(3302, 3037, 'filtrar', 's'),
(3303, 3038, 'tipo_dato', 'texto'),
(3304, 3038, 'largo', '200'),
(3305, 3038, 'tb_columna_tipo', 'nombre'),
(3306, 3038, 'listado_mostrar', 'n'),
(3307, 3038, 'obligatorio', 'nulo'),
(3308, 3038, 'permite_html', ''),
(3309, 3038, 'idioma_cs', 'Apellido'),
(3310, 3038, 'caracteres_permitidos', ''),
(3311, 3038, 'filtrar', 's'),
(3312, 3039, 'tipo_dato', 'numero'),
(3313, 3039, 'tb_columna_tipo', 'fecha'),
(3314, 3039, 'largo', '20'),
(3315, 3039, 'formato_fecha', 'ddmmaaaa'),
(3316, 3039, 'listado_mostrar', 'n'),
(3317, 3039, 'obligatorio', 'nulo'),
(3318, 3039, 'idioma_cs', 'Fecha de nacimiento'),
(3319, 3039, 'filtrar', 's'),
(3320, 3040, 'tipo_dato', 'texto'),
(3321, 3040, 'largo', '50'),
(3322, 3040, 'tb_columna_tipo', 'nombre'),
(3323, 3040, 'listado_mostrar', 'n'),
(3324, 3040, 'obligatorio', 'nulo'),
(3325, 3040, 'permite_html', ''),
(3326, 3040, 'idioma_cs', 'Nacionalidad'),
(3327, 3040, 'caracteres_permitidos', ''),
(3328, 3040, 'filtrar', 's'),
(3329, 3041, 'tipo_dato', 'texto'),
(3330, 3041, 'largo', '50'),
(3331, 3041, 'tb_columna_tipo', 'nombre'),
(3332, 3041, 'listado_mostrar', 'n'),
(3333, 3041, 'obligatorio', 'nulo'),
(3334, 3041, 'permite_html', ''),
(3335, 3041, 'idioma_cs', 'Tipo de documento'),
(3336, 3041, 'caracteres_permitidos', ''),
(3337, 3041, 'filtrar', 's'),
(3338, 3042, 'tipo_dato', 'texto'),
(3339, 3042, 'largo', '100'),
(3340, 3042, 'tb_columna_tipo', 'nombre'),
(3341, 3042, 'listado_mostrar', 'n'),
(3342, 3042, 'obligatorio', 'nulo'),
(3343, 3042, 'permite_html', ''),
(3344, 3042, 'idioma_cs', 'Nacionalidad'),
(3345, 3042, 'caracteres_permitidos', ''),
(3346, 3042, 'filtrar', 's'),
(3347, 3043, 'tipo_dato', 'texto'),
(3348, 3043, 'largo', '50'),
(3349, 3043, 'tb_columna_tipo', 'nombre'),
(3350, 3043, 'listado_mostrar', 's'),
(3351, 3043, 'obligatorio', 'no_nulo'),
(3352, 3043, 'permite_html', ''),
(3353, 3043, 'idioma_cs', 'Clave de identificacion tributaria'),
(3354, 3043, 'caracteres_permitidos', ''),
(3355, 3043, 'filtrar', 's'),
(3356, 3044, 'tipo_dato', 'texto'),
(3357, 3044, 'largo', '50'),
(3358, 3044, 'tb_columna_tipo', 'nombre'),
(3359, 3044, 'listado_mostrar', 'n'),
(3360, 3044, 'obligatorio', 'nulo'),
(3361, 3044, 'permite_html', ''),
(3362, 3044, 'idioma_cs', 'Estado civil'),
(3363, 3044, 'caracteres_permitidos', ''),
(3364, 3044, 'filtrar', 's'),
(3365, 3045, 'tipo_dato', 'texto'),
(3366, 3045, 'largo', '50'),
(3367, 3045, 'tb_columna_tipo', 'nombre'),
(3368, 3045, 'listado_mostrar', 'n'),
(3369, 3045, 'obligatorio', 'nulo'),
(3370, 3045, 'permite_html', ''),
(3371, 3045, 'idioma_cs', 'Clave de identificacion tributaria tipo'),
(3372, 3045, 'caracteres_permitidos', ''),
(3373, 3045, 'filtrar', 's'),
(3374, 3046, 'tipo_dato', 'texto'),
(3375, 3046, 'largo', '50'),
(3376, 3046, 'tb_columna_tipo', 'nombre'),
(3377, 3046, 'listado_mostrar', 'n'),
(3378, 3046, 'obligatorio', 'nulo'),
(3379, 3046, 'permite_html', ''),
(3380, 3046, 'idioma_cs', 'Sexo'),
(3381, 3046, 'caracteres_permitidos', ''),
(3382, 3046, 'filtrar', 's'),
(3383, 3047, 'tipo_dato', 'texto'),
(3384, 3047, 'largo', '50'),
(3385, 3047, 'tb_columna_tipo', 'nombre'),
(3386, 3047, 'listado_mostrar', 'n'),
(3387, 3047, 'obligatorio', 'nulo'),
(3388, 3047, 'permite_html', ''),
(3389, 3047, 'idioma_cs', 'Clave de identificacion tributaria tipo'),
(3390, 3047, 'caracteres_permitidos', ''),
(3391, 3047, 'filtrar', 's'),
(3392, 3048, 'tipo_dato', 'texto'),
(3393, 3048, 'largo', '50'),
(3394, 3048, 'tb_columna_tipo', 'nombre'),
(3395, 3048, 'listado_mostrar', 'n'),
(3396, 3048, 'obligatorio', 'nulo'),
(3397, 3048, 'permite_html', ''),
(3398, 3048, 'idioma_cs', 'Clave de identificacion tributaria'),
(3399, 3048, 'caracteres_permitidos', ''),
(3400, 3048, 'filtrar', 's'),
(3401, 3049, 'tipo_dato', 'texto'),
(3402, 3049, 'largo', '50'),
(3403, 3049, 'tb_columna_tipo', 'nombre'),
(3404, 3049, 'listado_mostrar', 'n'),
(3405, 3049, 'obligatorio', 'nulo'),
(3406, 3049, 'permite_html', ''),
(3407, 3049, 'idioma_cs', 'Tipo de documento'),
(3408, 3049, 'caracteres_permitidos', ''),
(3409, 3049, 'filtrar', 's'),
(3410, 3050, 'tipo_dato', 'texto'),
(3411, 3050, 'largo', '50'),
(3412, 3050, 'tb_columna_tipo', 'nombre'),
(3413, 3050, 'listado_mostrar', 'n'),
(3414, 3050, 'obligatorio', 'nulo'),
(3415, 3050, 'permite_html', ''),
(3416, 3050, 'idioma_cs', 'Documento'),
(3417, 3050, 'caracteres_permitidos', ''),
(3418, 3050, 'filtrar', 's'),
(3419, 3051, 'tipo_dato', 'texto'),
(3420, 3051, 'largo', '200'),
(3421, 3051, 'tb_columna_tipo', 'nombre'),
(3422, 3051, 'listado_mostrar', 'n'),
(3423, 3051, 'obligatorio', 'nulo'),
(3424, 3051, 'permite_html', ''),
(3425, 3051, 'idioma_cs', 'Ocupacion'),
(3426, 3051, 'caracteres_permitidos', ''),
(3427, 3051, 'filtrar', 's'),
(3428, 3052, 'tipo_dato', ''),
(3429, 3052, 'idioma_cs', 'Datos de la madre'),
(3430, 3053, 'tipo_dato', 'texto'),
(3431, 3053, 'largo', '200'),
(3432, 3053, 'tb_columna_tipo', 'nombre'),
(3433, 3053, 'listado_mostrar', 'n'),
(3434, 3053, 'obligatorio', 'nulo'),
(3435, 3053, 'permite_html', ''),
(3436, 3053, 'idioma_cs', 'Nombre'),
(3437, 3053, 'caracteres_permitidos', ''),
(3438, 3053, 'filtrar', 's'),
(3439, 3054, 'tipo_dato', 'texto'),
(3440, 3054, 'largo', '200'),
(3441, 3054, 'tb_columna_tipo', 'nombre'),
(3442, 3054, 'listado_mostrar', 'n'),
(3443, 3054, 'obligatorio', 'nulo'),
(3444, 3054, 'permite_html', ''),
(3445, 3054, 'idioma_cs', 'Apellido'),
(3446, 3054, 'caracteres_permitidos', ''),
(3447, 3054, 'filtrar', 's'),
(3448, 3055, 'tipo_dato', 'numero'),
(3449, 3055, 'tb_columna_tipo', 'fecha'),
(3450, 3055, 'largo', '20'),
(3451, 3055, 'formato_fecha', 'ddmmaaaa'),
(3452, 3055, 'listado_mostrar', 'n'),
(3453, 3055, 'obligatorio', 'nulo'),
(3454, 3055, 'idioma_cs', 'Fecha de nacimiento'),
(3455, 3055, 'filtrar', 's'),
(3456, 3056, 'tipo_dato', 'texto'),
(3457, 3056, 'largo', '50'),
(3458, 3056, 'tb_columna_tipo', 'nombre'),
(3459, 3056, 'listado_mostrar', 'n'),
(3460, 3056, 'obligatorio', 'nulo'),
(3461, 3056, 'permite_html', ''),
(3462, 3056, 'idioma_cs', 'Nacionalidad'),
(3463, 3056, 'caracteres_permitidos', ''),
(3464, 3056, 'filtrar', 's'),
(3465, 3057, 'tipo_dato', 'texto'),
(3466, 3057, 'largo', '50'),
(3467, 3057, 'tb_columna_tipo', 'nombre'),
(3468, 3057, 'listado_mostrar', 'n'),
(3469, 3057, 'obligatorio', 'nulo'),
(3470, 3057, 'permite_html', ''),
(3471, 3057, 'idioma_cs', 'Tipo de documento'),
(3472, 3057, 'caracteres_permitidos', ''),
(3473, 3057, 'filtrar', 's'),
(3474, 3058, 'tipo_dato', 'texto'),
(3475, 3058, 'largo', '50'),
(3476, 3058, 'tb_columna_tipo', 'nombre'),
(3477, 3058, 'listado_mostrar', 'n'),
(3478, 3058, 'obligatorio', 'nulo'),
(3479, 3058, 'permite_html', ''),
(3480, 3058, 'idioma_cs', 'Documento'),
(3481, 3058, 'caracteres_permitidos', ''),
(3482, 3058, 'filtrar', 's'),
(3483, 3059, 'tipo_dato', 'texto'),
(3484, 3059, 'largo', '200'),
(3485, 3059, 'tb_columna_tipo', 'nombre'),
(3486, 3059, 'listado_mostrar', 'n'),
(3487, 3059, 'obligatorio', 'nulo'),
(3488, 3059, 'permite_html', ''),
(3489, 3059, 'idioma_cs', 'Ocupacion'),
(3490, 3059, 'caracteres_permitidos', ''),
(3491, 3059, 'filtrar', 's'),
(3492, 3060, 'tipo_dato', 'texto'),
(3493, 3060, 'largo', '50'),
(3494, 3060, 'tb_columna_tipo', 'nombre'),
(3495, 3060, 'listado_mostrar', 'n'),
(3496, 3060, 'obligatorio', 'nulo'),
(3497, 3060, 'permite_html', ''),
(3498, 3060, 'idioma_cs', 'Clave de identificacion tributaria tipo'),
(3499, 3060, 'caracteres_permitidos', ''),
(3500, 3060, 'filtrar', 's'),
(3501, 3061, 'tipo_dato', 'texto'),
(3502, 3061, 'largo', '50'),
(3503, 3061, 'tb_columna_tipo', 'nombre'),
(3504, 3061, 'listado_mostrar', 'n'),
(3505, 3061, 'obligatorio', 'nulo'),
(3506, 3061, 'permite_html', ''),
(3507, 3061, 'idioma_cs', 'Clave de identificacion tributaria'),
(3508, 3061, 'caracteres_permitidos', ''),
(3509, 3061, 'filtrar', 's'),
(3510, 3062, 'tipo_dato', ''),
(3511, 3062, 'idioma_cs', 'Datos del conyuge'),
(3512, 3063, 'tipo_dato', 'texto'),
(3513, 3063, 'largo', '200'),
(3514, 3063, 'tb_columna_tipo', 'nombre'),
(3515, 3063, 'listado_mostrar', 'n'),
(3516, 3063, 'obligatorio', 'nulo'),
(3517, 3063, 'permite_html', ''),
(3518, 3063, 'idioma_cs', 'Nombre'),
(3519, 3063, 'caracteres_permitidos', ''),
(3520, 3063, 'filtrar', 's'),
(3521, 3064, 'tipo_dato', 'texto'),
(3522, 3064, 'largo', '200'),
(3523, 3064, 'tb_columna_tipo', 'nombre'),
(3524, 3064, 'listado_mostrar', 'n'),
(3525, 3064, 'obligatorio', 'nulo'),
(3526, 3064, 'permite_html', ''),
(3527, 3064, 'idioma_cs', 'Apellido'),
(3528, 3064, 'caracteres_permitidos', ''),
(3529, 3064, 'filtrar', 's'),
(3530, 3065, 'tipo_dato', 'numero'),
(3531, 3065, 'tb_columna_tipo', 'fecha'),
(3532, 3065, 'largo', '20'),
(3533, 3065, 'formato_fecha', 'ddmmaaaa'),
(3534, 3065, 'listado_mostrar', 'n'),
(3535, 3065, 'obligatorio', 'nulo'),
(3536, 3065, 'idioma_cs', 'Fecha de nacimiento'),
(3537, 3065, 'filtrar', 's'),
(3538, 3066, 'tipo_dato', 'texto'),
(3539, 3066, 'largo', '50'),
(3540, 3066, 'tb_columna_tipo', 'nombre'),
(3541, 3066, 'listado_mostrar', 'n'),
(3542, 3066, 'obligatorio', 'nulo'),
(3543, 3066, 'permite_html', ''),
(3544, 3066, 'idioma_cs', 'Nacionalidad'),
(3545, 3066, 'caracteres_permitidos', ''),
(3546, 3066, 'filtrar', 's'),
(3547, 3067, 'tipo_dato', 'texto'),
(3548, 3067, 'largo', '50'),
(3549, 3067, 'tb_columna_tipo', 'nombre'),
(3550, 3067, 'listado_mostrar', 'n'),
(3551, 3067, 'obligatorio', 'nulo'),
(3552, 3067, 'permite_html', ''),
(3553, 3067, 'idioma_cs', 'Tipo de documento'),
(3554, 3067, 'caracteres_permitidos', ''),
(3555, 3067, 'filtrar', 's'),
(3556, 3068, 'tipo_dato', 'texto'),
(3557, 3068, 'largo', '50'),
(3558, 3068, 'tb_columna_tipo', 'nombre'),
(3559, 3068, 'listado_mostrar', 'n'),
(3560, 3068, 'obligatorio', 'nulo'),
(3561, 3068, 'permite_html', ''),
(3562, 3068, 'idioma_cs', 'Documento'),
(3563, 3068, 'caracteres_permitidos', ''),
(3564, 3068, 'filtrar', 's'),
(3565, 3069, 'tipo_dato', 'texto'),
(3566, 3069, 'largo', '200'),
(3567, 3069, 'tb_columna_tipo', 'nombre'),
(3568, 3069, 'listado_mostrar', 'n'),
(3569, 3069, 'obligatorio', 'nulo'),
(3570, 3069, 'permite_html', ''),
(3571, 3069, 'idioma_cs', 'Ocupacion'),
(3572, 3069, 'caracteres_permitidos', ''),
(3573, 3069, 'filtrar', 's'),
(3574, 3070, 'tipo_dato', 'texto'),
(3575, 3070, 'largo', '50'),
(3576, 3070, 'tb_columna_tipo', 'nombre'),
(3577, 3070, 'listado_mostrar', 'n'),
(3578, 3070, 'obligatorio', 'nulo'),
(3579, 3070, 'permite_html', ''),
(3580, 3070, 'idioma_cs', 'Clave de identificacion tributaria tipo'),
(3581, 3070, 'caracteres_permitidos', ''),
(3582, 3070, 'filtrar', 's'),
(3583, 3071, 'tipo_dato', 'texto'),
(3584, 3071, 'largo', '50'),
(3585, 3071, 'tb_columna_tipo', 'nombre'),
(3586, 3071, 'listado_mostrar', 'n'),
(3587, 3071, 'obligatorio', 'nulo'),
(3588, 3071, 'permite_html', ''),
(3589, 3071, 'idioma_cs', 'Clave de identificacion tributaria'),
(3590, 3071, 'caracteres_permitidos', ''),
(3591, 3071, 'filtrar', 's'),
(3592, 3072, 'tipo_dato', ''),
(3593, 3072, 'idioma_cs', 'Preferencias'),
(3594, 3073, 'tipo_dato', 'texto'),
(3595, 3073, 'largo', '200'),
(3596, 3073, 'tb_columna_tipo', 'nombre'),
(3597, 3073, 'listado_mostrar', 'n'),
(3598, 3073, 'obligatorio', 'nulo'),
(3599, 3073, 'permite_html', ''),
(3600, 3073, 'idioma_cs', 'Puesto'),
(3601, 3073, 'caracteres_permitidos', ''),
(3602, 3073, 'filtrar', 's'),
(3621, 3076, 'tipo_dato', 'texto'),
(3622, 3076, 'largo', '200'),
(3623, 3076, 'tb_columna_tipo', 'nombre'),
(3624, 3076, 'listado_mostrar', 'n'),
(3625, 3076, 'obligatorio', 'nulo'),
(3626, 3076, 'permite_html', ''),
(3627, 3076, 'idioma_cs', 'Otro puesto'),
(3628, 3076, 'caracteres_permitidos', ''),
(3629, 3076, 'filtrar', 's'),
(3630, 3077, 'tipo_dato', 'texto'),
(3631, 3077, 'largo', '200'),
(3632, 3077, 'tb_columna_tipo', 'nombre'),
(3633, 3077, 'listado_mostrar', 'n'),
(3634, 3077, 'obligatorio', 'nulo'),
(3635, 3077, 'permite_html', ''),
(3636, 3077, 'idioma_cs', 'Otro puesto'),
(3637, 3077, 'caracteres_permitidos', ''),
(3638, 3077, 'filtrar', 's'),
(3639, 3078, 'tipo_dato', 'texto'),
(3640, 3078, 'largo', '200'),
(3641, 3078, 'tb_columna_tipo', 'nombre'),
(3642, 3078, 'listado_mostrar', 'n'),
(3643, 3078, 'obligatorio', 'nulo'),
(3644, 3078, 'permite_html', ''),
(3645, 3078, 'idioma_cs', 'Sucursal'),
(3646, 3078, 'caracteres_permitidos', ''),
(3647, 3078, 'filtrar', 's'),
(3648, 3079, 'tipo_dato', 'texto'),
(3649, 3079, 'largo', '200'),
(3650, 3079, 'tb_columna_tipo', 'nombre'),
(3651, 3079, 'listado_mostrar', 'n'),
(3652, 3079, 'obligatorio', 'nulo'),
(3653, 3079, 'permite_html', ''),
(3654, 3079, 'idioma_cs', 'Otra sucursal'),
(3655, 3079, 'caracteres_permitidos', ''),
(3656, 3079, 'filtrar', 's'),
(3657, 3080, 'tipo_dato', 'texto'),
(3658, 3080, 'largo', '200'),
(3659, 3080, 'tb_columna_tipo', 'nombre'),
(3660, 3080, 'listado_mostrar', 'n'),
(3661, 3080, 'obligatorio', 'nulo'),
(3662, 3080, 'permite_html', ''),
(3663, 3080, 'idioma_cs', 'Otra sucursal'),
(3664, 3080, 'caracteres_permitidos', ''),
(3665, 3080, 'filtrar', 's'),
(3666, 3081, 'tipo_dato', 'numero'),
(3667, 3081, 'tb_columna_tipo', 'nombre'),
(3668, 3081, 'activado', 'n'),
(3669, 3081, 'listado_mostrar', 'n'),
(3670, 3081, 'obligatorio', 'nulo'),
(3671, 3081, 'idioma_cs', 'Casa central'),
(3672, 3081, 'filtrar', 's'),
(3673, 3082, 'tipo_dato', ''),
(3674, 3082, 'idioma_cs', 'Disponibilidad horaria'),
(3675, 3083, 'tipo_dato', 'numero'),
(3676, 3083, 'tb_columna_tipo', 'fecha'),
(3677, 3083, 'largo', '20'),
(3678, 3083, 'formato_fecha', 'ddmmaaaa'),
(3679, 3083, 'listado_mostrar', 'n'),
(3680, 3083, 'obligatorio', 'nulo'),
(3681, 3083, 'idioma_cs', 'Dia desde'),
(3682, 3083, 'filtrar', 's'),
(3683, 3084, 'tipo_dato', 'numero'),
(3684, 3084, 'tb_columna_tipo', 'fecha'),
(3685, 3084, 'largo', '20'),
(3686, 3084, 'formato_fecha', 'ddmmaaaa'),
(3687, 3084, 'listado_mostrar', 'n'),
(3688, 3084, 'obligatorio', 'nulo'),
(3689, 3084, 'idioma_cs', 'Dia hasta'),
(3690, 3084, 'filtrar', 's'),
(3691, 3085, 'tipo_dato', 'numero'),
(3692, 3085, 'tb_columna_tipo', 'nombre'),
(3693, 3085, 'largo', '2'),
(3694, 3085, 'listado_mostrar', 'n'),
(3695, 3085, 'obligatorio', 'nulo'),
(3696, 3085, 'idioma_cs', 'Hora desde'),
(3697, 3085, 'minimo', '0'),
(3698, 3085, 'maximo', '23'),
(3699, 3085, 'intervalo', '1'),
(3700, 3085, 'filtrar', 's'),
(3701, 3086, 'tipo_dato', 'numero'),
(3702, 3086, 'tb_columna_tipo', 'nombre'),
(3703, 3086, 'largo', '2'),
(3704, 3086, 'listado_mostrar', 'n'),
(3705, 3086, 'obligatorio', 'nulo'),
(3706, 3086, 'idioma_cs', 'Hora hasta'),
(3707, 3086, 'minimo', '0'),
(3708, 3086, 'maximo', '23'),
(3709, 3086, 'intervalo', '1'),
(3710, 3086, 'filtrar', 's'),
(3711, 3087, 'tipo_dato', 'texto_largo'),
(3712, 3087, 'tb_columna_tipo', 'nombre'),
(3713, 3087, 'alto', '5'),
(3714, 3087, 'ancho', '100'),
(3715, 3087, 'listado_mostrar', 'n'),
(3716, 3087, 'obligatorio', 'nulo'),
(3717, 3087, 'permite_html', 'n'),
(3718, 3087, 'idioma_cs', 'Comentarios'),
(3719, 3087, 'filtrar', 's'),
(3720, 3088, 'tipo_dato', 'numero'),
(3721, 3088, 'origen_cp_id', '3003'),
(3722, 3088, 'tb_columna_tipo', 'nombre_link'),
(3723, 3088, 'seleccionar_alta', 's'),
(3724, 3088, 'link_a_grupo', 's'),
(3725, 3088, 'listado_mostrar', 's'),
(3726, 3088, 'obligatorio', 'nulo'),
(3727, 3088, 'idioma_cs', 'Datos personales'),
(3728, 3088, 'filtrar', 's'),
(3729, 3089, 'tipo_dato', 'texto'),
(3730, 3089, 'largo', '50'),
(3731, 3089, 'tb_columna_tipo', 'nombre'),
(3732, 3089, 'listado_mostrar', 's'),
(3733, 3089, 'obligatorio', 'nulo'),
(3734, 3089, 'permite_html', ''),
(3735, 3089, 'idioma_cs', 'Nivel'),
(3736, 3089, 'caracteres_permitidos', ''),
(3737, 3089, 'filtrar', 's'),
(3738, 3090, 'tipo_dato', 'texto'),
(3739, 3090, 'largo', '100'),
(3740, 3090, 'tb_columna_tipo', 'nombre'),
(3741, 3090, 'listado_mostrar', 's'),
(3742, 3090, 'obligatorio', 'no_nulo'),
(3743, 3090, 'permite_html', ''),
(3744, 3090, 'idioma_cs', 'Institucion'),
(3745, 3090, 'caracteres_permitidos', ''),
(3746, 3090, 'filtrar', 's'),
(3747, 3091, 'tipo_dato', 'texto'),
(3748, 3091, 'largo', '50'),
(3749, 3091, 'tb_columna_tipo', 'nombre'),
(3750, 3091, 'listado_mostrar', 'n'),
(3751, 3091, 'obligatorio', 'nulo'),
(3752, 3091, 'permite_html', ''),
(3753, 3091, 'idioma_cs', 'Estado'),
(3754, 3091, 'caracteres_permitidos', ''),
(3755, 3091, 'filtrar', 's'),
(3756, 3092, 'tipo_dato', 'texto'),
(3757, 3092, 'largo', '200'),
(3758, 3092, 'tb_columna_tipo', 'nombre'),
(3759, 3092, 'listado_mostrar', 'n'),
(3760, 3092, 'obligatorio', 'nulo'),
(3761, 3092, 'permite_html', ''),
(3762, 3092, 'idioma_cs', 'Titulo'),
(3763, 3092, 'caracteres_permitidos', ''),
(3764, 3092, 'filtrar', 's'),
(3765, 3093, 'tipo_dato', 'texto'),
(3766, 3093, 'largo', '200'),
(3767, 3093, 'tb_columna_tipo', 'nombre'),
(3768, 3093, 'listado_mostrar', 'n'),
(3769, 3093, 'obligatorio', 'nulo'),
(3770, 3093, 'permite_html', ''),
(3771, 3093, 'idioma_cs', 'Area'),
(3772, 3093, 'caracteres_permitidos', ''),
(3773, 3093, 'filtrar', 's'),
(3774, 3094, 'tipo_dato', 'texto_largo'),
(3775, 3094, 'tb_columna_tipo', 'nombre'),
(3776, 3094, 'alto', '5'),
(3777, 3094, 'ancho', '100'),
(3778, 3094, 'listado_mostrar', 'n'),
(3779, 3094, 'obligatorio', 'nulo'),
(3780, 3094, 'permite_html', 'n'),
(3781, 3094, 'idioma_cs', 'Comentarios'),
(3782, 3094, 'filtrar', 's'),
(3783, 3095, 'tipo_dato', 'texto'),
(3784, 3095, 'largo', '50'),
(3785, 3095, 'tb_columna_tipo', 'nombre'),
(3786, 3095, 'listado_mostrar', 'n'),
(3787, 3095, 'obligatorio', 'nulo'),
(3788, 3095, 'permite_html', ''),
(3789, 3095, 'idioma_cs', 'Idioma'),
(3790, 3095, 'caracteres_permitidos', ''),
(3791, 3095, 'filtrar', 's'),
(3792, 3096, 'tipo_dato', 'texto'),
(3793, 3096, 'largo', '50'),
(3794, 3096, 'tb_columna_tipo', 'nombre'),
(3795, 3096, 'listado_mostrar', 'n'),
(3796, 3096, 'obligatorio', 'nulo'),
(3797, 3096, 'permite_html', ''),
(3798, 3096, 'idioma_cs', 'Habla'),
(3799, 3096, 'caracteres_permitidos', ''),
(3800, 3096, 'filtrar', 's'),
(3801, 3097, 'tipo_dato', 'texto'),
(3802, 3097, 'largo', '50'),
(3803, 3097, 'tb_columna_tipo', 'nombre'),
(3804, 3097, 'listado_mostrar', 'n'),
(3805, 3097, 'obligatorio', 'nulo'),
(3806, 3097, 'permite_html', ''),
(3807, 3097, 'idioma_cs', 'Lee'),
(3808, 3097, 'caracteres_permitidos', ''),
(3809, 3097, 'filtrar', 's'),
(3810, 3098, 'tipo_dato', 'texto'),
(3811, 3098, 'largo', '50'),
(3812, 3098, 'tb_columna_tipo', 'nombre'),
(3813, 3098, 'listado_mostrar', 'n'),
(3814, 3098, 'obligatorio', 'nulo'),
(3815, 3098, 'permite_html', ''),
(3816, 3098, 'idioma_cs', 'Escribe'),
(3817, 3098, 'caracteres_permitidos', ''),
(3818, 3098, 'filtrar', 's'),
(3819, 3099, 'tipo_dato', 'texto'),
(3820, 3099, 'largo', '200'),
(3821, 3099, 'tb_columna_tipo', 'nombre'),
(3822, 3099, 'listado_mostrar', 's'),
(3823, 3099, 'obligatorio', 'no_nulo'),
(3824, 3099, 'permite_html', ''),
(3825, 3099, 'idioma_cs', 'Empresa'),
(3826, 3099, 'caracteres_permitidos', ''),
(3827, 3099, 'filtrar', 's'),
(3828, 3100, 'tipo_dato', 'texto'),
(3829, 3100, 'largo', '200'),
(3830, 3100, 'tb_columna_tipo', 'nombre'),
(3831, 3100, 'listado_mostrar', 'n'),
(3832, 3100, 'obligatorio', 'nulo'),
(3833, 3100, 'permite_html', ''),
(3834, 3100, 'idioma_cs', 'Telefono'),
(3835, 3100, 'caracteres_permitidos', ''),
(3836, 3100, 'filtrar', 's'),
(3837, 3101, 'tipo_dato', 'texto_largo'),
(3838, 3101, 'tb_columna_tipo', 'nombre'),
(3839, 3101, 'alto', '5'),
(3840, 3101, 'ancho', '100'),
(3841, 3101, 'listado_mostrar', 'n'),
(3842, 3101, 'obligatorio', 'nulo'),
(3843, 3101, 'permite_html', 'n'),
(3844, 3101, 'idioma_cs', 'Direccion laboral'),
(3845, 3101, 'filtrar', 's'),
(3846, 3102, 'tipo_dato', 'numero'),
(3847, 3102, 'tb_columna_tipo', 'fecha'),
(3848, 3102, 'largo', '20'),
(3849, 3102, 'formato_fecha', 'ddmmaaaa'),
(3850, 3102, 'listado_mostrar', 'n'),
(3851, 3102, 'obligatorio', 'nulo'),
(3852, 3102, 'idioma_cs', 'Fecha de inicio'),
(3853, 3102, 'filtrar', 's'),
(3854, 3103, 'tipo_dato', 'numero'),
(3855, 3103, 'tb_columna_tipo', 'fecha'),
(3856, 3103, 'largo', '20'),
(3857, 3103, 'formato_fecha', 'ddmmaaaa'),
(3858, 3103, 'listado_mostrar', 'n'),
(3859, 3103, 'obligatorio', 'nulo'),
(3860, 3103, 'idioma_cs', 'Fecha de fin'),
(3861, 3103, 'filtrar', 's'),
(3862, 3104, 'tipo_dato', 'texto'),
(3863, 3104, 'largo', '200'),
(3864, 3104, 'tb_columna_tipo', 'nombre'),
(3865, 3104, 'listado_mostrar', 'n'),
(3866, 3104, 'obligatorio', 'nulo'),
(3867, 3104, 'permite_html', ''),
(3868, 3104, 'idioma_cs', 'Puesto'),
(3869, 3104, 'caracteres_permitidos', ''),
(3870, 3104, 'filtrar', 's'),
(3871, 3105, 'tipo_dato', 'texto'),
(3872, 3105, 'largo', '200'),
(3873, 3105, 'tb_columna_tipo', 'nombre'),
(3874, 3105, 'listado_mostrar', 'n'),
(3875, 3105, 'obligatorio', 'nulo'),
(3876, 3105, 'permite_html', ''),
(3877, 3105, 'idioma_cs', 'Area'),
(3878, 3105, 'caracteres_permitidos', ''),
(3879, 3105, 'filtrar', 's'),
(3880, 3106, 'tipo_dato', 'texto'),
(3881, 3106, 'largo', '200'),
(3882, 3106, 'tb_columna_tipo', 'nombre'),
(3883, 3106, 'listado_mostrar', 'n'),
(3884, 3106, 'obligatorio', 'nulo'),
(3885, 3106, 'permite_html', ''),
(3886, 3106, 'idioma_cs', 'Industria'),
(3887, 3106, 'caracteres_permitidos', ''),
(3888, 3106, 'filtrar', 's'),
(3889, 3107, 'tipo_dato', 'texto_largo'),
(3890, 3107, 'tb_columna_tipo', 'nombre'),
(3891, 3107, 'alto', '5'),
(3892, 3107, 'ancho', '100'),
(3893, 3107, 'listado_mostrar', 'n'),
(3894, 3107, 'obligatorio', 'nulo'),
(3895, 3107, 'permite_html', 'n'),
(3896, 3107, 'idioma_cs', 'Tareas realizadas'),
(3897, 3107, 'filtrar', 's'),
(3898, 3108, 'tipo_dato', 'texto'),
(3899, 3108, 'largo', '200'),
(3900, 3108, 'tb_columna_tipo', 'nombre'),
(3901, 3108, 'listado_mostrar', 'n'),
(3902, 3108, 'obligatorio', 'nulo'),
(3903, 3108, 'permite_html', ''),
(3904, 3108, 'idioma_cs', 'Motivo egreso'),
(3905, 3108, 'caracteres_permitidos', ''),
(3906, 3108, 'filtrar', 's'),
(3907, 3109, 'tipo_dato', 'numero'),
(3908, 3109, 'origen_cp_id', '3003'),
(3909, 3109, 'tb_columna_tipo', 'nombre_link'),
(3910, 3109, 'seleccionar_alta', 's'),
(3911, 3109, 'link_a_grupo', 's'),
(3912, 3109, 'listado_mostrar', 'n'),
(3913, 3109, 'obligatorio', 'nulo'),
(3914, 3109, 'idioma_cs', 'Datos personales'),
(3915, 3109, 'filtrar', 's'),
(3916, 3110, 'tipo_dato', 'numero'),
(3917, 3110, 'origen_cp_id', '3003'),
(3918, 3110, 'tb_columna_tipo', 'nombre_link'),
(3919, 3110, 'seleccionar_alta', 's'),
(3920, 3110, 'link_a_grupo', 's'),
(3921, 3110, 'listado_mostrar', 'n'),
(3922, 3110, 'obligatorio', 'nulo'),
(3923, 3110, 'idioma_cs', 'Datos personales'),
(3924, 3110, 'filtrar', 's'),
(100000, 100000, 'tipo_dato', 'texto'),
(100001, 100000, 'largo', '100'),
(100002, 100000, 'tb_columna_tipo', 'nombre'),
(100003, 100000, 'listado_mostrar', 's'),
(100004, 100000, 'obligatorio', 'no_nulo'),
(100005, 100000, 'permite_html', ''),
(100006, 100000, 'idioma_cs', 'Familia'),
(100007, 100000, 'caracteres_permitidos', ''),
(100008, 100000, 'filtrar', 's'),
(100009, 100001, 'tipo_dato', 'texto'),
(100010, 100001, 'largo', '100'),
(100011, 100001, 'tb_columna_tipo', 'nombre'),
(100012, 100001, 'listado_mostrar', 's'),
(100013, 100001, 'obligatorio', 'no_nulo'),
(100014, 100001, 'permite_html', ''),
(100015, 100001, 'idioma_cs', 'Subfamilia'),
(100016, 100001, 'caracteres_permitidos', ''),
(100017, 100001, 'filtrar', 's'),
(100018, 100002, 'tipo_dato', 'numero'),
(100019, 100002, 'origen_cp_id', '100000'),
(100020, 100002, 'tb_columna_tipo', 'nombre_link'),
(100021, 100002, 'seleccionar_alta', 's'),
(100022, 100002, 'link_a_grupo', 's'),
(100023, 100002, 'listado_mostrar', 's'),
(100024, 100002, 'obligatorio', 'no_nulo'),
(100025, 100002, 'idioma_cs', 'Familia'),
(100026, 100002, 'filtrar', 's'),
(100027, 100003, 'tipo_dato', 'texto'),
(100028, 100003, 'largo', '50'),
(100029, 100003, 'tb_columna_tipo', 'nombre'),
(100030, 100003, 'listado_mostrar', 's'),
(100031, 100003, 'obligatorio', 'no_nulo'),
(100032, 100003, 'permite_html', ''),
(100033, 100003, 'idioma_cs', 'Marca'),
(100034, 100003, 'caracteres_permitidos', ''),
(100035, 100003, 'filtrar', 's'),
(100036, 100004, 'tipo_dato', 'numero'),
(100037, 100004, 'origen_cp_id', '100001'),
(100038, 100004, 'origen_cp_id_otros', '100000'),
(100039, 100004, 'link_a_grupo', 's'),
(100040, 100004, 'tb_columna_tipo', 'nombre_link'),
(100041, 100004, 'seleccionar_alta', 's'),
(100042, 100004, 'listado_mostrar', 'n'),
(100043, 100004, 'obligatorio', 'no_nulo'),
(100044, 100004, 'idioma_cs', 'Subfamilia'),
(100045, 100004, 'filtrar', 's'),
(100046, 100005, 'tipo_dato', 'numero'),
(100047, 100005, 'origen_cp_id', '100003'),
(100048, 100005, 'tb_columna_tipo', 'nombre_link'),
(100049, 100005, 'seleccionar_alta', 's'),
(100050, 100005, 'link_a_grupo', 's'),
(100051, 100005, 'listado_mostrar', 'n'),
(100052, 100005, 'obligatorio', 'no_nulo'),
(100053, 100005, 'idioma_cs', 'Marca'),
(100054, 100005, 'filtrar', 's'),
(100055, 100006, 'tipo_dato', 'texto'),
(100056, 100006, 'largo', '50'),
(100057, 100006, 'tb_columna_tipo', 'nombre'),
(100058, 100006, 'listado_mostrar', 's'),
(100059, 100006, 'obligatorio', 'no_nulo'),
(100060, 100006, 'permite_html', ''),
(100061, 100006, 'idioma_cs', 'Referencia'),
(100062, 100006, 'caracteres_permitidos', ''),
(100063, 100006, 'filtrar', 's'),
(100064, 100007, 'tipo_dato', 'texto'),
(100065, 100007, 'largo', '100'),
(100066, 100007, 'tb_columna_tipo', 'nombre'),
(100067, 100007, 'listado_mostrar', 's'),
(100068, 100007, 'obligatorio', 'no_nulo'),
(100069, 100007, 'permite_html', ''),
(100070, 100007, 'idioma_cs', 'Producto'),
(100071, 100007, 'caracteres_permitidos', ''),
(100072, 100007, 'filtrar', 's'),
(100073, 100008, 'tipo_dato', 'texto_largo'),
(100074, 100008, 'tb_columna_tipo', 'nombre'),
(100075, 100008, 'alto', '5'),
(100076, 100008, 'ancho', '100'),
(100077, 100008, 'listado_mostrar', 'n'),
(100078, 100008, 'obligatorio', 'nulo'),
(100079, 100008, 'permite_html', 'n'),
(100080, 100008, 'idioma_cs', 'Detalle'),
(100081, 100008, 'filtrar', 's'),
(100082, 100009, 'tipo_dato', ''),
(100083, 100009, 'idioma_cs', 'Especificaciones'),
(100084, 100010, 'tipo_dato', 'decimal'),
(100085, 100010, 'tb_columna_tipo', 'nombre'),
(100086, 100010, 'largo', '3'),
(100087, 100010, 'decimales', '0'),
(100088, 100010, 'listado_mostrar', 's'),
(100089, 100010, 'obligatorio', 'no_nulo'),
(100090, 100010, 'idioma_cs', 'Productos por caja'),
(100091, 100010, 'filtrar', 's'),
(100092, 100011, 'tipo_dato', 'decimal'),
(100093, 100011, 'tb_columna_tipo', 'nombre'),
(100094, 100011, 'largo', '3'),
(100095, 100011, 'decimales', '0'),
(100096, 100011, 'listado_mostrar', 'n'),
(100097, 100011, 'obligatorio', 'no_nulo'),
(100098, 100011, 'idioma_cs', 'Alto (cm)'),
(100099, 100011, 'filtrar', 's'),
(100100, 100012, 'tipo_dato', 'decimal'),
(100101, 100012, 'tb_columna_tipo', 'nombre'),
(100102, 100012, 'largo', '3'),
(100103, 100012, 'decimales', '0'),
(100104, 100012, 'listado_mostrar', 'n'),
(100105, 100012, 'obligatorio', 'no_nulo'),
(100106, 100012, 'idioma_cs', 'Ancho (cm)'),
(100107, 100012, 'filtrar', 's'),
(100108, 100013, 'tipo_dato', 'decimal'),
(100109, 100013, 'tb_columna_tipo', 'nombre'),
(100110, 100013, 'largo', '3'),
(100111, 100013, 'decimales', '0'),
(100112, 100013, 'listado_mostrar', 'n'),
(100113, 100013, 'obligatorio', 'no_nulo'),
(100114, 100013, 'idioma_cs', 'Fondo (cm)'),
(100115, 100013, 'filtrar', 's'),
(100116, 100014, 'tipo_dato', 'decimal'),
(100117, 100014, 'tb_columna_tipo', 'nombre'),
(100118, 100014, 'largo', '3'),
(100119, 100014, 'decimales', '0'),
(100120, 100014, 'listado_mostrar', 'n'),
(100121, 100014, 'obligatorio', 'no_nulo'),
(100122, 100014, 'idioma_cs', 'Volumen (cm2)'),
(100123, 100014, 'filtrar', 's'),
(100124, 100015, 'tipo_dato', 'decimal'),
(100125, 100015, 'tb_columna_tipo', 'nombre'),
(100126, 100015, 'largo', '3'),
(100127, 100015, 'decimales', '0'),
(100128, 100015, 'listado_mostrar', 'n'),
(100129, 100015, 'obligatorio', 'no_nulo'),
(100130, 100015, 'idioma_cs', 'Peso (kg)'),
(100131, 100015, 'filtrar', 's'),
(100132, 100016, 'tipo_dato', ''),
(100133, 100016, 'idioma_cs', 'Fotos'),
(100134, 100017, 'tipo_dato', 'texto_largo'),
(100135, 100017, 'directorio', '../upload_imagenes'),
(100136, 100017, 'alto_final', '160'),
(100137, 100017, 'ancho_final', '200'),
(100138, 100017, 'listado_mostrar', 'n'),
(100139, 100017, 'obligatorio', 'nulo'),
(100140, 100017, 'idioma_cs', 'Foto carrito-catalogo'),
(100141, 100017, 'eliminacion_especial', 's'),
(100142, 100017, 'eliminar_imagenes', 'n'),
(100143, 100017, 'filtrar', 'n'),
(100144, 100018, 'tipo_dato', 'texto_largo'),
(100145, 100018, 'directorio', '../upload_imagenes'),
(100146, 100018, 'alto_final', '316'),
(100147, 100018, 'ancho_final', '200'),
(100148, 100018, 'listado_mostrar', 'n'),
(100149, 100018, 'obligatorio', 'nulo'),
(100150, 100018, 'idioma_cs', 'Foto catalogo-detalle'),
(100151, 100018, 'eliminacion_especial', 's'),
(100152, 100018, 'eliminar_imagenes', 'n'),
(100153, 100018, 'filtrar', 'n'),
(100154, 100019, 'tipo_dato', 'texto_largo'),
(100155, 100019, 'directorio', '../upload_imagenes'),
(100156, 100019, 'alto_final', ''),
(100157, 100019, 'ancho_final', '800'),
(100158, 100019, 'listado_mostrar', 'n'),
(100159, 100019, 'obligatorio', 'nulo'),
(100160, 100019, 'idioma_cs', 'Foto catalogo-detalle grande'),
(100161, 100019, 'eliminacion_especial', 's'),
(100162, 100019, 'eliminar_imagenes', 'n'),
(100163, 100019, 'filtrar', 'n'),
(100164, 100020, 'tipo_dato', 'texto'),
(100165, 100020, 'largo', '200'),
(100166, 100020, 'tb_columna_tipo', 'nombre'),
(100167, 100020, 'listado_mostrar', 's'),
(100168, 100020, 'obligatorio', 'no_nulo'),
(100169, 100020, 'permite_html', ''),
(100170, 100020, 'idioma_cs', 'Nombre'),
(100171, 100020, 'caracteres_permitidos', ''),
(100172, 100020, 'filtrar', 's'),
(100173, 100021, 'tipo_dato', 'texto'),
(100174, 100021, 'largo', '200'),
(100175, 100021, 'tb_columna_tipo', 'nombre'),
(100176, 100021, 'listado_mostrar', 's'),
(100177, 100021, 'obligatorio', 'no_nulo'),
(100178, 100021, 'permite_html', ''),
(100179, 100021, 'idioma_cs', 'Apellido'),
(100180, 100021, 'caracteres_permitidos', ''),
(100181, 100021, 'filtrar', 's'),
(100182, 100022, 'tipo_dato', 'texto'),
(100183, 100022, 'largo', '200'),
(100184, 100022, 'tb_columna_tipo', 'nombre'),
(100185, 100022, 'listado_mostrar', 'n'),
(100186, 100022, 'obligatorio', 'nulo'),
(100187, 100022, 'permite_html', ''),
(100188, 100022, 'idioma_cs', 'Mail'),
(100189, 100022, 'caracteres_permitidos', ''),
(100190, 100022, 'filtrar', 's'),
(100191, 100023, 'tipo_dato', 'texto'),
(100192, 100023, 'largo', '200'),
(100193, 100023, 'tb_columna_tipo', 'nombre'),
(100194, 100023, 'listado_mostrar', 'n'),
(100195, 100023, 'obligatorio', 'nulo'),
(100196, 100023, 'permite_html', ''),
(100197, 100023, 'idioma_cs', 'Telefono'),
(100198, 100023, 'caracteres_permitidos', ''),
(100199, 100023, 'filtrar', 's'),
(100200, 100024, 'tipo_dato', 'texto'),
(100201, 100024, 'largo', '200'),
(100202, 100024, 'tb_columna_tipo', 'nombre'),
(100203, 100024, 'listado_mostrar', 'n'),
(100204, 100024, 'obligatorio', 'nulo'),
(100205, 100024, 'permite_html', ''),
(100206, 100024, 'idioma_cs', 'Empresa'),
(100207, 100024, 'caracteres_permitidos', ''),
(100208, 100024, 'filtrar', 's'),
(100209, 100025, 'tipo_dato', 'texto'),
(100210, 100025, 'largo', '100'),
(100211, 100025, 'tb_columna_tipo', 'nombre'),
(100212, 100025, 'listado_mostrar', 'n'),
(100213, 100025, 'obligatorio', 'nulo'),
(100214, 100025, 'permite_html', ''),
(100215, 100025, 'idioma_cs', 'Ciudad - provincia'),
(100216, 100025, 'caracteres_permitidos', ''),
(100217, 100025, 'filtrar', 's'),
(100218, 100026, 'tipo_dato', 'texto'),
(100219, 100026, 'largo', '100'),
(100220, 100026, 'tb_columna_tipo', 'nombre'),
(100221, 100026, 'listado_mostrar', 'n'),
(100222, 100026, 'obligatorio', 'nulo'),
(100223, 100026, 'permite_html', ''),
(100224, 100026, 'idioma_cs', 'Pais'),
(100225, 100026, 'caracteres_permitidos', ''),
(100226, 100026, 'filtrar', 's'),
(100227, 100027, 'tipo_dato', 'texto'),
(100228, 100027, 'largo', '200'),
(100229, 100027, 'tb_columna_tipo', 'nombre'),
(100230, 100027, 'listado_mostrar', 'n'),
(100231, 100027, 'obligatorio', 'nulo'),
(100232, 100027, 'permite_html', ''),
(100233, 100027, 'idioma_cs', 'Motivo'),
(100234, 100027, 'caracteres_permitidos', ''),
(100235, 100027, 'filtrar', 's'),
(100236, 100028, 'tipo_dato', 'texto_largo'),
(100237, 100028, 'tb_columna_tipo', 'nombre'),
(100238, 100028, 'alto', '5'),
(100239, 100028, 'ancho', '100'),
(100240, 100028, 'listado_mostrar', 'n'),
(100241, 100028, 'obligatorio', 'nulo'),
(100242, 100028, 'permite_html', 'n'),
(100243, 100028, 'idioma_cs', 'Comentario'),
(100244, 100028, 'filtrar', 's'),
(100245, 100029, 'tipo_dato', 'texto'),
(100246, 100029, 'largo', '100'),
(100247, 100029, 'tb_columna_tipo', 'nombre'),
(100248, 100029, 'listado_mostrar', 's'),
(100249, 100029, 'obligatorio', 'no_nulo'),
(100250, 100029, 'permite_html', ''),
(100251, 100029, 'idioma_cs', 'Empresa'),
(100252, 100029, 'caracteres_permitidos', ''),
(100253, 100029, 'filtrar', 's'),
(100254, 100030, 'tipo_dato', 'texto'),
(100255, 100030, 'largo', '200'),
(100256, 100030, 'tb_columna_tipo', 'nombre'),
(100257, 100030, 'listado_mostrar', 'n'),
(100258, 100030, 'obligatorio', 'nulo'),
(100259, 100030, 'permite_html', ''),
(100260, 100030, 'idioma_cs', 'Sitio web'),
(100261, 100030, 'caracteres_permitidos', ''),
(100262, 100030, 'filtrar', 's'),
(100263, 100031, 'tipo_dato', 'texto'),
(100264, 100031, 'largo', '50'),
(100265, 100031, 'tb_columna_tipo', 'nombre'),
(100266, 100031, 'listado_mostrar', 'n'),
(100267, 100031, 'obligatorio', 'nulo'),
(100268, 100031, 'permite_html', ''),
(100269, 100031, 'idioma_cs', 'Identificacion tributaria'),
(100270, 100031, 'caracteres_permitidos', ''),
(100271, 100031, 'filtrar', 's'),
(100272, 100032, 'tipo_dato', 'numero'),
(100273, 100032, 'origen_cp_id', '3015'),
(100274, 100032, 'origen_cp_id_otros', '3013'),
(100275, 100032, 'link_a_grupo', 's'),
(100276, 100032, 'tb_columna_tipo', 'nombre_link'),
(100277, 100032, 'seleccionar_alta', 's'),
(100278, 100032, 'listado_mostrar', 'n'),
(100279, 100032, 'obligatorio', 'nulo'),
(100280, 100032, 'idioma_cs', 'Pais - ciudad'),
(100281, 100032, 'filtrar', 's'),
(100282, 100033, 'tipo_dato', 'texto'),
(100283, 100033, 'largo', '200'),
(100284, 100033, 'tb_columna_tipo', 'nombre'),
(100285, 100033, 'listado_mostrar', 'n'),
(100286, 100033, 'obligatorio', 'nulo'),
(100287, 100033, 'permite_html', ''),
(100288, 100033, 'idioma_cs', 'Telefono'),
(100289, 100033, 'caracteres_permitidos', ''),
(100290, 100033, 'filtrar', 's'),
(100291, 100034, 'tipo_dato', 'texto'),
(100292, 100034, 'largo', '200'),
(100293, 100034, 'tb_columna_tipo', 'nombre'),
(100294, 100034, 'listado_mostrar', 's'),
(100295, 100034, 'obligatorio', 'no_nulo'),
(100296, 100034, 'permite_html', ''),
(100297, 100034, 'idioma_cs', 'Mail solicitante'),
(100298, 100034, 'caracteres_permitidos', ''),
(100299, 100034, 'filtrar', 's'),
(100300, 100035, 'tipo_dato', 'numero'),
(100301, 100035, 'origen_cp_id', '100029'),
(100302, 100035, 'tb_columna_tipo', 'nombre_link'),
(100303, 100035, 'seleccionar_alta', 's'),
(100304, 100035, 'link_a_grupo', 's'),
(100305, 100035, 'listado_mostrar', 's'),
(100306, 100035, 'obligatorio', 'no_nulo'),
(100307, 100035, 'idioma_cs', 'Empresa'),
(100308, 100035, 'filtrar', 's'),
(100309, 100036, 'tipo_dato', 'texto'),
(100310, 100036, 'largo', '200'),
(100311, 100036, 'tb_columna_tipo', 'nombre'),
(100312, 100036, 'listado_mostrar', 's'),
(100313, 100036, 'obligatorio', 'no_nulo'),
(100314, 100036, 'permite_html', ''),
(100315, 100036, 'idioma_cs', 'Nombre de la sucursal'),
(100316, 100036, 'caracteres_permitidos', ''),
(100317, 100036, 'filtrar', 's'),
(100318, 100037, 'tipo_dato', 'texto_largo'),
(100319, 100037, 'tb_columna_tipo', 'nombre'),
(100320, 100037, 'alto', '5'),
(100321, 100037, 'ancho', '100'),
(100322, 100037, 'listado_mostrar', 'n'),
(100323, 100037, 'obligatorio', 'nulo'),
(100324, 100037, 'permite_html', 'n'),
(100325, 100037, 'idioma_cs', 'Direccion'),
(100326, 100037, 'filtrar', 's'),
(100327, 100038, 'tipo_dato', 'texto'),
(100328, 100038, 'largo', '200'),
(100329, 100038, 'tb_columna_tipo', 'nombre'),
(100330, 100038, 'listado_mostrar', 'n'),
(100331, 100038, 'obligatorio', 'nulo'),
(100332, 100038, 'permite_html', ''),
(100333, 100038, 'idioma_cs', 'Telefono'),
(100334, 100038, 'caracteres_permitidos', ''),
(100335, 100038, 'filtrar', 's'),
(100345, 100040, 'tipo_dato', 'texto'),
(100346, 100040, 'largo', '50'),
(100347, 100040, 'tb_columna_tipo', 'nombre'),
(100348, 100040, 'listado_mostrar', 'n'),
(100349, 100040, 'obligatorio', 'nulo'),
(100350, 100040, 'permite_html', ''),
(100351, 100040, 'idioma_cs', 'Usuario'),
(100352, 100040, 'caracteres_permitidos', ''),
(100353, 100040, 'filtrar', 's'),
(100354, 100041, 'tipo_dato', 'texto'),
(100355, 100041, 'largo', '40'),
(100356, 100041, 'largo_minimo', '8'),
(100357, 100041, 'largo_maximo', '12'),
(100358, 100041, 'tipo', 'sha1'),
(100359, 100041, 'tb_columna_tipo', 'nombre'),
(100360, 100041, 'obligatorio', 'nulo'),
(100361, 100041, 'idioma_cs', 'Clave'),
(100362, 100041, 'filtrar', 'n'),
(100363, 100042, 'tipo_dato', 'texto'),
(100364, 100042, 'largo', '200'),
(100365, 100042, 'tb_columna_tipo', 'nombre'),
(100366, 100042, 'listado_mostrar', 's'),
(100367, 100042, 'obligatorio', 'no_nulo'),
(100368, 100042, 'permite_html', ''),
(100369, 100042, 'idioma_cs', 'Nombre'),
(100370, 100042, 'caracteres_permitidos', ''),
(100371, 100042, 'filtrar', 's'),
(100372, 100043, 'tipo_dato', 'texto'),
(100373, 100043, 'largo', '200'),
(100374, 100043, 'tb_columna_tipo', 'nombre'),
(100375, 100043, 'listado_mostrar', 's'),
(100376, 100043, 'obligatorio', 'no_nulo'),
(100377, 100043, 'permite_html', ''),
(100378, 100043, 'idioma_cs', 'Apellido'),
(100379, 100043, 'caracteres_permitidos', ''),
(100380, 100043, 'filtrar', 's'),
(100381, 100044, 'tipo_dato', 'numero'),
(100382, 100044, 'origen_cp_id', '100036'),
(100383, 100044, 'tb_columna_tipo', 'nombre_link'),
(100384, 100044, 'seleccionar_alta', 's'),
(100385, 100044, 'link_a_grupo', 's'),
(100386, 100044, 'listado_mostrar', 'n'),
(100387, 100044, 'obligatorio', 'nulo'),
(100388, 100044, 'idioma_cs', 'Sucursal'),
(100389, 100044, 'filtrar', 's'),
(100390, 100045, 'tipo_dato', 'texto'),
(100391, 100045, 'largo', '200'),
(100392, 100045, 'tb_columna_tipo', 'nombre'),
(100393, 100045, 'listado_mostrar', 'n'),
(100394, 100045, 'obligatorio', 'nulo'),
(100395, 100045, 'permite_html', ''),
(100396, 100045, 'idioma_cs', 'Mail'),
(100397, 100045, 'caracteres_permitidos', ''),
(100398, 100045, 'filtrar', 's'),
(100399, 100046, 'tipo_dato', 'texto'),
(100400, 100046, 'largo', '200'),
(100401, 100046, 'tb_columna_tipo', 'nombre'),
(100402, 100046, 'listado_mostrar', 'n'),
(100403, 100046, 'obligatorio', 'nulo'),
(100404, 100046, 'permite_html', ''),
(100405, 100046, 'idioma_cs', 'Telefono'),
(100406, 100046, 'caracteres_permitidos', ''),
(100407, 100046, 'filtrar', 's'),
(100408, 100047, 'tipo_dato', 'texto'),
(100409, 100047, 'largo', '200'),
(100410, 100047, 'tb_columna_tipo', 'nombre'),
(100411, 100047, 'listado_mostrar', 'n'),
(100412, 100047, 'obligatorio', 'nulo'),
(100413, 100047, 'permite_html', ''),
(100414, 100047, 'idioma_cs', 'Celular'),
(100415, 100047, 'caracteres_permitidos', ''),
(100416, 100047, 'filtrar', 's'),
(100417, 100048, 'tipo_dato', 'texto'),
(100418, 100048, 'largo', '100'),
(100419, 100048, 'tb_columna_tipo', 'nombre'),
(100420, 100048, 'listado_mostrar', 'n'),
(100421, 100048, 'obligatorio', 'nulo'),
(100422, 100048, 'permite_html', ''),
(100423, 100048, 'idioma_cs', 'Sector'),
(100424, 100048, 'caracteres_permitidos', ''),
(100425, 100048, 'filtrar', 's'),
(100426, 100049, 'tipo_dato', 'texto'),
(100427, 100049, 'largo', '100'),
(100428, 100049, 'tb_columna_tipo', 'nombre'),
(100429, 100049, 'listado_mostrar', 'n'),
(100430, 100049, 'obligatorio', 'nulo'),
(100431, 100049, 'permite_html', ''),
(100432, 100049, 'idioma_cs', 'Puesto'),
(100433, 100049, 'caracteres_permitidos', ''),
(100434, 100049, 'filtrar', 's'),
(100435, 100050, 'tipo_dato', 'texto_largo'),
(100436, 100050, 'tb_columna_tipo', 'nombre'),
(100437, 100050, 'alto', '5'),
(100438, 100050, 'ancho', '100'),
(100439, 100050, 'listado_mostrar', 'n'),
(100440, 100050, 'obligatorio', 'nulo'),
(100441, 100050, 'permite_html', 'n'),
(100442, 100050, 'idioma_cs', 'Observaciones'),
(100443, 100050, 'filtrar', 's'),
(100444, 100051, 'tipo_dato', 'numero'),
(100445, 100051, 'tb_columna_tipo', 'nombre'),
(100446, 100051, 'activado', 'n'),
(100447, 100051, 'listado_mostrar', 'n'),
(100448, 100051, 'obligatorio', 'nulo'),
(100449, 100051, 'idioma_cs', 'Habilitado'),
(100450, 100051, 'filtrar', 's'),
(100451, 100052, 'tipo_dato', 'texto'),
(100452, 100052, 'largo', '50'),
(100453, 100052, 'tb_columna_tipo', 'nombre'),
(100454, 100052, 'listado_mostrar', 's'),
(100455, 100052, 'obligatorio', 'no_nulo'),
(100456, 100052, 'permite_html', ''),
(100457, 100052, 'idioma_cs', 'Nombre'),
(100458, 100052, 'caracteres_permitidos', ''),
(100459, 100052, 'filtrar', 's'),
(100460, 100053, 'tipo_dato', 'decimal'),
(100461, 100053, 'tb_columna_tipo', 'nombre'),
(100462, 100053, 'largo', '1'),
(100463, 100053, 'decimales', '2'),
(100464, 100053, 'listado_mostrar', 's'),
(100465, 100053, 'obligatorio', 'no_nulo'),
(100466, 100053, 'idioma_cs', 'Multiplicador'),
(100467, 100053, 'filtrar', 's'),
(100468, 100054, 'tipo_dato', 'numero'),
(100469, 100054, 'origen_cp_id', '100052'),
(100470, 100054, 'tb_columna_tipo', 'nombre_link'),
(100471, 100054, 'seleccionar_alta', 's'),
(100472, 100054, 'link_a_grupo', 's'),
(100473, 100054, 'listado_mostrar', 'n'),
(100474, 100054, 'obligatorio', 'no_nulo'),
(100475, 100054, 'idioma_cs', 'Lista de precios'),
(100476, 100054, 'filtrar', 's'),
(100486, 100056, 'tipo_dato', ''),
(100487, 100056, 'idioma_cs', 'Empleado'),
(100488, 100057, 'tipo_dato', 'numero'),
(100489, 100057, 'tb_columna_tipo', 'nombre'),
(100490, 100057, 'activado', 'n'),
(100491, 100057, 'listado_mostrar', 's'),
(100492, 100057, 'obligatorio', 'nulo'),
(100493, 100057, 'idioma_cs', 'Habilitado'),
(100494, 100057, 'filtrar', 's'),
(100495, 100058, 'tipo_dato', 'texto'),
(100496, 100058, 'largo', '50'),
(100497, 100058, 'tb_columna_tipo', 'nombre'),
(100498, 100058, 'listado_mostrar', 'n'),
(100499, 100058, 'obligatorio', 'nulo'),
(100500, 100058, 'permite_html', ''),
(100501, 100058, 'idioma_cs', 'Usuario'),
(100502, 100058, 'caracteres_permitidos', ''),
(100503, 100058, 'filtrar', 's'),
(100504, 100059, 'tipo_dato', 'texto'),
(100505, 100059, 'largo', '40'),
(100506, 100059, 'largo_minimo', '8'),
(100507, 100059, 'largo_maximo', '12'),
(100508, 100059, 'tipo', 'sha1'),
(100509, 100059, 'tb_columna_tipo', 'nombre'),
(100510, 100059, 'obligatorio', 'nulo'),
(100511, 100059, 'idioma_cs', 'Clave'),
(100512, 100059, 'filtrar', 'n'),
(100513, 100060, 'tipo_dato', 'texto'),
(100514, 100060, 'largo', '100'),
(100515, 100060, 'tb_columna_tipo', 'nombre'),
(100516, 100060, 'listado_mostrar', 's'),
(100517, 100060, 'obligatorio', 'no_nulo'),
(100518, 100060, 'permite_html', ''),
(100519, 100060, 'idioma_cs', 'Area'),
(100520, 100060, 'caracteres_permitidos', ''),
(100521, 100060, 'filtrar', 's'),
(100557, 100065, 'tipo_dato', 'numero'),
(100558, 100065, 'origen_cp_id', '100060'),
(100559, 100065, 'tb_columna_tipo', 'nombre_link'),
(100560, 100065, 'seleccionar_alta', 's'),
(100561, 100065, 'link_a_grupo', 's'),
(100562, 100065, 'listado_mostrar', 'n'),
(100563, 100065, 'obligatorio', 'nulo'),
(100564, 100065, 'idioma_cs', 'Area'),
(100565, 100065, 'filtrar', 's'),
(100566, 100066, 'tipo_dato', ''),
(100567, 100066, 'idioma_cs', 'Archivo adjunto'),
(100568, 100067, 'tipo_dato', 'texto_largo'),
(100569, 100067, 'directorio', '../upload_archivos'),
(100570, 100067, 'obligatorio', 'nulo'),
(100571, 100067, 'idioma_cs', 'Archivo adjunto'),
(100572, 100067, 'eliminacion_especial', 's'),
(100573, 100067, 'eliminar_archivos', 'n'),
(100574, 100067, 'filtrar', 's'),
(100575, 100068, 'tipo_dato', 'decimal'),
(100576, 100068, 'tb_columna_tipo', 'nombre'),
(100577, 100068, 'largo', '5'),
(100578, 100068, 'decimales', '0'),
(100579, 100068, 'listado_mostrar', 's'),
(100580, 100068, 'obligatorio', 'no_nulo'),
(100581, 100068, 'idioma_cs', 'Stock'),
(100582, 100068, 'filtrar', 's'),
(100583, 100069, 'tipo_dato', 'numero');
INSERT INTO `kirke_componente_parametro` (`id_componente_parametro`, `id_componente`, `parametro`, `valor`) VALUES
(100584, 100069, 'tb_columna_tipo', 'nombre'),
(100585, 100069, 'activado', 's'),
(100586, 100069, 'listado_mostrar', 's'),
(100587, 100069, 'obligatorio', 'nulo'),
(100588, 100069, 'idioma_cs', 'Habilitado'),
(100589, 100069, 'filtrar', 's'),
(100627, 100074, 'tipo_dato', 'numero'),
(100628, 100074, 'origen_cp_id', '100036'),
(100629, 100074, 'origen_cp_id_otros', '100029,100052'),
(100630, 100074, 'link_a_grupo', 's'),
(100631, 100074, 'tb_columna_tipo', 'nombre_link'),
(100632, 100074, 'seleccionar_alta', 's'),
(100633, 100074, 'listado_mostrar', 's'),
(100634, 100074, 'obligatorio', 'nulo'),
(100635, 100074, 'idioma_cs', 'Cliente'),
(100636, 100074, 'filtrar', 's'),
(100637, 100075, 'tipo_dato', 'numero'),
(100638, 100075, 'tb_columna_tipo', 'fecha'),
(100639, 100075, 'largo', '20'),
(100640, 100075, 'formato_fecha', 'ddmmaaaa'),
(100641, 100075, 'tipo', 'alta'),
(100642, 100075, 'listado_mostrar', 'n'),
(100643, 100075, 'idioma_cs', 'Fecha de alta'),
(100644, 100075, 'filtrar', 'n'),
(100645, 100076, 'tipo_dato', 'numero'),
(100646, 100076, 'tb_columna_tipo', 'nombre'),
(100647, 100076, 'activado', 's'),
(100648, 100076, 'listado_mostrar', 's'),
(100649, 100076, 'obligatorio', 'nulo'),
(100650, 100076, 'idioma_cs', 'Habilitado'),
(100651, 100076, 'filtrar', 's'),
(100661, 100078, 'tipo_dato', 'numero'),
(100662, 100078, 'origen_cp_id', '100007'),
(100663, 100078, 'tb_columna_tipo', 'nombre_link'),
(100664, 100078, 'seleccionar_alta', 's'),
(100665, 100078, 'link_a_grupo', 's'),
(100666, 100078, 'listado_mostrar', 's'),
(100667, 100078, 'obligatorio', 'no_nulo'),
(100668, 100078, 'idioma_cs', 'Producto'),
(100669, 100078, 'filtrar', 's'),
(100670, 100079, 'tipo_dato', 'decimal'),
(100671, 100079, 'tb_columna_tipo', 'nombre'),
(100672, 100079, 'largo', '4'),
(100673, 100079, 'decimales', '0'),
(100674, 100079, 'listado_mostrar', 's'),
(100675, 100079, 'obligatorio', 'nulo'),
(100676, 100079, 'idioma_cs', 'Cantidad'),
(100677, 100079, 'filtrar', 's'),
(100678, 100080, 'tipo_dato', 'decimal'),
(100679, 100080, 'tb_columna_tipo', 'nombre'),
(100680, 100080, 'largo', '10'),
(100681, 100080, 'decimales', '2'),
(100682, 100080, 'listado_mostrar', 's'),
(100683, 100080, 'obligatorio', 'no_nulo'),
(100684, 100080, 'idioma_cs', 'Precio'),
(100685, 100080, 'filtrar', 's'),
(100686, 100081, 'tipo_dato', 'numero'),
(100687, 100081, 'tb_columna_tipo', 'nombre'),
(100688, 100081, 'activado', 's'),
(100689, 100081, 'listado_mostrar', 's'),
(100690, 100081, 'obligatorio', 'nulo'),
(100691, 100081, 'idioma_cs', 'Habilitado'),
(100692, 100081, 'filtrar', 's'),
(100693, 100082, 'tipo_dato', 'numero'),
(100694, 100082, 'tb_columna_tipo', 'fecha'),
(100695, 100082, 'largo', '20'),
(100696, 100082, 'formato_fecha', 'ddmmaaaa'),
(100697, 100082, 'tipo', 'alta'),
(100698, 100082, 'listado_mostrar', 'n'),
(100699, 100082, 'idioma_cs', 'Fecha de alta'),
(100700, 100082, 'filtrar', 'n'),
(100701, 100083, 'tipo_dato', 'texto_largo'),
(100702, 100083, 'tb_columna_tipo', 'nombre'),
(100703, 100083, 'alto', '5'),
(100704, 100083, 'ancho', '100'),
(100705, 100083, 'listado_mostrar', 'n'),
(100706, 100083, 'obligatorio', 'nulo'),
(100707, 100083, 'permite_html', 'n'),
(100708, 100083, 'idioma_cs', 'Obtencion'),
(100709, 100083, 'filtrar', 's'),
(100710, 100084, 'tipo_dato', ''),
(100711, 100084, 'idioma_cs', 'Recupero clave'),
(100712, 100085, 'tipo_dato', 'numero'),
(100713, 100085, 'tb_columna_tipo', 'fecha'),
(100714, 100085, 'largo', '20'),
(100715, 100085, 'formato_fecha', 'ddmmaaaa'),
(100716, 100085, 'listado_mostrar', 'n'),
(100717, 100085, 'obligatorio', 'nulo'),
(100718, 100085, 'idioma_cs', 'Fecha'),
(100719, 100085, 'filtrar', 's'),
(100720, 100086, 'tipo_dato', 'texto'),
(100721, 100086, 'largo', '50'),
(100722, 100086, 'tb_columna_tipo', 'nombre'),
(100723, 100086, 'listado_mostrar', 'n'),
(100724, 100086, 'obligatorio', 'nulo'),
(100725, 100086, 'permite_html', ''),
(100726, 100086, 'idioma_cs', 'ID'),
(100727, 100086, 'caracteres_permitidos', ''),
(100728, 100086, 'filtrar', 's'),
(100729, 100087, 'tipo_dato', 'numero'),
(100730, 100087, 'origen_cp_id', '3003'),
(100731, 100087, 'tb_columna_tipo', 'nombre_link'),
(100732, 100087, 'seleccionar_alta', 's'),
(100733, 100087, 'link_a_grupo', 's'),
(100734, 100087, 'listado_mostrar', 's'),
(100735, 100087, 'obligatorio', 'no_nulo'),
(100736, 100087, 'idioma_cs', 'Datos personales'),
(100737, 100087, 'filtrar', 's'),
(100738, 100088, 'tipo_dato', 'texto'),
(100739, 100088, 'largo', '100'),
(100740, 100088, 'tb_columna_tipo', 'nombre'),
(100741, 100088, 'listado_mostrar', 's'),
(100742, 100088, 'obligatorio', 'no_nulo'),
(100743, 100088, 'permite_html', ''),
(100744, 100088, 'idioma_cs', 'Nombre'),
(100745, 100088, 'caracteres_permitidos', ''),
(100746, 100088, 'filtrar', 's'),
(100747, 100089, 'tipo_dato', 'texto'),
(100748, 100089, 'largo', '100'),
(100749, 100089, 'tb_columna_tipo', 'nombre'),
(100750, 100089, 'listado_mostrar', 's'),
(100751, 100089, 'obligatorio', 'no_nulo'),
(100752, 100089, 'permite_html', ''),
(100753, 100089, 'idioma_cs', 'Apellido'),
(100754, 100089, 'caracteres_permitidos', ''),
(100755, 100089, 'filtrar', 's'),
(100756, 100090, 'tipo_dato', 'numero'),
(100757, 100090, 'tb_columna_tipo', 'fecha'),
(100758, 100090, 'largo', '20'),
(100759, 100090, 'formato_fecha', 'ddmmaaaa'),
(100760, 100090, 'listado_mostrar', 'n'),
(100761, 100090, 'obligatorio', 'nulo'),
(100762, 100090, 'idioma_cs', 'Fecha de nacimiento'),
(100763, 100090, 'filtrar', 's'),
(100764, 100091, 'tipo_dato', 'texto'),
(100765, 100091, 'largo', '100'),
(100766, 100091, 'tb_columna_tipo', 'nombre'),
(100767, 100091, 'listado_mostrar', 'n'),
(100768, 100091, 'obligatorio', 'nulo'),
(100769, 100091, 'permite_html', ''),
(100770, 100091, 'idioma_cs', 'Nacionalidad'),
(100771, 100091, 'caracteres_permitidos', ''),
(100772, 100091, 'filtrar', 's'),
(100773, 100092, 'tipo_dato', 'texto'),
(100774, 100092, 'largo', '50'),
(100775, 100092, 'tb_columna_tipo', 'nombre'),
(100776, 100092, 'listado_mostrar', 'n'),
(100777, 100092, 'obligatorio', 'nulo'),
(100778, 100092, 'permite_html', ''),
(100779, 100092, 'idioma_cs', 'Tipo de documento'),
(100780, 100092, 'caracteres_permitidos', ''),
(100781, 100092, 'filtrar', 's'),
(100782, 100093, 'tipo_dato', 'texto'),
(100783, 100093, 'largo', '50'),
(100784, 100093, 'tb_columna_tipo', 'nombre'),
(100785, 100093, 'listado_mostrar', 'n'),
(100786, 100093, 'obligatorio', 'nulo'),
(100787, 100093, 'permite_html', ''),
(100788, 100093, 'idioma_cs', 'Documento'),
(100789, 100093, 'caracteres_permitidos', ''),
(100790, 100093, 'filtrar', 's'),
(100791, 100094, 'tipo_dato', 'texto'),
(100792, 100094, 'largo', '100'),
(100793, 100094, 'tb_columna_tipo', 'nombre'),
(100794, 100094, 'listado_mostrar', 'n'),
(100795, 100094, 'obligatorio', 'nulo'),
(100796, 100094, 'permite_html', ''),
(100797, 100094, 'idioma_cs', 'Ocupacion'),
(100798, 100094, 'caracteres_permitidos', ''),
(100799, 100094, 'filtrar', 's'),
(100800, 100095, 'tipo_dato', 'texto'),
(100801, 100095, 'largo', '30'),
(100802, 100095, 'tb_columna_tipo', 'nombre'),
(100803, 100095, 'listado_mostrar', 'n'),
(100804, 100095, 'obligatorio', 'nulo'),
(100805, 100095, 'permite_html', ''),
(100806, 100095, 'idioma_cs', 'Clave de identificacion tributaria tipo'),
(100807, 100095, 'caracteres_permitidos', ''),
(100808, 100095, 'filtrar', 's'),
(100809, 100096, 'tipo_dato', 'texto'),
(100810, 100096, 'largo', '50'),
(100811, 100096, 'tb_columna_tipo', 'nombre'),
(100812, 100096, 'listado_mostrar', 'n'),
(100813, 100096, 'obligatorio', 'nulo'),
(100814, 100096, 'permite_html', ''),
(100815, 100096, 'idioma_cs', 'Clave de identificacion tributaria'),
(100816, 100096, 'caracteres_permitidos', ''),
(100817, 100096, 'filtrar', 's'),
(100818, 100097, 'tipo_dato', 'texto'),
(100819, 100097, 'largo', '100'),
(100820, 100097, 'tb_columna_tipo', 'nombre'),
(100821, 100097, 'listado_mostrar', 'n'),
(100822, 100097, 'obligatorio', 'nulo'),
(100823, 100097, 'permite_html', ''),
(100824, 100097, 'idioma_cs', 'Recomendado por cargo'),
(100825, 100097, 'caracteres_permitidos', ''),
(100826, 100097, 'filtrar', 's'),
(100827, 100098, 'tipo_dato', 'decimal'),
(100828, 100098, 'tb_columna_tipo', 'nombre'),
(100829, 100098, 'largo', '10'),
(100830, 100098, 'decimales', '2'),
(100831, 100098, 'listado_mostrar', 'n'),
(100832, 100098, 'obligatorio', 'nulo'),
(100833, 100098, 'idioma_cs', 'Precio'),
(100834, 100098, 'filtrar', 's'),
(100835, 100099, 'tipo_dato', 'numero'),
(100836, 100099, 'origen_cp_id', '3013'),
(100837, 100099, 'tb_columna_tipo', 'nombre_link'),
(100838, 100099, 'seleccionar_alta', 's'),
(100839, 100099, 'link_a_grupo', 's'),
(100840, 100099, 'listado_mostrar', 's'),
(100841, 100099, 'obligatorio', 'no_nulo'),
(100842, 100099, 'idioma_cs', 'Pais'),
(100843, 100099, 'filtrar', 's'),
(100844, 100100, 'tipo_dato', 'numero'),
(100845, 100100, 'tb_columna_tipo', 'fecha'),
(100846, 100100, 'largo', '20'),
(100847, 100100, 'formato_fecha', 'ddmmaaaa'),
(100848, 100100, 'listado_mostrar', 's'),
(100849, 100100, 'obligatorio', 'no_nulo'),
(100850, 100100, 'idioma_cs', 'Fecha'),
(100851, 100100, 'filtrar', 's'),
(100852, 100101, 'tipo_dato', 'texto'),
(100853, 100101, 'largo', '150'),
(100854, 100101, 'tb_columna_tipo', 'nombre'),
(100855, 100101, 'listado_mostrar', 's'),
(100856, 100101, 'obligatorio', 'no_nulo'),
(100857, 100101, 'permite_html', ''),
(100858, 100101, 'idioma_cs', 'Proceso'),
(100859, 100101, 'caracteres_permitidos', ''),
(100860, 100101, 'filtrar', 's'),
(100861, 100102, 'tipo_dato', 'numero'),
(100862, 100102, 'origen_cp_id', '100060'),
(100863, 100102, 'tb_columna_tipo', 'nombre_link'),
(100864, 100102, 'seleccionar_alta', 's'),
(100865, 100102, 'link_a_grupo', 's'),
(100866, 100102, 'listado_mostrar', 's'),
(100867, 100102, 'obligatorio', 'no_nulo'),
(100868, 100102, 'idioma_cs', 'Area'),
(100869, 100102, 'filtrar', 's'),
(100870, 100103, 'tipo_dato', 'numero'),
(100871, 100103, 'origen_cp_id', '100101'),
(100872, 100103, 'tb_columna_tipo', 'nombre_link'),
(100873, 100103, 'seleccionar_alta', 's'),
(100874, 100103, 'link_a_grupo', 's'),
(100875, 100103, 'listado_mostrar', 's'),
(100876, 100103, 'obligatorio', 'no_nulo'),
(100877, 100103, 'idioma_cs', 'Proceso'),
(100878, 100103, 'filtrar', 's'),
(100879, 100104, 'tipo_dato', 'decimal'),
(100880, 100104, 'tb_columna_tipo', 'nombre'),
(100881, 100104, 'largo', '2'),
(100882, 100104, 'decimales', '0'),
(100883, 100104, 'listado_mostrar', 's'),
(100884, 100104, 'obligatorio', 'no_nulo'),
(100885, 100104, 'idioma_cs', 'Orden proceso'),
(100886, 100104, 'filtrar', 's'),
(100887, 100105, 'tipo_dato', 'decimal'),
(100888, 100105, 'tb_columna_tipo', 'nombre'),
(100889, 100105, 'largo', '2'),
(100890, 100105, 'decimales', '0'),
(100891, 100105, 'listado_mostrar', 's'),
(100892, 100105, 'obligatorio', 'no_nulo'),
(100893, 100105, 'idioma_cs', 'Dias activo'),
(100894, 100105, 'filtrar', 's'),
(100895, 100106, 'tipo_dato', 'texto_largo'),
(100896, 100106, 'tb_columna_tipo', 'nombre'),
(100897, 100106, 'alto', '5'),
(100898, 100106, 'ancho', '100'),
(100899, 100106, 'listado_mostrar', 'n'),
(100900, 100106, 'obligatorio', 'nulo'),
(100901, 100106, 'permite_html', 'n'),
(100902, 100106, 'idioma_cs', 'Comentario'),
(100903, 100106, 'filtrar', 's'),
(100904, 100107, 'tipo_dato', 'numero'),
(100905, 100107, 'origen_cp_id', '100031'),
(100906, 100107, 'tb_columna_tipo', 'nombre_link'),
(100907, 100107, 'seleccionar_alta', 's'),
(100908, 100107, 'link_a_grupo', 's'),
(100909, 100107, 'listado_mostrar', 's'),
(100910, 100107, 'obligatorio', 'no_nulo'),
(100911, 100107, 'idioma_cs', 'Cliente'),
(100912, 100107, 'filtrar', 's'),
(100913, 100108, 'tipo_dato', 'numero'),
(100914, 100108, 'origen_cp_id', '100105'),
(100915, 100108, 'tb_columna_tipo', 'nombre_link'),
(100916, 100108, 'seleccionar_alta', 's'),
(100917, 100108, 'link_a_grupo', 's'),
(100918, 100108, 'listado_mostrar', 's'),
(100919, 100108, 'obligatorio', 'no_nulo'),
(100920, 100108, 'idioma_cs', 'Flujos dias'),
(100921, 100108, 'filtrar', 's'),
(100922, 100109, 'tipo_dato', 'numero'),
(100923, 100109, 'origen_cp_id', '3043'),
(100924, 100109, 'tb_columna_tipo', 'nombre_link'),
(100925, 100109, 'seleccionar_alta', 's'),
(100926, 100109, 'link_a_grupo', 's'),
(100927, 100109, 'listado_mostrar', 's'),
(100928, 100109, 'obligatorio', 'no_nulo'),
(100929, 100109, 'idioma_cs', 'Usuario'),
(100930, 100109, 'filtrar', 's'),
(100931, 100110, 'tipo_dato', 'decimal'),
(100932, 100110, 'tb_columna_tipo', 'nombre'),
(100933, 100110, 'largo', '10'),
(100934, 100110, 'decimales', '0'),
(100935, 100110, 'listado_mostrar', 'n'),
(100936, 100110, 'obligatorio', 'nulo'),
(100937, 100110, 'idioma_cs', 'ID relacionado'),
(100938, 100110, 'filtrar', 's'),
(100939, 100111, 'tipo_dato', 'numero'),
(100940, 100111, 'tb_columna_tipo', 'fecha'),
(100941, 100111, 'largo', '20'),
(100942, 100111, 'formato_fecha', 'ddmmaaaa'),
(100943, 100111, 'tipo', 'alta'),
(100944, 100111, 'listado_mostrar', 's'),
(100945, 100111, 'idioma_cs', 'Fecha de alta'),
(100946, 100111, 'filtrar', 's'),
(100947, 100112, 'tipo_dato', 'texto_largo'),
(100948, 100112, 'tb_columna_tipo', 'nombre'),
(100949, 100112, 'alto', '5'),
(100950, 100112, 'ancho', '100'),
(100951, 100112, 'listado_mostrar', 'n'),
(100952, 100112, 'obligatorio', 'nulo'),
(100953, 100112, 'permite_html', 'n'),
(100954, 100112, 'idioma_cs', 'Comentario'),
(100955, 100112, 'filtrar', 's'),
(100956, 100113, 'tipo_dato', 'decimal'),
(100957, 100113, 'tb_columna_tipo', 'nombre'),
(100958, 100113, 'largo', '10'),
(100959, 100113, 'decimales', '0'),
(100960, 100113, 'listado_mostrar', 'n'),
(100961, 100113, 'obligatorio', 'nulo'),
(100962, 100113, 'idioma_cs', 'ID tabla procesos'),
(100963, 100113, 'filtrar', 's'),
(100973, 100115, 'tipo_dato', 'numero'),
(100974, 100115, 'origen_cp_id', '100031'),
(100975, 100115, 'tb_columna_tipo', 'nombre_link'),
(100976, 100115, 'seleccionar_alta', 's'),
(100977, 100115, 'link_a_grupo', 's'),
(100978, 100115, 'listado_mostrar', 's'),
(100979, 100115, 'obligatorio', 'no_nulo'),
(100980, 100115, 'idioma_cs', 'Cliente'),
(100981, 100115, 'filtrar', 's'),
(100982, 100116, 'tipo_dato', 'numero'),
(100983, 100116, 'origen_cp_id', '100115'),
(100984, 100116, 'tb_columna_tipo', 'nombre_link'),
(100985, 100116, 'seleccionar_alta', 's'),
(100986, 100116, 'link_a_grupo', 's'),
(100987, 100116, 'listado_mostrar', 'n'),
(100988, 100116, 'obligatorio', 'nulo'),
(100989, 100116, 'idioma_cs', 'Pedido muestra'),
(100990, 100116, 'filtrar', 's'),
(100991, 100117, 'tipo_dato', 'numero'),
(100992, 100117, 'origen_cp_id', '100105'),
(100993, 100117, 'tb_columna_tipo', 'nombre_link'),
(100994, 100117, 'seleccionar_alta', 's'),
(100995, 100117, 'link_a_grupo', 's'),
(100996, 100117, 'listado_mostrar', 's'),
(100997, 100117, 'obligatorio', 'no_nulo'),
(100998, 100117, 'idioma_cs', 'Flujos dias'),
(100999, 100117, 'filtrar', 's'),
(101000, 100118, 'tipo_dato', 'numero'),
(101001, 100118, 'origen_cp_id', '3043'),
(101002, 100118, 'tb_columna_tipo', 'nombre_link'),
(101003, 100118, 'seleccionar_alta', 's'),
(101004, 100118, 'link_a_grupo', 's'),
(101005, 100118, 'listado_mostrar', 's'),
(101006, 100118, 'obligatorio', 'no_nulo'),
(101007, 100118, 'idioma_cs', 'Usuario'),
(101008, 100118, 'filtrar', 's'),
(101009, 100119, 'tipo_dato', 'decimal'),
(101010, 100119, 'tb_columna_tipo', 'nombre'),
(101011, 100119, 'largo', '10'),
(101012, 100119, 'decimales', '0'),
(101013, 100119, 'listado_mostrar', 'n'),
(101014, 100119, 'obligatorio', 'nulo'),
(101015, 100119, 'idioma_cs', 'ID relacionado'),
(101016, 100119, 'filtrar', 's'),
(101017, 100120, 'tipo_dato', 'numero'),
(101018, 100120, 'tb_columna_tipo', 'fecha'),
(101019, 100120, 'largo', '20'),
(101020, 100120, 'formato_fecha', 'ddmmaaaa'),
(101021, 100120, 'tipo', 'alta'),
(101022, 100120, 'listado_mostrar', 's'),
(101023, 100120, 'idioma_cs', 'Fecha de alta'),
(101024, 100120, 'filtrar', 's'),
(101025, 100121, 'tipo_dato', 'texto_largo'),
(101026, 100121, 'tb_columna_tipo', 'nombre'),
(101027, 100121, 'alto', '5'),
(101028, 100121, 'ancho', '100'),
(101029, 100121, 'listado_mostrar', 'n'),
(101030, 100121, 'obligatorio', 'nulo'),
(101031, 100121, 'permite_html', 'n'),
(101032, 100121, 'idioma_cs', 'Comentario'),
(101033, 100121, 'filtrar', 's'),
(101034, 100122, 'tipo_dato', 'numero'),
(101035, 100122, 'origen_cp_id', '100121'),
(101036, 100122, 'tb_columna_tipo', 'nombre_link'),
(101037, 100122, 'seleccionar_alta', 's'),
(101038, 100122, 'link_a_grupo', 's'),
(101039, 100122, 'listado_mostrar', 's'),
(101040, 100122, 'obligatorio', 'no_nulo'),
(101041, 100122, 'idioma_cs', 'Pedido de muestra proceso'),
(101042, 100122, 'filtrar', 's'),
(101043, 100123, 'tipo_dato', 'numero'),
(101044, 100123, 'tb_columna_tipo', 'nombre'),
(101045, 100123, 'activado', 's'),
(101046, 100123, 'listado_mostrar', 's'),
(101047, 100123, 'obligatorio', 'nulo'),
(101048, 100123, 'idioma_cs', 'Activo'),
(101049, 100123, 'filtrar', 's'),
(101050, 100124, 'tipo_dato', 'numero'),
(101051, 100124, 'origen_cp_id', '100007'),
(101052, 100124, 'tb_columna_tipo', 'nombre_link'),
(101053, 100124, 'seleccionar_alta', 's'),
(101054, 100124, 'link_a_grupo', 's'),
(101055, 100124, 'listado_mostrar', 'n'),
(101056, 100124, 'obligatorio', 'nulo'),
(101057, 100124, 'idioma_cs', 'Producto'),
(101058, 100124, 'filtrar', 's'),
(101059, 100125, 'tipo_dato', 'decimal'),
(101060, 100125, 'tb_columna_tipo', 'nombre'),
(101061, 100125, 'largo', '4'),
(101062, 100125, 'decimales', '0'),
(101063, 100125, 'listado_mostrar', 's'),
(101064, 100125, 'obligatorio', 'no_nulo'),
(101065, 100125, 'idioma_cs', 'Cantidad'),
(101066, 100125, 'filtrar', 's'),
(101067, 100126, 'tipo_dato', 'texto'),
(101068, 100126, 'largo', '100'),
(101069, 100126, 'tb_columna_tipo', 'nombre'),
(101070, 100126, 'listado_mostrar', 's'),
(101071, 100126, 'obligatorio', 'no_nulo'),
(101072, 100126, 'permite_html', ''),
(101073, 100126, 'idioma_cs', 'Campaña'),
(101074, 100126, 'caracteres_permitidos', ''),
(101075, 100126, 'filtrar', 's'),
(101076, 100127, 'tipo_dato', 'texto'),
(101077, 100127, 'largo', '200'),
(101078, 100127, 'tb_columna_tipo', 'nombre'),
(101079, 100127, 'listado_mostrar', 's'),
(101080, 100127, 'obligatorio', 'no_nulo'),
(101081, 100127, 'permite_html', ''),
(101082, 100127, 'idioma_cs', 'Motivo'),
(101083, 100127, 'caracteres_permitidos', ''),
(101084, 100127, 'filtrar', 's'),
(101085, 100128, 'tipo_dato', 'texto'),
(101086, 100128, 'largo', '50'),
(101087, 100128, 'tb_columna_tipo', 'nombre'),
(101088, 100128, 'listado_mostrar', 'n'),
(101089, 100128, 'obligatorio', 'nulo'),
(101090, 100128, 'permite_html', ''),
(101091, 100128, 'idioma_cs', 'Fecha de inicio'),
(101092, 100128, 'caracteres_permitidos', ''),
(101093, 100128, 'filtrar', 's'),
(101094, 100129, 'tipo_dato', 'texto'),
(101095, 100129, 'largo', '20'),
(101096, 100129, 'tb_columna_tipo', 'nombre'),
(101097, 100129, 'listado_mostrar', 'n'),
(101098, 100129, 'obligatorio', 'nulo'),
(101099, 100129, 'permite_html', ''),
(101100, 100129, 'idioma_cs', 'Hora'),
(101101, 100129, 'caracteres_permitidos', ''),
(101102, 100129, 'filtrar', 's'),
(101103, 100130, 'tipo_dato', ''),
(101104, 100130, 'idioma_cs', 'Mailing'),
(101105, 100131, 'tipo_dato', 'numero'),
(101106, 100131, 'tb_columna_tipo', 'fecha'),
(101107, 100131, 'largo', '20'),
(101108, 100131, 'formato_fecha', 'ddmmaaaa'),
(101109, 100131, 'listado_mostrar', 's'),
(101110, 100131, 'obligatorio', 'no_nulo'),
(101111, 100131, 'idioma_cs', 'Fecha de inicio'),
(101112, 100131, 'filtrar', 's'),
(101113, 100132, 'tipo_dato', 'texto'),
(101114, 100132, 'largo', '200'),
(101115, 100132, 'tb_columna_tipo', 'nombre'),
(101116, 100132, 'listado_mostrar', 'n'),
(101117, 100132, 'obligatorio', 'nulo'),
(101118, 100132, 'permite_html', ''),
(101119, 100132, 'idioma_cs', 'Asunto'),
(101120, 100132, 'caracteres_permitidos', ''),
(101121, 100132, 'filtrar', 's'),
(101122, 100133, 'tipo_dato', 'texto_largo'),
(101123, 100133, 'tb_columna_tipo', 'nombre'),
(101124, 100133, 'alto', '5'),
(101125, 100133, 'ancho', '100'),
(101126, 100133, 'listado_mostrar', 'n'),
(101127, 100133, 'obligatorio', 'nulo'),
(101128, 100133, 'permite_html', 'n'),
(101129, 100133, 'idioma_cs', 'Texto'),
(101130, 100133, 'filtrar', 's'),
(101131, 100134, 'tipo_dato', 'texto_largo'),
(101132, 100134, 'directorio', '../upload_archivos'),
(101133, 100134, 'obligatorio', 'nulo'),
(101134, 100134, 'idioma_cs', 'Plantilla HTML'),
(101135, 100134, 'eliminacion_especial', 's'),
(101136, 100134, 'eliminar_archivos', 'n'),
(101137, 100134, 'filtrar', 's'),
(101138, 100135, 'tipo_dato', 'numero'),
(101139, 100135, 'origen_cp_id', '100126'),
(101140, 100135, 'tb_columna_tipo', 'nombre_link'),
(101141, 100135, 'seleccionar_alta', 's'),
(101142, 100135, 'link_a_grupo', 's'),
(101143, 100135, 'listado_mostrar', 's'),
(101144, 100135, 'obligatorio', 'no_nulo'),
(101145, 100135, 'idioma_cs', 'Campaña'),
(101146, 100135, 'filtrar', 's'),
(101147, 100136, 'tipo_dato', 'numero'),
(101148, 100136, 'origen_cp_id', '100105'),
(101149, 100136, 'tb_columna_tipo', 'nombre_link'),
(101150, 100136, 'seleccionar_alta', 's'),
(101151, 100136, 'link_a_grupo', 's'),
(101152, 100136, 'listado_mostrar', 's'),
(101153, 100136, 'obligatorio', 'no_nulo'),
(101154, 100136, 'idioma_cs', 'Flujos dias'),
(101155, 100136, 'filtrar', 's'),
(101156, 100137, 'tipo_dato', 'numero'),
(101157, 100137, 'origen_cp_id', '3043'),
(101158, 100137, 'tb_columna_tipo', 'nombre_link'),
(101159, 100137, 'seleccionar_alta', 's'),
(101160, 100137, 'link_a_grupo', 's'),
(101161, 100137, 'listado_mostrar', 's'),
(101162, 100137, 'obligatorio', 'no_nulo'),
(101163, 100137, 'idioma_cs', 'Usuario'),
(101164, 100137, 'filtrar', 's'),
(101165, 100138, 'tipo_dato', 'decimal'),
(101166, 100138, 'tb_columna_tipo', 'nombre'),
(101167, 100138, 'largo', '10'),
(101168, 100138, 'decimales', '0'),
(101169, 100138, 'listado_mostrar', 'n'),
(101170, 100138, 'obligatorio', 'nulo'),
(101171, 100138, 'idioma_cs', 'ID relacionado'),
(101172, 100138, 'filtrar', 's'),
(101173, 100139, 'tipo_dato', 'numero'),
(101174, 100139, 'tb_columna_tipo', 'fecha'),
(101175, 100139, 'largo', '20'),
(101176, 100139, 'formato_fecha', 'ddmmaaaa'),
(101177, 100139, 'tipo', 'alta'),
(101178, 100139, 'listado_mostrar', 's'),
(101179, 100139, 'idioma_cs', 'Fecha alta'),
(101180, 100139, 'filtrar', 'n'),
(101181, 100140, 'tipo_dato', 'texto_largo'),
(101182, 100140, 'tb_columna_tipo', 'nombre'),
(101183, 100140, 'alto', '5'),
(101184, 100140, 'ancho', '100'),
(101185, 100140, 'listado_mostrar', 'n'),
(101186, 100140, 'obligatorio', 'nulo'),
(101187, 100140, 'permite_html', 'n'),
(101188, 100140, 'idioma_cs', 'Comentario'),
(101189, 100140, 'filtrar', 's'),
(101190, 100141, 'tipo_dato', 'decimal'),
(101191, 100141, 'tb_columna_tipo', 'nombre'),
(101192, 100141, 'largo', '10'),
(101193, 100141, 'decimales', '0'),
(101194, 100141, 'listado_mostrar', 'n'),
(101195, 100141, 'obligatorio', 'nulo'),
(101196, 100141, 'idioma_cs', 'ID campania procesos'),
(101197, 100141, 'filtrar', 's'),
(101198, 100142, 'tipo_dato', 'decimal'),
(101199, 100142, 'tb_columna_tipo', 'nombre'),
(101200, 100142, 'largo', '10'),
(101201, 100142, 'decimales', '0'),
(101202, 100142, 'listado_mostrar', 'n'),
(101203, 100142, 'obligatorio', 'nulo'),
(101204, 100142, 'idioma_cs', 'ID pedido muestra proceso'),
(101205, 100142, 'filtrar', 's'),
(101206, 100143, 'tipo_dato', 'numero'),
(101207, 100143, 'origen_cp_id', '100140'),
(101208, 100143, 'tb_columna_tipo', 'nombre_link'),
(101209, 100143, 'seleccionar_alta', 's'),
(101210, 100143, 'link_a_grupo', 's'),
(101211, 100143, 'listado_mostrar', 's'),
(101212, 100143, 'obligatorio', 'no_nulo'),
(101213, 100143, 'idioma_cs', 'Campaña proceso'),
(101214, 100143, 'filtrar', 's'),
(101215, 100144, 'tipo_dato', 'numero'),
(101216, 100144, 'tb_columna_tipo', 'nombre'),
(101217, 100144, 'activado', 's'),
(101218, 100144, 'listado_mostrar', 's'),
(101219, 100144, 'obligatorio', 'nulo'),
(101220, 100144, 'idioma_cs', 'Activo'),
(101221, 100144, 'filtrar', 's'),
(101222, 100145, 'tipo_dato', 'numero'),
(101223, 100145, 'origen_cp_id', '100042'),
(101224, 100145, 'origen_cp_id_otros', '100036,100029'),
(101225, 100145, 'link_a_grupo', 's'),
(101226, 100145, 'tb_columna_tipo', 'nombre_link'),
(101227, 100145, 'seleccionar_alta', 's'),
(101228, 100145, 'listado_mostrar', 'n'),
(101229, 100145, 'obligatorio', 'nulo'),
(101230, 100145, 'idioma_cs', 'Contacto'),
(101231, 100145, 'filtrar', 's'),
(101232, 100146, 'tipo_dato', 'texto'),
(101233, 100146, 'largo', '20'),
(101234, 100146, 'tb_columna_tipo', 'nombre'),
(101235, 100146, 'listado_mostrar', 's'),
(101236, 100146, 'obligatorio', 'no_nulo'),
(101237, 100146, 'permite_html', ''),
(101238, 100146, 'idioma_cs', 'Hora'),
(101239, 100146, 'caracteres_permitidos', ''),
(101240, 100146, 'filtrar', 's'),
(101250, 100148, 'tipo_dato', 'numero'),
(101251, 100148, 'origen_cp_id', '100042'),
(101252, 100148, 'origen_cp_id_otros', '100036,100029'),
(101253, 100148, 'link_a_grupo', 's'),
(101254, 100148, 'tb_columna_tipo', 'nombre_link'),
(101255, 100148, 'seleccionar_alta', 's'),
(101256, 100148, 'listado_mostrar', 's'),
(101257, 100148, 'obligatorio', 'no_nulo'),
(101258, 100148, 'idioma_cs', 'Cliente'),
(101259, 100148, 'filtrar', 's'),
(101260, 100149, 'tipo_dato', 'texto'),
(101261, 100149, 'largo', '200'),
(101262, 100149, 'tb_columna_tipo', 'nombre'),
(101263, 100149, 'listado_mostrar', 's'),
(101264, 100149, 'obligatorio', 'no_nulo'),
(101265, 100149, 'permite_html', ''),
(101266, 100149, 'idioma_cs', 'Asunto'),
(101267, 100149, 'caracteres_permitidos', ''),
(101268, 100149, 'filtrar', 's'),
(101269, 100150, 'tipo_dato', 'texto_largo'),
(101270, 100150, 'tb_columna_tipo', 'nombre'),
(101271, 100150, 'alto', '5'),
(101272, 100150, 'ancho', '100'),
(101273, 100150, 'listado_mostrar', 'n'),
(101274, 100150, 'obligatorio', 'nulo'),
(101275, 100150, 'permite_html', 'n'),
(101276, 100150, 'idioma_cs', 'Detalle'),
(101277, 100150, 'filtrar', 's'),
(101278, 100151, 'tipo_dato', ''),
(101279, 100151, 'idioma_cs', 'Archivos'),
(101280, 100152, 'tipo_dato', 'texto_largo'),
(101281, 100152, 'directorio', '../upload_archivos'),
(101282, 100152, 'obligatorio', 'nulo'),
(101283, 100152, 'idioma_cs', 'Pacto social'),
(101284, 100152, 'eliminacion_especial', 's'),
(101285, 100152, 'eliminar_archivos', 'n'),
(101286, 100152, 'filtrar', 's'),
(101287, 100153, 'tipo_dato', 'texto_largo'),
(101288, 100153, 'directorio', '../upload_archivos'),
(101289, 100153, 'obligatorio', 'nulo'),
(101290, 100153, 'idioma_cs', 'Certificado registro publico'),
(101291, 100153, 'eliminacion_especial', 's'),
(101292, 100153, 'eliminar_archivos', 'n'),
(101293, 100153, 'filtrar', 's'),
(101294, 100154, 'tipo_dato', 'texto_largo'),
(101295, 100154, 'directorio', '../upload_archivos'),
(101296, 100154, 'obligatorio', 'nulo'),
(101297, 100154, 'idioma_cs', 'Certificado de incumbencia'),
(101298, 100154, 'eliminacion_especial', 's'),
(101299, 100154, 'eliminar_archivos', 'n'),
(101300, 100154, 'filtrar', 's'),
(101301, 100155, 'tipo_dato', 'texto_largo'),
(101302, 100155, 'directorio', '../upload_archivos'),
(101303, 100155, 'obligatorio', 'nulo'),
(101304, 100155, 'idioma_cs', 'Referencias bancarias'),
(101305, 100155, 'eliminacion_especial', 's'),
(101306, 100155, 'eliminar_archivos', 'n'),
(101307, 100155, 'filtrar', 's'),
(101308, 100156, 'tipo_dato', 'texto_largo'),
(101309, 100156, 'directorio', '../upload_archivos'),
(101310, 100156, 'obligatorio', 'nulo'),
(101311, 100156, 'idioma_cs', 'Referencias comerciales'),
(101312, 100156, 'eliminacion_especial', 's'),
(101313, 100156, 'eliminar_archivos', 'n'),
(101314, 100156, 'filtrar', 's'),
(101315, 100157, 'tipo_dato', 'texto_largo'),
(101316, 100157, 'directorio', '../upload_archivos'),
(101317, 100157, 'obligatorio', 'nulo'),
(101318, 100157, 'idioma_cs', 'Autorizaciones'),
(101319, 100157, 'eliminacion_especial', 's'),
(101320, 100157, 'eliminar_archivos', 'n'),
(101321, 100157, 'filtrar', 's'),
(101322, 100158, 'tipo_dato', 'texto_largo'),
(101323, 100158, 'directorio', '../upload_archivos'),
(101324, 100158, 'obligatorio', 'nulo'),
(101325, 100158, 'idioma_cs', 'Contrato de credito'),
(101326, 100158, 'eliminacion_especial', 's'),
(101327, 100158, 'eliminar_archivos', 'n'),
(101328, 100158, 'filtrar', 's'),
(101329, 100159, 'tipo_dato', 'numero'),
(101330, 100159, 'origen_cp_id', '100149'),
(101331, 100159, 'tb_columna_tipo', 'nombre_link'),
(101332, 100159, 'seleccionar_alta', 's'),
(101333, 100159, 'link_a_grupo', 's'),
(101334, 100159, 'listado_mostrar', 's'),
(101335, 100159, 'obligatorio', 'no_nulo'),
(101336, 100159, 'idioma_cs', 'Analisis de riesgo crediticio'),
(101337, 100159, 'filtrar', 's'),
(101338, 100160, 'tipo_dato', 'decimal'),
(101339, 100160, 'tb_columna_tipo', 'nombre'),
(101340, 100160, 'largo', '10'),
(101341, 100160, 'decimales', '0'),
(101342, 100160, 'listado_mostrar', 'n'),
(101343, 100160, 'obligatorio', 'nulo'),
(101344, 100160, 'idioma_cs', 'ID analisis de riesgo crediticio procesos'),
(101345, 100160, 'filtrar', 's'),
(101346, 100161, 'tipo_dato', 'numero'),
(101347, 100161, 'origen_cp_id', '100105'),
(101348, 100161, 'tb_columna_tipo', 'nombre_link'),
(101349, 100161, 'seleccionar_alta', 's'),
(101350, 100161, 'link_a_grupo', 's'),
(101351, 100161, 'listado_mostrar', 's'),
(101352, 100161, 'obligatorio', 'no_nulo'),
(101353, 100161, 'idioma_cs', 'Flujos dias'),
(101354, 100161, 'filtrar', 's'),
(101355, 100162, 'tipo_dato', 'numero'),
(101356, 100162, 'origen_cp_id', '3043'),
(101357, 100162, 'tb_columna_tipo', 'nombre_link'),
(101358, 100162, 'seleccionar_alta', 's'),
(101359, 100162, 'link_a_grupo', 's'),
(101360, 100162, 'listado_mostrar', 's'),
(101361, 100162, 'obligatorio', 'no_nulo'),
(101362, 100162, 'idioma_cs', 'Usuario'),
(101363, 100162, 'filtrar', 's'),
(101364, 100163, 'tipo_dato', 'decimal'),
(101365, 100163, 'tb_columna_tipo', 'nombre'),
(101366, 100163, 'largo', '10'),
(101367, 100163, 'decimales', '0'),
(101368, 100163, 'listado_mostrar', 'n'),
(101369, 100163, 'obligatorio', 'nulo'),
(101370, 100163, 'idioma_cs', 'ID relacionado'),
(101371, 100163, 'filtrar', 's'),
(101372, 100164, 'tipo_dato', 'numero'),
(101373, 100164, 'tb_columna_tipo', 'fecha'),
(101374, 100164, 'largo', '20'),
(101375, 100164, 'formato_fecha', 'ddmmaaaa'),
(101376, 100164, 'tipo', 'alta'),
(101377, 100164, 'listado_mostrar', 's'),
(101378, 100164, 'idioma_cs', 'Fecha de alta'),
(101379, 100164, 'filtrar', 'n'),
(101380, 100165, 'tipo_dato', 'texto_largo'),
(101381, 100165, 'tb_columna_tipo', 'nombre'),
(101382, 100165, 'alto', '5'),
(101383, 100165, 'ancho', '100'),
(101384, 100165, 'listado_mostrar', 'n'),
(101385, 100165, 'obligatorio', 'nulo'),
(101386, 100165, 'permite_html', 'n'),
(101387, 100165, 'idioma_cs', 'Comentario'),
(101388, 100165, 'filtrar', 's'),
(101389, 100166, 'tipo_dato', 'numero'),
(101390, 100166, 'origen_cp_id', '100083'),
(101391, 100166, 'tb_columna_tipo', 'nombre_link'),
(101392, 100166, 'seleccionar_alta', 's'),
(101393, 100166, 'link_a_grupo', 's'),
(101394, 100166, 'listado_mostrar', 's'),
(101395, 100166, 'obligatorio', 'no_nulo'),
(101396, 100166, 'idioma_cs', 'Orden de pedidos'),
(101397, 100166, 'filtrar', 's'),
(101398, 100167, 'tipo_dato', 'numero'),
(101399, 100167, 'origen_cp_id', '100105'),
(101400, 100167, 'tb_columna_tipo', 'nombre_link'),
(101401, 100167, 'seleccionar_alta', 's'),
(101402, 100167, 'link_a_grupo', 's'),
(101403, 100167, 'listado_mostrar', 's'),
(101404, 100167, 'obligatorio', 'no_nulo'),
(101405, 100167, 'idioma_cs', 'Procesos flujos dias'),
(101406, 100167, 'filtrar', 's'),
(101407, 100168, 'tipo_dato', 'numero'),
(101408, 100168, 'origen_cp_id', '3043'),
(101409, 100168, 'tb_columna_tipo', 'nombre_link'),
(101410, 100168, 'seleccionar_alta', 's'),
(101411, 100168, 'link_a_grupo', 's'),
(101412, 100168, 'listado_mostrar', 's'),
(101413, 100168, 'obligatorio', 'no_nulo'),
(101414, 100168, 'idioma_cs', 'Usuario'),
(101415, 100168, 'filtrar', 's'),
(101416, 100169, 'tipo_dato', 'decimal'),
(101417, 100169, 'tb_columna_tipo', 'nombre'),
(101418, 100169, 'largo', '10'),
(101419, 100169, 'decimales', '0'),
(101420, 100169, 'listado_mostrar', 'n'),
(101421, 100169, 'obligatorio', 'nulo'),
(101422, 100169, 'idioma_cs', 'ID relacionado'),
(101423, 100169, 'filtrar', 's'),
(101424, 100170, 'tipo_dato', 'numero'),
(101425, 100170, 'tb_columna_tipo', 'fecha'),
(101426, 100170, 'largo', '20'),
(101427, 100170, 'formato_fecha', 'ddmmaaaa'),
(101428, 100170, 'tipo', 'alta'),
(101429, 100170, 'listado_mostrar', 's'),
(101430, 100170, 'idioma_cs', 'Fecha de alta'),
(101431, 100170, 'filtrar', 'n'),
(101432, 100171, 'tipo_dato', 'texto_largo'),
(101433, 100171, 'tb_columna_tipo', 'nombre'),
(101434, 100171, 'alto', '5'),
(101435, 100171, 'ancho', '100'),
(101436, 100171, 'listado_mostrar', 'n'),
(101437, 100171, 'obligatorio', 'nulo'),
(101438, 100171, 'permite_html', 'n'),
(101439, 100171, 'idioma_cs', 'Comentario'),
(101440, 100171, 'filtrar', 's'),
(101459, 100174, 'tipo_dato', 'numero'),
(101460, 100174, 'tb_columna_tipo', 'nombre'),
(101461, 100174, 'activado', 's'),
(101462, 100174, 'listado_mostrar', 's'),
(101463, 100174, 'obligatorio', 'nulo'),
(101464, 100174, 'idioma_cs', 'Activo'),
(101465, 100174, 'filtrar', 's'),
(101466, 100175, 'tipo_dato', 'decimal'),
(101467, 100175, 'tb_columna_tipo', 'nombre'),
(101468, 100175, 'largo', '10'),
(101469, 100175, 'decimales', '0'),
(101470, 100175, 'listado_mostrar', 'n'),
(101471, 100175, 'obligatorio', 'nulo'),
(101472, 100175, 'idioma_cs', 'Orden de pedidos procesos'),
(101473, 100175, 'filtrar', 's'),
(101474, 100176, 'tipo_dato', 'numero'),
(101475, 100176, 'origen_cp_id', '100043'),
(101476, 100176, 'origen_cp_id_otros', '100036,100029'),
(101477, 100176, 'link_a_grupo', 's'),
(101478, 100176, 'tb_columna_tipo', 'nombre_link'),
(101479, 100176, 'seleccionar_alta', 's'),
(101480, 100176, 'listado_mostrar', 's'),
(101481, 100176, 'obligatorio', 'no_nulo'),
(101482, 100176, 'idioma_cs', 'Cliente'),
(101483, 100176, 'filtrar', 's'),
(101484, 100177, 'tipo_dato', 'texto'),
(101485, 100177, 'largo', '200'),
(101486, 100177, 'tb_columna_tipo', 'nombre'),
(101487, 100177, 'listado_mostrar', 's'),
(101488, 100177, 'obligatorio', 'no_nulo'),
(101489, 100177, 'permite_html', ''),
(101490, 100177, 'idioma_cs', 'Asunto'),
(101491, 100177, 'caracteres_permitidos', ''),
(101492, 100177, 'filtrar', 's'),
(101493, 100178, 'tipo_dato', 'texto_largo'),
(101494, 100178, 'tb_columna_tipo', 'nombre'),
(101495, 100178, 'alto', '5'),
(101496, 100178, 'ancho', '100'),
(101497, 100178, 'listado_mostrar', 'n'),
(101498, 100178, 'obligatorio', 'nulo'),
(101499, 100178, 'permite_html', 'n'),
(101500, 100178, 'idioma_cs', 'Pedido'),
(101501, 100178, 'filtrar', 's'),
(101502, 100179, 'tipo_dato', 'decimal'),
(101503, 100179, 'tb_columna_tipo', 'nombre'),
(101504, 100179, 'largo', '10'),
(101505, 100179, 'decimales', '0'),
(101506, 100179, 'listado_mostrar', 'n'),
(101507, 100179, 'obligatorio', 'nulo'),
(101508, 100179, 'idioma_cs', 'ID pedidos varios clientes procesos'),
(101509, 100179, 'filtrar', 's'),
(101510, 100180, 'tipo_dato', 'numero'),
(101511, 100180, 'origen_cp_id', '100177'),
(101512, 100180, 'tb_columna_tipo', 'nombre_link'),
(101513, 100180, 'seleccionar_alta', 's'),
(101514, 100180, 'link_a_grupo', 's'),
(101515, 100180, 'listado_mostrar', 's'),
(101516, 100180, 'obligatorio', 'no_nulo'),
(101517, 100180, 'idioma_cs', 'Pedidos varios clientes'),
(101518, 100180, 'filtrar', 's'),
(101519, 100181, 'tipo_dato', 'numero'),
(101520, 100181, 'origen_cp_id', '100105'),
(101521, 100181, 'tb_columna_tipo', 'nombre_link'),
(101522, 100181, 'seleccionar_alta', 's'),
(101523, 100181, 'link_a_grupo', 's'),
(101524, 100181, 'listado_mostrar', 's'),
(101525, 100181, 'obligatorio', 'nulo'),
(101526, 100181, 'idioma_cs', 'Flujos dias'),
(101527, 100181, 'filtrar', 's'),
(101528, 100182, 'tipo_dato', 'numero'),
(101529, 100182, 'origen_cp_id', '3043'),
(101530, 100182, 'tb_columna_tipo', 'nombre_link'),
(101531, 100182, 'seleccionar_alta', 's'),
(101532, 100182, 'link_a_grupo', 's'),
(101533, 100182, 'listado_mostrar', 's'),
(101534, 100182, 'obligatorio', 'no_nulo'),
(101535, 100182, 'idioma_cs', 'Usuario'),
(101536, 100182, 'filtrar', 's'),
(101537, 100183, 'tipo_dato', 'decimal'),
(101538, 100183, 'tb_columna_tipo', 'nombre'),
(101539, 100183, 'largo', '10'),
(101540, 100183, 'decimales', '0'),
(101541, 100183, 'listado_mostrar', 'n'),
(101542, 100183, 'obligatorio', 'nulo'),
(101543, 100183, 'idioma_cs', 'ID relacionado'),
(101544, 100183, 'filtrar', 's'),
(101545, 100184, 'tipo_dato', 'numero'),
(101546, 100184, 'tb_columna_tipo', 'fecha'),
(101547, 100184, 'largo', '20'),
(101548, 100184, 'formato_fecha', 'ddmmaaaa'),
(101549, 100184, 'tipo', 'alta'),
(101550, 100184, 'listado_mostrar', 's'),
(101551, 100184, 'idioma_cs', 'Fecha de alta'),
(101552, 100184, 'filtrar', 'n'),
(101553, 100185, 'tipo_dato', 'texto_largo'),
(101554, 100185, 'tb_columna_tipo', 'nombre'),
(101555, 100185, 'alto', '5'),
(101556, 100185, 'ancho', '100'),
(101557, 100185, 'listado_mostrar', 'n'),
(101558, 100185, 'obligatorio', 'nulo'),
(101559, 100185, 'permite_html', 'n'),
(101560, 100185, 'idioma_cs', 'Comentario'),
(101561, 100185, 'filtrar', 's'),
(101562, 100186, 'tipo_dato', 'numero'),
(101563, 100186, 'origen_cp_id', '100185'),
(101564, 100186, 'tb_columna_tipo', 'nombre_link'),
(101565, 100186, 'seleccionar_alta', 's'),
(101566, 100186, 'link_a_grupo', 's'),
(101567, 100186, 'listado_mostrar', 'n'),
(101568, 100186, 'obligatorio', 'nulo'),
(101569, 100186, 'idioma_cs', 'Pedido varios clientes proceso'),
(101570, 100186, 'filtrar', 's'),
(101571, 100187, 'tipo_dato', 'texto_largo'),
(101572, 100187, 'directorio', '../upload_archivos'),
(101573, 100187, 'obligatorio', 'nulo'),
(101574, 100187, 'idioma_cs', 'Archivo'),
(101575, 100187, 'eliminacion_especial', 's'),
(101576, 100187, 'eliminar_archivos', 'n'),
(101577, 100187, 'filtrar', 's'),
(101578, 100188, 'tipo_dato', 'numero'),
(101579, 100188, 'origen_cp_id', '100043'),
(101580, 100188, 'origen_cp_id_otros', '100036,100029'),
(101581, 100188, 'link_a_grupo', 's'),
(101582, 100188, 'tb_columna_tipo', 'nombre_link'),
(101583, 100188, 'seleccionar_alta', 's'),
(101584, 100188, 'listado_mostrar', 's'),
(101585, 100188, 'obligatorio', 'no_nulo'),
(101586, 100188, 'idioma_cs', 'Cliente'),
(101587, 100188, 'filtrar', 's'),
(101588, 100189, 'tipo_dato', 'texto_largo'),
(101589, 100189, 'tb_columna_tipo', 'nombre'),
(101590, 100189, 'alto', '5'),
(101591, 100189, 'ancho', '100'),
(101592, 100189, 'listado_mostrar', 'n'),
(101593, 100189, 'obligatorio', 'nulo'),
(101594, 100189, 'permite_html', 'n'),
(101595, 100189, 'idioma_cs', 'Pedido'),
(101596, 100189, 'filtrar', 's'),
(101597, 100190, 'tipo_dato', 'decimal'),
(101598, 100190, 'tb_columna_tipo', 'nombre'),
(101599, 100190, 'largo', '10'),
(101600, 100190, 'decimales', '0'),
(101601, 100190, 'listado_mostrar', 'n'),
(101602, 100190, 'obligatorio', 'nulo'),
(101603, 100190, 'idioma_cs', 'ID pedido de precio credito especial'),
(101604, 100190, 'filtrar', 's'),
(101605, 100191, 'tipo_dato', 'numero'),
(101606, 100191, 'origen_cp_id', '100189'),
(101607, 100191, 'tb_columna_tipo', 'nombre_link'),
(101608, 100191, 'seleccionar_alta', 's'),
(101609, 100191, 'link_a_grupo', 's'),
(101610, 100191, 'listado_mostrar', 's'),
(101611, 100191, 'obligatorio', 'no_nulo'),
(101612, 100191, 'idioma_cs', 'Pedido de precio credito especial'),
(101613, 100191, 'filtrar', 's'),
(101614, 100192, 'tipo_dato', 'numero'),
(101615, 100192, 'origen_cp_id', '100105'),
(101616, 100192, 'tb_columna_tipo', 'nombre_link'),
(101617, 100192, 'seleccionar_alta', 's'),
(101618, 100192, 'link_a_grupo', 's'),
(101619, 100192, 'listado_mostrar', 's'),
(101620, 100192, 'obligatorio', 'nulo'),
(101621, 100192, 'idioma_cs', 'Flujos dias'),
(101622, 100192, 'filtrar', 's'),
(101623, 100193, 'tipo_dato', 'numero'),
(101624, 100193, 'origen_cp_id', '3043'),
(101625, 100193, 'tb_columna_tipo', 'nombre_link'),
(101626, 100193, 'seleccionar_alta', 's'),
(101627, 100193, 'link_a_grupo', 's'),
(101628, 100193, 'listado_mostrar', 's'),
(101629, 100193, 'obligatorio', 'no_nulo'),
(101630, 100193, 'idioma_cs', 'Usuario'),
(101631, 100193, 'filtrar', 's'),
(101632, 100194, 'tipo_dato', 'decimal'),
(101633, 100194, 'tb_columna_tipo', 'nombre'),
(101634, 100194, 'largo', '10'),
(101635, 100194, 'decimales', '0'),
(101636, 100194, 'listado_mostrar', 'n'),
(101637, 100194, 'obligatorio', 'nulo'),
(101638, 100194, 'idioma_cs', 'ID relacionado'),
(101639, 100194, 'filtrar', 's'),
(101640, 100195, 'tipo_dato', 'numero'),
(101641, 100195, 'tb_columna_tipo', 'fecha'),
(101642, 100195, 'largo', '20'),
(101643, 100195, 'formato_fecha', 'ddmmaaaa'),
(101644, 100195, 'tipo', 'alta'),
(101645, 100195, 'listado_mostrar', 'n'),
(101646, 100195, 'idioma_cs', 'Fecha de alta'),
(101647, 100195, 'filtrar', 'n'),
(101648, 100196, 'tipo_dato', 'texto_largo'),
(101649, 100196, 'tb_columna_tipo', 'nombre'),
(101650, 100196, 'alto', '5'),
(101651, 100196, 'ancho', '100'),
(101652, 100196, 'listado_mostrar', 'n'),
(101653, 100196, 'obligatorio', 'nulo'),
(101654, 100196, 'permite_html', 'n'),
(101655, 100196, 'idioma_cs', 'Comentario'),
(101656, 100196, 'filtrar', 's'),
(101657, 100197, 'tipo_dato', 'numero'),
(101658, 100197, 'origen_cp_id', '100196'),
(101659, 100197, 'tb_columna_tipo', 'nombre_link'),
(101660, 100197, 'seleccionar_alta', 's'),
(101661, 100197, 'link_a_grupo', 's'),
(101662, 100197, 'listado_mostrar', 'n'),
(101663, 100197, 'obligatorio', 'nulo'),
(101664, 100197, 'idioma_cs', 'Orden de pedidos procesos'),
(101665, 100197, 'filtrar', 's'),
(101666, 100198, 'tipo_dato', 'numero'),
(101667, 100198, 'tb_columna_tipo', 'nombre'),
(101668, 100198, 'activado', 'n'),
(101669, 100198, 'listado_mostrar', 's'),
(101670, 100198, 'obligatorio', 'nulo'),
(101671, 100198, 'idioma_cs', 'Activo'),
(101672, 100198, 'filtrar', 's'),
(101673, 100199, 'tipo_dato', 'texto_largo'),
(101674, 100199, 'directorio', '../upload_archivos'),
(101675, 100199, 'obligatorio', 'nulo'),
(101676, 100199, 'idioma_cs', 'Archivo'),
(101677, 100199, 'eliminacion_especial', 's'),
(101678, 100199, 'eliminar_archivos', 'n'),
(101679, 100199, 'filtrar', 's'),
(101680, 100200, 'tipo_dato', 'numero'),
(101681, 100200, 'origen_cp_id', '100043'),
(101682, 100200, 'origen_cp_id_otros', '100036,100029'),
(101683, 100200, 'link_a_grupo', 's'),
(101684, 100200, 'tb_columna_tipo', 'nombre_link'),
(101685, 100200, 'seleccionar_alta', 's'),
(101686, 100200, 'listado_mostrar', 's'),
(101687, 100200, 'obligatorio', 'no_nulo'),
(101688, 100200, 'idioma_cs', 'Cliente'),
(101689, 100200, 'filtrar', 's'),
(101690, 100201, 'tipo_dato', 'numero'),
(101691, 100201, 'origen_cp_id', '100060'),
(101692, 100201, 'tb_columna_tipo', 'nombre_link'),
(101693, 100201, 'seleccionar_alta', 's'),
(101694, 100201, 'link_a_grupo', 's'),
(101695, 100201, 'listado_mostrar', 's'),
(101696, 100201, 'obligatorio', 'no_nulo'),
(101697, 100201, 'idioma_cs', 'Area'),
(101698, 100201, 'filtrar', 's'),
(101699, 100202, 'tipo_dato', 'texto'),
(101700, 100202, 'largo', '200'),
(101701, 100202, 'tb_columna_tipo', 'nombre'),
(101702, 100202, 'listado_mostrar', 'n'),
(101703, 100202, 'obligatorio', 'nulo'),
(101704, 100202, 'permite_html', ''),
(101705, 100202, 'idioma_cs', 'Asunto'),
(101706, 100202, 'caracteres_permitidos', ''),
(101707, 100202, 'filtrar', 's'),
(101708, 100203, 'tipo_dato', 'texto_largo'),
(101709, 100203, 'tb_columna_tipo', 'nombre'),
(101710, 100203, 'alto', '5'),
(101711, 100203, 'ancho', '100'),
(101712, 100203, 'listado_mostrar', 'n'),
(101713, 100203, 'obligatorio', 'nulo'),
(101714, 100203, 'permite_html', 'n'),
(101715, 100203, 'idioma_cs', 'Pedido'),
(101716, 100203, 'filtrar', 's'),
(101717, 100204, 'tipo_dato', 'decimal'),
(101718, 100204, 'tb_columna_tipo', 'nombre'),
(101719, 100204, 'largo', '10'),
(101720, 100204, 'decimales', '0'),
(101721, 100204, 'listado_mostrar', 'n'),
(101722, 100204, 'obligatorio', 'nulo'),
(101723, 100204, 'idioma_cs', 'ID otros pedidos'),
(101724, 100204, 'filtrar', 's'),
(101725, 100205, 'tipo_dato', 'numero'),
(101726, 100205, 'origen_cp_id', '100202'),
(101727, 100205, 'tb_columna_tipo', 'nombre_link'),
(101728, 100205, 'seleccionar_alta', 's'),
(101729, 100205, 'link_a_grupo', 's'),
(101730, 100205, 'listado_mostrar', 's'),
(101731, 100205, 'obligatorio', 'no_nulo'),
(101732, 100205, 'idioma_cs', 'Asunto'),
(101733, 100205, 'filtrar', 's'),
(101734, 100206, 'tipo_dato', 'numero'),
(101735, 100206, 'origen_cp_id', '100105'),
(101736, 100206, 'tb_columna_tipo', 'nombre_link'),
(101737, 100206, 'seleccionar_alta', 's'),
(101738, 100206, 'link_a_grupo', 's'),
(101739, 100206, 'listado_mostrar', 's'),
(101740, 100206, 'obligatorio', 'no_nulo'),
(101741, 100206, 'idioma_cs', 'Flujos dias'),
(101742, 100206, 'filtrar', 's'),
(101743, 100207, 'tipo_dato', 'numero'),
(101744, 100207, 'origen_cp_id', '3043'),
(101745, 100207, 'tb_columna_tipo', 'nombre_link'),
(101746, 100207, 'seleccionar_alta', 's'),
(101747, 100207, 'link_a_grupo', 's'),
(101748, 100207, 'listado_mostrar', 's'),
(101749, 100207, 'obligatorio', 'no_nulo'),
(101750, 100207, 'idioma_cs', 'Usuario'),
(101751, 100207, 'filtrar', 's'),
(101752, 100208, 'tipo_dato', 'decimal'),
(101753, 100208, 'tb_columna_tipo', 'nombre'),
(101754, 100208, 'largo', '10'),
(101755, 100208, 'decimales', '0'),
(101756, 100208, 'listado_mostrar', 'n'),
(101757, 100208, 'obligatorio', 'nulo'),
(101758, 100208, 'idioma_cs', 'ID relacionado'),
(101759, 100208, 'filtrar', 's'),
(101760, 100209, 'tipo_dato', 'numero'),
(101761, 100209, 'tb_columna_tipo', 'fecha'),
(101762, 100209, 'largo', '20'),
(101763, 100209, 'formato_fecha', 'ddmmaaaa'),
(101764, 100209, 'tipo', 'alta'),
(101765, 100209, 'listado_mostrar', 's'),
(101766, 100209, 'idioma_cs', 'Fecha de alta'),
(101767, 100209, 'filtrar', 'n'),
(101768, 100210, 'tipo_dato', 'texto_largo'),
(101769, 100210, 'tb_columna_tipo', 'nombre'),
(101770, 100210, 'alto', '5'),
(101771, 100210, 'ancho', '100'),
(101772, 100210, 'listado_mostrar', 'n'),
(101773, 100210, 'obligatorio', 'nulo'),
(101774, 100210, 'permite_html', 'n'),
(101775, 100210, 'idioma_cs', 'Comentario'),
(101776, 100210, 'filtrar', 's'),
(101786, 100212, 'tipo_dato', 'numero'),
(101787, 100212, 'tb_columna_tipo', 'nombre'),
(101788, 100212, 'activado', 's'),
(101789, 100212, 'listado_mostrar', 's'),
(101790, 100212, 'obligatorio', 'nulo'),
(101791, 100212, 'idioma_cs', 'Activo'),
(101792, 100212, 'filtrar', 's'),
(101793, 100213, 'tipo_dato', 'texto_largo'),
(101794, 100213, 'directorio', '../upload_archivos'),
(101795, 100213, 'obligatorio', 'nulo'),
(101796, 100213, 'idioma_cs', 'Archivo'),
(101797, 100213, 'eliminacion_especial', 's'),
(101798, 100213, 'eliminar_archivos', 'n'),
(101799, 100213, 'filtrar', 's'),
(101800, 100214, 'tipo_dato', 'numero'),
(101801, 100214, 'origen_cp_id', '100210'),
(101802, 100214, 'tb_columna_tipo', 'nombre_link'),
(101803, 100214, 'seleccionar_alta', 's'),
(101804, 100214, 'link_a_grupo', 's'),
(101805, 100214, 'listado_mostrar', 'n'),
(101806, 100214, 'obligatorio', 'nulo'),
(101807, 100214, 'idioma_cs', 'Otros pedidos procesos'),
(101808, 100214, 'filtrar', 's'),
(101809, 100215, 'tipo_dato', 'decimal'),
(101810, 100215, 'tb_columna_tipo', 'nombre'),
(101811, 100215, 'largo', '10'),
(101812, 100215, 'decimales', '0'),
(101813, 100215, 'listado_mostrar', 'n'),
(101814, 100215, 'obligatorio', 'nulo'),
(101815, 100215, 'idioma_cs', 'ID pedido pagos adelantos procesos'),
(101816, 100215, 'filtrar', 's'),
(101817, 100216, 'tipo_dato', 'texto'),
(101818, 100216, 'largo', '200'),
(101819, 100216, 'tb_columna_tipo', 'nombre'),
(101820, 100216, 'listado_mostrar', 's'),
(101821, 100216, 'obligatorio', 'no_nulo'),
(101822, 100216, 'permite_html', ''),
(101823, 100216, 'idioma_cs', 'Asunto'),
(101824, 100216, 'caracteres_permitidos', ''),
(101825, 100216, 'filtrar', 's'),
(101826, 100217, 'tipo_dato', 'texto_largo'),
(101827, 100217, 'tb_columna_tipo', 'nombre'),
(101828, 100217, 'alto', '5'),
(101829, 100217, 'ancho', '100'),
(101830, 100217, 'listado_mostrar', 'n'),
(101831, 100217, 'obligatorio', 'nulo'),
(101832, 100217, 'permite_html', 'n'),
(101833, 100217, 'idioma_cs', 'Pedido'),
(101834, 100217, 'filtrar', 's'),
(101835, 100218, 'tipo_dato', 'numero'),
(101836, 100218, 'origen_cp_id', '100105'),
(101837, 100218, 'tb_columna_tipo', 'nombre_link'),
(101838, 100218, 'seleccionar_alta', 's'),
(101839, 100218, 'link_a_grupo', 's'),
(101840, 100218, 'listado_mostrar', 's'),
(101841, 100218, 'obligatorio', 'no_nulo'),
(101842, 100218, 'idioma_cs', 'Flujos dias'),
(101843, 100218, 'filtrar', 's'),
(101844, 100219, 'tipo_dato', 'numero'),
(101845, 100219, 'origen_cp_id', '100217'),
(101846, 100219, 'tb_columna_tipo', 'nombre_link'),
(101847, 100219, 'seleccionar_alta', 's'),
(101848, 100219, 'link_a_grupo', 's'),
(101849, 100219, 'listado_mostrar', 'n'),
(101850, 100219, 'obligatorio', 'nulo'),
(101851, 100219, 'idioma_cs', 'Pedido pagos y adelantos'),
(101852, 100219, 'filtrar', 's'),
(101853, 100220, 'tipo_dato', 'numero'),
(101854, 100220, 'origen_cp_id', '3043'),
(101855, 100220, 'tb_columna_tipo', 'nombre_link'),
(101856, 100220, 'seleccionar_alta', 's'),
(101857, 100220, 'link_a_grupo', 's'),
(101858, 100220, 'listado_mostrar', 's'),
(101859, 100220, 'obligatorio', 'no_nulo'),
(101860, 100220, 'idioma_cs', 'Usuario'),
(101861, 100220, 'filtrar', 's'),
(101862, 100221, 'tipo_dato', 'decimal'),
(101863, 100221, 'tb_columna_tipo', 'nombre'),
(101864, 100221, 'largo', '10'),
(101865, 100221, 'decimales', '0'),
(101866, 100221, 'listado_mostrar', 's'),
(101867, 100221, 'obligatorio', 'no_nulo'),
(101868, 100221, 'idioma_cs', 'ID relacionado'),
(101869, 100221, 'filtrar', 's'),
(101870, 100222, 'tipo_dato', 'numero'),
(101871, 100222, 'tb_columna_tipo', 'fecha'),
(101872, 100222, 'largo', '20'),
(101873, 100222, 'formato_fecha', 'ddmmaaaa'),
(101874, 100222, 'tipo', 'alta'),
(101875, 100222, 'listado_mostrar', 's'),
(101876, 100222, 'idioma_cs', 'Fecha de alta'),
(101877, 100222, 'filtrar', 'n'),
(101878, 100223, 'tipo_dato', 'texto_largo'),
(101879, 100223, 'tb_columna_tipo', 'nombre'),
(101880, 100223, 'alto', '5'),
(101881, 100223, 'ancho', '100'),
(101882, 100223, 'listado_mostrar', 'n'),
(101883, 100223, 'obligatorio', 'nulo'),
(101884, 100223, 'permite_html', 'n'),
(101885, 100223, 'idioma_cs', 'Comentario'),
(101886, 100223, 'filtrar', 's'),
(101887, 100224, 'tipo_dato', 'numero'),
(101888, 100224, 'origen_cp_id', '100223'),
(101889, 100224, 'tb_columna_tipo', 'nombre_link'),
(101890, 100224, 'seleccionar_alta', 's'),
(101891, 100224, 'link_a_grupo', 's'),
(101892, 100224, 'listado_mostrar', 'n'),
(101893, 100224, 'obligatorio', 'nulo'),
(101894, 100224, 'idioma_cs', 'Pedido de pagos y adelantos procesos'),
(101895, 100224, 'filtrar', 's'),
(101896, 100225, 'tipo_dato', 'numero'),
(101897, 100225, 'tb_columna_tipo', 'nombre'),
(101898, 100225, 'activado', 's'),
(101899, 100225, 'listado_mostrar', 's'),
(101900, 100225, 'obligatorio', 'nulo'),
(101901, 100225, 'idioma_cs', 'Activo'),
(101902, 100225, 'filtrar', 's'),
(101903, 100226, 'tipo_dato', 'texto_largo'),
(101904, 100226, 'directorio', '../upload_archivos'),
(101905, 100226, 'obligatorio', 'nulo'),
(101906, 100226, 'idioma_cs', 'Archivo'),
(101907, 100226, 'eliminacion_especial', 's'),
(101908, 100226, 'eliminar_archivos', 'n'),
(101909, 100226, 'filtrar', 's'),
(101910, 100227, 'tipo_dato', 'decimal'),
(101911, 100227, 'tb_columna_tipo', 'nombre'),
(101912, 100227, 'largo', '10'),
(101913, 100227, 'decimales', '0'),
(101914, 100227, 'listado_mostrar', 'n'),
(101915, 100227, 'obligatorio', 'nulo'),
(101916, 100227, 'idioma_cs', 'ID propuestas mejoras procesos'),
(101917, 100227, 'filtrar', 's'),
(101918, 100228, 'tipo_dato', 'texto'),
(101919, 100228, 'largo', '200'),
(101920, 100228, 'tb_columna_tipo', 'nombre'),
(101921, 100228, 'listado_mostrar', 'n'),
(101922, 100228, 'obligatorio', 'nulo'),
(101923, 100228, 'permite_html', ''),
(101924, 100228, 'idioma_cs', 'Asunto'),
(101925, 100228, 'caracteres_permitidos', ''),
(101926, 100228, 'filtrar', 's'),
(101927, 100229, 'tipo_dato', 'texto_largo');
INSERT INTO `kirke_componente_parametro` (`id_componente_parametro`, `id_componente`, `parametro`, `valor`) VALUES
(101928, 100229, 'tb_columna_tipo', 'nombre'),
(101929, 100229, 'alto', '5'),
(101930, 100229, 'ancho', '100'),
(101931, 100229, 'listado_mostrar', 'n'),
(101932, 100229, 'obligatorio', 'nulo'),
(101933, 100229, 'permite_html', 'n'),
(101934, 100229, 'idioma_cs', 'Mejora'),
(101935, 100229, 'filtrar', 's'),
(101936, 100230, 'tipo_dato', 'numero'),
(101937, 100230, 'origen_cp_id', '100228'),
(101938, 100230, 'tb_columna_tipo', 'nombre_link'),
(101939, 100230, 'seleccionar_alta', 's'),
(101940, 100230, 'link_a_grupo', 's'),
(101941, 100230, 'listado_mostrar', 's'),
(101942, 100230, 'obligatorio', 'no_nulo'),
(101943, 100230, 'idioma_cs', 'Propuesta mejora'),
(101944, 100230, 'filtrar', 's'),
(101945, 100231, 'tipo_dato', 'numero'),
(101946, 100231, 'origen_cp_id', '100105'),
(101947, 100231, 'tb_columna_tipo', 'nombre_link'),
(101948, 100231, 'seleccionar_alta', 's'),
(101949, 100231, 'link_a_grupo', 's'),
(101950, 100231, 'listado_mostrar', 's'),
(101951, 100231, 'obligatorio', 'no_nulo'),
(101952, 100231, 'idioma_cs', 'Flujos dias'),
(101953, 100231, 'filtrar', 's'),
(101954, 100232, 'tipo_dato', 'numero'),
(101955, 100232, 'origen_cp_id', '3043'),
(101956, 100232, 'tb_columna_tipo', 'nombre_link'),
(101957, 100232, 'seleccionar_alta', 's'),
(101958, 100232, 'link_a_grupo', 's'),
(101959, 100232, 'listado_mostrar', 's'),
(101960, 100232, 'obligatorio', 'no_nulo'),
(101961, 100232, 'idioma_cs', 'Usuario'),
(101962, 100232, 'filtrar', 's'),
(101963, 100233, 'tipo_dato', 'numero'),
(101964, 100233, 'tb_columna_tipo', 'fecha'),
(101965, 100233, 'largo', '20'),
(101966, 100233, 'formato_fecha', 'ddmmaaaa'),
(101967, 100233, 'tipo', 'alta'),
(101968, 100233, 'listado_mostrar', 's'),
(101969, 100233, 'idioma_cs', 'Fecha de alta'),
(101970, 100233, 'filtrar', 'n'),
(101971, 100234, 'tipo_dato', 'texto_largo'),
(101972, 100234, 'tb_columna_tipo', 'nombre'),
(101973, 100234, 'alto', '5'),
(101974, 100234, 'ancho', '100'),
(101975, 100234, 'listado_mostrar', 'n'),
(101976, 100234, 'obligatorio', 'nulo'),
(101977, 100234, 'permite_html', 'n'),
(101978, 100234, 'idioma_cs', 'Comentario'),
(101979, 100234, 'filtrar', 's'),
(101980, 100235, 'tipo_dato', 'numero'),
(101981, 100235, 'origen_cp_id', '100234'),
(101982, 100235, 'tb_columna_tipo', 'nombre_link'),
(101983, 100235, 'seleccionar_alta', 's'),
(101984, 100235, 'link_a_grupo', 's'),
(101985, 100235, 'listado_mostrar', 's'),
(101986, 100235, 'obligatorio', 'no_nulo'),
(101987, 100235, 'idioma_cs', 'Propuestas mejoras procesos'),
(101988, 100235, 'filtrar', 's'),
(101989, 100236, 'tipo_dato', 'numero'),
(101990, 100236, 'tb_columna_tipo', 'nombre'),
(101991, 100236, 'activado', 's'),
(101992, 100236, 'listado_mostrar', 's'),
(101993, 100236, 'obligatorio', 'nulo'),
(101994, 100236, 'idioma_cs', 'Activo'),
(101995, 100236, 'filtrar', 's'),
(101996, 100237, 'tipo_dato', 'texto_largo'),
(101997, 100237, 'directorio', '../upload_archivos'),
(101998, 100237, 'obligatorio', 'nulo'),
(101999, 100237, 'idioma_cs', 'Archivo'),
(102000, 100237, 'eliminacion_especial', 's'),
(102001, 100237, 'eliminar_archivos', 'n'),
(102002, 100237, 'filtrar', 's'),
(102003, 100238, 'tipo_dato', 'decimal'),
(102004, 100238, 'tb_columna_tipo', 'nombre'),
(102005, 100238, 'largo', '10'),
(102006, 100238, 'decimales', '0'),
(102007, 100238, 'listado_mostrar', 'n'),
(102008, 100238, 'obligatorio', 'nulo'),
(102009, 100238, 'idioma_cs', 'ID pedido de compras'),
(102010, 100238, 'filtrar', 's'),
(102011, 100239, 'tipo_dato', 'texto'),
(102012, 100239, 'largo', '200'),
(102013, 100239, 'tb_columna_tipo', 'nombre'),
(102014, 100239, 'listado_mostrar', 's'),
(102015, 100239, 'obligatorio', 'no_nulo'),
(102016, 100239, 'permite_html', ''),
(102017, 100239, 'idioma_cs', 'Asunto'),
(102018, 100239, 'caracteres_permitidos', ''),
(102019, 100239, 'filtrar', 's'),
(102020, 100240, 'tipo_dato', 'texto_largo'),
(102021, 100240, 'tb_columna_tipo', 'nombre'),
(102022, 100240, 'alto', '5'),
(102023, 100240, 'ancho', '100'),
(102024, 100240, 'listado_mostrar', 'n'),
(102025, 100240, 'obligatorio', 'nulo'),
(102026, 100240, 'permite_html', 'n'),
(102027, 100240, 'idioma_cs', 'Pedido'),
(102028, 100240, 'filtrar', 's'),
(102029, 100241, 'tipo_dato', 'numero'),
(102030, 100241, 'origen_cp_id', '100239'),
(102031, 100241, 'tb_columna_tipo', 'nombre_link'),
(102032, 100241, 'seleccionar_alta', 's'),
(102033, 100241, 'link_a_grupo', 's'),
(102034, 100241, 'listado_mostrar', 's'),
(102035, 100241, 'obligatorio', 'no_nulo'),
(102036, 100241, 'idioma_cs', 'Pedido de compras'),
(102037, 100241, 'filtrar', 's'),
(102038, 100242, 'tipo_dato', 'numero'),
(102039, 100242, 'origen_cp_id', '100105'),
(102040, 100242, 'tb_columna_tipo', 'nombre_link'),
(102041, 100242, 'seleccionar_alta', 's'),
(102042, 100242, 'link_a_grupo', 's'),
(102043, 100242, 'listado_mostrar', 's'),
(102044, 100242, 'obligatorio', 'no_nulo'),
(102045, 100242, 'idioma_cs', 'Flujos dias'),
(102046, 100242, 'filtrar', 's'),
(102047, 100243, 'tipo_dato', 'numero'),
(102048, 100243, 'origen_cp_id', '3043'),
(102049, 100243, 'tb_columna_tipo', 'nombre_link'),
(102050, 100243, 'seleccionar_alta', 's'),
(102051, 100243, 'link_a_grupo', 's'),
(102052, 100243, 'listado_mostrar', 's'),
(102053, 100243, 'obligatorio', 'no_nulo'),
(102054, 100243, 'idioma_cs', 'Usuario'),
(102055, 100243, 'filtrar', 's'),
(102056, 100244, 'tipo_dato', 'decimal'),
(102057, 100244, 'tb_columna_tipo', 'nombre'),
(102058, 100244, 'largo', '10'),
(102059, 100244, 'decimales', '0'),
(102060, 100244, 'listado_mostrar', 'n'),
(102061, 100244, 'obligatorio', 'nulo'),
(102062, 100244, 'idioma_cs', 'ID relacionado'),
(102063, 100244, 'filtrar', 's'),
(102064, 100245, 'tipo_dato', 'numero'),
(102065, 100245, 'tb_columna_tipo', 'fecha'),
(102066, 100245, 'largo', '20'),
(102067, 100245, 'formato_fecha', 'ddmmaaaa'),
(102068, 100245, 'tipo', 'alta'),
(102069, 100245, 'listado_mostrar', 's'),
(102070, 100245, 'idioma_cs', 'Fecha de alta'),
(102071, 100245, 'filtrar', 'n'),
(102072, 100246, 'tipo_dato', 'texto_largo'),
(102073, 100246, 'tb_columna_tipo', 'nombre'),
(102074, 100246, 'alto', '5'),
(102075, 100246, 'ancho', '100'),
(102076, 100246, 'listado_mostrar', 'n'),
(102077, 100246, 'obligatorio', 'nulo'),
(102078, 100246, 'permite_html', 'n'),
(102079, 100246, 'idioma_cs', 'Comentario'),
(102080, 100246, 'filtrar', 's'),
(102081, 100247, 'tipo_dato', 'numero'),
(102082, 100247, 'origen_cp_id', '100246'),
(102083, 100247, 'tb_columna_tipo', 'nombre_link'),
(102084, 100247, 'seleccionar_alta', 's'),
(102085, 100247, 'link_a_grupo', 's'),
(102086, 100247, 'listado_mostrar', 's'),
(102087, 100247, 'obligatorio', 'no_nulo'),
(102088, 100247, 'idioma_cs', 'Pedido de compras procesos'),
(102089, 100247, 'filtrar', 's'),
(102090, 100248, 'tipo_dato', 'numero'),
(102091, 100248, 'tb_columna_tipo', 'nombre'),
(102092, 100248, 'activado', 's'),
(102093, 100248, 'listado_mostrar', 's'),
(102094, 100248, 'obligatorio', 'nulo'),
(102095, 100248, 'idioma_cs', 'Activo'),
(102096, 100248, 'filtrar', 's'),
(102097, 100249, 'tipo_dato', 'texto_largo'),
(102098, 100249, 'directorio', '../upload_archivos'),
(102099, 100249, 'obligatorio', 'nulo'),
(102100, 100249, 'idioma_cs', 'Archivo'),
(102101, 100249, 'eliminacion_especial', 's'),
(102102, 100249, 'eliminar_archivos', 'n'),
(102103, 100249, 'filtrar', 's'),
(102104, 100250, 'tipo_dato', 'numero'),
(102105, 100250, 'origen_cp_id', '100043'),
(102106, 100250, 'origen_cp_id_otros', '100036,100029'),
(102107, 100250, 'link_a_grupo', 's'),
(102108, 100250, 'tb_columna_tipo', 'nombre_link'),
(102109, 100250, 'seleccionar_alta', 's'),
(102110, 100250, 'listado_mostrar', 's'),
(102111, 100250, 'obligatorio', 'nulo'),
(102112, 100250, 'idioma_cs', 'Cliente'),
(102113, 100250, 'filtrar', 's'),
(102114, 100251, 'tipo_dato', 'texto'),
(102115, 100251, 'largo', '200'),
(102116, 100251, 'tb_columna_tipo', 'nombre'),
(102117, 100251, 'listado_mostrar', 's'),
(102118, 100251, 'obligatorio', 'no_nulo'),
(102119, 100251, 'permite_html', ''),
(102120, 100251, 'idioma_cs', 'Asunto'),
(102121, 100251, 'caracteres_permitidos', ''),
(102122, 100251, 'filtrar', 's'),
(102123, 100252, 'tipo_dato', 'texto_largo'),
(102124, 100252, 'tb_columna_tipo', 'nombre'),
(102125, 100252, 'alto', '5'),
(102126, 100252, 'ancho', '100'),
(102127, 100252, 'listado_mostrar', 'n'),
(102128, 100252, 'obligatorio', 'nulo'),
(102129, 100252, 'permite_html', 'n'),
(102130, 100252, 'idioma_cs', 'Reclamo'),
(102131, 100252, 'filtrar', 's'),
(102132, 100253, 'tipo_dato', 'decimal'),
(102133, 100253, 'tb_columna_tipo', 'nombre'),
(102134, 100253, 'largo', '10'),
(102135, 100253, 'decimales', '0'),
(102136, 100253, 'listado_mostrar', 'n'),
(102137, 100253, 'obligatorio', 'nulo'),
(102138, 100253, 'idioma_cs', 'ID reclamos procesos'),
(102139, 100253, 'filtrar', 's'),
(102140, 100254, 'tipo_dato', 'numero'),
(102141, 100254, 'origen_cp_id', '100251'),
(102142, 100254, 'tb_columna_tipo', 'nombre_link'),
(102143, 100254, 'seleccionar_alta', 's'),
(102144, 100254, 'link_a_grupo', 's'),
(102145, 100254, 'listado_mostrar', 's'),
(102146, 100254, 'obligatorio', 'no_nulo'),
(102147, 100254, 'idioma_cs', 'Reclamo'),
(102148, 100254, 'filtrar', 's'),
(102149, 100255, 'tipo_dato', 'numero'),
(102150, 100255, 'origen_cp_id', '100105'),
(102151, 100255, 'tb_columna_tipo', 'nombre_link'),
(102152, 100255, 'seleccionar_alta', 's'),
(102153, 100255, 'link_a_grupo', 's'),
(102154, 100255, 'listado_mostrar', 's'),
(102155, 100255, 'obligatorio', 'no_nulo'),
(102156, 100255, 'idioma_cs', 'Flujos dias'),
(102157, 100255, 'filtrar', 's'),
(102158, 100256, 'tipo_dato', 'numero'),
(102159, 100256, 'origen_cp_id', '3043'),
(102160, 100256, 'tb_columna_tipo', 'nombre_link'),
(102161, 100256, 'seleccionar_alta', 's'),
(102162, 100256, 'link_a_grupo', 's'),
(102163, 100256, 'listado_mostrar', 's'),
(102164, 100256, 'obligatorio', 'no_nulo'),
(102165, 100256, 'idioma_cs', 'Usuario'),
(102166, 100256, 'filtrar', 's'),
(102167, 100257, 'tipo_dato', 'decimal'),
(102168, 100257, 'tb_columna_tipo', 'nombre'),
(102169, 100257, 'largo', '10'),
(102170, 100257, 'decimales', '0'),
(102171, 100257, 'listado_mostrar', 'n'),
(102172, 100257, 'obligatorio', 'nulo'),
(102173, 100257, 'idioma_cs', 'ID relacionado'),
(102174, 100257, 'filtrar', 's'),
(102175, 100258, 'tipo_dato', 'numero'),
(102176, 100258, 'tb_columna_tipo', 'fecha'),
(102177, 100258, 'largo', '20'),
(102178, 100258, 'formato_fecha', 'ddmmaaaa'),
(102179, 100258, 'tipo', 'alta'),
(102180, 100258, 'listado_mostrar', 'n'),
(102181, 100258, 'idioma_cs', 'Fecha de alta'),
(102182, 100258, 'filtrar', 'n'),
(102183, 100259, 'tipo_dato', 'texto_largo'),
(102184, 100259, 'tb_columna_tipo', 'nombre'),
(102185, 100259, 'alto', '5'),
(102186, 100259, 'ancho', '100'),
(102187, 100259, 'listado_mostrar', 'n'),
(102188, 100259, 'obligatorio', 'nulo'),
(102189, 100259, 'permite_html', 'n'),
(102190, 100259, 'idioma_cs', 'Comentario'),
(102191, 100259, 'filtrar', 's'),
(102192, 100260, 'tipo_dato', 'numero'),
(102193, 100260, 'origen_cp_id', '100259'),
(102194, 100260, 'tb_columna_tipo', 'nombre_link'),
(102195, 100260, 'seleccionar_alta', 's'),
(102196, 100260, 'link_a_grupo', 's'),
(102197, 100260, 'listado_mostrar', 's'),
(102198, 100260, 'obligatorio', 'no_nulo'),
(102199, 100260, 'idioma_cs', 'Reclamos Procesos'),
(102200, 100260, 'filtrar', 's'),
(102201, 100261, 'tipo_dato', 'numero'),
(102202, 100261, 'tb_columna_tipo', 'nombre'),
(102203, 100261, 'activado', 's'),
(102204, 100261, 'listado_mostrar', 's'),
(102205, 100261, 'obligatorio', 'nulo'),
(102206, 100261, 'idioma_cs', 'Activo'),
(102207, 100261, 'filtrar', 's'),
(102208, 100262, 'tipo_dato', 'texto_largo'),
(102209, 100262, 'directorio', '../upload_archivos'),
(102210, 100262, 'obligatorio', 'nulo'),
(102211, 100262, 'idioma_cs', 'Archivo'),
(102212, 100262, 'eliminacion_especial', 's'),
(102213, 100262, 'eliminar_archivos', 'n'),
(102214, 100262, 'filtrar', 's'),
(102215, 100263, 'tipo_dato', 'numero'),
(102216, 100263, 'tb_columna_tipo', 'fecha'),
(102217, 100263, 'largo', '20'),
(102218, 100263, 'formato_fecha', 'ddmmaaaa'),
(102219, 100263, 'listado_mostrar', 's'),
(102220, 100263, 'obligatorio', 'nulo'),
(102221, 100263, 'idioma_cs', 'Fecha de inicio'),
(102222, 100263, 'filtrar', 's'),
(102223, 100264, 'tipo_dato', 'numero'),
(102224, 100264, 'tb_columna_tipo', 'fecha'),
(102225, 100264, 'largo', '20'),
(102226, 100264, 'formato_fecha', 'ddmmaaaa'),
(102227, 100264, 'listado_mostrar', 's'),
(102228, 100264, 'obligatorio', 'nulo'),
(102229, 100264, 'idioma_cs', 'Fecha de finalizacion'),
(102230, 100264, 'filtrar', 's'),
(102231, 100265, 'tipo_dato', 'decimal'),
(102232, 100265, 'tb_columna_tipo', 'nombre'),
(102233, 100265, 'largo', '2'),
(102234, 100265, 'decimales', '0'),
(102235, 100265, 'listado_mostrar', 'n'),
(102236, 100265, 'obligatorio', 'nulo'),
(102237, 100265, 'idioma_cs', 'Cantidad de dias'),
(102238, 100265, 'filtrar', 's'),
(102239, 100266, 'tipo_dato', 'texto_largo'),
(102240, 100266, 'tb_columna_tipo', 'nombre'),
(102241, 100266, 'alto', '5'),
(102242, 100266, 'ancho', '100'),
(102243, 100266, 'listado_mostrar', 'n'),
(102244, 100266, 'obligatorio', 'nulo'),
(102245, 100266, 'permite_html', 'n'),
(102246, 100266, 'idioma_cs', 'Observaciones'),
(102247, 100266, 'filtrar', 's'),
(102248, 100267, 'tipo_dato', 'decimal'),
(102249, 100267, 'tb_columna_tipo', 'nombre'),
(102250, 100267, 'largo', '10'),
(102251, 100267, 'decimales', '0'),
(102252, 100267, 'listado_mostrar', 'n'),
(102253, 100267, 'obligatorio', 'nulo'),
(102254, 100267, 'idioma_cs', 'ID pedido de vacaciones procesos'),
(102255, 100267, 'filtrar', 's'),
(102256, 100268, 'tipo_dato', 'numero'),
(102257, 100268, 'origen_cp_id', '100266'),
(102258, 100268, 'tb_columna_tipo', 'nombre_link'),
(102259, 100268, 'seleccionar_alta', 's'),
(102260, 100268, 'link_a_grupo', 's'),
(102261, 100268, 'listado_mostrar', 's'),
(102262, 100268, 'obligatorio', 'no_nulo'),
(102263, 100268, 'idioma_cs', 'Pedido de vacaciones'),
(102264, 100268, 'filtrar', 's'),
(102265, 100269, 'tipo_dato', 'numero'),
(102266, 100269, 'origen_cp_id', '3043'),
(102267, 100269, 'tb_columna_tipo', 'nombre_link'),
(102268, 100269, 'seleccionar_alta', 's'),
(102269, 100269, 'link_a_grupo', 's'),
(102270, 100269, 'listado_mostrar', 's'),
(102271, 100269, 'obligatorio', 'no_nulo'),
(102272, 100269, 'idioma_cs', 'Usuario'),
(102273, 100269, 'filtrar', 's'),
(102274, 100270, 'tipo_dato', 'decimal'),
(102275, 100270, 'tb_columna_tipo', 'nombre'),
(102276, 100270, 'largo', '10'),
(102277, 100270, 'decimales', '0'),
(102278, 100270, 'listado_mostrar', 'n'),
(102279, 100270, 'obligatorio', 'nulo'),
(102280, 100270, 'idioma_cs', 'ID relacionado'),
(102281, 100270, 'filtrar', 's'),
(102282, 100271, 'tipo_dato', 'numero'),
(102283, 100271, 'tb_columna_tipo', 'fecha'),
(102284, 100271, 'largo', '20'),
(102285, 100271, 'formato_fecha', 'ddmmaaaa'),
(102286, 100271, 'tipo', 'alta'),
(102287, 100271, 'listado_mostrar', 'n'),
(102288, 100271, 'idioma_cs', 'Fecha de alta'),
(102289, 100271, 'filtrar', 'n'),
(102290, 100272, 'tipo_dato', 'texto_largo'),
(102291, 100272, 'tb_columna_tipo', 'nombre'),
(102292, 100272, 'alto', '5'),
(102293, 100272, 'ancho', '100'),
(102294, 100272, 'listado_mostrar', 'n'),
(102295, 100272, 'obligatorio', 'nulo'),
(102296, 100272, 'permite_html', 'n'),
(102297, 100272, 'idioma_cs', 'Comentario'),
(102298, 100272, 'filtrar', 's'),
(102299, 100273, 'tipo_dato', 'numero'),
(102300, 100273, 'origen_cp_id', '100272'),
(102301, 100273, 'tb_columna_tipo', 'nombre_link'),
(102302, 100273, 'seleccionar_alta', 's'),
(102303, 100273, 'link_a_grupo', 's'),
(102304, 100273, 'listado_mostrar', 's'),
(102305, 100273, 'obligatorio', 'no_nulo'),
(102306, 100273, 'idioma_cs', 'Pedido de vacaciones procesos'),
(102307, 100273, 'filtrar', 's'),
(102351, 100279, 'tipo_dato', 'numero'),
(102352, 100279, 'tb_columna_tipo', 'nombre'),
(102353, 100279, 'activado', 's'),
(102354, 100279, 'listado_mostrar', 's'),
(102355, 100279, 'obligatorio', 'nulo'),
(102356, 100279, 'idioma_cs', 'Activo'),
(102357, 100279, 'filtrar', 's'),
(102358, 100280, 'tipo_dato', 'texto_largo'),
(102359, 100280, 'directorio', '../upload_archivos'),
(102360, 100280, 'obligatorio', 'nulo'),
(102361, 100280, 'idioma_cs', 'Archivo'),
(102362, 100280, 'eliminacion_especial', 's'),
(102363, 100280, 'eliminar_archivos', 'n'),
(102364, 100280, 'filtrar', 's'),
(102365, 100281, 'tipo_dato', 'numero'),
(102366, 100281, 'tb_columna_tipo', 'fecha'),
(102367, 100281, 'largo', '20'),
(102368, 100281, 'formato_fecha', 'ddmmaaaa'),
(102369, 100281, 'listado_mostrar', 's'),
(102370, 100281, 'obligatorio', 'nulo'),
(102371, 100281, 'idioma_cs', 'Fecha de inicio'),
(102372, 100281, 'filtrar', 's'),
(102373, 100282, 'tipo_dato', 'numero'),
(102374, 100282, 'tb_columna_tipo', 'fecha'),
(102375, 100282, 'largo', '20'),
(102376, 100282, 'formato_fecha', 'ddmmaaaa'),
(102377, 100282, 'listado_mostrar', 's'),
(102378, 100282, 'obligatorio', 'nulo'),
(102379, 100282, 'idioma_cs', 'Fecha de finalizacion'),
(102380, 100282, 'filtrar', 's'),
(102381, 100283, 'tipo_dato', 'decimal'),
(102382, 100283, 'tb_columna_tipo', 'nombre'),
(102383, 100283, 'largo', '2'),
(102384, 100283, 'decimales', '0'),
(102385, 100283, 'listado_mostrar', 's'),
(102386, 100283, 'obligatorio', 'no_nulo'),
(102387, 100283, 'idioma_cs', 'Cantidad de dias'),
(102388, 100283, 'filtrar', 's'),
(102389, 100284, 'tipo_dato', 'texto_largo'),
(102390, 100284, 'tb_columna_tipo', 'nombre'),
(102391, 100284, 'alto', '5'),
(102392, 100284, 'ancho', '100'),
(102393, 100284, 'listado_mostrar', 'n'),
(102394, 100284, 'obligatorio', 'nulo'),
(102395, 100284, 'permite_html', 'n'),
(102396, 100284, 'idioma_cs', 'Observaciones'),
(102397, 100284, 'filtrar', 's'),
(102398, 100285, 'tipo_dato', 'decimal'),
(102399, 100285, 'tb_columna_tipo', 'nombre'),
(102400, 100285, 'largo', '10'),
(102401, 100285, 'decimales', '0'),
(102402, 100285, 'listado_mostrar', 'n'),
(102403, 100285, 'obligatorio', 'nulo'),
(102404, 100285, 'idioma_cs', 'ID pedido dias libres procesos'),
(102405, 100285, 'filtrar', 's'),
(102406, 100286, 'tipo_dato', 'numero'),
(102407, 100286, 'origen_cp_id', '100284'),
(102408, 100286, 'tb_columna_tipo', 'nombre_link'),
(102409, 100286, 'seleccionar_alta', 's'),
(102410, 100286, 'link_a_grupo', 's'),
(102411, 100286, 'listado_mostrar', 's'),
(102412, 100286, 'obligatorio', 'no_nulo'),
(102413, 100286, 'idioma_cs', 'Pedidos de dias libres'),
(102414, 100286, 'filtrar', 's'),
(102415, 100287, 'tipo_dato', 'numero'),
(102416, 100287, 'origen_cp_id', '100105'),
(102417, 100287, 'tb_columna_tipo', 'nombre_link'),
(102418, 100287, 'seleccionar_alta', 's'),
(102419, 100287, 'link_a_grupo', 's'),
(102420, 100287, 'listado_mostrar', 's'),
(102421, 100287, 'obligatorio', 'no_nulo'),
(102422, 100287, 'idioma_cs', 'Flujos dias'),
(102423, 100287, 'filtrar', 's'),
(102424, 100288, 'tipo_dato', 'numero'),
(102425, 100288, 'origen_cp_id', '3043'),
(102426, 100288, 'tb_columna_tipo', 'nombre_link'),
(102427, 100288, 'seleccionar_alta', 's'),
(102428, 100288, 'link_a_grupo', 's'),
(102429, 100288, 'listado_mostrar', 's'),
(102430, 100288, 'obligatorio', 'no_nulo'),
(102431, 100288, 'idioma_cs', 'Usuario'),
(102432, 100288, 'filtrar', 's'),
(102433, 100289, 'tipo_dato', 'decimal'),
(102434, 100289, 'tb_columna_tipo', 'nombre'),
(102435, 100289, 'largo', '10'),
(102436, 100289, 'decimales', '0'),
(102437, 100289, 'listado_mostrar', 's'),
(102438, 100289, 'obligatorio', 'no_nulo'),
(102439, 100289, 'idioma_cs', 'ID relacionado'),
(102440, 100289, 'filtrar', 's'),
(102441, 100290, 'tipo_dato', 'numero'),
(102442, 100290, 'tb_columna_tipo', 'fecha'),
(102443, 100290, 'largo', '20'),
(102444, 100290, 'formato_fecha', 'ddmmaaaa'),
(102445, 100290, 'tipo', 'alta'),
(102446, 100290, 'listado_mostrar', 's'),
(102447, 100290, 'idioma_cs', 'Fecha de alta'),
(102448, 100290, 'filtrar', 's'),
(102449, 100291, 'tipo_dato', 'texto_largo'),
(102450, 100291, 'tb_columna_tipo', 'nombre'),
(102451, 100291, 'alto', '5'),
(102452, 100291, 'ancho', '100'),
(102453, 100291, 'listado_mostrar', 'n'),
(102454, 100291, 'obligatorio', 'nulo'),
(102455, 100291, 'permite_html', 'n'),
(102456, 100291, 'idioma_cs', 'Comentario'),
(102457, 100291, 'filtrar', 's'),
(102458, 100292, 'tipo_dato', 'numero'),
(102459, 100292, 'origen_cp_id', '100291'),
(102460, 100292, 'tb_columna_tipo', 'nombre_link'),
(102461, 100292, 'seleccionar_alta', 's'),
(102462, 100292, 'link_a_grupo', 's'),
(102463, 100292, 'listado_mostrar', 's'),
(102464, 100292, 'obligatorio', 'no_nulo'),
(102465, 100292, 'idioma_cs', 'Orden de pedidos procesos'),
(102466, 100292, 'filtrar', 's'),
(102467, 100293, 'tipo_dato', 'numero'),
(102468, 100293, 'tb_columna_tipo', 'nombre'),
(102469, 100293, 'activado', 's'),
(102470, 100293, 'listado_mostrar', 's'),
(102471, 100293, 'obligatorio', 'nulo'),
(102472, 100293, 'idioma_cs', 'Activo'),
(102473, 100293, 'filtrar', 's'),
(102474, 100294, 'tipo_dato', 'texto_largo'),
(102475, 100294, 'directorio', '../upload_archivos'),
(102476, 100294, 'obligatorio', 'nulo'),
(102477, 100294, 'idioma_cs', 'Archivo'),
(102478, 100294, 'eliminacion_especial', 's'),
(102479, 100294, 'eliminar_archivos', 'n'),
(102480, 100294, 'filtrar', 's'),
(102481, 100295, 'tipo_dato', 'numero'),
(102482, 100295, 'tb_columna_tipo', 'fecha'),
(102483, 100295, 'largo', '20'),
(102484, 100295, 'formato_fecha', 'ddmmaaaa'),
(102485, 100295, 'listado_mostrar', 's'),
(102486, 100295, 'obligatorio', 'no_nulo'),
(102487, 100295, 'idioma_cs', 'Fecha de inicio'),
(102488, 100295, 'filtrar', 's'),
(102489, 100296, 'tipo_dato', 'numero'),
(102490, 100296, 'tb_columna_tipo', 'fecha'),
(102491, 100296, 'largo', '20'),
(102492, 100296, 'formato_fecha', 'ddmmaaaa'),
(102493, 100296, 'listado_mostrar', 's'),
(102494, 100296, 'obligatorio', 'no_nulo'),
(102495, 100296, 'idioma_cs', 'Fecha de finalizacion'),
(102496, 100296, 'filtrar', 's'),
(102497, 100297, 'tipo_dato', 'decimal'),
(102498, 100297, 'tb_columna_tipo', 'nombre'),
(102499, 100297, 'largo', '2'),
(102500, 100297, 'decimales', '0'),
(102501, 100297, 'listado_mostrar', 's'),
(102502, 100297, 'obligatorio', 'no_nulo'),
(102503, 100297, 'idioma_cs', 'Cantidad de dias'),
(102504, 100297, 'filtrar', 's'),
(102505, 100298, 'tipo_dato', 'texto_largo'),
(102506, 100298, 'tb_columna_tipo', 'nombre'),
(102507, 100298, 'alto', '5'),
(102508, 100298, 'ancho', '100'),
(102509, 100298, 'listado_mostrar', 'n'),
(102510, 100298, 'obligatorio', 'nulo'),
(102511, 100298, 'permite_html', 'n'),
(102512, 100298, 'idioma_cs', 'Observaciones'),
(102513, 100298, 'filtrar', 's'),
(102514, 100299, 'tipo_dato', 'decimal'),
(102515, 100299, 'tb_columna_tipo', 'nombre'),
(102516, 100299, 'largo', '10'),
(102517, 100299, 'decimales', '0'),
(102518, 100299, 'listado_mostrar', 'n'),
(102519, 100299, 'obligatorio', 'nulo'),
(102520, 100299, 'idioma_cs', 'Rendicion de dias por enfermedad procesos'),
(102521, 100299, 'filtrar', 's'),
(102522, 100300, 'tipo_dato', 'numero'),
(102523, 100300, 'origen_cp_id', '100298'),
(102524, 100300, 'tb_columna_tipo', 'nombre_link'),
(102525, 100300, 'seleccionar_alta', 's'),
(102526, 100300, 'link_a_grupo', 's'),
(102527, 100300, 'listado_mostrar', 's'),
(102528, 100300, 'obligatorio', 'no_nulo'),
(102529, 100300, 'idioma_cs', 'Rendicion de dias por enfermedad'),
(102530, 100300, 'filtrar', 's'),
(102531, 100301, 'tipo_dato', 'numero'),
(102532, 100301, 'origen_cp_id', '100105'),
(102533, 100301, 'tb_columna_tipo', 'nombre_link'),
(102534, 100301, 'seleccionar_alta', 's'),
(102535, 100301, 'link_a_grupo', 's'),
(102536, 100301, 'listado_mostrar', 's'),
(102537, 100301, 'obligatorio', 'no_nulo'),
(102538, 100301, 'idioma_cs', 'Flujos dias'),
(102539, 100301, 'filtrar', 's'),
(102540, 100302, 'tipo_dato', 'numero'),
(102541, 100302, 'origen_cp_id', '3043'),
(102542, 100302, 'tb_columna_tipo', 'nombre_link'),
(102543, 100302, 'seleccionar_alta', 's'),
(102544, 100302, 'link_a_grupo', 's'),
(102545, 100302, 'listado_mostrar', 's'),
(102546, 100302, 'obligatorio', 'no_nulo'),
(102547, 100302, 'idioma_cs', 'Usuario'),
(102548, 100302, 'filtrar', 's'),
(102549, 100303, 'tipo_dato', 'decimal'),
(102550, 100303, 'tb_columna_tipo', 'nombre'),
(102551, 100303, 'largo', '10'),
(102552, 100303, 'decimales', '0'),
(102553, 100303, 'listado_mostrar', 'n'),
(102554, 100303, 'obligatorio', 'nulo'),
(102555, 100303, 'idioma_cs', 'ID relacionado'),
(102556, 100303, 'filtrar', 's'),
(102557, 100304, 'tipo_dato', 'numero'),
(102558, 100304, 'tb_columna_tipo', 'fecha'),
(102559, 100304, 'largo', '20'),
(102560, 100304, 'formato_fecha', 'ddmmaaaa'),
(102561, 100304, 'tipo', 'alta'),
(102562, 100304, 'listado_mostrar', 's'),
(102563, 100304, 'idioma_cs', 'Fecha de alta'),
(102564, 100304, 'filtrar', 'n'),
(102565, 100305, 'tipo_dato', 'texto_largo'),
(102566, 100305, 'tb_columna_tipo', 'nombre'),
(102567, 100305, 'alto', '5'),
(102568, 100305, 'ancho', '100'),
(102569, 100305, 'listado_mostrar', 'n'),
(102570, 100305, 'obligatorio', 'nulo'),
(102571, 100305, 'permite_html', 'n'),
(102572, 100305, 'idioma_cs', 'Comentario'),
(102573, 100305, 'filtrar', 's'),
(102574, 100306, 'tipo_dato', 'numero'),
(102575, 100306, 'origen_cp_id', '100298'),
(102576, 100306, 'tb_columna_tipo', 'nombre_link'),
(102577, 100306, 'seleccionar_alta', 's'),
(102578, 100306, 'link_a_grupo', 's'),
(102579, 100306, 'listado_mostrar', 'n'),
(102580, 100306, 'obligatorio', 'nulo'),
(102581, 100306, 'idioma_cs', 'Rendicion de dias por enfermedad procesos'),
(102582, 100306, 'filtrar', 's'),
(102583, 100307, 'tipo_dato', 'numero'),
(102584, 100307, 'tb_columna_tipo', 'nombre'),
(102585, 100307, 'activado', 's'),
(102586, 100307, 'listado_mostrar', 's'),
(102587, 100307, 'obligatorio', 'nulo'),
(102588, 100307, 'idioma_cs', 'Activo'),
(102589, 100307, 'filtrar', 's'),
(102590, 100308, 'tipo_dato', 'texto_largo'),
(102591, 100308, 'directorio', '../upload_archivos'),
(102592, 100308, 'obligatorio', 'nulo'),
(102593, 100308, 'idioma_cs', 'Archivo'),
(102594, 100308, 'eliminacion_especial', 's'),
(102595, 100308, 'eliminar_archivos', 'n'),
(102596, 100308, 'filtrar', 's'),
(102597, 100309, 'tipo_dato', 'decimal'),
(102598, 100309, 'tb_columna_tipo', 'nombre'),
(102599, 100309, 'largo', '10'),
(102600, 100309, 'decimales', '2'),
(102601, 100309, 'listado_mostrar', 's'),
(102602, 100309, 'obligatorio', 'no_nulo'),
(102603, 100309, 'idioma_cs', 'Monto'),
(102604, 100309, 'filtrar', 's'),
(102605, 100310, 'tipo_dato', 'texto_largo'),
(102606, 100310, 'tb_columna_tipo', 'nombre'),
(102607, 100310, 'alto', '5'),
(102608, 100310, 'ancho', '100'),
(102609, 100310, 'listado_mostrar', 'n'),
(102610, 100310, 'obligatorio', 'nulo'),
(102611, 100310, 'permite_html', 'n'),
(102612, 100310, 'idioma_cs', 'Observaciones'),
(102613, 100310, 'filtrar', 's'),
(102614, 100311, 'tipo_dato', 'decimal'),
(102615, 100311, 'tb_columna_tipo', 'nombre'),
(102616, 100311, 'largo', '10'),
(102617, 100311, 'decimales', '0'),
(102618, 100311, 'listado_mostrar', 'n'),
(102619, 100311, 'obligatorio', 'nulo'),
(102620, 100311, 'idioma_cs', 'ID pedido adelanto procesos'),
(102621, 100311, 'filtrar', 's'),
(102622, 100312, 'tipo_dato', 'numero'),
(102623, 100312, 'origen_cp_id', '100310'),
(102624, 100312, 'tb_columna_tipo', 'nombre_link'),
(102625, 100312, 'seleccionar_alta', 's'),
(102626, 100312, 'link_a_grupo', 's'),
(102627, 100312, 'listado_mostrar', 's'),
(102628, 100312, 'obligatorio', 'no_nulo'),
(102629, 100312, 'idioma_cs', 'Pedido de adelanto'),
(102630, 100312, 'filtrar', 's'),
(102631, 100313, 'tipo_dato', 'numero'),
(102632, 100313, 'origen_cp_id', '100105'),
(102633, 100313, 'tb_columna_tipo', 'nombre_link'),
(102634, 100313, 'seleccionar_alta', 's'),
(102635, 100313, 'link_a_grupo', 's'),
(102636, 100313, 'listado_mostrar', 's'),
(102637, 100313, 'obligatorio', 'no_nulo'),
(102638, 100313, 'idioma_cs', 'Flujos dias'),
(102639, 100313, 'filtrar', 's'),
(102640, 100314, 'tipo_dato', 'numero'),
(102641, 100314, 'origen_cp_id', '3043'),
(102642, 100314, 'tb_columna_tipo', 'nombre_link'),
(102643, 100314, 'seleccionar_alta', 's'),
(102644, 100314, 'link_a_grupo', 's'),
(102645, 100314, 'listado_mostrar', 's'),
(102646, 100314, 'obligatorio', 'no_nulo'),
(102647, 100314, 'idioma_cs', 'Usuario'),
(102648, 100314, 'filtrar', 's'),
(102649, 100315, 'tipo_dato', 'decimal'),
(102650, 100315, 'tb_columna_tipo', 'nombre'),
(102651, 100315, 'largo', '10'),
(102652, 100315, 'decimales', '0'),
(102653, 100315, 'listado_mostrar', 'n'),
(102654, 100315, 'obligatorio', 'nulo'),
(102655, 100315, 'idioma_cs', 'ID relacionado'),
(102656, 100315, 'filtrar', 's'),
(102657, 100316, 'tipo_dato', 'numero'),
(102658, 100316, 'tb_columna_tipo', 'fecha'),
(102659, 100316, 'largo', '20'),
(102660, 100316, 'formato_fecha', 'ddmmaaaa'),
(102661, 100316, 'tipo', 'alta'),
(102662, 100316, 'listado_mostrar', 'n'),
(102663, 100316, 'idioma_cs', 'Fecha de alta'),
(102664, 100316, 'filtrar', 'n'),
(102665, 100317, 'tipo_dato', 'texto_largo'),
(102666, 100317, 'tb_columna_tipo', 'nombre'),
(102667, 100317, 'alto', '5'),
(102668, 100317, 'ancho', '100'),
(102669, 100317, 'listado_mostrar', 'n'),
(102670, 100317, 'obligatorio', 'nulo'),
(102671, 100317, 'permite_html', 'n'),
(102672, 100317, 'idioma_cs', 'Comentario'),
(102673, 100317, 'filtrar', 's'),
(102674, 100318, 'tipo_dato', 'texto'),
(102675, 100318, 'largo', '200'),
(102676, 100318, 'tb_columna_tipo', 'nombre'),
(102677, 100318, 'listado_mostrar', 'n'),
(102678, 100318, 'obligatorio', 'nulo'),
(102679, 100318, 'permite_html', ''),
(102680, 100318, 'idioma_cs', 'Asunto'),
(102681, 100318, 'caracteres_permitidos', ''),
(102682, 100318, 'filtrar', 's'),
(102683, 100319, 'tipo_dato', 'texto_largo'),
(102684, 100319, 'tb_columna_tipo', 'nombre'),
(102685, 100319, 'alto', '5'),
(102686, 100319, 'ancho', '100'),
(102687, 100319, 'listado_mostrar', 'n'),
(102688, 100319, 'obligatorio', 'nulo'),
(102689, 100319, 'permite_html', 'n'),
(102690, 100319, 'idioma_cs', 'Observaciones'),
(102691, 100319, 'filtrar', 's'),
(102692, 100320, 'tipo_dato', 'decimal'),
(102693, 100320, 'tb_columna_tipo', 'nombre'),
(102694, 100320, 'largo', '10'),
(102695, 100320, 'decimales', '0'),
(102696, 100320, 'listado_mostrar', 'n'),
(102697, 100320, 'obligatorio', 'nulo'),
(102698, 100320, 'idioma_cs', 'ID pedidos de RRHH procesos'),
(102699, 100320, 'filtrar', 's'),
(102700, 100321, 'tipo_dato', 'numero'),
(102701, 100321, 'origen_cp_id', '100318'),
(102702, 100321, 'tb_columna_tipo', 'nombre_link'),
(102703, 100321, 'seleccionar_alta', 's'),
(102704, 100321, 'link_a_grupo', 's'),
(102705, 100321, 'listado_mostrar', 's'),
(102706, 100321, 'obligatorio', 'no_nulo'),
(102707, 100321, 'idioma_cs', 'Pedidos de RRHH'),
(102708, 100321, 'filtrar', 's'),
(102709, 100322, 'tipo_dato', 'numero'),
(102710, 100322, 'origen_cp_id', '100105'),
(102711, 100322, 'tb_columna_tipo', 'nombre_link'),
(102712, 100322, 'seleccionar_alta', 's'),
(102713, 100322, 'link_a_grupo', 's'),
(102714, 100322, 'listado_mostrar', 's'),
(102715, 100322, 'obligatorio', 'no_nulo'),
(102716, 100322, 'idioma_cs', 'Flujos dias'),
(102717, 100322, 'filtrar', 's'),
(102718, 100323, 'tipo_dato', 'numero'),
(102719, 100323, 'origen_cp_id', '3043'),
(102720, 100323, 'tb_columna_tipo', 'nombre_link'),
(102721, 100323, 'seleccionar_alta', 's'),
(102722, 100323, 'link_a_grupo', 's'),
(102723, 100323, 'listado_mostrar', 's'),
(102724, 100323, 'obligatorio', 'no_nulo'),
(102725, 100323, 'idioma_cs', 'Usuario'),
(102726, 100323, 'filtrar', 's'),
(102727, 100324, 'tipo_dato', 'decimal'),
(102728, 100324, 'tb_columna_tipo', 'nombre'),
(102729, 100324, 'largo', '10'),
(102730, 100324, 'decimales', '0'),
(102731, 100324, 'listado_mostrar', 'n'),
(102732, 100324, 'obligatorio', 'nulo'),
(102733, 100324, 'idioma_cs', 'ID relacionado'),
(102734, 100324, 'filtrar', 's'),
(102735, 100325, 'tipo_dato', 'numero'),
(102736, 100325, 'tb_columna_tipo', 'fecha'),
(102737, 100325, 'largo', '20'),
(102738, 100325, 'formato_fecha', 'ddmmaaaa'),
(102739, 100325, 'tipo', 'alta'),
(102740, 100325, 'listado_mostrar', 'n'),
(102741, 100325, 'idioma_cs', 'Fecha de alta'),
(102742, 100325, 'filtrar', 'n'),
(102743, 100326, 'tipo_dato', 'texto_largo'),
(102744, 100326, 'tb_columna_tipo', 'nombre'),
(102745, 100326, 'alto', '5'),
(102746, 100326, 'ancho', '100'),
(102747, 100326, 'listado_mostrar', 'n'),
(102748, 100326, 'obligatorio', 'nulo'),
(102749, 100326, 'permite_html', 'n'),
(102750, 100326, 'idioma_cs', 'Comentario'),
(102751, 100326, 'filtrar', 's'),
(102759, 100328, 'tipo_dato', 'numero'),
(102760, 100328, 'origen_cp_id', '100326'),
(102761, 100328, 'tb_columna_tipo', 'nombre_link'),
(102762, 100328, 'seleccionar_alta', 's'),
(102763, 100328, 'link_a_grupo', 's'),
(102764, 100328, 'listado_mostrar', 's'),
(102765, 100328, 'obligatorio', 'no_nulo'),
(102766, 100328, 'idioma_cs', 'Pedidos de RRHH archivo'),
(102767, 100328, 'filtrar', 's'),
(102768, 100329, 'tipo_dato', 'numero'),
(102769, 100329, 'tb_columna_tipo', 'nombre'),
(102770, 100329, 'activado', 's'),
(102771, 100329, 'listado_mostrar', 's'),
(102772, 100329, 'obligatorio', 'nulo'),
(102773, 100329, 'idioma_cs', 'Activo'),
(102774, 100329, 'filtrar', 's'),
(102775, 100330, 'tipo_dato', 'texto_largo'),
(102776, 100330, 'directorio', '../upload_archivos'),
(102777, 100330, 'obligatorio', 'nulo'),
(102778, 100330, 'idioma_cs', 'Archivo'),
(102779, 100330, 'eliminacion_especial', 's'),
(102780, 100330, 'eliminar_archivos', 'n'),
(102781, 100330, 'filtrar', 's'),
(102892, 100344, 'tipo_dato', 'texto'),
(102893, 100344, 'largo', '200'),
(102894, 100344, 'tb_columna_tipo', 'nombre'),
(102895, 100344, 'listado_mostrar', 's'),
(102896, 100344, 'obligatorio', 'no_nulo'),
(102897, 100344, 'permite_html', ''),
(102898, 100344, 'idioma_cs', 'Asunto'),
(102899, 100344, 'caracteres_permitidos', ''),
(102900, 100344, 'filtrar', 's'),
(102901, 100345, 'tipo_dato', 'texto_largo'),
(102902, 100345, 'tb_columna_tipo', 'nombre'),
(102903, 100345, 'alto', '5'),
(102904, 100345, 'ancho', '100'),
(102905, 100345, 'listado_mostrar', 'n'),
(102906, 100345, 'obligatorio', 'no_nulo'),
(102907, 100345, 'permite_html', 'n'),
(102908, 100345, 'idioma_cs', 'Reporte'),
(102909, 100345, 'filtrar', 's'),
(102910, 100346, 'tipo_dato', 'decimal'),
(102911, 100346, 'tb_columna_tipo', 'nombre'),
(102912, 100346, 'largo', '10'),
(102913, 100346, 'decimales', '0'),
(102914, 100346, 'listado_mostrar', 'n'),
(102915, 100346, 'obligatorio', 'nulo'),
(102916, 100346, 'idioma_cs', 'ID solucionar bugs procesos'),
(102917, 100346, 'filtrar', 's'),
(102918, 100347, 'tipo_dato', 'numero'),
(102919, 100347, 'origen_cp_id', '100344'),
(102920, 100347, 'tb_columna_tipo', 'nombre_link'),
(102921, 100347, 'seleccionar_alta', 's'),
(102922, 100347, 'link_a_grupo', 's'),
(102923, 100347, 'listado_mostrar', 's'),
(102924, 100347, 'obligatorio', 'no_nulo'),
(102925, 100347, 'idioma_cs', 'Solucionar bug crm'),
(102926, 100347, 'filtrar', 's'),
(102927, 100348, 'tipo_dato', 'numero'),
(102928, 100348, 'origen_cp_id', '100105'),
(102929, 100348, 'tb_columna_tipo', 'nombre_link'),
(102930, 100348, 'seleccionar_alta', 's'),
(102931, 100348, 'link_a_grupo', 's'),
(102932, 100348, 'listado_mostrar', 's'),
(102933, 100348, 'obligatorio', 'no_nulo'),
(102934, 100348, 'idioma_cs', 'Flujos dias'),
(102935, 100348, 'filtrar', 's'),
(102936, 100349, 'tipo_dato', 'numero'),
(102937, 100349, 'origen_cp_id', '3043'),
(102938, 100349, 'tb_columna_tipo', 'nombre_link'),
(102939, 100349, 'seleccionar_alta', 's'),
(102940, 100349, 'link_a_grupo', 's'),
(102941, 100349, 'listado_mostrar', 's'),
(102942, 100349, 'obligatorio', 'no_nulo'),
(102943, 100349, 'idioma_cs', 'Usuario'),
(102944, 100349, 'filtrar', 's'),
(102945, 100350, 'tipo_dato', 'decimal'),
(102946, 100350, 'tb_columna_tipo', 'nombre'),
(102947, 100350, 'largo', '10'),
(102948, 100350, 'decimales', '0'),
(102949, 100350, 'listado_mostrar', 'n'),
(102950, 100350, 'obligatorio', 'nulo'),
(102951, 100350, 'idioma_cs', 'ID relacionado'),
(102952, 100350, 'filtrar', 's'),
(102953, 100351, 'tipo_dato', 'numero'),
(102954, 100351, 'tb_columna_tipo', 'fecha'),
(102955, 100351, 'largo', '20'),
(102956, 100351, 'formato_fecha', 'ddmmaaaa'),
(102957, 100351, 'tipo', 'alta'),
(102958, 100351, 'listado_mostrar', 'n'),
(102959, 100351, 'idioma_cs', 'Fecha de alta'),
(102960, 100351, 'filtrar', 'n'),
(102961, 100352, 'tipo_dato', 'texto_largo'),
(102962, 100352, 'tb_columna_tipo', 'nombre'),
(102963, 100352, 'alto', '5'),
(102964, 100352, 'ancho', '100'),
(102965, 100352, 'listado_mostrar', 'n'),
(102966, 100352, 'obligatorio', 'nulo'),
(102967, 100352, 'permite_html', 'n'),
(102968, 100352, 'idioma_cs', 'Comentario'),
(102969, 100352, 'filtrar', 's'),
(102970, 100353, 'tipo_dato', 'numero'),
(102971, 100353, 'origen_cp_id', '100352'),
(102972, 100353, 'tb_columna_tipo', 'nombre_link'),
(102973, 100353, 'seleccionar_alta', 's'),
(102974, 100353, 'link_a_grupo', 's'),
(102975, 100353, 'listado_mostrar', 's'),
(102976, 100353, 'obligatorio', 'no_nulo'),
(102977, 100353, 'idioma_cs', 'Solucionar bug crm procesos'),
(102978, 100353, 'filtrar', 's'),
(102979, 100354, 'tipo_dato', 'numero'),
(102980, 100354, 'tb_columna_tipo', 'nombre'),
(102981, 100354, 'activado', 's'),
(102982, 100354, 'listado_mostrar', 's'),
(102983, 100354, 'obligatorio', 'nulo'),
(102984, 100354, 'idioma_cs', 'Activo'),
(102985, 100354, 'filtrar', 's'),
(102986, 100355, 'tipo_dato', 'texto_largo'),
(102987, 100355, 'directorio', '../upload_archivos'),
(102988, 100355, 'obligatorio', 'nulo'),
(102989, 100355, 'idioma_cs', 'Archivo'),
(102990, 100355, 'eliminacion_especial', 's'),
(102991, 100355, 'eliminar_archivos', 'n'),
(102992, 100355, 'filtrar', 's'),
(102993, 100356, 'tipo_dato', 'texto'),
(102994, 100356, 'largo', '200'),
(102995, 100356, 'tb_columna_tipo', 'nombre'),
(102996, 100356, 'listado_mostrar', 's'),
(102997, 100356, 'obligatorio', 'no_nulo'),
(102998, 100356, 'permite_html', ''),
(102999, 100356, 'idioma_cs', 'Asunto'),
(103000, 100356, 'caracteres_permitidos', ''),
(103001, 100356, 'filtrar', 's'),
(103002, 100357, 'tipo_dato', 'texto_largo'),
(103003, 100357, 'tb_columna_tipo', 'nombre'),
(103004, 100357, 'alto', '5'),
(103005, 100357, 'ancho', '100'),
(103006, 100357, 'listado_mostrar', 'n'),
(103007, 100357, 'obligatorio', 'nulo'),
(103008, 100357, 'permite_html', 'n'),
(103009, 100357, 'idioma_cs', 'Mejora'),
(103010, 100357, 'filtrar', 's'),
(103011, 100358, 'tipo_dato', 'decimal'),
(103012, 100358, 'tb_columna_tipo', 'nombre'),
(103013, 100358, 'largo', '10'),
(103014, 100358, 'decimales', '0'),
(103015, 100358, 'listado_mostrar', 'n'),
(103016, 100358, 'obligatorio', 'nulo'),
(103017, 100358, 'idioma_cs', 'ID mejora aplicaciones procesos'),
(103018, 100358, 'filtrar', 's'),
(103019, 100359, 'tipo_dato', 'numero'),
(103020, 100359, 'origen_cp_id', '100356'),
(103021, 100359, 'tb_columna_tipo', 'nombre_link'),
(103022, 100359, 'seleccionar_alta', 's'),
(103023, 100359, 'link_a_grupo', 's'),
(103024, 100359, 'listado_mostrar', 's'),
(103025, 100359, 'obligatorio', 'no_nulo'),
(103026, 100359, 'idioma_cs', 'Mejorar aplicaciones'),
(103027, 100359, 'filtrar', 's'),
(103028, 100360, 'tipo_dato', 'numero'),
(103029, 100360, 'origen_cp_id', '100105'),
(103030, 100360, 'tb_columna_tipo', 'nombre_link'),
(103031, 100360, 'seleccionar_alta', 's'),
(103032, 100360, 'link_a_grupo', 's'),
(103033, 100360, 'listado_mostrar', 's'),
(103034, 100360, 'obligatorio', 'no_nulo'),
(103035, 100360, 'idioma_cs', 'Flujos dias'),
(103036, 100360, 'filtrar', 's'),
(103037, 100361, 'tipo_dato', 'numero'),
(103038, 100361, 'origen_cp_id', '3043'),
(103039, 100361, 'tb_columna_tipo', 'nombre_link'),
(103040, 100361, 'seleccionar_alta', 's'),
(103041, 100361, 'link_a_grupo', 's'),
(103042, 100361, 'listado_mostrar', 's'),
(103043, 100361, 'obligatorio', 'no_nulo'),
(103044, 100361, 'idioma_cs', 'Usuario'),
(103045, 100361, 'filtrar', 's'),
(103046, 100362, 'tipo_dato', 'decimal'),
(103047, 100362, 'tb_columna_tipo', 'nombre'),
(103048, 100362, 'largo', '10'),
(103049, 100362, 'decimales', '0'),
(103050, 100362, 'listado_mostrar', 'n'),
(103051, 100362, 'obligatorio', 'nulo'),
(103052, 100362, 'idioma_cs', 'ID relacionado'),
(103053, 100362, 'filtrar', 's'),
(103054, 100363, 'tipo_dato', 'numero'),
(103055, 100363, 'tb_columna_tipo', 'fecha'),
(103056, 100363, 'largo', '20'),
(103057, 100363, 'formato_fecha', 'ddmmaaaa'),
(103058, 100363, 'tipo', 'alta'),
(103059, 100363, 'listado_mostrar', 'n'),
(103060, 100363, 'idioma_cs', 'Fecha de alta'),
(103061, 100363, 'filtrar', 'n'),
(103062, 100364, 'tipo_dato', 'texto_largo'),
(103063, 100364, 'tb_columna_tipo', 'nombre'),
(103064, 100364, 'alto', '5'),
(103065, 100364, 'ancho', '100'),
(103066, 100364, 'listado_mostrar', 'n'),
(103067, 100364, 'obligatorio', 'nulo'),
(103068, 100364, 'permite_html', 'n'),
(103069, 100364, 'idioma_cs', 'Comentario'),
(103070, 100364, 'filtrar', 's'),
(103071, 100365, 'tipo_dato', 'numero'),
(103072, 100365, 'origen_cp_id', '100364'),
(103073, 100365, 'tb_columna_tipo', 'nombre_link'),
(103074, 100365, 'seleccionar_alta', 's'),
(103075, 100365, 'link_a_grupo', 's'),
(103076, 100365, 'listado_mostrar', 's'),
(103077, 100365, 'obligatorio', 'no_nulo'),
(103078, 100365, 'idioma_cs', 'Mejorar aplicaciones procesos'),
(103079, 100365, 'filtrar', 's'),
(103080, 100366, 'tipo_dato', 'numero'),
(103081, 100366, 'tb_columna_tipo', 'nombre'),
(103082, 100366, 'activado', 's'),
(103083, 100366, 'listado_mostrar', 's'),
(103084, 100366, 'obligatorio', 'nulo'),
(103085, 100366, 'idioma_cs', 'Activo'),
(103086, 100366, 'filtrar', 's'),
(103087, 100367, 'tipo_dato', 'texto_largo'),
(103088, 100367, 'directorio', '../upload_archivos'),
(103089, 100367, 'obligatorio', 'nulo'),
(103090, 100367, 'idioma_cs', 'Archivo'),
(103091, 100367, 'eliminacion_especial', 's'),
(103092, 100367, 'eliminar_archivos', 'n'),
(103093, 100367, 'filtrar', 's'),
(103094, 100368, 'tipo_dato', 'texto'),
(103095, 100368, 'largo', '200'),
(103096, 100368, 'tb_columna_tipo', 'nombre'),
(103097, 100368, 'listado_mostrar', 's'),
(103098, 100368, 'obligatorio', 'no_nulo'),
(103099, 100368, 'permite_html', ''),
(103100, 100368, 'idioma_cs', 'Asunto'),
(103101, 100368, 'caracteres_permitidos', ''),
(103102, 100368, 'filtrar', 's'),
(103103, 100369, 'tipo_dato', 'texto_largo'),
(103104, 100369, 'tb_columna_tipo', 'nombre'),
(103105, 100369, 'alto', '5'),
(103106, 100369, 'ancho', '100'),
(103107, 100369, 'listado_mostrar', 'n'),
(103108, 100369, 'obligatorio', 'nulo'),
(103109, 100369, 'permite_html', 'n'),
(103110, 100369, 'idioma_cs', 'Observaciones'),
(103111, 100369, 'filtrar', 's'),
(103112, 100370, 'tipo_dato', 'decimal'),
(103113, 100370, 'tb_columna_tipo', 'nombre'),
(103114, 100370, 'largo', '10'),
(103115, 100370, 'decimales', '0'),
(103116, 100370, 'listado_mostrar', 'n'),
(103117, 100370, 'obligatorio', 'nulo'),
(103118, 100370, 'idioma_cs', 'ID proponer ideas procesos'),
(103119, 100370, 'filtrar', 's'),
(103120, 100371, 'tipo_dato', 'numero'),
(103121, 100371, 'origen_cp_id', '100368'),
(103122, 100371, 'tb_columna_tipo', 'nombre_link'),
(103123, 100371, 'seleccionar_alta', 's'),
(103124, 100371, 'link_a_grupo', 's'),
(103125, 100371, 'listado_mostrar', 's'),
(103126, 100371, 'obligatorio', 'no_nulo'),
(103127, 100371, 'idioma_cs', 'Proponer ideas'),
(103128, 100371, 'filtrar', 's'),
(103138, 100373, 'tipo_dato', 'numero'),
(103139, 100373, 'origen_cp_id', '100105'),
(103140, 100373, 'tb_columna_tipo', 'nombre_link'),
(103141, 100373, 'seleccionar_alta', 's'),
(103142, 100373, 'link_a_grupo', 's'),
(103143, 100373, 'listado_mostrar', 's'),
(103144, 100373, 'obligatorio', 'no_nulo'),
(103145, 100373, 'idioma_cs', 'Flujos dias'),
(103146, 100373, 'filtrar', 's'),
(103147, 100374, 'tipo_dato', 'numero'),
(103148, 100374, 'origen_cp_id', '3043'),
(103149, 100374, 'tb_columna_tipo', 'nombre_link'),
(103150, 100374, 'seleccionar_alta', 's'),
(103151, 100374, 'link_a_grupo', 's'),
(103152, 100374, 'listado_mostrar', 's'),
(103153, 100374, 'obligatorio', 'no_nulo'),
(103154, 100374, 'idioma_cs', 'Usuario'),
(103155, 100374, 'filtrar', 's'),
(103156, 100375, 'tipo_dato', 'decimal'),
(103157, 100375, 'tb_columna_tipo', 'nombre'),
(103158, 100375, 'largo', '10'),
(103159, 100375, 'decimales', '0'),
(103160, 100375, 'listado_mostrar', 'n'),
(103161, 100375, 'obligatorio', 'nulo'),
(103162, 100375, 'idioma_cs', 'ID relacionado'),
(103163, 100375, 'filtrar', 's'),
(103164, 100376, 'tipo_dato', 'numero'),
(103165, 100376, 'tb_columna_tipo', 'fecha'),
(103166, 100376, 'largo', '20'),
(103167, 100376, 'formato_fecha', 'ddmmaaaa'),
(103168, 100376, 'tipo', 'alta'),
(103169, 100376, 'listado_mostrar', 's'),
(103170, 100376, 'idioma_cs', 'Fecha de alta'),
(103171, 100376, 'filtrar', 'n'),
(103172, 100377, 'tipo_dato', 'texto_largo'),
(103173, 100377, 'tb_columna_tipo', 'nombre'),
(103174, 100377, 'alto', '5'),
(103175, 100377, 'ancho', '100'),
(103176, 100377, 'listado_mostrar', 'n'),
(103177, 100377, 'obligatorio', 'nulo'),
(103178, 100377, 'permite_html', 'n'),
(103179, 100377, 'idioma_cs', 'Comentario'),
(103180, 100377, 'filtrar', 's'),
(103181, 100378, 'tipo_dato', 'numero'),
(103182, 100378, 'origen_cp_id', '100377'),
(103183, 100378, 'tb_columna_tipo', 'nombre_link'),
(103184, 100378, 'seleccionar_alta', 's'),
(103185, 100378, 'link_a_grupo', 's'),
(103186, 100378, 'listado_mostrar', 's'),
(103187, 100378, 'obligatorio', 'no_nulo'),
(103188, 100378, 'idioma_cs', 'Proponer ideas procesos'),
(103189, 100378, 'filtrar', 's'),
(103190, 100379, 'tipo_dato', 'numero'),
(103191, 100379, 'tb_columna_tipo', 'nombre'),
(103192, 100379, 'activado', 's'),
(103193, 100379, 'listado_mostrar', 's'),
(103194, 100379, 'obligatorio', 'nulo'),
(103195, 100379, 'idioma_cs', 'Activo'),
(103196, 100379, 'filtrar', 's'),
(103197, 100380, 'tipo_dato', 'texto_largo'),
(103198, 100380, 'directorio', '../upload_archivos'),
(103199, 100380, 'obligatorio', 'nulo'),
(103200, 100380, 'idioma_cs', 'Archivo'),
(103201, 100380, 'eliminacion_especial', 's'),
(103202, 100380, 'eliminar_archivos', 'n'),
(103203, 100380, 'filtrar', 's'),
(103204, 100381, 'tipo_dato', 'texto'),
(103205, 100381, 'largo', '200'),
(103206, 100381, 'tb_columna_tipo', 'nombre'),
(103207, 100381, 'listado_mostrar', 's'),
(103208, 100381, 'obligatorio', 'no_nulo'),
(103209, 100381, 'permite_html', ''),
(103210, 100381, 'idioma_cs', 'Asunto'),
(103211, 100381, 'caracteres_permitidos', ''),
(103212, 100381, 'filtrar', 's'),
(103213, 100382, 'tipo_dato', 'texto_largo'),
(103214, 100382, 'tb_columna_tipo', 'nombre'),
(103215, 100382, 'alto', '5'),
(103216, 100382, 'ancho', '100'),
(103217, 100382, 'listado_mostrar', 'n'),
(103218, 100382, 'obligatorio', 'nulo'),
(103219, 100382, 'permite_html', 'n'),
(103220, 100382, 'idioma_cs', 'Observaciones'),
(103221, 100382, 'filtrar', 's'),
(103222, 100383, 'tipo_dato', 'decimal'),
(103223, 100383, 'tb_columna_tipo', 'nombre'),
(103224, 100383, 'largo', '10'),
(103225, 100383, 'decimales', '0'),
(103226, 100383, 'listado_mostrar', 'n'),
(103227, 100383, 'obligatorio', 'nulo'),
(103228, 100383, 'idioma_cs', 'Implementacion arte de fabrica porcesos'),
(103229, 100383, 'filtrar', 's'),
(103230, 100384, 'tipo_dato', 'numero'),
(103231, 100384, 'origen_cp_id', '100381'),
(103232, 100384, 'tb_columna_tipo', 'nombre_link'),
(103233, 100384, 'seleccionar_alta', 's'),
(103234, 100384, 'link_a_grupo', 's'),
(103235, 100384, 'listado_mostrar', 's'),
(103236, 100384, 'obligatorio', 'no_nulo'),
(103237, 100384, 'idioma_cs', 'Implementacion arte de fabrica'),
(103238, 100384, 'filtrar', 's'),
(103239, 100385, 'tipo_dato', 'numero'),
(103240, 100385, 'origen_cp_id', '100105'),
(103241, 100385, 'tb_columna_tipo', 'nombre_link'),
(103242, 100385, 'seleccionar_alta', 's'),
(103243, 100385, 'link_a_grupo', 's'),
(103244, 100385, 'listado_mostrar', 's'),
(103245, 100385, 'obligatorio', 'no_nulo'),
(103246, 100385, 'idioma_cs', 'Flujos dias'),
(103247, 100385, 'filtrar', 's'),
(103248, 100386, 'tipo_dato', 'numero'),
(103249, 100386, 'origen_cp_id', '3043'),
(103250, 100386, 'tb_columna_tipo', 'nombre_link'),
(103251, 100386, 'seleccionar_alta', 's'),
(103252, 100386, 'link_a_grupo', 's'),
(103253, 100386, 'listado_mostrar', 's'),
(103254, 100386, 'obligatorio', 'no_nulo'),
(103255, 100386, 'idioma_cs', 'Usuario'),
(103256, 100386, 'filtrar', 's'),
(103257, 100387, 'tipo_dato', 'decimal'),
(103258, 100387, 'tb_columna_tipo', 'nombre'),
(103259, 100387, 'largo', '10'),
(103260, 100387, 'decimales', '0'),
(103261, 100387, 'listado_mostrar', 'n'),
(103262, 100387, 'obligatorio', 'nulo'),
(103263, 100387, 'idioma_cs', 'ID relacionado'),
(103264, 100387, 'filtrar', 's'),
(103265, 100388, 'tipo_dato', 'numero'),
(103266, 100388, 'tb_columna_tipo', 'fecha'),
(103267, 100388, 'largo', '20'),
(103268, 100388, 'formato_fecha', 'ddmmaaaa'),
(103269, 100388, 'tipo', 'alta'),
(103270, 100388, 'listado_mostrar', 's'),
(103271, 100388, 'idioma_cs', 'Fecha de alta'),
(103272, 100388, 'filtrar', 'n'),
(103273, 100389, 'tipo_dato', 'texto_largo'),
(103274, 100389, 'tb_columna_tipo', 'nombre'),
(103275, 100389, 'alto', '5'),
(103276, 100389, 'ancho', '100'),
(103277, 100389, 'listado_mostrar', 'n'),
(103278, 100389, 'obligatorio', 'nulo'),
(103279, 100389, 'permite_html', 'n'),
(103280, 100389, 'idioma_cs', 'Comentario'),
(103281, 100389, 'filtrar', 's'),
(103282, 100390, 'tipo_dato', 'numero'),
(103283, 100390, 'origen_cp_id', '100389'),
(103284, 100390, 'tb_columna_tipo', 'nombre_link'),
(103285, 100390, 'seleccionar_alta', 's'),
(103286, 100390, 'link_a_grupo', 's'),
(103287, 100390, 'listado_mostrar', 's'),
(103288, 100390, 'obligatorio', 'no_nulo'),
(103289, 100390, 'idioma_cs', 'Implementacion arte de fabrica procesos'),
(103290, 100390, 'filtrar', 's'),
(103291, 100391, 'tipo_dato', 'numero'),
(103292, 100391, 'tb_columna_tipo', 'nombre'),
(103293, 100391, 'activado', 's'),
(103294, 100391, 'listado_mostrar', 's'),
(103295, 100391, 'obligatorio', 'nulo'),
(103296, 100391, 'idioma_cs', 'Activo'),
(103297, 100391, 'filtrar', 's'),
(103298, 100392, 'tipo_dato', 'texto_largo'),
(103299, 100392, 'directorio', '../upload_archivos'),
(103300, 100392, 'obligatorio', 'nulo'),
(103301, 100392, 'idioma_cs', 'Archivo'),
(103302, 100392, 'eliminacion_especial', 's'),
(103303, 100392, 'eliminar_archivos', 'n'),
(103304, 100392, 'filtrar', 's'),
(103305, 100393, 'tipo_dato', 'texto'),
(103306, 100393, 'largo', '200'),
(103307, 100393, 'tb_columna_tipo', 'nombre'),
(103308, 100393, 'listado_mostrar', 's'),
(103309, 100393, 'obligatorio', 'no_nulo'),
(103310, 100393, 'permite_html', ''),
(103311, 100393, 'idioma_cs', 'Asunto'),
(103312, 100393, 'caracteres_permitidos', ''),
(103313, 100393, 'filtrar', 's'),
(103314, 100394, 'tipo_dato', 'texto_largo'),
(103315, 100394, 'tb_columna_tipo', 'nombre'),
(103316, 100394, 'alto', '5'),
(103317, 100394, 'ancho', '100'),
(103318, 100394, 'listado_mostrar', 'n'),
(103319, 100394, 'obligatorio', 'nulo'),
(103320, 100394, 'permite_html', 'n'),
(103321, 100394, 'idioma_cs', 'Observaciones'),
(103322, 100394, 'filtrar', 's'),
(103323, 100395, 'tipo_dato', 'decimal'),
(103324, 100395, 'tb_columna_tipo', 'nombre'),
(103325, 100395, 'largo', '10'),
(103326, 100395, 'decimales', '0'),
(103327, 100395, 'listado_mostrar', 'n'),
(103328, 100395, 'obligatorio', 'nulo'),
(103329, 100395, 'idioma_cs', 'Armado de arte para fabrica procesos'),
(103330, 100395, 'filtrar', 's'),
(103331, 100396, 'tipo_dato', 'numero'),
(103332, 100396, 'origen_cp_id', '100393'),
(103333, 100396, 'tb_columna_tipo', 'nombre_link'),
(103334, 100396, 'seleccionar_alta', 's'),
(103335, 100396, 'link_a_grupo', 's'),
(103336, 100396, 'listado_mostrar', 's'),
(103337, 100396, 'obligatorio', 'no_nulo'),
(103338, 100396, 'idioma_cs', 'Armado de arte para fabrica'),
(103339, 100396, 'filtrar', 's'),
(103340, 100397, 'tipo_dato', 'numero'),
(103341, 100397, 'origen_cp_id', '100105'),
(103342, 100397, 'tb_columna_tipo', 'nombre_link'),
(103343, 100397, 'seleccionar_alta', 's'),
(103344, 100397, 'link_a_grupo', 's'),
(103345, 100397, 'listado_mostrar', 's'),
(103346, 100397, 'obligatorio', 'no_nulo'),
(103347, 100397, 'idioma_cs', 'Flujos dias'),
(103348, 100397, 'filtrar', 's');
INSERT INTO `kirke_componente_parametro` (`id_componente_parametro`, `id_componente`, `parametro`, `valor`) VALUES
(103349, 100398, 'tipo_dato', 'numero'),
(103350, 100398, 'origen_cp_id', '3043'),
(103351, 100398, 'tb_columna_tipo', 'nombre_link'),
(103352, 100398, 'seleccionar_alta', 's'),
(103353, 100398, 'link_a_grupo', 's'),
(103354, 100398, 'listado_mostrar', 's'),
(103355, 100398, 'obligatorio', 'no_nulo'),
(103356, 100398, 'idioma_cs', 'Usuario'),
(103357, 100398, 'filtrar', 's'),
(103358, 100399, 'tipo_dato', 'decimal'),
(103359, 100399, 'tb_columna_tipo', 'nombre'),
(103360, 100399, 'largo', '10'),
(103361, 100399, 'decimales', '0'),
(103362, 100399, 'listado_mostrar', 'n'),
(103363, 100399, 'obligatorio', 'nulo'),
(103364, 100399, 'idioma_cs', 'ID relacionado'),
(103365, 100399, 'filtrar', 's'),
(103366, 100400, 'tipo_dato', 'numero'),
(103367, 100400, 'tb_columna_tipo', 'fecha'),
(103368, 100400, 'largo', '20'),
(103369, 100400, 'formato_fecha', 'ddmmaaaa'),
(103370, 100400, 'tipo', 'alta'),
(103371, 100400, 'listado_mostrar', 's'),
(103372, 100400, 'idioma_cs', 'Fecha de alta'),
(103373, 100400, 'filtrar', 'n'),
(103374, 100401, 'tipo_dato', 'texto_largo'),
(103375, 100401, 'tb_columna_tipo', 'nombre'),
(103376, 100401, 'alto', '5'),
(103377, 100401, 'ancho', '100'),
(103378, 100401, 'listado_mostrar', 'n'),
(103379, 100401, 'obligatorio', 'nulo'),
(103380, 100401, 'permite_html', 'n'),
(103381, 100401, 'idioma_cs', 'Comentario'),
(103382, 100401, 'filtrar', 's'),
(103383, 100402, 'tipo_dato', 'numero'),
(103384, 100402, 'origen_cp_id', '100401'),
(103385, 100402, 'tb_columna_tipo', 'nombre_link'),
(103386, 100402, 'seleccionar_alta', 's'),
(103387, 100402, 'link_a_grupo', 's'),
(103388, 100402, 'listado_mostrar', 's'),
(103389, 100402, 'obligatorio', 'no_nulo'),
(103390, 100402, 'idioma_cs', 'Armado de arte para fabrica procesos'),
(103391, 100402, 'filtrar', 's'),
(103392, 100403, 'tipo_dato', 'numero'),
(103393, 100403, 'tb_columna_tipo', 'nombre'),
(103394, 100403, 'activado', 's'),
(103395, 100403, 'listado_mostrar', 's'),
(103396, 100403, 'obligatorio', 'nulo'),
(103397, 100403, 'idioma_cs', 'Activo'),
(103398, 100403, 'filtrar', 's'),
(103399, 100404, 'tipo_dato', 'texto_largo'),
(103400, 100404, 'directorio', '../upload_archivos'),
(103401, 100404, 'obligatorio', 'nulo'),
(103402, 100404, 'idioma_cs', 'Archivo'),
(103403, 100404, 'eliminacion_especial', 's'),
(103404, 100404, 'eliminar_archivos', 'n'),
(103405, 100404, 'filtrar', 's'),
(103484, 100414, 'tipo_dato', 'texto'),
(103485, 100414, 'largo', '200'),
(103486, 100414, 'tb_columna_tipo', 'nombre'),
(103487, 100414, 'listado_mostrar', 's'),
(103488, 100414, 'obligatorio', 'no_nulo'),
(103489, 100414, 'permite_html', ''),
(103490, 100414, 'idioma_cs', 'Asunto'),
(103491, 100414, 'caracteres_permitidos', ''),
(103492, 100414, 'filtrar', 's'),
(103493, 100415, 'tipo_dato', 'texto_largo'),
(103494, 100415, 'tb_columna_tipo', 'nombre'),
(103495, 100415, 'alto', '5'),
(103496, 100415, 'ancho', '100'),
(103497, 100415, 'listado_mostrar', 'n'),
(103498, 100415, 'obligatorio', 'nulo'),
(103499, 100415, 'permite_html', 'n'),
(103500, 100415, 'idioma_cs', 'Observaciones'),
(103501, 100415, 'filtrar', 's'),
(103502, 100416, 'tipo_dato', 'decimal'),
(103503, 100416, 'tb_columna_tipo', 'nombre'),
(103504, 100416, 'largo', '10'),
(103505, 100416, 'decimales', '0'),
(103506, 100416, 'listado_mostrar', 'n'),
(103507, 100416, 'obligatorio', 'nulo'),
(103508, 100416, 'idioma_cs', 'Aprobacion licencias procesos'),
(103509, 100416, 'filtrar', 's'),
(103510, 100417, 'tipo_dato', 'numero'),
(103511, 100417, 'origen_cp_id', '100414'),
(103512, 100417, 'tb_columna_tipo', 'nombre_link'),
(103513, 100417, 'seleccionar_alta', 's'),
(103514, 100417, 'link_a_grupo', 's'),
(103515, 100417, 'listado_mostrar', 's'),
(103516, 100417, 'obligatorio', 'no_nulo'),
(103517, 100417, 'idioma_cs', 'Aprobacion licencias'),
(103518, 100417, 'filtrar', 's'),
(103519, 100418, 'tipo_dato', 'numero'),
(103520, 100418, 'origen_cp_id', '100105'),
(103521, 100418, 'tb_columna_tipo', 'nombre_link'),
(103522, 100418, 'seleccionar_alta', 's'),
(103523, 100418, 'link_a_grupo', 's'),
(103524, 100418, 'listado_mostrar', 's'),
(103525, 100418, 'obligatorio', 'no_nulo'),
(103526, 100418, 'idioma_cs', 'Flujos dias'),
(103527, 100418, 'filtrar', 's'),
(103528, 100419, 'tipo_dato', 'numero'),
(103529, 100419, 'origen_cp_id', '3043'),
(103530, 100419, 'tb_columna_tipo', 'nombre_link'),
(103531, 100419, 'seleccionar_alta', 's'),
(103532, 100419, 'link_a_grupo', 's'),
(103533, 100419, 'listado_mostrar', 's'),
(103534, 100419, 'obligatorio', 'no_nulo'),
(103535, 100419, 'idioma_cs', 'Usuario'),
(103536, 100419, 'filtrar', 's'),
(103537, 100420, 'tipo_dato', 'decimal'),
(103538, 100420, 'tb_columna_tipo', 'nombre'),
(103539, 100420, 'largo', '10'),
(103540, 100420, 'decimales', '0'),
(103541, 100420, 'listado_mostrar', 'n'),
(103542, 100420, 'obligatorio', 'nulo'),
(103543, 100420, 'idioma_cs', 'ID relacionado'),
(103544, 100420, 'filtrar', 's'),
(103545, 100421, 'tipo_dato', 'numero'),
(103546, 100421, 'tb_columna_tipo', 'fecha'),
(103547, 100421, 'largo', '20'),
(103548, 100421, 'formato_fecha', 'ddmmaaaa'),
(103549, 100421, 'listado_mostrar', 's'),
(103550, 100421, 'obligatorio', 'nulo'),
(103551, 100421, 'idioma_cs', 'Fecha de alta'),
(103552, 100421, 'filtrar', 's'),
(103553, 100422, 'tipo_dato', 'texto_largo'),
(103554, 100422, 'tb_columna_tipo', 'nombre'),
(103555, 100422, 'alto', '5'),
(103556, 100422, 'ancho', '100'),
(103557, 100422, 'listado_mostrar', 'n'),
(103558, 100422, 'obligatorio', 'nulo'),
(103559, 100422, 'permite_html', 'n'),
(103560, 100422, 'idioma_cs', 'Comentario'),
(103561, 100422, 'filtrar', 's'),
(103562, 100423, 'tipo_dato', 'numero'),
(103563, 100423, 'origen_cp_id', '100422'),
(103564, 100423, 'tb_columna_tipo', 'nombre_link'),
(103565, 100423, 'seleccionar_alta', 's'),
(103566, 100423, 'link_a_grupo', 's'),
(103567, 100423, 'listado_mostrar', 's'),
(103568, 100423, 'obligatorio', 'no_nulo'),
(103569, 100423, 'idioma_cs', 'Aprobacion licencias procesos'),
(103570, 100423, 'filtrar', 's'),
(103571, 100424, 'tipo_dato', 'numero'),
(103572, 100424, 'tb_columna_tipo', 'nombre'),
(103573, 100424, 'activado', 's'),
(103574, 100424, 'listado_mostrar', 's'),
(103575, 100424, 'obligatorio', 'nulo'),
(103576, 100424, 'idioma_cs', 'Activo'),
(103577, 100424, 'filtrar', 's'),
(103578, 100425, 'tipo_dato', 'texto_largo'),
(103579, 100425, 'directorio', '../upload_archivos'),
(103580, 100425, 'obligatorio', 'nulo'),
(103581, 100425, 'idioma_cs', 'Archivo'),
(103582, 100425, 'eliminacion_especial', 's'),
(103583, 100425, 'eliminar_archivos', 'n'),
(103584, 100425, 'filtrar', 's'),
(103585, 100426, 'tipo_dato', 'texto'),
(103586, 100426, 'largo', '200'),
(103587, 100426, 'tb_columna_tipo', 'nombre'),
(103588, 100426, 'listado_mostrar', 's'),
(103589, 100426, 'obligatorio', 'no_nulo'),
(103590, 100426, 'permite_html', ''),
(103591, 100426, 'idioma_cs', 'Asunto'),
(103592, 100426, 'caracteres_permitidos', ''),
(103593, 100426, 'filtrar', 's'),
(103594, 100427, 'tipo_dato', 'texto_largo'),
(103595, 100427, 'tb_columna_tipo', 'nombre'),
(103596, 100427, 'alto', '5'),
(103597, 100427, 'ancho', '100'),
(103598, 100427, 'listado_mostrar', 'n'),
(103599, 100427, 'obligatorio', 'nulo'),
(103600, 100427, 'permite_html', 'n'),
(103601, 100427, 'idioma_cs', 'Observaciones'),
(103602, 100427, 'filtrar', 's'),
(103603, 100428, 'tipo_dato', 'decimal'),
(103604, 100428, 'tb_columna_tipo', 'nombre'),
(103605, 100428, 'largo', '10'),
(103606, 100428, 'decimales', '0'),
(103607, 100428, 'listado_mostrar', 'n'),
(103608, 100428, 'obligatorio', 'nulo'),
(103609, 100428, 'idioma_cs', 'ID recibir trabajar artes'),
(103610, 100428, 'filtrar', 's'),
(103611, 100429, 'tipo_dato', 'numero'),
(103612, 100429, 'origen_cp_id', '100426'),
(103613, 100429, 'tb_columna_tipo', 'nombre_link'),
(103614, 100429, 'seleccionar_alta', 's'),
(103615, 100429, 'link_a_grupo', 's'),
(103616, 100429, 'listado_mostrar', 's'),
(103617, 100429, 'obligatorio', 'no_nulo'),
(103618, 100429, 'idioma_cs', 'Recibir trabajos de artes'),
(103619, 100429, 'filtrar', 's'),
(103620, 100430, 'tipo_dato', 'numero'),
(103621, 100430, 'origen_cp_id', '100105'),
(103622, 100430, 'tb_columna_tipo', 'nombre_link'),
(103623, 100430, 'seleccionar_alta', 's'),
(103624, 100430, 'link_a_grupo', 's'),
(103625, 100430, 'listado_mostrar', 's'),
(103626, 100430, 'obligatorio', 'no_nulo'),
(103627, 100430, 'idioma_cs', 'Flujos dias'),
(103628, 100430, 'filtrar', 's'),
(103629, 100431, 'tipo_dato', 'numero'),
(103630, 100431, 'origen_cp_id', '3043'),
(103631, 100431, 'tb_columna_tipo', 'nombre_link'),
(103632, 100431, 'seleccionar_alta', 's'),
(103633, 100431, 'link_a_grupo', 's'),
(103634, 100431, 'listado_mostrar', 's'),
(103635, 100431, 'obligatorio', 'no_nulo'),
(103636, 100431, 'idioma_cs', 'Usuario'),
(103637, 100431, 'filtrar', 's'),
(103638, 100432, 'tipo_dato', 'decimal'),
(103639, 100432, 'tb_columna_tipo', 'nombre'),
(103640, 100432, 'largo', '10'),
(103641, 100432, 'decimales', '0'),
(103642, 100432, 'listado_mostrar', 'n'),
(103643, 100432, 'obligatorio', 'nulo'),
(103644, 100432, 'idioma_cs', 'ID relacionado'),
(103645, 100432, 'filtrar', 's'),
(103646, 100433, 'tipo_dato', 'numero'),
(103647, 100433, 'tb_columna_tipo', 'fecha'),
(103648, 100433, 'largo', '20'),
(103649, 100433, 'formato_fecha', 'ddmmaaaa'),
(103650, 100433, 'tipo', 'alta'),
(103651, 100433, 'listado_mostrar', 'n'),
(103652, 100433, 'idioma_cs', 'Fecha de alta'),
(103653, 100433, 'filtrar', 'n'),
(103654, 100434, 'tipo_dato', 'texto_largo'),
(103655, 100434, 'tb_columna_tipo', 'nombre'),
(103656, 100434, 'alto', '5'),
(103657, 100434, 'ancho', '100'),
(103658, 100434, 'listado_mostrar', 'n'),
(103659, 100434, 'obligatorio', 'nulo'),
(103660, 100434, 'permite_html', 'n'),
(103661, 100434, 'idioma_cs', 'Comentario'),
(103662, 100434, 'filtrar', 's'),
(103663, 100435, 'tipo_dato', 'numero'),
(103664, 100435, 'origen_cp_id', '100434'),
(103665, 100435, 'tb_columna_tipo', 'nombre_link'),
(103666, 100435, 'seleccionar_alta', 's'),
(103667, 100435, 'link_a_grupo', 's'),
(103668, 100435, 'listado_mostrar', 's'),
(103669, 100435, 'obligatorio', 'no_nulo'),
(103670, 100435, 'idioma_cs', 'Recibir y trabajar artes procesos'),
(103671, 100435, 'filtrar', 's'),
(103672, 100436, 'tipo_dato', 'numero'),
(103673, 100436, 'tb_columna_tipo', 'nombre'),
(103674, 100436, 'activado', 's'),
(103675, 100436, 'listado_mostrar', 's'),
(103676, 100436, 'obligatorio', 'nulo'),
(103677, 100436, 'idioma_cs', 'Activo'),
(103678, 100436, 'filtrar', 's'),
(103679, 100437, 'tipo_dato', 'texto_largo'),
(103680, 100437, 'directorio', '../upload_archivos'),
(103681, 100437, 'obligatorio', 'nulo'),
(103682, 100437, 'idioma_cs', 'Archivo'),
(103683, 100437, 'eliminacion_especial', 's'),
(103684, 100437, 'eliminar_archivos', 'n'),
(103685, 100437, 'filtrar', 's'),
(103686, 100438, 'tipo_dato', 'texto_largo'),
(103687, 100438, 'tb_columna_tipo', 'nombre'),
(103688, 100438, 'alto', '5'),
(103689, 100438, 'ancho', '100'),
(103690, 100438, 'listado_mostrar', 'n'),
(103691, 100438, 'obligatorio', 'nulo'),
(103692, 100438, 'permite_html', 'n'),
(103693, 100438, 'idioma_cs', 'Observaciones'),
(103694, 100438, 'filtrar', 's'),
(103695, 100439, 'tipo_dato', 'decimal'),
(103696, 100439, 'tb_columna_tipo', 'nombre'),
(103697, 100439, 'largo', '10'),
(103698, 100439, 'decimales', '0'),
(103699, 100439, 'listado_mostrar', 'n'),
(103700, 100439, 'obligatorio', 'nulo'),
(103701, 100439, 'idioma_cs', 'Mantener limpieza porcesos'),
(103702, 100439, 'filtrar', 's'),
(103703, 100440, 'tipo_dato', 'numero'),
(103704, 100440, 'origen_cp_id', '100438'),
(103705, 100440, 'tb_columna_tipo', 'nombre_link'),
(103706, 100440, 'seleccionar_alta', 's'),
(103707, 100440, 'link_a_grupo', 's'),
(103708, 100440, 'listado_mostrar', 's'),
(103709, 100440, 'obligatorio', 'no_nulo'),
(103710, 100440, 'idioma_cs', 'Mantener limpieza'),
(103711, 100440, 'filtrar', 's'),
(103712, 100441, 'tipo_dato', 'numero'),
(103713, 100441, 'origen_cp_id', '100105'),
(103714, 100441, 'tb_columna_tipo', 'nombre_link'),
(103715, 100441, 'seleccionar_alta', 's'),
(103716, 100441, 'link_a_grupo', 's'),
(103717, 100441, 'listado_mostrar', 's'),
(103718, 100441, 'obligatorio', 'no_nulo'),
(103719, 100441, 'idioma_cs', 'Flujos dias'),
(103720, 100441, 'filtrar', 's'),
(103721, 100442, 'tipo_dato', 'numero'),
(103722, 100442, 'origen_cp_id', '3043'),
(103723, 100442, 'tb_columna_tipo', 'nombre_link'),
(103724, 100442, 'seleccionar_alta', 's'),
(103725, 100442, 'link_a_grupo', 's'),
(103726, 100442, 'listado_mostrar', 's'),
(103727, 100442, 'obligatorio', 'no_nulo'),
(103728, 100442, 'idioma_cs', 'Usuario'),
(103729, 100442, 'filtrar', 's'),
(103730, 100443, 'tipo_dato', 'decimal'),
(103731, 100443, 'tb_columna_tipo', 'nombre'),
(103732, 100443, 'largo', '10'),
(103733, 100443, 'decimales', '0'),
(103734, 100443, 'listado_mostrar', 'n'),
(103735, 100443, 'obligatorio', 'nulo'),
(103736, 100443, 'idioma_cs', 'ID relacionado'),
(103737, 100443, 'filtrar', 's'),
(103738, 100444, 'tipo_dato', 'numero'),
(103739, 100444, 'tb_columna_tipo', 'fecha'),
(103740, 100444, 'largo', '20'),
(103741, 100444, 'formato_fecha', 'ddmmaaaa'),
(103742, 100444, 'tipo', 'alta'),
(103743, 100444, 'listado_mostrar', 's'),
(103744, 100444, 'idioma_cs', 'Fecha de alta'),
(103745, 100444, 'filtrar', 'n'),
(103746, 100445, 'tipo_dato', 'texto_largo'),
(103747, 100445, 'tb_columna_tipo', 'nombre'),
(103748, 100445, 'alto', '5'),
(103749, 100445, 'ancho', '100'),
(103750, 100445, 'listado_mostrar', 'n'),
(103751, 100445, 'obligatorio', 'nulo'),
(103752, 100445, 'permite_html', 'n'),
(103753, 100445, 'idioma_cs', 'Comentario'),
(103754, 100445, 'filtrar', 's'),
(103755, 100446, 'tipo_dato', 'texto_largo'),
(103756, 100446, 'tb_columna_tipo', 'nombre'),
(103757, 100446, 'alto', '5'),
(103758, 100446, 'ancho', '100'),
(103759, 100446, 'listado_mostrar', 'n'),
(103760, 100446, 'obligatorio', 'nulo'),
(103761, 100446, 'permite_html', 'n'),
(103762, 100446, 'idioma_cs', 'Observaciones'),
(103763, 100446, 'filtrar', 's'),
(103764, 100447, 'tipo_dato', 'numero'),
(103765, 100447, 'tb_columna_tipo', 'fecha'),
(103766, 100447, 'largo', '20'),
(103767, 100447, 'formato_fecha', 'ddmmaaaa'),
(103768, 100447, 'listado_mostrar', 's'),
(103769, 100447, 'obligatorio', 'no_nulo'),
(103770, 100447, 'idioma_cs', 'Fecha'),
(103771, 100447, 'filtrar', 's'),
(103772, 100448, 'tipo_dato', 'texto_largo'),
(103773, 100448, 'directorio', '../upload_archivos'),
(103774, 100448, 'obligatorio', 'nulo'),
(103775, 100448, 'idioma_cs', 'Archivo'),
(103776, 100448, 'eliminacion_especial', 's'),
(103777, 100448, 'eliminar_archivos', 'n'),
(103778, 100448, 'filtrar', 's'),
(103779, 100449, 'tipo_dato', 'decimal'),
(103780, 100449, 'tb_columna_tipo', 'nombre'),
(103781, 100449, 'largo', '10'),
(103782, 100449, 'decimales', '0'),
(103783, 100449, 'listado_mostrar', 'n'),
(103784, 100449, 'obligatorio', 'nulo'),
(103785, 100449, 'idioma_cs', 'ID audit stock limpieza proc'),
(103786, 100449, 'filtrar', 's'),
(103787, 100450, 'tipo_dato', 'numero'),
(103788, 100450, 'origen_cp_id', '100446'),
(103789, 100450, 'tb_columna_tipo', 'nombre_link'),
(103790, 100450, 'seleccionar_alta', 's'),
(103791, 100450, 'link_a_grupo', 's'),
(103792, 100450, 'listado_mostrar', 's'),
(103793, 100450, 'obligatorio', 'no_nulo'),
(103794, 100450, 'idioma_cs', 'Auditoria de stock y limpieza'),
(103795, 100450, 'filtrar', 's'),
(103796, 100451, 'tipo_dato', 'numero'),
(103797, 100451, 'origen_cp_id', '100105'),
(103798, 100451, 'tb_columna_tipo', 'nombre_link'),
(103799, 100451, 'seleccionar_alta', 's'),
(103800, 100451, 'link_a_grupo', 's'),
(103801, 100451, 'listado_mostrar', 's'),
(103802, 100451, 'obligatorio', 'no_nulo'),
(103803, 100451, 'idioma_cs', 'Flujos dias'),
(103804, 100451, 'filtrar', 's'),
(103805, 100452, 'tipo_dato', 'numero'),
(103806, 100452, 'origen_cp_id', '3043'),
(103807, 100452, 'tb_columna_tipo', 'nombre_link'),
(103808, 100452, 'seleccionar_alta', 's'),
(103809, 100452, 'link_a_grupo', 's'),
(103810, 100452, 'listado_mostrar', 's'),
(103811, 100452, 'obligatorio', 'no_nulo'),
(103812, 100452, 'idioma_cs', 'Usuario'),
(103813, 100452, 'filtrar', 's'),
(103814, 100453, 'tipo_dato', 'decimal'),
(103815, 100453, 'tb_columna_tipo', 'nombre'),
(103816, 100453, 'largo', '10'),
(103817, 100453, 'decimales', '0'),
(103818, 100453, 'listado_mostrar', 'n'),
(103819, 100453, 'obligatorio', 'nulo'),
(103820, 100453, 'idioma_cs', 'ID relacionado'),
(103821, 100453, 'filtrar', 's'),
(103822, 100454, 'tipo_dato', 'numero'),
(103823, 100454, 'tb_columna_tipo', 'fecha'),
(103824, 100454, 'largo', '20'),
(103825, 100454, 'formato_fecha', 'ddmmaaaa'),
(103826, 100454, 'tipo', 'alta'),
(103827, 100454, 'listado_mostrar', 's'),
(103828, 100454, 'idioma_cs', 'Fecha de alta'),
(103829, 100454, 'filtrar', 'n'),
(103830, 100455, 'tipo_dato', 'texto_largo'),
(103831, 100455, 'tb_columna_tipo', 'nombre'),
(103832, 100455, 'alto', '5'),
(103833, 100455, 'ancho', '100'),
(103834, 100455, 'listado_mostrar', 'n'),
(103835, 100455, 'obligatorio', 'nulo'),
(103836, 100455, 'permite_html', 'n'),
(103837, 100455, 'idioma_cs', 'Comentario'),
(103838, 100455, 'filtrar', 's'),
(103839, 100456, 'tipo_dato', 'numero'),
(103840, 100456, 'origen_cp_id', '100043'),
(103841, 100456, 'origen_cp_id_otros', '100036,100029'),
(103842, 100456, 'link_a_grupo', 's'),
(103843, 100456, 'tb_columna_tipo', 'nombre_link'),
(103844, 100456, 'seleccionar_alta', 's'),
(103845, 100456, 'listado_mostrar', 's'),
(103846, 100456, 'obligatorio', 'no_nulo'),
(103847, 100456, 'idioma_cs', 'Cliente'),
(103848, 100456, 'filtrar', 's'),
(103849, 100457, 'tipo_dato', 'texto'),
(103850, 100457, 'largo', '200'),
(103851, 100457, 'tb_columna_tipo', 'nombre'),
(103852, 100457, 'listado_mostrar', 's'),
(103853, 100457, 'obligatorio', 'no_nulo'),
(103854, 100457, 'permite_html', ''),
(103855, 100457, 'idioma_cs', 'Asunto'),
(103856, 100457, 'caracteres_permitidos', ''),
(103857, 100457, 'filtrar', 's'),
(103858, 100458, 'tipo_dato', 'texto_largo'),
(103859, 100458, 'tb_columna_tipo', 'nombre'),
(103860, 100458, 'alto', '5'),
(103861, 100458, 'ancho', '100'),
(103862, 100458, 'listado_mostrar', 'n'),
(103863, 100458, 'obligatorio', 'nulo'),
(103864, 100458, 'permite_html', 'n'),
(103865, 100458, 'idioma_cs', 'Propuesta'),
(103866, 100458, 'filtrar', 's'),
(103867, 100459, 'tipo_dato', 'decimal'),
(103868, 100459, 'tb_columna_tipo', 'nombre'),
(103869, 100459, 'largo', '10'),
(103870, 100459, 'decimales', '0'),
(103871, 100459, 'listado_mostrar', 'n'),
(103872, 100459, 'obligatorio', 'nulo'),
(103873, 100459, 'idioma_cs', 'ID propuestas comerciales procesos'),
(103874, 100459, 'filtrar', 's'),
(103875, 100460, 'tipo_dato', 'numero'),
(103876, 100460, 'origen_cp_id', '100457'),
(103877, 100460, 'tb_columna_tipo', 'nombre_link'),
(103878, 100460, 'seleccionar_alta', 's'),
(103879, 100460, 'link_a_grupo', 's'),
(103880, 100460, 'listado_mostrar', 's'),
(103881, 100460, 'obligatorio', 'no_nulo'),
(103882, 100460, 'idioma_cs', 'Propuestas comerciales'),
(103883, 100460, 'filtrar', 's'),
(103884, 100461, 'tipo_dato', 'numero'),
(103885, 100461, 'origen_cp_id', '100105'),
(103886, 100461, 'tb_columna_tipo', 'nombre_link'),
(103887, 100461, 'seleccionar_alta', 's'),
(103888, 100461, 'link_a_grupo', 's'),
(103889, 100461, 'listado_mostrar', 's'),
(103890, 100461, 'obligatorio', 'no_nulo'),
(103891, 100461, 'idioma_cs', 'Flujos dias'),
(103892, 100461, 'filtrar', 's'),
(103893, 100462, 'tipo_dato', 'numero'),
(103894, 100462, 'origen_cp_id', '3043'),
(103895, 100462, 'tb_columna_tipo', 'nombre_link'),
(103896, 100462, 'seleccionar_alta', 's'),
(103897, 100462, 'link_a_grupo', 's'),
(103898, 100462, 'listado_mostrar', 's'),
(103899, 100462, 'obligatorio', 'no_nulo'),
(103900, 100462, 'idioma_cs', 'Usuario'),
(103901, 100462, 'filtrar', 's'),
(103902, 100463, 'tipo_dato', 'decimal'),
(103903, 100463, 'tb_columna_tipo', 'nombre'),
(103904, 100463, 'largo', '10'),
(103905, 100463, 'decimales', '0'),
(103906, 100463, 'listado_mostrar', 'n'),
(103907, 100463, 'obligatorio', 'nulo'),
(103908, 100463, 'idioma_cs', 'ID relacionado'),
(103909, 100463, 'filtrar', 's'),
(103910, 100464, 'tipo_dato', 'numero'),
(103911, 100464, 'tb_columna_tipo', 'fecha'),
(103912, 100464, 'largo', '20'),
(103913, 100464, 'formato_fecha', 'ddmmaaaa'),
(103914, 100464, 'tipo', 'alta'),
(103915, 100464, 'listado_mostrar', 'n'),
(103916, 100464, 'idioma_cs', 'Fecha de alta'),
(103917, 100464, 'filtrar', 'n'),
(103918, 100465, 'tipo_dato', 'texto_largo'),
(103919, 100465, 'tb_columna_tipo', 'nombre'),
(103920, 100465, 'alto', '5'),
(103921, 100465, 'ancho', '100'),
(103922, 100465, 'listado_mostrar', 'n'),
(103923, 100465, 'obligatorio', 'nulo'),
(103924, 100465, 'permite_html', 'n'),
(103925, 100465, 'idioma_cs', 'Comentario'),
(103926, 100465, 'filtrar', 's'),
(103927, 100466, 'tipo_dato', 'numero'),
(103928, 100466, 'origen_cp_id', '100465'),
(103929, 100466, 'tb_columna_tipo', 'nombre_link'),
(103930, 100466, 'seleccionar_alta', 's'),
(103931, 100466, 'link_a_grupo', 's'),
(103932, 100466, 'listado_mostrar', 'n'),
(103933, 100466, 'obligatorio', 'nulo'),
(103934, 100466, 'idioma_cs', 'Propuestas comerciales procesos'),
(103935, 100466, 'filtrar', 's'),
(103936, 100467, 'tipo_dato', 'numero'),
(103937, 100467, 'tb_columna_tipo', 'nombre'),
(103938, 100467, 'activado', 's'),
(103939, 100467, 'listado_mostrar', 's'),
(103940, 100467, 'obligatorio', 'nulo'),
(103941, 100467, 'idioma_cs', 'Activo'),
(103942, 100467, 'filtrar', 's'),
(103943, 100468, 'tipo_dato', 'texto_largo'),
(103944, 100468, 'directorio', '../upload_archivos'),
(103945, 100468, 'obligatorio', 'nulo'),
(103946, 100468, 'idioma_cs', 'Archivo'),
(103947, 100468, 'eliminacion_especial', 's'),
(103948, 100468, 'eliminar_archivos', 'n'),
(103949, 100468, 'filtrar', 's'),
(103950, 100469, 'tipo_dato', 'numero'),
(103951, 100469, 'tb_columna_tipo', 'fecha'),
(103952, 100469, 'largo', '20'),
(103953, 100469, 'formato_fecha', 'ddmmaaaa'),
(103954, 100469, 'listado_mostrar', 's'),
(103955, 100469, 'obligatorio', 'no_nulo'),
(103956, 100469, 'idioma_cs', 'Fecha de inicio'),
(103957, 100469, 'filtrar', 's'),
(103958, 100470, 'tipo_dato', 'numero'),
(103959, 100470, 'tb_columna_tipo', 'fecha'),
(103960, 100470, 'largo', '20'),
(103961, 100470, 'formato_fecha', 'ddmmaaaa'),
(103962, 100470, 'listado_mostrar', 's'),
(103963, 100470, 'obligatorio', 'no_nulo'),
(103964, 100470, 'idioma_cs', 'Fecha de finalizacion'),
(103965, 100470, 'filtrar', 's'),
(103966, 100471, 'tipo_dato', 'texto_largo'),
(103967, 100471, 'tb_columna_tipo', 'nombre'),
(103968, 100471, 'alto', '5'),
(103969, 100471, 'ancho', '100'),
(103970, 100471, 'listado_mostrar', 'n'),
(103971, 100471, 'obligatorio', 'nulo'),
(103972, 100471, 'permite_html', 'n'),
(103973, 100471, 'idioma_cs', 'Observaciones'),
(103974, 100471, 'filtrar', 's'),
(103975, 100472, 'tipo_dato', 'decimal'),
(103976, 100472, 'tb_columna_tipo', 'nombre'),
(103977, 100472, 'largo', '10'),
(103978, 100472, 'decimales', '0'),
(103979, 100472, 'listado_mostrar', 'n'),
(103980, 100472, 'obligatorio', 'nulo'),
(103981, 100472, 'idioma_cs', 'ID solicitud viaticos viajes'),
(103982, 100472, 'filtrar', 's'),
(103983, 100473, 'tipo_dato', 'numero'),
(103984, 100473, 'origen_cp_id', '100471'),
(103985, 100473, 'tb_columna_tipo', 'nombre_link'),
(103986, 100473, 'seleccionar_alta', 's'),
(103987, 100473, 'link_a_grupo', 's'),
(103988, 100473, 'listado_mostrar', 's'),
(103989, 100473, 'obligatorio', 'no_nulo'),
(103990, 100473, 'idioma_cs', 'Solicitud de viaticos viajes'),
(103991, 100473, 'filtrar', 's'),
(103992, 100474, 'tipo_dato', 'numero'),
(103993, 100474, 'origen_cp_id', '100105'),
(103994, 100474, 'tb_columna_tipo', 'nombre_link'),
(103995, 100474, 'seleccionar_alta', 's'),
(103996, 100474, 'link_a_grupo', 's'),
(103997, 100474, 'listado_mostrar', 's'),
(103998, 100474, 'obligatorio', 'no_nulo'),
(103999, 100474, 'idioma_cs', 'Flujos dias'),
(104000, 100474, 'filtrar', 's'),
(104001, 100475, 'tipo_dato', 'numero'),
(104002, 100475, 'origen_cp_id', '3043'),
(104003, 100475, 'tb_columna_tipo', 'nombre_link'),
(104004, 100475, 'seleccionar_alta', 's'),
(104005, 100475, 'link_a_grupo', 's'),
(104006, 100475, 'listado_mostrar', 's'),
(104007, 100475, 'obligatorio', 'no_nulo'),
(104008, 100475, 'idioma_cs', 'Usuario'),
(104009, 100475, 'filtrar', 's'),
(104010, 100476, 'tipo_dato', 'decimal'),
(104011, 100476, 'tb_columna_tipo', 'nombre'),
(104012, 100476, 'largo', '10'),
(104013, 100476, 'decimales', '0'),
(104014, 100476, 'listado_mostrar', 'n'),
(104015, 100476, 'obligatorio', 'nulo'),
(104016, 100476, 'idioma_cs', 'ID relacionado'),
(104017, 100476, 'filtrar', 's'),
(104018, 100477, 'tipo_dato', 'numero'),
(104019, 100477, 'tb_columna_tipo', 'fecha'),
(104020, 100477, 'largo', '20'),
(104021, 100477, 'formato_fecha', 'ddmmaaaa'),
(104022, 100477, 'tipo', 'alta'),
(104023, 100477, 'listado_mostrar', 's'),
(104024, 100477, 'idioma_cs', 'Fecha de alta'),
(104025, 100477, 'filtrar', 'n'),
(104026, 100478, 'tipo_dato', 'texto_largo'),
(104027, 100478, 'tb_columna_tipo', 'nombre'),
(104028, 100478, 'alto', '5'),
(104029, 100478, 'ancho', '100'),
(104030, 100478, 'listado_mostrar', 'n'),
(104031, 100478, 'obligatorio', 'nulo'),
(104032, 100478, 'permite_html', 'n'),
(104033, 100478, 'idioma_cs', 'Comentario'),
(104034, 100478, 'filtrar', 's'),
(104035, 100479, 'tipo_dato', 'numero'),
(104036, 100479, 'origen_cp_id', '100478'),
(104037, 100479, 'tb_columna_tipo', 'nombre_link'),
(104038, 100479, 'seleccionar_alta', 's'),
(104039, 100479, 'link_a_grupo', 's'),
(104040, 100479, 'listado_mostrar', 's'),
(104041, 100479, 'obligatorio', 'no_nulo'),
(104042, 100479, 'idioma_cs', 'Solicitud de viaticos viajes procesos'),
(104043, 100479, 'filtrar', 's'),
(104044, 100480, 'tipo_dato', 'numero'),
(104045, 100480, 'tb_columna_tipo', 'nombre'),
(104046, 100480, 'activado', 's'),
(104047, 100480, 'listado_mostrar', 's'),
(104048, 100480, 'obligatorio', 'nulo'),
(104049, 100480, 'idioma_cs', 'Activo'),
(104050, 100480, 'filtrar', 's'),
(104051, 100481, 'tipo_dato', 'numero'),
(104052, 100481, 'origen_cp_id', '100037'),
(104053, 100481, 'origen_cp_id_otros', '100029'),
(104054, 100481, 'link_a_grupo', 's'),
(104055, 100481, 'tb_columna_tipo', 'nombre_link'),
(104056, 100481, 'seleccionar_alta', 's'),
(104057, 100481, 'listado_mostrar', 's'),
(104058, 100481, 'obligatorio', 'no_nulo'),
(104059, 100481, 'idioma_cs', 'Cliente'),
(104060, 100481, 'filtrar', 's'),
(104061, 100482, 'tipo_dato', 'texto'),
(104062, 100482, 'largo', '150'),
(104063, 100482, 'tb_columna_tipo', 'nombre'),
(104064, 100482, 'listado_mostrar', 's'),
(104065, 100482, 'obligatorio', 'no_nulo'),
(104066, 100482, 'permite_html', ''),
(104067, 100482, 'idioma_cs', 'Referencia'),
(104068, 100482, 'caracteres_permitidos', ''),
(104069, 100482, 'filtrar', 's'),
(104070, 100483, 'tipo_dato', 'numero'),
(104071, 100483, 'origen_cp_id', '100478'),
(104072, 100483, 'tb_columna_tipo', 'nombre_link'),
(104073, 100483, 'seleccionar_alta', 's'),
(104074, 100483, 'link_a_grupo', 's'),
(104075, 100483, 'listado_mostrar', 's'),
(104076, 100483, 'obligatorio', 'no_nulo'),
(104077, 100483, 'idioma_cs', 'Solicitud de viaticos viajes procesos'),
(104078, 100483, 'filtrar', 's'),
(104079, 100484, 'tipo_dato', 'texto_largo'),
(104080, 100484, 'tb_columna_tipo', 'nombre'),
(104081, 100484, 'alto', '5'),
(104082, 100484, 'ancho', '100'),
(104083, 100484, 'listado_mostrar', 'n'),
(104084, 100484, 'obligatorio', 'nulo'),
(104085, 100484, 'permite_html', 'n'),
(104086, 100484, 'idioma_cs', 'Detalle'),
(104087, 100484, 'filtrar', 's'),
(104088, 100485, 'tipo_dato', 'decimal'),
(104089, 100485, 'tb_columna_tipo', 'nombre'),
(104090, 100485, 'largo', '10'),
(104091, 100485, 'decimales', '2'),
(104092, 100485, 'listado_mostrar', 's'),
(104093, 100485, 'obligatorio', 'no_nulo'),
(104094, 100485, 'idioma_cs', 'Monto'),
(104095, 100485, 'filtrar', 's'),
(104096, 100486, 'tipo_dato', 'numero'),
(104097, 100486, 'tb_columna_tipo', 'fecha'),
(104098, 100486, 'largo', '20'),
(104099, 100486, 'formato_fecha', 'ddmmaaaa'),
(104100, 100486, 'listado_mostrar', 's'),
(104101, 100486, 'obligatorio', 'no_nulo'),
(104102, 100486, 'idioma_cs', 'Fecha de inicio'),
(104103, 100486, 'filtrar', 'n'),
(104104, 100487, 'tipo_dato', 'numero'),
(104105, 100487, 'tb_columna_tipo', 'fecha'),
(104106, 100487, 'largo', '20'),
(104107, 100487, 'formato_fecha', 'ddmmaaaa'),
(104108, 100487, 'listado_mostrar', 's'),
(104109, 100487, 'obligatorio', 'nulo'),
(104110, 100487, 'idioma_cs', 'Fecha de finalizacion'),
(104111, 100487, 'filtrar', 'n'),
(104112, 100488, 'tipo_dato', 'texto_largo'),
(104113, 100488, 'tb_columna_tipo', 'nombre'),
(104114, 100488, 'alto', '5'),
(104115, 100488, 'ancho', '100'),
(104116, 100488, 'listado_mostrar', 'n'),
(104117, 100488, 'obligatorio', 'nulo'),
(104118, 100488, 'permite_html', 'n'),
(104119, 100488, 'idioma_cs', 'Observaciones'),
(104120, 100488, 'filtrar', 's'),
(104121, 100489, 'tipo_dato', 'decimal'),
(104122, 100489, 'tb_columna_tipo', 'nombre'),
(104123, 100489, 'largo', '10'),
(104124, 100489, 'decimales', '0'),
(104125, 100489, 'listado_mostrar', 'n'),
(104126, 100489, 'obligatorio', 'nulo'),
(104127, 100489, 'idioma_cs', 'ID rendicion viaticos viajes procesos'),
(104128, 100489, 'filtrar', 's'),
(104129, 100490, 'tipo_dato', 'numero'),
(104130, 100490, 'origen_cp_id', '100488'),
(104131, 100490, 'tb_columna_tipo', 'nombre_link'),
(104132, 100490, 'seleccionar_alta', 's'),
(104133, 100490, 'link_a_grupo', 's'),
(104134, 100490, 'listado_mostrar', 's'),
(104135, 100490, 'obligatorio', 'no_nulo'),
(104136, 100490, 'idioma_cs', 'Rendicion de viaticos viajes'),
(104137, 100490, 'filtrar', 's'),
(104138, 100491, 'tipo_dato', 'numero'),
(104139, 100491, 'origen_cp_id', '100105'),
(104140, 100491, 'tb_columna_tipo', 'nombre_link'),
(104141, 100491, 'seleccionar_alta', 's'),
(104142, 100491, 'link_a_grupo', 's'),
(104143, 100491, 'listado_mostrar', 's'),
(104144, 100491, 'obligatorio', 'no_nulo'),
(104145, 100491, 'idioma_cs', 'Flujos dias'),
(104146, 100491, 'filtrar', 's'),
(104147, 100492, 'tipo_dato', 'numero'),
(104148, 100492, 'origen_cp_id', '3043'),
(104149, 100492, 'tb_columna_tipo', 'nombre_link'),
(104150, 100492, 'seleccionar_alta', 's'),
(104151, 100492, 'link_a_grupo', 's'),
(104152, 100492, 'listado_mostrar', 's'),
(104153, 100492, 'obligatorio', 'no_nulo'),
(104154, 100492, 'idioma_cs', 'Usuario'),
(104155, 100492, 'filtrar', 's'),
(104156, 100493, 'tipo_dato', 'decimal'),
(104157, 100493, 'tb_columna_tipo', 'nombre'),
(104158, 100493, 'largo', '10'),
(104159, 100493, 'decimales', '0'),
(104160, 100493, 'listado_mostrar', 'n'),
(104161, 100493, 'obligatorio', 'nulo'),
(104162, 100493, 'idioma_cs', 'ID relacionado'),
(104163, 100493, 'filtrar', 's'),
(104164, 100494, 'tipo_dato', 'numero'),
(104165, 100494, 'tb_columna_tipo', 'fecha'),
(104166, 100494, 'largo', '20'),
(104167, 100494, 'formato_fecha', 'ddmmaaaa'),
(104168, 100494, 'tipo', 'alta'),
(104169, 100494, 'listado_mostrar', 'n'),
(104170, 100494, 'idioma_cs', 'Fecha de alta'),
(104171, 100494, 'filtrar', 'n'),
(104172, 100495, 'tipo_dato', 'texto_largo'),
(104173, 100495, 'tb_columna_tipo', 'nombre'),
(104174, 100495, 'alto', '5'),
(104175, 100495, 'ancho', '100'),
(104176, 100495, 'listado_mostrar', 'n'),
(104177, 100495, 'obligatorio', 'nulo'),
(104178, 100495, 'permite_html', 'n'),
(104179, 100495, 'idioma_cs', 'Comentario'),
(104180, 100495, 'filtrar', 's'),
(104181, 100496, 'tipo_dato', 'numero'),
(104182, 100496, 'origen_cp_id', '100495'),
(104183, 100496, 'tb_columna_tipo', 'nombre_link'),
(104184, 100496, 'seleccionar_alta', 's'),
(104185, 100496, 'link_a_grupo', 's'),
(104186, 100496, 'listado_mostrar', 's'),
(104187, 100496, 'obligatorio', 'no_nulo'),
(104188, 100496, 'idioma_cs', 'Rendicion viaticos viajes procesos'),
(104189, 100496, 'filtrar', 's'),
(104190, 100497, 'tipo_dato', 'numero'),
(104191, 100497, 'tb_columna_tipo', 'nombre'),
(104192, 100497, 'activado', 's'),
(104193, 100497, 'listado_mostrar', 's'),
(104194, 100497, 'obligatorio', 'nulo'),
(104195, 100497, 'idioma_cs', 'Activo'),
(104196, 100497, 'filtrar', 's'),
(104197, 100498, 'tipo_dato', 'numero'),
(104198, 100498, 'origen_cp_id', '100036'),
(104199, 100498, 'origen_cp_id_otros', '100029'),
(104200, 100498, 'link_a_grupo', 's'),
(104201, 100498, 'tb_columna_tipo', 'nombre_link'),
(104202, 100498, 'seleccionar_alta', 's'),
(104203, 100498, 'listado_mostrar', 's'),
(104204, 100498, 'obligatorio', 'no_nulo'),
(104205, 100498, 'idioma_cs', 'Cliente'),
(104206, 100498, 'filtrar', 's'),
(104207, 100499, 'tipo_dato', 'numero'),
(104208, 100499, 'origen_cp_id', '100495'),
(104209, 100499, 'tb_columna_tipo', 'nombre_link'),
(104210, 100499, 'seleccionar_alta', 's'),
(104211, 100499, 'link_a_grupo', 's'),
(104212, 100499, 'listado_mostrar', 's'),
(104213, 100499, 'obligatorio', 'no_nulo'),
(104214, 100499, 'idioma_cs', 'Rendicion de viaticos viajes procesos'),
(104215, 100499, 'filtrar', 's'),
(104216, 100500, 'tipo_dato', 'texto_largo'),
(104217, 100500, 'tb_columna_tipo', 'nombre'),
(104218, 100500, 'alto', '5'),
(104219, 100500, 'ancho', '100'),
(104220, 100500, 'listado_mostrar', 'n'),
(104221, 100500, 'obligatorio', 'nulo'),
(104222, 100500, 'permite_html', 'n'),
(104223, 100500, 'idioma_cs', 'Detalle'),
(104224, 100500, 'filtrar', 's'),
(104225, 100501, 'tipo_dato', 'decimal'),
(104226, 100501, 'tb_columna_tipo', 'nombre'),
(104227, 100501, 'largo', '10'),
(104228, 100501, 'decimales', '0'),
(104229, 100501, 'listado_mostrar', 'n'),
(104230, 100501, 'obligatorio', 'nulo'),
(104231, 100501, 'idioma_cs', 'Monto'),
(104232, 100501, 'filtrar', 's'),
(104233, 100502, 'tipo_dato', 'numero'),
(104234, 100502, 'tb_columna_tipo', 'nombre'),
(104235, 100502, 'activado', 's'),
(104236, 100502, 'listado_mostrar', 's'),
(104237, 100502, 'obligatorio', 'nulo'),
(104238, 100502, 'idioma_cs', 'Activo'),
(104239, 100502, 'filtrar', 's'),
(104240, 100503, 'tipo_dato', 'numero'),
(104241, 100503, 'tb_columna_tipo', 'nombre'),
(104242, 100503, 'activado', 's'),
(104243, 100503, 'listado_mostrar', 's'),
(104244, 100503, 'obligatorio', 'nulo'),
(104245, 100503, 'idioma_cs', 'Activo'),
(104246, 100503, 'filtrar', 's'),
(104247, 100504, 'tipo_dato', 'texto_largo'),
(104248, 100504, 'directorio', '../upload_archivos'),
(104249, 100504, 'obligatorio', 'nulo'),
(104250, 100504, 'idioma_cs', 'Archivo'),
(104251, 100504, 'eliminacion_especial', 's'),
(104252, 100504, 'eliminar_archivos', 'n'),
(104253, 100504, 'filtrar', 's'),
(104254, 100505, 'tipo_dato', 'numero'),
(104255, 100505, 'origen_cp_id', '100482'),
(104256, 100505, 'tb_columna_tipo', 'nombre_link'),
(104257, 100505, 'seleccionar_alta', 's'),
(104258, 100505, 'link_a_grupo', 's'),
(104259, 100505, 'listado_mostrar', 's'),
(104260, 100505, 'obligatorio', 'no_nulo'),
(104261, 100505, 'idioma_cs', 'Referencia'),
(104262, 100505, 'filtrar', 's'),
(104263, 100506, 'tipo_dato', 'numero'),
(104264, 100506, 'origen_cp_id', '100482'),
(104265, 100506, 'tb_columna_tipo', 'nombre_link'),
(104266, 100506, 'seleccionar_alta', 's'),
(104267, 100506, 'link_a_grupo', 's'),
(104268, 100506, 'listado_mostrar', 's'),
(104269, 100506, 'obligatorio', 'no_nulo'),
(104270, 100506, 'idioma_cs', 'Referencia'),
(104271, 100506, 'filtrar', 's'),
(104272, 100507, 'tipo_dato', 'numero'),
(104273, 100507, 'origen_cp_id', '100037'),
(104274, 100507, 'origen_cp_id_otros', '100029'),
(104275, 100507, 'link_a_grupo', 's'),
(104276, 100507, 'tb_columna_tipo', 'nombre_link'),
(104277, 100507, 'seleccionar_alta', 's'),
(104278, 100507, 'listado_mostrar', 's'),
(104279, 100507, 'obligatorio', 'no_nulo'),
(104280, 100507, 'idioma_cs', 'Cliente'),
(104281, 100507, 'filtrar', 's'),
(104282, 100508, 'tipo_dato', 'numero'),
(104283, 100508, 'tb_columna_tipo', 'nombre'),
(104284, 100508, 'activado', 's'),
(104285, 100508, 'listado_mostrar', 's'),
(104286, 100508, 'obligatorio', 'nulo'),
(104287, 100508, 'idioma_cs', 'En la oficina del cliente'),
(104288, 100508, 'filtrar', 's'),
(104289, 100509, 'tipo_dato', 'numero'),
(104290, 100509, 'tb_columna_tipo', 'fecha'),
(104291, 100509, 'largo', '20'),
(104292, 100509, 'formato_fecha', 'ddmmaaaa'),
(104293, 100509, 'listado_mostrar', 's'),
(104294, 100509, 'obligatorio', 'no_nulo'),
(104295, 100509, 'idioma_cs', 'Fecha'),
(104296, 100509, 'filtrar', 's'),
(104297, 100510, 'tipo_dato', 'texto'),
(104298, 100510, 'largo', '100'),
(104299, 100510, 'tb_columna_tipo', 'nombre'),
(104300, 100510, 'listado_mostrar', 'n'),
(104301, 100510, 'obligatorio', 'nulo'),
(104302, 100510, 'permite_html', ''),
(104303, 100510, 'idioma_cs', 'Hora'),
(104304, 100510, 'caracteres_permitidos', ''),
(104305, 100510, 'filtrar', 's'),
(104306, 100511, 'tipo_dato', 'decimal'),
(104307, 100511, 'tb_columna_tipo', 'nombre'),
(104308, 100511, 'largo', '10'),
(104309, 100511, 'decimales', '0'),
(104310, 100511, 'listado_mostrar', 'n'),
(104311, 100511, 'obligatorio', 'nulo'),
(104312, 100511, 'idioma_cs', 'ID visitas de clientes proc'),
(104313, 100511, 'filtrar', 's'),
(104314, 100512, 'tipo_dato', 'numero'),
(104315, 100512, 'origen_cp_id', '100508'),
(104316, 100512, 'tb_columna_tipo', 'nombre_link'),
(104317, 100512, 'seleccionar_alta', 's'),
(104318, 100512, 'link_a_grupo', 's'),
(104319, 100512, 'listado_mostrar', 's'),
(104320, 100512, 'obligatorio', 'no_nulo'),
(104321, 100512, 'idioma_cs', 'Visita de clientes'),
(104322, 100512, 'filtrar', 's'),
(104323, 100513, 'tipo_dato', 'numero'),
(104324, 100513, 'origen_cp_id', '100105'),
(104325, 100513, 'tb_columna_tipo', 'nombre_link'),
(104326, 100513, 'seleccionar_alta', 's'),
(104327, 100513, 'link_a_grupo', 's'),
(104328, 100513, 'listado_mostrar', 's'),
(104329, 100513, 'obligatorio', 'no_nulo'),
(104330, 100513, 'idioma_cs', 'Flujos dias'),
(104331, 100513, 'filtrar', 's'),
(104332, 100514, 'tipo_dato', 'numero'),
(104333, 100514, 'origen_cp_id', '3043'),
(104334, 100514, 'tb_columna_tipo', 'nombre_link'),
(104335, 100514, 'seleccionar_alta', 's'),
(104336, 100514, 'link_a_grupo', 's'),
(104337, 100514, 'listado_mostrar', 's'),
(104338, 100514, 'obligatorio', 'no_nulo'),
(104339, 100514, 'idioma_cs', 'Usuario'),
(104340, 100514, 'filtrar', 's'),
(104341, 100515, 'tipo_dato', 'decimal'),
(104342, 100515, 'tb_columna_tipo', 'nombre'),
(104343, 100515, 'largo', '10'),
(104344, 100515, 'decimales', '0'),
(104345, 100515, 'listado_mostrar', 'n'),
(104346, 100515, 'obligatorio', 'nulo'),
(104347, 100515, 'idioma_cs', 'ID relacionado'),
(104348, 100515, 'filtrar', 's'),
(104349, 100516, 'tipo_dato', 'numero'),
(104350, 100516, 'tb_columna_tipo', 'fecha'),
(104351, 100516, 'largo', '20'),
(104352, 100516, 'formato_fecha', 'ddmmaaaa'),
(104353, 100516, 'tipo', 'alta'),
(104354, 100516, 'listado_mostrar', 's'),
(104355, 100516, 'idioma_cs', 'Fecha de alta'),
(104356, 100516, 'filtrar', 'n'),
(104357, 100517, 'tipo_dato', 'texto_largo'),
(104358, 100517, 'tb_columna_tipo', 'nombre'),
(104359, 100517, 'alto', '5'),
(104360, 100517, 'ancho', '100'),
(104361, 100517, 'listado_mostrar', 'n'),
(104362, 100517, 'obligatorio', 'nulo'),
(104363, 100517, 'permite_html', 'n'),
(104364, 100517, 'idioma_cs', 'Comentario'),
(104365, 100517, 'filtrar', 's'),
(104366, 100518, 'tipo_dato', 'numero'),
(104367, 100518, 'origen_cp_id', '100517'),
(104368, 100518, 'tb_columna_tipo', 'nombre_link'),
(104369, 100518, 'seleccionar_alta', 's'),
(104370, 100518, 'link_a_grupo', 's'),
(104371, 100518, 'listado_mostrar', 's'),
(104372, 100518, 'obligatorio', 'no_nulo'),
(104373, 100518, 'idioma_cs', 'Visitas de clientes proc'),
(104374, 100518, 'filtrar', 's'),
(104375, 100519, 'tipo_dato', 'numero'),
(104376, 100519, 'tb_columna_tipo', 'nombre'),
(104377, 100519, 'activado', 's'),
(104378, 100519, 'listado_mostrar', 's'),
(104379, 100519, 'obligatorio', 'nulo'),
(104380, 100519, 'idioma_cs', 'Activo'),
(104381, 100519, 'filtrar', 's'),
(104382, 100520, 'tipo_dato', 'numero'),
(104383, 100520, 'origen_cp_id', '100036'),
(104384, 100520, 'origen_cp_id_otros', '100029'),
(104385, 100520, 'link_a_grupo', 's'),
(104386, 100520, 'tb_columna_tipo', 'nombre_link'),
(104387, 100520, 'seleccionar_alta', 's'),
(104388, 100520, 'listado_mostrar', 's'),
(104389, 100520, 'obligatorio', 'no_nulo'),
(104390, 100520, 'idioma_cs', 'Sucrusal'),
(104391, 100520, 'filtrar', 's'),
(104392, 100521, 'tipo_dato', 'numero'),
(104393, 100521, 'origen_cp_id', '100517'),
(104394, 100521, 'tb_columna_tipo', 'nombre_link'),
(104395, 100521, 'seleccionar_alta', 's'),
(104396, 100521, 'link_a_grupo', 's'),
(104397, 100521, 'listado_mostrar', 's'),
(104398, 100521, 'obligatorio', 'no_nulo'),
(104399, 100521, 'idioma_cs', 'Visitas de clientes proc'),
(104400, 100521, 'filtrar', 's'),
(104401, 100522, 'tipo_dato', 'numero'),
(104402, 100522, 'tb_columna_tipo', 'nombre'),
(104403, 100522, 'activado', 's'),
(104404, 100522, 'listado_mostrar', 's'),
(104405, 100522, 'obligatorio', 'nulo'),
(104406, 100522, 'idioma_cs', 'Activo'),
(104407, 100522, 'filtrar', 's'),
(104408, 100523, 'tipo_dato', 'numero'),
(104409, 100523, 'origen_cp_id', '100043'),
(104410, 100523, 'origen_cp_id_otros', '100036,100029'),
(104411, 100523, 'link_a_grupo', 's'),
(104412, 100523, 'tb_columna_tipo', 'nombre_link'),
(104413, 100523, 'seleccionar_alta', 's'),
(104414, 100523, 'listado_mostrar', 's'),
(104415, 100523, 'obligatorio', 'no_nulo'),
(104416, 100523, 'idioma_cs', 'Contacto'),
(104417, 100523, 'filtrar', 's'),
(104418, 100524, 'tipo_dato', 'numero'),
(104419, 100524, 'origen_cp_id', '100517'),
(104420, 100524, 'tb_columna_tipo', 'nombre_link'),
(104421, 100524, 'seleccionar_alta', 's'),
(104422, 100524, 'link_a_grupo', 's'),
(104423, 100524, 'listado_mostrar', 's'),
(104424, 100524, 'obligatorio', 'no_nulo'),
(104425, 100524, 'idioma_cs', 'Visitas de clientes proc'),
(104426, 100524, 'filtrar', 's'),
(104445, 100527, 'tipo_dato', 'numero'),
(104446, 100527, 'tb_columna_tipo', 'nombre'),
(104447, 100527, 'activado', 's'),
(104448, 100527, 'listado_mostrar', 's'),
(104449, 100527, 'obligatorio', 'nulo'),
(104450, 100527, 'idioma_cs', 'Activo'),
(104451, 100527, 'filtrar', 's'),
(104452, 100528, 'tipo_dato', 'texto_largo'),
(104453, 100528, 'tb_columna_tipo', 'nombre'),
(104454, 100528, 'alto', '5'),
(104455, 100528, 'ancho', '100'),
(104456, 100528, 'listado_mostrar', 'n'),
(104457, 100528, 'obligatorio', 'nulo'),
(104458, 100528, 'permite_html', 'n'),
(104459, 100528, 'idioma_cs', 'Tema'),
(104460, 100528, 'filtrar', 's'),
(104461, 100529, 'tipo_dato', 'numero'),
(104462, 100529, 'tb_columna_tipo', 'nombre'),
(104463, 100529, 'activado', 'n'),
(104464, 100529, 'listado_mostrar', 's'),
(104465, 100529, 'obligatorio', 'nulo'),
(104466, 100529, 'idioma_cs', 'Tema tocado'),
(104467, 100529, 'filtrar', 's'),
(104468, 100530, 'tipo_dato', 'numero'),
(104469, 100530, 'origen_cp_id', '100517'),
(104470, 100530, 'tb_columna_tipo', 'nombre_link'),
(104471, 100530, 'seleccionar_alta', 's'),
(104472, 100530, 'link_a_grupo', 's'),
(104473, 100530, 'listado_mostrar', 's'),
(104474, 100530, 'obligatorio', 'no_nulo'),
(104475, 100530, 'idioma_cs', 'Visitas de clientes proc'),
(104476, 100530, 'filtrar', 's'),
(104477, 100531, 'tipo_dato', 'numero'),
(104478, 100531, 'tb_columna_tipo', 'nombre'),
(104479, 100531, 'activado', 's'),
(104480, 100531, 'listado_mostrar', 's'),
(104481, 100531, 'obligatorio', 'nulo'),
(104482, 100531, 'idioma_cs', 'Activo'),
(104483, 100531, 'filtrar', 's'),
(104484, 100532, 'tipo_dato', 'numero'),
(104485, 100532, 'origen_cp_id', '100007'),
(104486, 100532, 'tb_columna_tipo', 'nombre_link'),
(104487, 100532, 'seleccionar_alta', 's'),
(104488, 100532, 'link_a_grupo', 's'),
(104489, 100532, 'listado_mostrar', 's'),
(104490, 100532, 'obligatorio', 'no_nulo'),
(104491, 100532, 'idioma_cs', 'Producto'),
(104492, 100532, 'filtrar', 's'),
(104493, 100533, 'tipo_dato', 'decimal'),
(104494, 100533, 'tb_columna_tipo', 'nombre'),
(104495, 100533, 'largo', '3'),
(104496, 100533, 'decimales', '0'),
(104497, 100533, 'listado_mostrar', 's'),
(104498, 100533, 'obligatorio', 'nulo'),
(104499, 100533, 'idioma_cs', 'Cantidad'),
(104500, 100533, 'filtrar', 's'),
(104501, 100534, 'tipo_dato', 'numero'),
(104502, 100534, 'origen_cp_id', '3043'),
(104503, 100534, 'tb_columna_tipo', 'nombre_link'),
(104504, 100534, 'seleccionar_alta', 's'),
(104505, 100534, 'link_a_grupo', 's'),
(104506, 100534, 'listado_mostrar', 's'),
(104507, 100534, 'obligatorio', 'no_nulo'),
(104508, 100534, 'idioma_cs', 'Usuario'),
(104509, 100534, 'filtrar', 's'),
(104510, 100535, 'tipo_dato', 'numero'),
(104511, 100535, 'origen_cp_id', '100007'),
(104512, 100535, 'tb_columna_tipo', 'nombre_link'),
(104513, 100535, 'seleccionar_alta', 's'),
(104514, 100535, 'link_a_grupo', 's'),
(104515, 100535, 'listado_mostrar', 's'),
(104516, 100535, 'obligatorio', 'no_nulo'),
(104517, 100535, 'idioma_cs', 'Producto'),
(104518, 100535, 'filtrar', 's'),
(104519, 100536, 'tipo_dato', 'decimal'),
(104520, 100536, 'tb_columna_tipo', 'nombre'),
(104521, 100536, 'largo', '10'),
(104522, 100536, 'decimales', '0'),
(104523, 100536, 'listado_mostrar', 's'),
(104524, 100536, 'obligatorio', 'no_nulo'),
(104525, 100536, 'idioma_cs', 'Cantidad'),
(104526, 100536, 'filtrar', 's'),
(104527, 100537, 'tipo_dato', 'numero'),
(104528, 100537, 'origen_cp_id', '3043'),
(104529, 100537, 'tb_columna_tipo', 'nombre_link'),
(104530, 100537, 'seleccionar_alta', 's'),
(104531, 100537, 'link_a_grupo', 's'),
(104532, 100537, 'listado_mostrar', 's'),
(104533, 100537, 'obligatorio', 'no_nulo'),
(104534, 100537, 'idioma_cs', 'Vendedor alta'),
(104535, 100537, 'filtrar', 's'),
(104536, 100538, 'tipo_dato', 'numero'),
(104537, 100538, 'origen_cp_id', '100508'),
(104538, 100538, 'tb_columna_tipo', 'nombre_link'),
(104539, 100538, 'seleccionar_alta', 's'),
(104540, 100538, 'link_a_grupo', 's'),
(104541, 100538, 'listado_mostrar', 'n'),
(104542, 100538, 'obligatorio', 'nulo'),
(104543, 100538, 'idioma_cs', 'Visita de clientes'),
(104544, 100538, 'filtrar', 's'),
(104545, 100539, 'tipo_dato', 'numero'),
(104546, 100539, 'origen_cp_id', '100036'),
(104547, 100539, 'origen_cp_id_otros', '100029'),
(104548, 100539, 'link_a_grupo', 's'),
(104549, 100539, 'tb_columna_tipo', 'nombre_link'),
(104550, 100539, 'seleccionar_alta', 's'),
(104551, 100539, 'listado_mostrar', 's'),
(104552, 100539, 'obligatorio', 'no_nulo'),
(104553, 100539, 'idioma_cs', 'Sucursal'),
(104554, 100539, 'filtrar', 's'),
(104555, 100540, 'tipo_dato', 'texto'),
(104556, 100540, 'largo', '2'),
(104557, 100540, 'tb_columna_tipo', 'nombre'),
(104558, 100540, 'listado_mostrar', 'n'),
(104559, 100540, 'obligatorio', 'no_nulo'),
(104560, 100540, 'permite_html', ''),
(104561, 100540, 'idioma_cs', 'Se esta exhibiendo la mercadería'),
(104562, 100540, 'caracteres_permitidos', ''),
(104563, 100540, 'filtrar', 's'),
(104564, 100541, 'tipo_dato', 'texto'),
(104565, 100541, 'largo', '2'),
(104566, 100541, 'tb_columna_tipo', 'nombre'),
(104567, 100541, 'listado_mostrar', 'n'),
(104568, 100541, 'obligatorio', 'no_nulo'),
(104569, 100541, 'permite_html', ''),
(104570, 100541, 'idioma_cs', 'La mercadería esta en un lugar importante en el negocio'),
(104571, 100541, 'caracteres_permitidos', ''),
(104572, 100541, 'filtrar', 's'),
(104573, 100542, 'tipo_dato', 'texto'),
(104574, 100542, 'largo', '2'),
(104575, 100542, 'tb_columna_tipo', 'nombre'),
(104576, 100542, 'listado_mostrar', 'n'),
(104577, 100542, 'obligatorio', 'no_nulo'),
(104578, 100542, 'permite_html', ''),
(104579, 100542, 'idioma_cs', 'Hay una buena cantidad de productos'),
(104580, 100542, 'caracteres_permitidos', ''),
(104581, 100542, 'filtrar', 's'),
(104582, 100543, 'tipo_dato', 'numero'),
(104583, 100543, 'tb_columna_tipo', 'nombre'),
(104584, 100543, 'activado', 'n'),
(104585, 100543, 'listado_mostrar', 'n'),
(104586, 100543, 'obligatorio', 'nulo'),
(104587, 100543, 'idioma_cs', 'Se puede poner un punto de venta'),
(104588, 100543, 'filtrar', 's'),
(104589, 100544, 'tipo_dato', 'numero'),
(104590, 100544, 'tb_columna_tipo', 'nombre'),
(104591, 100544, 'activado', 'n'),
(104592, 100544, 'listado_mostrar', 'n'),
(104593, 100544, 'obligatorio', 'nulo'),
(104594, 100544, 'idioma_cs', 'Se puede poner un banner'),
(104595, 100544, 'filtrar', 's'),
(104604, 100546, 'tipo_dato', 'numero'),
(104605, 100546, 'origen_cp_id', '100542'),
(104606, 100546, 'tb_columna_tipo', 'nombre_link'),
(104607, 100546, 'seleccionar_alta', 's'),
(104608, 100546, 'link_a_grupo', 's'),
(104609, 100546, 'listado_mostrar', 's'),
(104610, 100546, 'obligatorio', 'no_nulo'),
(104611, 100546, 'idioma_cs', 'Store check'),
(104612, 100546, 'filtrar', 's'),
(104613, 100547, 'tipo_dato', 'numero'),
(104614, 100547, 'origen_cp_id', '100105'),
(104615, 100547, 'tb_columna_tipo', 'nombre_link'),
(104616, 100547, 'seleccionar_alta', 's'),
(104617, 100547, 'link_a_grupo', 's'),
(104618, 100547, 'listado_mostrar', 's'),
(104619, 100547, 'obligatorio', 'no_nulo'),
(104620, 100547, 'idioma_cs', 'Flujos dias'),
(104621, 100547, 'filtrar', 's'),
(104622, 100548, 'tipo_dato', 'numero'),
(104623, 100548, 'origen_cp_id', '3043'),
(104624, 100548, 'tb_columna_tipo', 'nombre_link'),
(104625, 100548, 'seleccionar_alta', 's'),
(104626, 100548, 'link_a_grupo', 's'),
(104627, 100548, 'listado_mostrar', 's'),
(104628, 100548, 'obligatorio', 'no_nulo'),
(104629, 100548, 'idioma_cs', 'Usuario'),
(104630, 100548, 'filtrar', 's'),
(104631, 100549, 'tipo_dato', 'decimal'),
(104632, 100549, 'tb_columna_tipo', 'nombre'),
(104633, 100549, 'largo', '10'),
(104634, 100549, 'decimales', '0'),
(104635, 100549, 'listado_mostrar', 'n'),
(104636, 100549, 'obligatorio', 'nulo'),
(104637, 100549, 'idioma_cs', 'ID relacionado'),
(104638, 100549, 'filtrar', 's'),
(104639, 100550, 'tipo_dato', 'numero'),
(104640, 100550, 'tb_columna_tipo', 'fecha'),
(104641, 100550, 'largo', '20'),
(104642, 100550, 'formato_fecha', 'ddmmaaaa'),
(104643, 100550, 'tipo', 'alta'),
(104644, 100550, 'listado_mostrar', 's'),
(104645, 100550, 'idioma_cs', 'Fecha de alta'),
(104646, 100550, 'filtrar', 'n'),
(104647, 100551, 'tipo_dato', 'texto_largo'),
(104648, 100551, 'tb_columna_tipo', 'nombre'),
(104649, 100551, 'alto', '5'),
(104650, 100551, 'ancho', '100'),
(104651, 100551, 'listado_mostrar', 'n'),
(104652, 100551, 'obligatorio', 'nulo'),
(104653, 100551, 'permite_html', 'n'),
(104654, 100551, 'idioma_cs', 'Comentario'),
(104655, 100551, 'filtrar', 's'),
(104656, 100552, 'tipo_dato', 'texto_largo'),
(104657, 100552, 'tb_columna_tipo', 'nombre'),
(104658, 100552, 'alto', '5'),
(104659, 100552, 'ancho', '100'),
(104660, 100552, 'listado_mostrar', 'n'),
(104661, 100552, 'obligatorio', 'nulo'),
(104662, 100552, 'permite_html', 'n'),
(104663, 100552, 'idioma_cs', 'Observaciones'),
(104664, 100552, 'filtrar', 's'),
(104665, 100553, 'tipo_dato', 'numero'),
(104666, 100553, 'origen_cp_id', '100551'),
(104667, 100553, 'tb_columna_tipo', 'nombre_link'),
(104668, 100553, 'seleccionar_alta', 's'),
(104669, 100553, 'link_a_grupo', 's'),
(104670, 100553, 'listado_mostrar', 's'),
(104671, 100553, 'obligatorio', 'no_nulo'),
(104672, 100553, 'idioma_cs', 'Store check procesos'),
(104673, 100553, 'filtrar', 's'),
(104674, 100554, 'tipo_dato', 'numero'),
(104675, 100554, 'tb_columna_tipo', 'nombre'),
(104676, 100554, 'activado', 's'),
(104677, 100554, 'listado_mostrar', 's'),
(104678, 100554, 'obligatorio', 'nulo'),
(104679, 100554, 'idioma_cs', 'Activo'),
(104680, 100554, 'filtrar', 's'),
(104681, 100555, 'tipo_dato', 'numero'),
(104682, 100555, 'origen_cp_id', '100007'),
(104683, 100555, 'tb_columna_tipo', 'nombre_link'),
(104684, 100555, 'seleccionar_alta', 's'),
(104685, 100555, 'link_a_grupo', 's'),
(104686, 100555, 'listado_mostrar', 's'),
(104687, 100555, 'obligatorio', 'no_nulo'),
(104688, 100555, 'idioma_cs', 'Productos'),
(104689, 100555, 'filtrar', 's'),
(104690, 100556, 'tipo_dato', 'decimal'),
(104691, 100556, 'tb_columna_tipo', 'nombre'),
(104692, 100556, 'largo', '4'),
(104693, 100556, 'decimales', '0'),
(104694, 100556, 'listado_mostrar', 's'),
(104695, 100556, 'obligatorio', 'no_nulo'),
(104696, 100556, 'idioma_cs', 'Cantidad'),
(104697, 100556, 'filtrar', 's'),
(104698, 100557, 'tipo_dato', 'numero'),
(104699, 100557, 'origen_cp_id', '100551');
INSERT INTO `kirke_componente_parametro` (`id_componente_parametro`, `id_componente`, `parametro`, `valor`) VALUES
(104700, 100557, 'tb_columna_tipo', 'nombre_link'),
(104701, 100557, 'seleccionar_alta', 's'),
(104702, 100557, 'link_a_grupo', 's'),
(104703, 100557, 'listado_mostrar', 's'),
(104704, 100557, 'obligatorio', 'no_nulo'),
(104705, 100557, 'idioma_cs', 'Store check procesos'),
(104706, 100557, 'filtrar', 's'),
(104707, 100558, 'tipo_dato', 'numero'),
(104708, 100558, 'tb_columna_tipo', 'nombre'),
(104709, 100558, 'activado', 's'),
(104710, 100558, 'listado_mostrar', 's'),
(104711, 100558, 'obligatorio', 'nulo'),
(104712, 100558, 'idioma_cs', 'Activo'),
(104713, 100558, 'filtrar', 's'),
(104714, 100559, 'tipo_dato', 'texto_largo'),
(104715, 100559, 'directorio', '../upload_archivos'),
(104716, 100559, 'obligatorio', 'nulo'),
(104717, 100559, 'idioma_cs', 'Archivo'),
(104718, 100559, 'eliminacion_especial', 's'),
(104719, 100559, 'eliminar_archivos', 'n'),
(104720, 100559, 'filtrar', 's'),
(104721, 100560, 'tipo_dato', 'numero'),
(104722, 100560, 'origen_cp_id', '100126'),
(104723, 100560, 'tb_columna_tipo', 'nombre_link'),
(104724, 100560, 'seleccionar_alta', 's'),
(104725, 100560, 'link_a_grupo', 's'),
(104726, 100560, 'listado_mostrar', 's'),
(104727, 100560, 'obligatorio', 'nulo'),
(104728, 100560, 'idioma_cs', 'Campaña'),
(104729, 100560, 'filtrar', 's'),
(104730, 100561, 'tipo_dato', 'numero'),
(104731, 100561, 'origen_cp_id', '100043'),
(104732, 100561, 'tb_columna_tipo', 'nombre_link'),
(104733, 100561, 'seleccionar_alta', 's'),
(104734, 100561, 'link_a_grupo', 's'),
(104735, 100561, 'listado_mostrar', 's'),
(104736, 100561, 'obligatorio', 'no_nulo'),
(104737, 100561, 'idioma_cs', 'Cliente'),
(104738, 100561, 'filtrar', 's'),
(104739, 100562, 'tipo_dato', 'texto'),
(104740, 100562, 'largo', '1'),
(104741, 100562, 'tb_columna_tipo', 'nombre'),
(104742, 100562, 'listado_mostrar', 's'),
(104743, 100562, 'obligatorio', 'no_nulo'),
(104744, 100562, 'permite_html', ''),
(104745, 100562, 'idioma_cs', 'Tipo de llamada'),
(104746, 100562, 'caracteres_permitidos', ''),
(104747, 100562, 'filtrar', 's'),
(104748, 100563, 'tipo_dato', 'texto'),
(104749, 100563, 'largo', '2'),
(104750, 100563, 'tb_columna_tipo', 'nombre'),
(104751, 100563, 'listado_mostrar', 's'),
(104752, 100563, 'obligatorio', 'no_nulo'),
(104753, 100563, 'permite_html', ''),
(104754, 100563, 'idioma_cs', 'Prioridad'),
(104755, 100563, 'caracteres_permitidos', ''),
(104756, 100563, 'filtrar', 's'),
(104757, 100564, 'tipo_dato', 'numero'),
(104758, 100564, 'tb_columna_tipo', 'fecha'),
(104759, 100564, 'largo', '20'),
(104760, 100564, 'formato_fecha', 'ddmmaaaa'),
(104761, 100564, 'listado_mostrar', 's'),
(104762, 100564, 'obligatorio', 'no_nulo'),
(104763, 100564, 'idioma_cs', 'Fecha'),
(104764, 100564, 'filtrar', 's'),
(104765, 100565, 'tipo_dato', 'texto'),
(104766, 100565, 'largo', '20'),
(104767, 100565, 'tb_columna_tipo', 'nombre'),
(104768, 100565, 'listado_mostrar', 's'),
(104769, 100565, 'obligatorio', 'no_nulo'),
(104770, 100565, 'permite_html', ''),
(104771, 100565, 'idioma_cs', 'Hora'),
(104772, 100565, 'caracteres_permitidos', ''),
(104773, 100565, 'filtrar', 's'),
(104774, 100566, 'tipo_dato', 'texto_largo'),
(104775, 100566, 'tb_columna_tipo', 'nombre'),
(104776, 100566, 'alto', '5'),
(104777, 100566, 'ancho', '100'),
(104778, 100566, 'listado_mostrar', 'n'),
(104779, 100566, 'obligatorio', 'nulo'),
(104780, 100566, 'permite_html', 'n'),
(104781, 100566, 'idioma_cs', 'Observaciones'),
(104782, 100566, 'filtrar', 's'),
(104783, 100567, 'tipo_dato', 'numero'),
(104784, 100567, 'tb_columna_tipo', 'nombre'),
(104785, 100567, 'activado', 'n'),
(104786, 100567, 'listado_mostrar', 's'),
(104787, 100567, 'obligatorio', 'nulo'),
(104788, 100567, 'idioma_cs', 'Pedido de muestras'),
(104789, 100567, 'filtrar', 's'),
(104790, 100568, 'tipo_dato', 'numero'),
(104791, 100568, 'tb_columna_tipo', 'nombre'),
(104792, 100568, 'activado', 'n'),
(104793, 100568, 'listado_mostrar', 's'),
(104794, 100568, 'obligatorio', 'nulo'),
(104795, 100568, 'idioma_cs', 'Orden de pedidos'),
(104796, 100568, 'filtrar', 's'),
(104797, 100569, 'tipo_dato', 'numero'),
(104798, 100569, 'tb_columna_tipo', 'nombre'),
(104799, 100569, 'activado', 'n'),
(104800, 100569, 'listado_mostrar', 's'),
(104801, 100569, 'obligatorio', 'nulo'),
(104802, 100569, 'idioma_cs', 'Propuestas comerciales / presupuestos'),
(104803, 100569, 'filtrar', 's'),
(104804, 100570, 'tipo_dato', 'numero'),
(104805, 100570, 'tb_columna_tipo', 'nombre'),
(104806, 100570, 'activado', 'n'),
(104807, 100570, 'listado_mostrar', 's'),
(104808, 100570, 'obligatorio', 'nulo'),
(104809, 100570, 'idioma_cs', 'Alta de Cliente'),
(104810, 100570, 'filtrar', 's'),
(104811, 100571, 'tipo_dato', 'numero'),
(104812, 100571, 'tb_columna_tipo', 'nombre'),
(104813, 100571, 'activado', 'n'),
(104814, 100571, 'listado_mostrar', 's'),
(104815, 100571, 'obligatorio', 'nulo'),
(104816, 100571, 'idioma_cs', 'Pedidos Varios del cliente'),
(104817, 100571, 'filtrar', 's'),
(104818, 100572, 'tipo_dato', 'decimal'),
(104819, 100572, 'tb_columna_tipo', 'nombre'),
(104820, 100572, 'largo', '2'),
(104821, 100572, 'decimales', '0'),
(104822, 100572, 'listado_mostrar', 's'),
(104823, 100572, 'obligatorio', 'nulo'),
(104824, 100572, 'idioma_cs', 'Recordar temas pendientes dias'),
(104825, 100572, 'filtrar', 's'),
(104826, 100573, 'tipo_dato', 'decimal'),
(104827, 100573, 'tb_columna_tipo', 'nombre'),
(104828, 100573, 'largo', '10'),
(104829, 100573, 'decimales', '0'),
(104830, 100573, 'listado_mostrar', 'n'),
(104831, 100573, 'obligatorio', 'nulo'),
(104832, 100573, 'idioma_cs', 'ID llamadas procesos'),
(104833, 100573, 'filtrar', 's'),
(104834, 100574, 'tipo_dato', 'numero'),
(104835, 100574, 'origen_cp_id', '100566'),
(104836, 100574, 'tb_columna_tipo', 'nombre_link'),
(104837, 100574, 'seleccionar_alta', 's'),
(104838, 100574, 'link_a_grupo', 's'),
(104839, 100574, 'listado_mostrar', 's'),
(104840, 100574, 'obligatorio', 'no_nulo'),
(104841, 100574, 'idioma_cs', 'Llamadas'),
(104842, 100574, 'filtrar', 's'),
(104843, 100575, 'tipo_dato', 'numero'),
(104844, 100575, 'origen_cp_id', '100105'),
(104845, 100575, 'tb_columna_tipo', 'nombre_link'),
(104846, 100575, 'seleccionar_alta', 's'),
(104847, 100575, 'link_a_grupo', 's'),
(104848, 100575, 'listado_mostrar', 's'),
(104849, 100575, 'obligatorio', 'no_nulo'),
(104850, 100575, 'idioma_cs', 'Flujos dias'),
(104851, 100575, 'filtrar', 's'),
(104852, 100576, 'tipo_dato', 'numero'),
(104853, 100576, 'origen_cp_id', '3043'),
(104854, 100576, 'tb_columna_tipo', 'nombre_link'),
(104855, 100576, 'seleccionar_alta', 's'),
(104856, 100576, 'link_a_grupo', 's'),
(104857, 100576, 'listado_mostrar', 's'),
(104858, 100576, 'obligatorio', 'no_nulo'),
(104859, 100576, 'idioma_cs', 'Usuario'),
(104860, 100576, 'filtrar', 's'),
(104861, 100577, 'tipo_dato', 'decimal'),
(104862, 100577, 'tb_columna_tipo', 'nombre'),
(104863, 100577, 'largo', '10'),
(104864, 100577, 'decimales', '0'),
(104865, 100577, 'listado_mostrar', 'n'),
(104866, 100577, 'obligatorio', 'nulo'),
(104867, 100577, 'idioma_cs', 'ID relacionado'),
(104868, 100577, 'filtrar', 's'),
(104869, 100578, 'tipo_dato', 'numero'),
(104870, 100578, 'tb_columna_tipo', 'fecha'),
(104871, 100578, 'largo', '20'),
(104872, 100578, 'formato_fecha', 'ddmmaaaa'),
(104873, 100578, 'tipo', 'alta'),
(104874, 100578, 'listado_mostrar', 's'),
(104875, 100578, 'idioma_cs', 'Fecha de alta'),
(104876, 100578, 'filtrar', 'n'),
(104877, 100579, 'tipo_dato', 'texto_largo'),
(104878, 100579, 'tb_columna_tipo', 'nombre'),
(104879, 100579, 'alto', '5'),
(104880, 100579, 'ancho', '100'),
(104881, 100579, 'listado_mostrar', 'n'),
(104882, 100579, 'obligatorio', 'nulo'),
(104883, 100579, 'permite_html', 'n'),
(104884, 100579, 'idioma_cs', 'Comentario'),
(104885, 100579, 'filtrar', 's'),
(104886, 100580, 'tipo_dato', 'numero'),
(104887, 100580, 'origen_cp_id', '100579'),
(104888, 100580, 'tb_columna_tipo', 'nombre_link'),
(104889, 100580, 'seleccionar_alta', 's'),
(104890, 100580, 'link_a_grupo', 's'),
(104891, 100580, 'listado_mostrar', 's'),
(104892, 100580, 'obligatorio', 'no_nulo'),
(104893, 100580, 'idioma_cs', 'Llamadas procesos'),
(104894, 100580, 'filtrar', 's'),
(104895, 100581, 'tipo_dato', 'numero'),
(104896, 100581, 'tb_columna_tipo', 'nombre'),
(104897, 100581, 'activado', 's'),
(104898, 100581, 'listado_mostrar', 's'),
(104899, 100581, 'obligatorio', 'nulo'),
(104900, 100581, 'idioma_cs', 'Activo'),
(104901, 100581, 'filtrar', 's'),
(104911, 100583, 'tipo_dato', 'texto_largo'),
(104912, 100583, 'tb_columna_tipo', 'nombre'),
(104913, 100583, 'alto', '5'),
(104914, 100583, 'ancho', '100'),
(104915, 100583, 'listado_mostrar', 'n'),
(104916, 100583, 'obligatorio', 'nulo'),
(104917, 100583, 'permite_html', 'n'),
(104918, 100583, 'idioma_cs', 'Tema'),
(104919, 100583, 'filtrar', 's'),
(104920, 100584, 'tipo_dato', 'numero'),
(104921, 100584, 'tb_columna_tipo', 'nombre'),
(104922, 100584, 'activado', 'n'),
(104923, 100584, 'listado_mostrar', 's'),
(104924, 100584, 'obligatorio', 'nulo'),
(104925, 100584, 'idioma_cs', 'Tema tocado'),
(104926, 100584, 'filtrar', 's'),
(104927, 100585, 'tipo_dato', 'numero'),
(104928, 100585, 'origen_cp_id', '3013'),
(104929, 100585, 'tb_columna_tipo', 'nombre_link'),
(104930, 100585, 'seleccionar_alta', 's'),
(104931, 100585, 'link_a_grupo', 's'),
(104932, 100585, 'listado_mostrar', 's'),
(104933, 100585, 'obligatorio', 'no_nulo'),
(104934, 100585, 'idioma_cs', 'Pais'),
(104935, 100585, 'filtrar', 's'),
(104936, 100586, 'tipo_dato', 'texto'),
(104937, 100586, 'largo', '100'),
(104938, 100586, 'tb_columna_tipo', 'nombre'),
(104939, 100586, 'listado_mostrar', 's'),
(104940, 100586, 'obligatorio', 'no_nulo'),
(104941, 100586, 'permite_html', ''),
(104942, 100586, 'idioma_cs', 'Ciudad'),
(104943, 100586, 'caracteres_permitidos', ''),
(104944, 100586, 'filtrar', 's'),
(104945, 100587, 'tipo_dato', 'numero'),
(104946, 100587, 'tb_columna_tipo', 'fecha'),
(104947, 100587, 'largo', '20'),
(104948, 100587, 'formato_fecha', 'ddmmaaaa'),
(104949, 100587, 'listado_mostrar', 's'),
(104950, 100587, 'obligatorio', 'no_nulo'),
(104951, 100587, 'idioma_cs', 'Fecha de inicio'),
(104952, 100587, 'filtrar', 'n'),
(104953, 100588, 'tipo_dato', 'numero'),
(104954, 100588, 'tb_columna_tipo', 'fecha'),
(104955, 100588, 'largo', '20'),
(104956, 100588, 'formato_fecha', 'ddmmaaaa'),
(104957, 100588, 'listado_mostrar', 's'),
(104958, 100588, 'obligatorio', 'no_nulo'),
(104959, 100588, 'idioma_cs', 'Fecha de finalizacion'),
(104960, 100588, 'filtrar', 'n'),
(104961, 100589, 'tipo_dato', 'texto_largo'),
(104962, 100589, 'tb_columna_tipo', 'nombre'),
(104963, 100589, 'alto', '5'),
(104964, 100589, 'ancho', '100'),
(104965, 100589, 'listado_mostrar', 'n'),
(104966, 100589, 'obligatorio', 'nulo'),
(104967, 100589, 'permite_html', 'n'),
(104968, 100589, 'idioma_cs', 'Observaciones'),
(104969, 100589, 'filtrar', 's'),
(104970, 100590, 'tipo_dato', 'decimal'),
(104971, 100590, 'tb_columna_tipo', 'nombre'),
(104972, 100590, 'largo', '10'),
(104973, 100590, 'decimales', '0'),
(104974, 100590, 'listado_mostrar', 'n'),
(104975, 100590, 'obligatorio', 'nulo'),
(104976, 100590, 'idioma_cs', 'ID comparacion hoteles procesos'),
(104977, 100590, 'filtrar', 's'),
(104978, 100591, 'tipo_dato', 'numero'),
(104979, 100591, 'origen_cp_id', '100589'),
(104980, 100591, 'tb_columna_tipo', 'nombre_link'),
(104981, 100591, 'seleccionar_alta', 's'),
(104982, 100591, 'link_a_grupo', 's'),
(104983, 100591, 'listado_mostrar', 's'),
(104984, 100591, 'obligatorio', 'no_nulo'),
(104985, 100591, 'idioma_cs', 'Pedido de compras procesos'),
(104986, 100591, 'filtrar', 's'),
(104987, 100592, 'tipo_dato', 'numero'),
(104988, 100592, 'origen_cp_id', '100105'),
(104989, 100592, 'tb_columna_tipo', 'nombre_link'),
(104990, 100592, 'seleccionar_alta', 's'),
(104991, 100592, 'link_a_grupo', 's'),
(104992, 100592, 'listado_mostrar', 's'),
(104993, 100592, 'obligatorio', 'no_nulo'),
(104994, 100592, 'idioma_cs', 'Flujos dias'),
(104995, 100592, 'filtrar', 's'),
(104996, 100593, 'tipo_dato', 'numero'),
(104997, 100593, 'origen_cp_id', '3043'),
(104998, 100593, 'tb_columna_tipo', 'nombre_link'),
(104999, 100593, 'seleccionar_alta', 's'),
(105000, 100593, 'link_a_grupo', 's'),
(105001, 100593, 'listado_mostrar', 's'),
(105002, 100593, 'obligatorio', 'no_nulo'),
(105003, 100593, 'idioma_cs', 'Usuario'),
(105004, 100593, 'filtrar', 's'),
(105005, 100594, 'tipo_dato', 'decimal'),
(105006, 100594, 'tb_columna_tipo', 'nombre'),
(105007, 100594, 'largo', '10'),
(105008, 100594, 'decimales', '0'),
(105009, 100594, 'listado_mostrar', 'n'),
(105010, 100594, 'obligatorio', 'nulo'),
(105011, 100594, 'idioma_cs', 'ID relacionado'),
(105012, 100594, 'filtrar', 's'),
(105013, 100595, 'tipo_dato', 'texto_largo'),
(105014, 100595, 'tb_columna_tipo', 'nombre'),
(105015, 100595, 'alto', '5'),
(105016, 100595, 'ancho', '100'),
(105017, 100595, 'listado_mostrar', 'n'),
(105018, 100595, 'obligatorio', 'nulo'),
(105019, 100595, 'permite_html', 'n'),
(105020, 100595, 'idioma_cs', 'Comentario'),
(105021, 100595, 'filtrar', 's'),
(105022, 100596, 'tipo_dato', 'numero'),
(105023, 100596, 'origen_cp_id', '100595'),
(105024, 100596, 'tb_columna_tipo', 'nombre_link'),
(105025, 100596, 'seleccionar_alta', 's'),
(105026, 100596, 'link_a_grupo', 's'),
(105027, 100596, 'listado_mostrar', 's'),
(105028, 100596, 'obligatorio', 'no_nulo'),
(105029, 100596, 'idioma_cs', 'Comparacion de hoteles procesos'),
(105030, 100596, 'filtrar', 's'),
(105031, 100597, 'tipo_dato', 'numero'),
(105032, 100597, 'tb_columna_tipo', 'nombre'),
(105033, 100597, 'activado', 's'),
(105034, 100597, 'listado_mostrar', 's'),
(105035, 100597, 'obligatorio', 'nulo'),
(105036, 100597, 'idioma_cs', 'Activo'),
(105037, 100597, 'filtrar', 's'),
(105038, 100598, 'tipo_dato', 'texto'),
(105039, 100598, 'largo', '200'),
(105040, 100598, 'tb_columna_tipo', 'nombre'),
(105041, 100598, 'listado_mostrar', 's'),
(105042, 100598, 'obligatorio', 'no_nulo'),
(105043, 100598, 'permite_html', ''),
(105044, 100598, 'idioma_cs', 'Hotel'),
(105045, 100598, 'caracteres_permitidos', ''),
(105046, 100598, 'filtrar', 's'),
(105047, 100599, 'tipo_dato', 'texto_largo'),
(105048, 100599, 'tb_columna_tipo', 'nombre'),
(105049, 100599, 'alto', '5'),
(105050, 100599, 'ancho', '100'),
(105051, 100599, 'listado_mostrar', 'n'),
(105052, 100599, 'obligatorio', 'nulo'),
(105053, 100599, 'permite_html', 'n'),
(105054, 100599, 'idioma_cs', 'Comentario'),
(105055, 100599, 'filtrar', 's'),
(105056, 100600, 'tipo_dato', 'decimal'),
(105057, 100600, 'tb_columna_tipo', 'nombre'),
(105058, 100600, 'largo', '10'),
(105059, 100600, 'decimales', '2'),
(105060, 100600, 'listado_mostrar', 's'),
(105061, 100600, 'obligatorio', 'no_nulo'),
(105062, 100600, 'idioma_cs', 'Costo'),
(105063, 100600, 'filtrar', 's'),
(105064, 100601, 'tipo_dato', 'texto_largo'),
(105065, 100601, 'directorio', '../upload_archivos'),
(105066, 100601, 'obligatorio', 'nulo'),
(105067, 100601, 'idioma_cs', 'Archivo'),
(105068, 100601, 'eliminacion_especial', 's'),
(105069, 100601, 'eliminar_archivos', 'n'),
(105070, 100601, 'filtrar', 's'),
(105071, 100602, 'tipo_dato', 'numero'),
(105072, 100602, 'origen_cp_id', '3013'),
(105073, 100602, 'tb_columna_tipo', 'nombre_link'),
(105074, 100602, 'seleccionar_alta', 's'),
(105075, 100602, 'link_a_grupo', 's'),
(105076, 100602, 'listado_mostrar', 's'),
(105077, 100602, 'obligatorio', 'no_nulo'),
(105078, 100602, 'idioma_cs', 'Pais'),
(105079, 100602, 'filtrar', 's'),
(105080, 100603, 'tipo_dato', 'texto'),
(105081, 100603, 'largo', '100'),
(105082, 100603, 'tb_columna_tipo', 'nombre'),
(105083, 100603, 'listado_mostrar', 's'),
(105084, 100603, 'obligatorio', 'no_nulo'),
(105085, 100603, 'permite_html', ''),
(105086, 100603, 'idioma_cs', 'Ciudad'),
(105087, 100603, 'caracteres_permitidos', ''),
(105088, 100603, 'filtrar', 's'),
(105089, 100604, 'tipo_dato', 'numero'),
(105090, 100604, 'tb_columna_tipo', 'fecha'),
(105091, 100604, 'largo', '20'),
(105092, 100604, 'formato_fecha', 'ddmmaaaa'),
(105093, 100604, 'listado_mostrar', 's'),
(105094, 100604, 'obligatorio', 'no_nulo'),
(105095, 100604, 'idioma_cs', 'Fecha de inicio'),
(105096, 100604, 'filtrar', 'n'),
(105097, 100605, 'tipo_dato', 'numero'),
(105098, 100605, 'tb_columna_tipo', 'fecha'),
(105099, 100605, 'largo', '20'),
(105100, 100605, 'formato_fecha', 'ddmmaaaa'),
(105101, 100605, 'listado_mostrar', 's'),
(105102, 100605, 'obligatorio', 'no_nulo'),
(105103, 100605, 'idioma_cs', 'Fecha de finalizacion'),
(105104, 100605, 'filtrar', 'n'),
(105105, 100606, 'tipo_dato', 'texto_largo'),
(105106, 100606, 'tb_columna_tipo', 'nombre'),
(105107, 100606, 'alto', '5'),
(105108, 100606, 'ancho', '100'),
(105109, 100606, 'listado_mostrar', 'n'),
(105110, 100606, 'obligatorio', 'nulo'),
(105111, 100606, 'permite_html', 'n'),
(105112, 100606, 'idioma_cs', 'Observaciones'),
(105113, 100606, 'filtrar', 's'),
(105114, 100607, 'tipo_dato', 'decimal'),
(105115, 100607, 'tb_columna_tipo', 'nombre'),
(105116, 100607, 'largo', '10'),
(105117, 100607, 'decimales', '0'),
(105118, 100607, 'listado_mostrar', 'n'),
(105119, 100607, 'obligatorio', 'nulo'),
(105120, 100607, 'idioma_cs', 'ID comparacion aerolineas procesos'),
(105121, 100607, 'filtrar', 's'),
(105122, 100608, 'tipo_dato', 'numero'),
(105123, 100608, 'origen_cp_id', '100606'),
(105124, 100608, 'tb_columna_tipo', 'nombre_link'),
(105125, 100608, 'seleccionar_alta', 's'),
(105126, 100608, 'link_a_grupo', 's'),
(105127, 100608, 'listado_mostrar', 's'),
(105128, 100608, 'obligatorio', 'no_nulo'),
(105129, 100608, 'idioma_cs', 'Comparacion aerolineas'),
(105130, 100608, 'filtrar', 's'),
(105131, 100609, 'tipo_dato', 'numero'),
(105132, 100609, 'origen_cp_id', '100105'),
(105133, 100609, 'tb_columna_tipo', 'nombre_link'),
(105134, 100609, 'seleccionar_alta', 's'),
(105135, 100609, 'link_a_grupo', 's'),
(105136, 100609, 'listado_mostrar', 's'),
(105137, 100609, 'obligatorio', 'no_nulo'),
(105138, 100609, 'idioma_cs', 'Flujos dias'),
(105139, 100609, 'filtrar', 's'),
(105140, 100610, 'tipo_dato', 'numero'),
(105141, 100610, 'origen_cp_id', '3043'),
(105142, 100610, 'tb_columna_tipo', 'nombre_link'),
(105143, 100610, 'seleccionar_alta', 's'),
(105144, 100610, 'link_a_grupo', 's'),
(105145, 100610, 'listado_mostrar', 's'),
(105146, 100610, 'obligatorio', 'no_nulo'),
(105147, 100610, 'idioma_cs', 'Usuario'),
(105148, 100610, 'filtrar', 's'),
(105149, 100611, 'tipo_dato', 'decimal'),
(105150, 100611, 'tb_columna_tipo', 'nombre'),
(105151, 100611, 'largo', '10'),
(105152, 100611, 'decimales', '0'),
(105153, 100611, 'listado_mostrar', 'n'),
(105154, 100611, 'obligatorio', 'nulo'),
(105155, 100611, 'idioma_cs', 'ID relacionado'),
(105156, 100611, 'filtrar', 's'),
(105157, 100612, 'tipo_dato', 'numero'),
(105158, 100612, 'tb_columna_tipo', 'fecha'),
(105159, 100612, 'largo', '20'),
(105160, 100612, 'formato_fecha', 'ddmmaaaa'),
(105161, 100612, 'tipo', 'alta'),
(105162, 100612, 'listado_mostrar', 's'),
(105163, 100612, 'idioma_cs', 'Fecha de alta'),
(105164, 100612, 'filtrar', 'n'),
(105165, 100613, 'tipo_dato', 'texto_largo'),
(105166, 100613, 'tb_columna_tipo', 'nombre'),
(105167, 100613, 'alto', '5'),
(105168, 100613, 'ancho', '100'),
(105169, 100613, 'listado_mostrar', 'n'),
(105170, 100613, 'obligatorio', 'nulo'),
(105171, 100613, 'permite_html', 'n'),
(105172, 100613, 'idioma_cs', 'Comentario'),
(105173, 100613, 'filtrar', 's'),
(105174, 100614, 'tipo_dato', 'numero'),
(105175, 100614, 'origen_cp_id', '100613'),
(105176, 100614, 'tb_columna_tipo', 'nombre_link'),
(105177, 100614, 'seleccionar_alta', 's'),
(105178, 100614, 'link_a_grupo', 's'),
(105179, 100614, 'listado_mostrar', 's'),
(105180, 100614, 'obligatorio', 'no_nulo'),
(105181, 100614, 'idioma_cs', 'Comparacion aerolineas procesos'),
(105182, 100614, 'filtrar', 's'),
(105183, 100615, 'tipo_dato', 'numero'),
(105184, 100615, 'tb_columna_tipo', 'nombre'),
(105185, 100615, 'activado', 's'),
(105186, 100615, 'listado_mostrar', 's'),
(105187, 100615, 'obligatorio', 'nulo'),
(105188, 100615, 'idioma_cs', 'Activo'),
(105189, 100615, 'filtrar', 's'),
(105190, 100616, 'tipo_dato', 'texto'),
(105191, 100616, 'largo', '200'),
(105192, 100616, 'tb_columna_tipo', 'nombre'),
(105193, 100616, 'listado_mostrar', 's'),
(105194, 100616, 'obligatorio', 'no_nulo'),
(105195, 100616, 'permite_html', ''),
(105196, 100616, 'idioma_cs', 'Aerolinea'),
(105197, 100616, 'caracteres_permitidos', ''),
(105198, 100616, 'filtrar', 's'),
(105199, 100617, 'tipo_dato', 'texto_largo'),
(105200, 100617, 'tb_columna_tipo', 'nombre'),
(105201, 100617, 'alto', '5'),
(105202, 100617, 'ancho', '100'),
(105203, 100617, 'listado_mostrar', 'n'),
(105204, 100617, 'obligatorio', 'nulo'),
(105205, 100617, 'permite_html', 'n'),
(105206, 100617, 'idioma_cs', 'Comentario'),
(105207, 100617, 'filtrar', 's'),
(105208, 100618, 'tipo_dato', 'decimal'),
(105209, 100618, 'tb_columna_tipo', 'nombre'),
(105210, 100618, 'largo', '10'),
(105211, 100618, 'decimales', '2'),
(105212, 100618, 'listado_mostrar', 's'),
(105213, 100618, 'obligatorio', 'no_nulo'),
(105214, 100618, 'idioma_cs', 'Costo'),
(105215, 100618, 'filtrar', 's'),
(105216, 100619, 'tipo_dato', 'texto_largo'),
(105217, 100619, 'directorio', '../upload_archivos'),
(105218, 100619, 'obligatorio', 'nulo'),
(105219, 100619, 'idioma_cs', 'Archivo'),
(105220, 100619, 'eliminacion_especial', 's'),
(105221, 100619, 'eliminar_archivos', 'n'),
(105222, 100619, 'filtrar', 's'),
(105223, 100620, 'tipo_dato', 'texto'),
(105224, 100620, 'largo', '200'),
(105225, 100620, 'tb_columna_tipo', 'nombre'),
(105226, 100620, 'listado_mostrar', 's'),
(105227, 100620, 'obligatorio', 'no_nulo'),
(105228, 100620, 'permite_html', ''),
(105229, 100620, 'idioma_cs', 'Proveedor'),
(105230, 100620, 'caracteres_permitidos', ''),
(105231, 100620, 'filtrar', 's'),
(105232, 100621, 'tipo_dato', 'numero'),
(105233, 100621, 'origen_cp_id', '3013'),
(105234, 100621, 'tb_columna_tipo', 'nombre_link'),
(105235, 100621, 'seleccionar_alta', 's'),
(105236, 100621, 'link_a_grupo', 's'),
(105237, 100621, 'listado_mostrar', 's'),
(105238, 100621, 'obligatorio', 'no_nulo'),
(105239, 100621, 'idioma_cs', 'Pais'),
(105240, 100621, 'filtrar', 's'),
(105241, 100622, 'tipo_dato', 'texto'),
(105242, 100622, 'largo', '150'),
(105243, 100622, 'tb_columna_tipo', 'nombre'),
(105244, 100622, 'listado_mostrar', 's'),
(105245, 100622, 'obligatorio', 'no_nulo'),
(105246, 100622, 'permite_html', ''),
(105247, 100622, 'idioma_cs', 'Ciudad'),
(105248, 100622, 'caracteres_permitidos', ''),
(105249, 100622, 'filtrar', 's'),
(105250, 100623, 'tipo_dato', 'texto_largo'),
(105251, 100623, 'tb_columna_tipo', 'nombre'),
(105252, 100623, 'alto', '5'),
(105253, 100623, 'ancho', '100'),
(105254, 100623, 'listado_mostrar', 'n'),
(105255, 100623, 'obligatorio', 'nulo'),
(105256, 100623, 'permite_html', 'n'),
(105257, 100623, 'idioma_cs', 'Direccion'),
(105258, 100623, 'filtrar', 's'),
(105259, 100624, 'tipo_dato', 'texto'),
(105260, 100624, 'largo', '200'),
(105261, 100624, 'tb_columna_tipo', 'nombre'),
(105262, 100624, 'listado_mostrar', 'n'),
(105263, 100624, 'obligatorio', 'nulo'),
(105264, 100624, 'permite_html', ''),
(105265, 100624, 'idioma_cs', 'Contacto'),
(105266, 100624, 'caracteres_permitidos', ''),
(105267, 100624, 'filtrar', 's'),
(105268, 100625, 'tipo_dato', 'texto'),
(105269, 100625, 'largo', '200'),
(105270, 100625, 'tb_columna_tipo', 'nombre'),
(105271, 100625, 'listado_mostrar', 'n'),
(105272, 100625, 'obligatorio', 'nulo'),
(105273, 100625, 'permite_html', ''),
(105274, 100625, 'idioma_cs', 'Telefono'),
(105275, 100625, 'caracteres_permitidos', ''),
(105276, 100625, 'filtrar', 's'),
(105277, 100626, 'tipo_dato', 'texto_largo'),
(105278, 100626, 'tb_columna_tipo', 'nombre'),
(105279, 100626, 'alto', '5'),
(105280, 100626, 'ancho', '100'),
(105281, 100626, 'listado_mostrar', 'n'),
(105282, 100626, 'obligatorio', 'nulo'),
(105283, 100626, 'permite_html', 'n'),
(105284, 100626, 'idioma_cs', 'Observaciones'),
(105285, 100626, 'filtrar', 's'),
(105286, 100627, 'tipo_dato', 'decimal'),
(105287, 100627, 'tb_columna_tipo', 'nombre'),
(105288, 100627, 'largo', '10'),
(105289, 100627, 'decimales', '0'),
(105290, 100627, 'listado_mostrar', 'n'),
(105291, 100627, 'obligatorio', 'nulo'),
(105292, 100627, 'idioma_cs', 'ID busqueda fabricas precios'),
(105293, 100627, 'filtrar', 's'),
(105294, 100628, 'tipo_dato', 'numero'),
(105295, 100628, 'origen_cp_id', '100624'),
(105296, 100628, 'tb_columna_tipo', 'nombre_link'),
(105297, 100628, 'seleccionar_alta', 's'),
(105298, 100628, 'link_a_grupo', 's'),
(105299, 100628, 'listado_mostrar', 's'),
(105300, 100628, 'obligatorio', 'no_nulo'),
(105301, 100628, 'idioma_cs', 'Busqueda fabricas precios'),
(105302, 100628, 'filtrar', 's'),
(105303, 100629, 'tipo_dato', 'numero'),
(105304, 100629, 'origen_cp_id', '100105'),
(105305, 100629, 'tb_columna_tipo', 'nombre_link'),
(105306, 100629, 'seleccionar_alta', 's'),
(105307, 100629, 'link_a_grupo', 's'),
(105308, 100629, 'listado_mostrar', 's'),
(105309, 100629, 'obligatorio', 'no_nulo'),
(105310, 100629, 'idioma_cs', 'Flujos dias'),
(105311, 100629, 'filtrar', 's'),
(105312, 100630, 'tipo_dato', 'numero'),
(105313, 100630, 'origen_cp_id', '3043'),
(105314, 100630, 'tb_columna_tipo', 'nombre_link'),
(105315, 100630, 'seleccionar_alta', 's'),
(105316, 100630, 'link_a_grupo', 's'),
(105317, 100630, 'listado_mostrar', 's'),
(105318, 100630, 'obligatorio', 'no_nulo'),
(105319, 100630, 'idioma_cs', 'Usuario'),
(105320, 100630, 'filtrar', 's'),
(105321, 100631, 'tipo_dato', 'decimal'),
(105322, 100631, 'tb_columna_tipo', 'nombre'),
(105323, 100631, 'largo', '10'),
(105324, 100631, 'decimales', '0'),
(105325, 100631, 'listado_mostrar', 'n'),
(105326, 100631, 'obligatorio', 'nulo'),
(105327, 100631, 'idioma_cs', 'ID relacionado'),
(105328, 100631, 'filtrar', 's'),
(105329, 100632, 'tipo_dato', 'numero'),
(105330, 100632, 'tb_columna_tipo', 'fecha'),
(105331, 100632, 'largo', '20'),
(105332, 100632, 'formato_fecha', 'ddmmaaaa'),
(105333, 100632, 'tipo', 'alta'),
(105334, 100632, 'listado_mostrar', 'n'),
(105335, 100632, 'idioma_cs', 'Fecha de alta'),
(105336, 100632, 'filtrar', 'n'),
(105337, 100633, 'tipo_dato', 'texto_largo'),
(105338, 100633, 'tb_columna_tipo', 'nombre'),
(105339, 100633, 'alto', '5'),
(105340, 100633, 'ancho', '100'),
(105341, 100633, 'listado_mostrar', 'n'),
(105342, 100633, 'obligatorio', 'nulo'),
(105343, 100633, 'permite_html', 'n'),
(105344, 100633, 'idioma_cs', 'Comentario'),
(105345, 100633, 'filtrar', 's'),
(105346, 100634, 'tipo_dato', 'numero'),
(105347, 100634, 'origen_cp_id', '100633'),
(105348, 100634, 'tb_columna_tipo', 'nombre_link'),
(105349, 100634, 'seleccionar_alta', 's'),
(105350, 100634, 'link_a_grupo', 's'),
(105351, 100634, 'listado_mostrar', 's'),
(105352, 100634, 'obligatorio', 'no_nulo'),
(105353, 100634, 'idioma_cs', 'Busqueda fabricas precios procesos'),
(105354, 100634, 'filtrar', 's'),
(105355, 100635, 'tipo_dato', 'numero'),
(105356, 100635, 'tb_columna_tipo', 'nombre'),
(105357, 100635, 'activado', 's'),
(105358, 100635, 'listado_mostrar', 's'),
(105359, 100635, 'obligatorio', 'nulo'),
(105360, 100635, 'idioma_cs', 'Activo'),
(105361, 100635, 'filtrar', 's'),
(105362, 100636, 'tipo_dato', 'texto'),
(105363, 100636, 'largo', '200'),
(105364, 100636, 'tb_columna_tipo', 'nombre'),
(105365, 100636, 'listado_mostrar', 's'),
(105366, 100636, 'obligatorio', 'no_nulo'),
(105367, 100636, 'permite_html', ''),
(105368, 100636, 'idioma_cs', 'Producto'),
(105369, 100636, 'caracteres_permitidos', ''),
(105370, 100636, 'filtrar', 's'),
(105371, 100637, 'tipo_dato', 'texto_largo'),
(105372, 100637, 'tb_columna_tipo', 'nombre'),
(105373, 100637, 'alto', '5'),
(105374, 100637, 'ancho', '100'),
(105375, 100637, 'listado_mostrar', 'n'),
(105376, 100637, 'obligatorio', 'nulo'),
(105377, 100637, 'permite_html', 'n'),
(105378, 100637, 'idioma_cs', 'Detalle'),
(105379, 100637, 'filtrar', 's'),
(105380, 100638, 'tipo_dato', 'decimal'),
(105381, 100638, 'tb_columna_tipo', 'nombre'),
(105382, 100638, 'largo', '10'),
(105383, 100638, 'decimales', '2'),
(105384, 100638, 'listado_mostrar', 'n'),
(105385, 100638, 'obligatorio', 'nulo'),
(105386, 100638, 'idioma_cs', 'Precio unitario'),
(105387, 100638, 'filtrar', 's'),
(105388, 100639, 'tipo_dato', 'decimal'),
(105389, 100639, 'tb_columna_tipo', 'nombre'),
(105390, 100639, 'largo', '10'),
(105391, 100639, 'decimales', '0'),
(105392, 100639, 'listado_mostrar', 's'),
(105393, 100639, 'obligatorio', 'no_nulo'),
(105394, 100639, 'idioma_cs', 'Cantidad minima'),
(105395, 100639, 'filtrar', 's'),
(105396, 100640, 'tipo_dato', 'texto'),
(105397, 100640, 'largo', '200'),
(105398, 100640, 'tb_columna_tipo', 'nombre'),
(105399, 100640, 'listado_mostrar', 's'),
(105400, 100640, 'obligatorio', 'no_nulo'),
(105401, 100640, 'permite_html', ''),
(105402, 100640, 'idioma_cs', 'Proveedor'),
(105403, 100640, 'caracteres_permitidos', ''),
(105404, 100640, 'filtrar', 's'),
(105405, 100641, 'tipo_dato', 'numero'),
(105406, 100641, 'origen_cp_id', '3013'),
(105407, 100641, 'tb_columna_tipo', 'nombre_link'),
(105408, 100641, 'seleccionar_alta', 's'),
(105409, 100641, 'link_a_grupo', 's'),
(105410, 100641, 'listado_mostrar', 's'),
(105411, 100641, 'obligatorio', 'no_nulo'),
(105412, 100641, 'idioma_cs', 'Pais'),
(105413, 100641, 'filtrar', 's'),
(105414, 100642, 'tipo_dato', 'texto'),
(105415, 100642, 'largo', '150'),
(105416, 100642, 'tb_columna_tipo', 'nombre'),
(105417, 100642, 'listado_mostrar', 's'),
(105418, 100642, 'obligatorio', 'no_nulo'),
(105419, 100642, 'permite_html', ''),
(105420, 100642, 'idioma_cs', 'Ciudad'),
(105421, 100642, 'caracteres_permitidos', ''),
(105422, 100642, 'filtrar', 's'),
(105423, 100643, 'tipo_dato', 'texto_largo'),
(105424, 100643, 'tb_columna_tipo', 'nombre'),
(105425, 100643, 'alto', '5'),
(105426, 100643, 'ancho', '100'),
(105427, 100643, 'listado_mostrar', 'n'),
(105428, 100643, 'obligatorio', 'nulo'),
(105429, 100643, 'permite_html', 'n'),
(105430, 100643, 'idioma_cs', 'Direccion'),
(105431, 100643, 'filtrar', 's'),
(105432, 100644, 'tipo_dato', 'texto_largo'),
(105433, 100644, 'tb_columna_tipo', 'nombre'),
(105434, 100644, 'alto', '5'),
(105435, 100644, 'ancho', '100'),
(105436, 100644, 'listado_mostrar', 'n'),
(105437, 100644, 'obligatorio', 'nulo'),
(105438, 100644, 'permite_html', 'n'),
(105439, 100644, 'idioma_cs', 'Observaciones'),
(105440, 100644, 'filtrar', 's'),
(105441, 100645, 'tipo_dato', 'decimal'),
(105442, 100645, 'tb_columna_tipo', 'nombre'),
(105443, 100645, 'largo', '10'),
(105444, 100645, 'decimales', '0'),
(105445, 100645, 'listado_mostrar', 'n'),
(105446, 100645, 'obligatorio', 'nulo'),
(105447, 100645, 'idioma_cs', 'ID pedidos muestras procesos'),
(105448, 100645, 'filtrar', 's'),
(105449, 100646, 'tipo_dato', 'numero'),
(105450, 100646, 'origen_cp_id', '100644'),
(105451, 100646, 'tb_columna_tipo', 'nombre_link'),
(105452, 100646, 'seleccionar_alta', 's'),
(105453, 100646, 'link_a_grupo', 's'),
(105454, 100646, 'listado_mostrar', 's'),
(105455, 100646, 'obligatorio', 'no_nulo'),
(105456, 100646, 'idioma_cs', 'Pedido de muestras'),
(105457, 100646, 'filtrar', 's'),
(105458, 100647, 'tipo_dato', 'numero'),
(105459, 100647, 'origen_cp_id', '100105'),
(105460, 100647, 'tb_columna_tipo', 'nombre_link'),
(105461, 100647, 'seleccionar_alta', 's'),
(105462, 100647, 'link_a_grupo', 's'),
(105463, 100647, 'listado_mostrar', 's'),
(105464, 100647, 'obligatorio', 'no_nulo'),
(105465, 100647, 'idioma_cs', 'Flujos dias'),
(105466, 100647, 'filtrar', 's'),
(105467, 100648, 'tipo_dato', 'numero'),
(105468, 100648, 'origen_cp_id', '3043'),
(105469, 100648, 'tb_columna_tipo', 'nombre_link'),
(105470, 100648, 'seleccionar_alta', 's'),
(105471, 100648, 'link_a_grupo', 's'),
(105472, 100648, 'listado_mostrar', 's'),
(105473, 100648, 'obligatorio', 'no_nulo'),
(105474, 100648, 'idioma_cs', 'Usuario'),
(105475, 100648, 'filtrar', 's'),
(105476, 100649, 'tipo_dato', 'decimal'),
(105477, 100649, 'tb_columna_tipo', 'nombre'),
(105478, 100649, 'largo', '10'),
(105479, 100649, 'decimales', '0'),
(105480, 100649, 'listado_mostrar', 'n'),
(105481, 100649, 'obligatorio', 'nulo'),
(105482, 100649, 'idioma_cs', 'ID relacionado'),
(105483, 100649, 'filtrar', 's'),
(105484, 100650, 'tipo_dato', 'numero'),
(105485, 100650, 'tb_columna_tipo', 'fecha'),
(105486, 100650, 'largo', '20'),
(105487, 100650, 'formato_fecha', 'ddmmaaaa'),
(105488, 100650, 'tipo', 'alta'),
(105489, 100650, 'listado_mostrar', 's'),
(105490, 100650, 'idioma_cs', 'Fecha de alta'),
(105491, 100650, 'filtrar', 'n'),
(105492, 100651, 'tipo_dato', 'texto_largo'),
(105493, 100651, 'tb_columna_tipo', 'nombre'),
(105494, 100651, 'alto', '5'),
(105495, 100651, 'ancho', '100'),
(105496, 100651, 'listado_mostrar', 'n'),
(105497, 100651, 'obligatorio', 'nulo'),
(105498, 100651, 'permite_html', 'n'),
(105499, 100651, 'idioma_cs', 'Comentario'),
(105500, 100651, 'filtrar', 's'),
(105501, 100652, 'tipo_dato', 'texto_largo'),
(105502, 100652, 'tb_columna_tipo', 'nombre'),
(105503, 100652, 'alto', '5'),
(105504, 100652, 'ancho', '100'),
(105505, 100652, 'listado_mostrar', 'n'),
(105506, 100652, 'obligatorio', 'nulo'),
(105507, 100652, 'permite_html', 'n'),
(105508, 100652, 'idioma_cs', 'Referencia de producto'),
(105509, 100652, 'filtrar', 's'),
(105510, 100653, 'tipo_dato', 'decimal'),
(105511, 100653, 'tb_columna_tipo', 'nombre'),
(105512, 100653, 'largo', '10'),
(105513, 100653, 'decimales', '0'),
(105514, 100653, 'listado_mostrar', 'n'),
(105515, 100653, 'obligatorio', 'nulo'),
(105516, 100653, 'idioma_cs', 'Cantidad'),
(105517, 100653, 'filtrar', 's'),
(105518, 100654, 'tipo_dato', 'numero'),
(105519, 100654, 'origen_cp_id', '100651'),
(105520, 100654, 'tb_columna_tipo', 'nombre_link'),
(105521, 100654, 'seleccionar_alta', 's'),
(105522, 100654, 'link_a_grupo', 's'),
(105523, 100654, 'listado_mostrar', 's'),
(105524, 100654, 'obligatorio', 'no_nulo'),
(105525, 100654, 'idioma_cs', 'Pedido de muestra procesos'),
(105526, 100654, 'filtrar', 's'),
(105527, 100655, 'tipo_dato', 'texto'),
(105528, 100655, 'largo', '200'),
(105529, 100655, 'tb_columna_tipo', 'nombre'),
(105530, 100655, 'listado_mostrar', 's'),
(105531, 100655, 'obligatorio', 'no_nulo'),
(105532, 100655, 'permite_html', ''),
(105533, 100655, 'idioma_cs', 'Nombre del pedido'),
(105534, 100655, 'caracteres_permitidos', ''),
(105535, 100655, 'filtrar', 's'),
(105570, 100660, 'tipo_dato', 'decimal'),
(105571, 100660, 'tb_columna_tipo', 'nombre'),
(105572, 100660, 'largo', '10'),
(105573, 100660, 'decimales', '0'),
(105574, 100660, 'listado_mostrar', 'n'),
(105575, 100660, 'obligatorio', 'nulo'),
(105576, 100660, 'idioma_cs', 'ID pedidos ejemplo busqueda proceso'),
(105577, 100660, 'filtrar', 's'),
(105578, 100661, 'tipo_dato', 'numero'),
(105579, 100661, 'origen_cp_id', '100655'),
(105580, 100661, 'tb_columna_tipo', 'nombre_link'),
(105581, 100661, 'seleccionar_alta', 's'),
(105582, 100661, 'link_a_grupo', 's'),
(105583, 100661, 'listado_mostrar', 's'),
(105584, 100661, 'obligatorio', 'no_nulo'),
(105585, 100661, 'idioma_cs', 'Pedidos ejemplo busqueda procesos'),
(105586, 100661, 'filtrar', 's'),
(105587, 100662, 'tipo_dato', 'numero'),
(105588, 100662, 'origen_cp_id', '100105'),
(105589, 100662, 'tb_columna_tipo', 'nombre_link'),
(105590, 100662, 'seleccionar_alta', 's'),
(105591, 100662, 'link_a_grupo', 's'),
(105592, 100662, 'listado_mostrar', 's'),
(105593, 100662, 'obligatorio', 'no_nulo'),
(105594, 100662, 'idioma_cs', 'Flujos dias'),
(105595, 100662, 'filtrar', 's'),
(105596, 100663, 'tipo_dato', 'numero'),
(105597, 100663, 'origen_cp_id', '3043'),
(105598, 100663, 'tb_columna_tipo', 'nombre_link'),
(105599, 100663, 'seleccionar_alta', 's'),
(105600, 100663, 'link_a_grupo', 's'),
(105601, 100663, 'listado_mostrar', 's'),
(105602, 100663, 'obligatorio', 'no_nulo'),
(105603, 100663, 'idioma_cs', 'Usuario'),
(105604, 100663, 'filtrar', 's'),
(105605, 100664, 'tipo_dato', 'decimal'),
(105606, 100664, 'tb_columna_tipo', 'nombre'),
(105607, 100664, 'largo', '10'),
(105608, 100664, 'decimales', '0'),
(105609, 100664, 'listado_mostrar', 'n'),
(105610, 100664, 'obligatorio', 'nulo'),
(105611, 100664, 'idioma_cs', 'ID relacionado'),
(105612, 100664, 'filtrar', 's'),
(105613, 100665, 'tipo_dato', 'numero'),
(105614, 100665, 'tb_columna_tipo', 'fecha'),
(105615, 100665, 'largo', '20'),
(105616, 100665, 'formato_fecha', 'ddmmaaaa'),
(105617, 100665, 'tipo', 'alta'),
(105618, 100665, 'listado_mostrar', 's'),
(105619, 100665, 'idioma_cs', 'Fecha de alta'),
(105620, 100665, 'filtrar', 'n'),
(105621, 100666, 'tipo_dato', 'texto_largo'),
(105622, 100666, 'tb_columna_tipo', 'nombre'),
(105623, 100666, 'alto', '5'),
(105624, 100666, 'ancho', '100'),
(105625, 100666, 'listado_mostrar', 'n'),
(105626, 100666, 'obligatorio', 'nulo'),
(105627, 100666, 'permite_html', 'n'),
(105628, 100666, 'idioma_cs', 'Comentario'),
(105629, 100666, 'filtrar', 's'),
(105630, 100667, 'tipo_dato', 'numero'),
(105631, 100667, 'origen_cp_id', '100666'),
(105632, 100667, 'tb_columna_tipo', 'nombre_link'),
(105633, 100667, 'seleccionar_alta', 's'),
(105634, 100667, 'link_a_grupo', 's'),
(105635, 100667, 'listado_mostrar', 's'),
(105636, 100667, 'obligatorio', 'no_nulo'),
(105637, 100667, 'idioma_cs', 'Pedidos ejemplo busqueda procesos'),
(105638, 100667, 'filtrar', 's'),
(105639, 100668, 'tipo_dato', 'numero'),
(105640, 100668, 'tb_columna_tipo', 'nombre'),
(105641, 100668, 'activado', 's'),
(105642, 100668, 'listado_mostrar', 's'),
(105643, 100668, 'obligatorio', 'nulo'),
(105644, 100668, 'idioma_cs', 'Activo'),
(105645, 100668, 'filtrar', 's'),
(105646, 100669, 'tipo_dato', 'texto'),
(105647, 100669, 'largo', '200'),
(105648, 100669, 'tb_columna_tipo', 'nombre'),
(105649, 100669, 'listado_mostrar', 's'),
(105650, 100669, 'obligatorio', 'no_nulo'),
(105651, 100669, 'permite_html', ''),
(105652, 100669, 'idioma_cs', 'Nombre'),
(105653, 100669, 'caracteres_permitidos', ''),
(105654, 100669, 'filtrar', 's'),
(105655, 100670, 'tipo_dato', 'texto_largo'),
(105656, 100670, 'tb_columna_tipo', 'nombre'),
(105657, 100670, 'alto', '5'),
(105658, 100670, 'ancho', '100'),
(105659, 100670, 'listado_mostrar', 'n'),
(105660, 100670, 'obligatorio', 'nulo'),
(105661, 100670, 'permite_html', 'n'),
(105662, 100670, 'idioma_cs', 'Detalle'),
(105663, 100670, 'filtrar', 's'),
(105664, 100671, 'tipo_dato', 'decimal'),
(105665, 100671, 'tb_columna_tipo', 'nombre'),
(105666, 100671, 'largo', '10'),
(105667, 100671, 'decimales', '0'),
(105668, 100671, 'listado_mostrar', 'n'),
(105669, 100671, 'obligatorio', 'nulo'),
(105670, 100671, 'idioma_cs', 'Cantidad'),
(105671, 100671, 'filtrar', 's'),
(105672, 100672, 'tipo_dato', 'decimal'),
(105673, 100672, 'tb_columna_tipo', 'nombre'),
(105674, 100672, 'largo', '10'),
(105675, 100672, 'decimales', '2'),
(105676, 100672, 'listado_mostrar', 's'),
(105677, 100672, 'obligatorio', 'no_nulo'),
(105678, 100672, 'idioma_cs', 'Precio deseado'),
(105679, 100672, 'filtrar', 's'),
(105680, 100673, 'tipo_dato', 'texto_largo'),
(105681, 100673, 'tb_columna_tipo', 'nombre'),
(105682, 100673, 'alto', '5'),
(105683, 100673, 'ancho', '100'),
(105684, 100673, 'listado_mostrar', 'n'),
(105685, 100673, 'obligatorio', 'nulo'),
(105686, 100673, 'permite_html', 'n'),
(105687, 100673, 'idioma_cs', 'Observaciones'),
(105688, 100673, 'filtrar', 's'),
(105689, 100674, 'tipo_dato', 'texto_largo'),
(105690, 100674, 'directorio', '../upload_imagenes'),
(105691, 100674, 'alto_final', ''),
(105692, 100674, 'ancho_final', ''),
(105693, 100674, 'listado_mostrar', 'n'),
(105694, 100674, 'obligatorio', 'nulo'),
(105695, 100674, 'idioma_cs', 'Foto 1'),
(105696, 100674, 'eliminacion_especial', 's'),
(105697, 100674, 'eliminar_imagenes', 'n'),
(105698, 100674, 'filtrar', 'n'),
(105699, 100675, 'tipo_dato', 'texto_largo'),
(105700, 100675, 'directorio', '../upload_imagenes'),
(105701, 100675, 'alto_final', ''),
(105702, 100675, 'ancho_final', ''),
(105703, 100675, 'listado_mostrar', 'n'),
(105704, 100675, 'obligatorio', 'nulo'),
(105705, 100675, 'idioma_cs', 'Foto 2'),
(105706, 100675, 'eliminacion_especial', 's'),
(105707, 100675, 'eliminar_imagenes', 'n'),
(105708, 100675, 'filtrar', 'n'),
(105709, 100676, 'tipo_dato', 'texto_largo'),
(105710, 100676, 'directorio', '../upload_imagenes'),
(105711, 100676, 'alto_final', ''),
(105712, 100676, 'ancho_final', ''),
(105713, 100676, 'listado_mostrar', 'n'),
(105714, 100676, 'obligatorio', 'nulo'),
(105715, 100676, 'idioma_cs', 'Foto 3'),
(105716, 100676, 'eliminacion_especial', 's'),
(105717, 100676, 'eliminar_imagenes', 'n'),
(105718, 100676, 'filtrar', 'n'),
(105719, 100677, 'tipo_dato', 'texto_largo'),
(105720, 100677, 'directorio', '../upload_imagenes'),
(105721, 100677, 'alto_final', ''),
(105722, 100677, 'ancho_final', ''),
(105723, 100677, 'listado_mostrar', 'n'),
(105724, 100677, 'obligatorio', 'nulo'),
(105725, 100677, 'idioma_cs', 'Foto 4'),
(105726, 100677, 'eliminacion_especial', 's'),
(105727, 100677, 'eliminar_imagenes', 'n'),
(105728, 100677, 'filtrar', 'n'),
(105729, 100678, 'tipo_dato', 'texto_largo'),
(105730, 100678, 'directorio', '../upload_imagenes'),
(105731, 100678, 'alto_final', ''),
(105732, 100678, 'ancho_final', ''),
(105733, 100678, 'listado_mostrar', 'n'),
(105734, 100678, 'obligatorio', 'nulo'),
(105735, 100678, 'idioma_cs', 'Foto 5'),
(105736, 100678, 'eliminacion_especial', 's'),
(105737, 100678, 'eliminar_imagenes', 'n'),
(105738, 100678, 'filtrar', 'n'),
(105739, 100679, 'tipo_dato', ''),
(105740, 100679, 'idioma_cs', 'Fotos'),
(105741, 100680, 'tipo_dato', ''),
(105742, 100680, 'idioma_cs', 'Archivos'),
(105743, 100681, 'tipo_dato', 'texto_largo'),
(105744, 100681, 'directorio', '../upload_archivos'),
(105745, 100681, 'obligatorio', 'nulo'),
(105746, 100681, 'idioma_cs', 'Archivo 1'),
(105747, 100681, 'eliminacion_especial', 's'),
(105748, 100681, 'eliminar_archivos', 'n'),
(105749, 100681, 'filtrar', 's'),
(105750, 100682, 'tipo_dato', 'texto_largo'),
(105751, 100682, 'directorio', '../upload_archivos'),
(105752, 100682, 'obligatorio', 'nulo'),
(105753, 100682, 'idioma_cs', 'Archivo 2'),
(105754, 100682, 'eliminacion_especial', 's'),
(105755, 100682, 'eliminar_archivos', 'n'),
(105756, 100682, 'filtrar', 's'),
(105757, 100683, 'tipo_dato', 'texto_largo'),
(105758, 100683, 'directorio', '../upload_archivos'),
(105759, 100683, 'obligatorio', 'nulo'),
(105760, 100683, 'idioma_cs', 'Archivo 3'),
(105761, 100683, 'eliminacion_especial', 's'),
(105762, 100683, 'eliminar_archivos', 'n'),
(105763, 100683, 'filtrar', 's'),
(105764, 100684, 'tipo_dato', 'texto_largo'),
(105765, 100684, 'directorio', '../upload_archivos'),
(105766, 100684, 'obligatorio', 'nulo'),
(105767, 100684, 'idioma_cs', 'Archivo 4'),
(105768, 100684, 'eliminacion_especial', 's'),
(105769, 100684, 'eliminar_archivos', 'n'),
(105770, 100684, 'filtrar', 's'),
(105771, 100685, 'tipo_dato', 'texto_largo'),
(105772, 100685, 'directorio', '../upload_archivos'),
(105773, 100685, 'obligatorio', 'nulo'),
(105774, 100685, 'idioma_cs', 'Archivo 5'),
(105775, 100685, 'eliminacion_especial', 's'),
(105776, 100685, 'eliminar_archivos', 'n'),
(105777, 100685, 'filtrar', 's'),
(105778, 100686, 'tipo_dato', 'texto'),
(105779, 100686, 'largo', '200'),
(105780, 100686, 'tb_columna_tipo', 'nombre'),
(105781, 100686, 'listado_mostrar', 's'),
(105782, 100686, 'obligatorio', 'no_nulo'),
(105783, 100686, 'permite_html', ''),
(105784, 100686, 'idioma_cs', 'Exposición'),
(105785, 100686, 'caracteres_permitidos', ''),
(105786, 100686, 'filtrar', 's'),
(105787, 100687, 'tipo_dato', 'numero'),
(105788, 100687, 'origen_cp_id', '3013'),
(105789, 100687, 'tb_columna_tipo', 'nombre_link'),
(105790, 100687, 'seleccionar_alta', 's'),
(105791, 100687, 'link_a_grupo', 's'),
(105792, 100687, 'listado_mostrar', 's'),
(105793, 100687, 'obligatorio', 'no_nulo'),
(105794, 100687, 'idioma_cs', 'Pais'),
(105795, 100687, 'filtrar', 's'),
(105796, 100688, 'tipo_dato', 'texto'),
(105797, 100688, 'largo', '150'),
(105798, 100688, 'tb_columna_tipo', 'nombre'),
(105799, 100688, 'listado_mostrar', 's'),
(105800, 100688, 'obligatorio', 'no_nulo'),
(105801, 100688, 'permite_html', ''),
(105802, 100688, 'idioma_cs', 'Ciudad'),
(105803, 100688, 'caracteres_permitidos', ''),
(105804, 100688, 'filtrar', 's'),
(105805, 100689, 'tipo_dato', 'numero'),
(105806, 100689, 'tb_columna_tipo', 'fecha'),
(105807, 100689, 'largo', '20'),
(105808, 100689, 'formato_fecha', 'ddmmaaaa'),
(105809, 100689, 'listado_mostrar', 's'),
(105810, 100689, 'obligatorio', 'nulo'),
(105811, 100689, 'idioma_cs', 'Fecha de inicio'),
(105812, 100689, 'filtrar', 's'),
(105813, 100690, 'tipo_dato', 'numero'),
(105814, 100690, 'tb_columna_tipo', 'fecha'),
(105815, 100690, 'largo', '20'),
(105816, 100690, 'formato_fecha', 'ddmmaaaa'),
(105817, 100690, 'listado_mostrar', 's'),
(105818, 100690, 'obligatorio', 'nulo'),
(105819, 100690, 'idioma_cs', 'Fecha de finalizacion'),
(105820, 100690, 'filtrar', 's'),
(105821, 100691, 'tipo_dato', 'decimal'),
(105822, 100691, 'tb_columna_tipo', 'nombre'),
(105823, 100691, 'largo', '10'),
(105824, 100691, 'decimales', '2'),
(105825, 100691, 'listado_mostrar', 's'),
(105826, 100691, 'obligatorio', 'nulo'),
(105827, 100691, 'idioma_cs', 'Costo'),
(105828, 100691, 'filtrar', 's'),
(105829, 100692, 'tipo_dato', 'texto_largo'),
(105830, 100692, 'tb_columna_tipo', 'nombre'),
(105831, 100692, 'alto', '5'),
(105832, 100692, 'ancho', '100'),
(105833, 100692, 'listado_mostrar', 'n'),
(105834, 100692, 'obligatorio', 'nulo'),
(105835, 100692, 'permite_html', 'n'),
(105836, 100692, 'idioma_cs', 'Observaciones'),
(105837, 100692, 'filtrar', 's'),
(105838, 100693, 'tipo_dato', 'decimal'),
(105839, 100693, 'tb_columna_tipo', 'nombre'),
(105840, 100693, 'largo', '10'),
(105841, 100693, 'decimales', '0'),
(105842, 100693, 'listado_mostrar', 'n'),
(105843, 100693, 'obligatorio', 'nulo'),
(105844, 100693, 'idioma_cs', 'ID visitas expo procesos'),
(105845, 100693, 'filtrar', 's'),
(105846, 100694, 'tipo_dato', 'numero'),
(105847, 100694, 'origen_cp_id', '100686'),
(105848, 100694, 'tb_columna_tipo', 'nombre_link'),
(105849, 100694, 'seleccionar_alta', 's'),
(105850, 100694, 'link_a_grupo', 's'),
(105851, 100694, 'listado_mostrar', 's'),
(105852, 100694, 'obligatorio', 'no_nulo'),
(105853, 100694, 'idioma_cs', 'Visitas expo procesos'),
(105854, 100694, 'filtrar', 's'),
(105855, 100695, 'tipo_dato', 'numero'),
(105856, 100695, 'origen_cp_id', '100105'),
(105857, 100695, 'tb_columna_tipo', 'nombre_link'),
(105858, 100695, 'seleccionar_alta', 's'),
(105859, 100695, 'link_a_grupo', 's'),
(105860, 100695, 'listado_mostrar', 's'),
(105861, 100695, 'obligatorio', 'no_nulo'),
(105862, 100695, 'idioma_cs', 'Flujos dias'),
(105863, 100695, 'filtrar', 's'),
(105864, 100696, 'tipo_dato', 'numero'),
(105865, 100696, 'origen_cp_id', '3043'),
(105866, 100696, 'tb_columna_tipo', 'nombre_link'),
(105867, 100696, 'seleccionar_alta', 's'),
(105868, 100696, 'link_a_grupo', 's'),
(105869, 100696, 'listado_mostrar', 's'),
(105870, 100696, 'obligatorio', 'no_nulo'),
(105871, 100696, 'idioma_cs', 'Usuario'),
(105872, 100696, 'filtrar', 's'),
(105873, 100697, 'tipo_dato', 'decimal'),
(105874, 100697, 'tb_columna_tipo', 'nombre'),
(105875, 100697, 'largo', '10'),
(105876, 100697, 'decimales', '0'),
(105877, 100697, 'listado_mostrar', 'n'),
(105878, 100697, 'obligatorio', 'nulo'),
(105879, 100697, 'idioma_cs', 'ID relacionado'),
(105880, 100697, 'filtrar', 's'),
(105881, 100698, 'tipo_dato', 'numero'),
(105882, 100698, 'tb_columna_tipo', 'fecha'),
(105883, 100698, 'largo', '20'),
(105884, 100698, 'formato_fecha', 'ddmmaaaa'),
(105885, 100698, 'tipo', 'alta'),
(105886, 100698, 'listado_mostrar', 's'),
(105887, 100698, 'idioma_cs', 'Fecha de alta'),
(105888, 100698, 'filtrar', 'n'),
(105889, 100699, 'tipo_dato', 'texto_largo'),
(105890, 100699, 'tb_columna_tipo', 'nombre'),
(105891, 100699, 'alto', '5'),
(105892, 100699, 'ancho', '100'),
(105893, 100699, 'listado_mostrar', 'n'),
(105894, 100699, 'obligatorio', 'nulo'),
(105895, 100699, 'permite_html', 'n'),
(105896, 100699, 'idioma_cs', 'Comentario'),
(105897, 100699, 'filtrar', 's'),
(105898, 100700, 'tipo_dato', 'texto'),
(105899, 100700, 'largo', '200'),
(105900, 100700, 'tb_columna_tipo', 'nombre'),
(105901, 100700, 'listado_mostrar', 's'),
(105902, 100700, 'obligatorio', 'no_nulo'),
(105903, 100700, 'permite_html', ''),
(105904, 100700, 'idioma_cs', 'Fabrica'),
(105905, 100700, 'caracteres_permitidos', ''),
(105906, 100700, 'filtrar', 's'),
(105907, 100701, 'tipo_dato', 'numero'),
(105908, 100701, 'origen_cp_id', '3013'),
(105909, 100701, 'tb_columna_tipo', 'nombre_link'),
(105910, 100701, 'seleccionar_alta', 's'),
(105911, 100701, 'link_a_grupo', 's'),
(105912, 100701, 'listado_mostrar', 's'),
(105913, 100701, 'obligatorio', 'no_nulo'),
(105914, 100701, 'idioma_cs', 'Pais'),
(105915, 100701, 'filtrar', 's'),
(105916, 100702, 'tipo_dato', 'texto'),
(105917, 100702, 'largo', '150'),
(105918, 100702, 'tb_columna_tipo', 'nombre'),
(105919, 100702, 'listado_mostrar', 's'),
(105920, 100702, 'obligatorio', 'no_nulo'),
(105921, 100702, 'permite_html', ''),
(105922, 100702, 'idioma_cs', 'Ciudad'),
(105923, 100702, 'caracteres_permitidos', ''),
(105924, 100702, 'filtrar', 's'),
(105925, 100703, 'tipo_dato', 'numero'),
(105926, 100703, 'tb_columna_tipo', 'fecha'),
(105927, 100703, 'largo', '20'),
(105928, 100703, 'formato_fecha', 'ddmmaaaa'),
(105929, 100703, 'listado_mostrar', 's'),
(105930, 100703, 'obligatorio', 'nulo'),
(105931, 100703, 'idioma_cs', 'Fecha de inicio'),
(105932, 100703, 'filtrar', 's'),
(105933, 100704, 'tipo_dato', 'numero'),
(105934, 100704, 'tb_columna_tipo', 'fecha'),
(105935, 100704, 'largo', '20'),
(105936, 100704, 'formato_fecha', 'ddmmaaaa'),
(105937, 100704, 'listado_mostrar', 's'),
(105938, 100704, 'obligatorio', 'nulo'),
(105939, 100704, 'idioma_cs', 'Fecha de finalizacion'),
(105940, 100704, 'filtrar', 's'),
(105941, 100705, 'tipo_dato', 'decimal'),
(105942, 100705, 'tb_columna_tipo', 'nombre'),
(105943, 100705, 'largo', '10'),
(105944, 100705, 'decimales', '2'),
(105945, 100705, 'listado_mostrar', 's'),
(105946, 100705, 'obligatorio', 'nulo'),
(105947, 100705, 'idioma_cs', 'Costo'),
(105948, 100705, 'filtrar', 's'),
(105949, 100706, 'tipo_dato', 'texto_largo'),
(105950, 100706, 'tb_columna_tipo', 'nombre'),
(105951, 100706, 'alto', '5'),
(105952, 100706, 'ancho', '100'),
(105953, 100706, 'listado_mostrar', 'n'),
(105954, 100706, 'obligatorio', 'nulo'),
(105955, 100706, 'permite_html', 'n'),
(105956, 100706, 'idioma_cs', 'Observaciones'),
(105957, 100706, 'filtrar', 's'),
(105958, 100707, 'tipo_dato', 'decimal'),
(105959, 100707, 'tb_columna_tipo', 'nombre'),
(105960, 100707, 'largo', '10'),
(105961, 100707, 'decimales', '0'),
(105962, 100707, 'listado_mostrar', 'n'),
(105963, 100707, 'obligatorio', 'nulo'),
(105964, 100707, 'idioma_cs', 'ID visitas fabricas procesos'),
(105965, 100707, 'filtrar', 's'),
(105966, 100708, 'tipo_dato', 'numero'),
(105967, 100708, 'origen_cp_id', '100700'),
(105968, 100708, 'tb_columna_tipo', 'nombre_link'),
(105969, 100708, 'seleccionar_alta', 's'),
(105970, 100708, 'link_a_grupo', 's'),
(105971, 100708, 'listado_mostrar', 's'),
(105972, 100708, 'obligatorio', 'no_nulo'),
(105973, 100708, 'idioma_cs', 'Visitas fabricas'),
(105974, 100708, 'filtrar', 's'),
(105975, 100709, 'tipo_dato', 'numero'),
(105976, 100709, 'origen_cp_id', '100102'),
(105977, 100709, 'tb_columna_tipo', 'nombre_link'),
(105978, 100709, 'seleccionar_alta', 's'),
(105979, 100709, 'link_a_grupo', 's'),
(105980, 100709, 'listado_mostrar', 's'),
(105981, 100709, 'obligatorio', 'no_nulo'),
(105982, 100709, 'idioma_cs', 'Flujos dias'),
(105983, 100709, 'filtrar', 's'),
(105984, 100710, 'tipo_dato', 'numero'),
(105985, 100710, 'origen_cp_id', '3043'),
(105986, 100710, 'tb_columna_tipo', 'nombre_link'),
(105987, 100710, 'seleccionar_alta', 's'),
(105988, 100710, 'link_a_grupo', 's'),
(105989, 100710, 'listado_mostrar', 's'),
(105990, 100710, 'obligatorio', 'no_nulo'),
(105991, 100710, 'idioma_cs', 'Usuario'),
(105992, 100710, 'filtrar', 's'),
(105993, 100711, 'tipo_dato', 'decimal'),
(105994, 100711, 'tb_columna_tipo', 'nombre'),
(105995, 100711, 'largo', '10'),
(105996, 100711, 'decimales', '0'),
(105997, 100711, 'listado_mostrar', 'n'),
(105998, 100711, 'obligatorio', 'nulo'),
(105999, 100711, 'idioma_cs', 'ID relacionado'),
(106000, 100711, 'filtrar', 's');
INSERT INTO `kirke_componente_parametro` (`id_componente_parametro`, `id_componente`, `parametro`, `valor`) VALUES
(106009, 100713, 'tipo_dato', 'numero'),
(106010, 100713, 'tb_columna_tipo', 'fecha'),
(106011, 100713, 'largo', '20'),
(106012, 100713, 'formato_fecha', 'ddmmaaaa'),
(106013, 100713, 'tipo', 'alta'),
(106014, 100713, 'listado_mostrar', 'n'),
(106015, 100713, 'idioma_cs', 'Fecha de alta'),
(106016, 100713, 'filtrar', 'n'),
(106017, 100714, 'tipo_dato', 'texto_largo'),
(106018, 100714, 'tb_columna_tipo', 'nombre'),
(106019, 100714, 'alto', '5'),
(106020, 100714, 'ancho', '100'),
(106021, 100714, 'listado_mostrar', 'n'),
(106022, 100714, 'obligatorio', 'nulo'),
(106023, 100714, 'permite_html', 'n'),
(106024, 100714, 'idioma_cs', 'Comentario'),
(106025, 100714, 'filtrar', 's'),
(106109, 100725, 'tipo_dato', 'numero'),
(106110, 100725, 'origen_cp_id', '100043'),
(106111, 100725, 'origen_cp_id_otros', '100036,100029'),
(106112, 100725, 'link_a_grupo', 's'),
(106113, 100725, 'tb_columna_tipo', 'nombre_link'),
(106114, 100725, 'seleccionar_alta', 's'),
(106115, 100725, 'listado_mostrar', 's'),
(106116, 100725, 'obligatorio', 'no_nulo'),
(106117, 100725, 'idioma_cs', 'Cliente'),
(106118, 100725, 'filtrar', 's'),
(106119, 100726, 'tipo_dato', 'numero'),
(106120, 100726, 'tb_columna_tipo', 'fecha'),
(106121, 100726, 'largo', '20'),
(106122, 100726, 'formato_fecha', 'ddmmaaaa'),
(106123, 100726, 'listado_mostrar', 's'),
(106124, 100726, 'obligatorio', 'no_nulo'),
(106125, 100726, 'idioma_cs', 'Fecha'),
(106126, 100726, 'filtrar', 's'),
(106127, 100727, 'tipo_dato', 'texto'),
(106128, 100727, 'largo', '20'),
(106129, 100727, 'tb_columna_tipo', 'nombre'),
(106130, 100727, 'listado_mostrar', 'n'),
(106131, 100727, 'obligatorio', 'nulo'),
(106132, 100727, 'permite_html', ''),
(106133, 100727, 'idioma_cs', 'Hora'),
(106134, 100727, 'caracteres_permitidos', ''),
(106135, 100727, 'filtrar', 's'),
(106136, 100728, 'tipo_dato', ''),
(106137, 100728, 'idioma_cs', 'Donde consolida'),
(106138, 100729, 'tipo_dato', 'texto'),
(106139, 100729, 'largo', '200'),
(106140, 100729, 'tb_columna_tipo', 'nombre'),
(106141, 100729, 'listado_mostrar', 's'),
(106142, 100729, 'obligatorio', 'no_nulo'),
(106143, 100729, 'permite_html', ''),
(106144, 100729, 'idioma_cs', 'Empresa'),
(106145, 100729, 'caracteres_permitidos', ''),
(106146, 100729, 'filtrar', 's'),
(106147, 100730, 'tipo_dato', 'texto'),
(106148, 100730, 'largo', '200'),
(106149, 100730, 'tb_columna_tipo', 'nombre'),
(106150, 100730, 'listado_mostrar', 'n'),
(106151, 100730, 'obligatorio', 'nulo'),
(106152, 100730, 'permite_html', ''),
(106153, 100730, 'idioma_cs', 'Contacto'),
(106154, 100730, 'caracteres_permitidos', ''),
(106155, 100730, 'filtrar', 's'),
(106156, 100731, 'tipo_dato', 'texto'),
(106157, 100731, 'largo', '200'),
(106158, 100731, 'tb_columna_tipo', 'nombre'),
(106159, 100731, 'listado_mostrar', 'n'),
(106160, 100731, 'obligatorio', 'nulo'),
(106161, 100731, 'permite_html', ''),
(106162, 100731, 'idioma_cs', 'Telefono'),
(106163, 100731, 'caracteres_permitidos', ''),
(106164, 100731, 'filtrar', 's'),
(106165, 100732, 'tipo_dato', 'texto'),
(106166, 100732, 'largo', '200'),
(106167, 100732, 'tb_columna_tipo', 'nombre'),
(106168, 100732, 'listado_mostrar', 'n'),
(106169, 100732, 'obligatorio', 'nulo'),
(106170, 100732, 'permite_html', ''),
(106171, 100732, 'idioma_cs', 'Mail'),
(106172, 100732, 'caracteres_permitidos', ''),
(106173, 100732, 'filtrar', 's'),
(106174, 100733, 'tipo_dato', 'texto_largo'),
(106175, 100733, 'tb_columna_tipo', 'nombre'),
(106176, 100733, 'alto', '5'),
(106177, 100733, 'ancho', '100'),
(106178, 100733, 'listado_mostrar', 'n'),
(106179, 100733, 'obligatorio', 'nulo'),
(106180, 100733, 'permite_html', 'n'),
(106181, 100733, 'idioma_cs', 'Direccion'),
(106182, 100733, 'filtrar', 's'),
(106183, 100734, 'tipo_dato', 'texto_largo'),
(106184, 100734, 'tb_columna_tipo', 'nombre'),
(106185, 100734, 'alto', '5'),
(106186, 100734, 'ancho', '100'),
(106187, 100734, 'listado_mostrar', 'n'),
(106188, 100734, 'obligatorio', 'nulo'),
(106189, 100734, 'permite_html', 'n'),
(106190, 100734, 'idioma_cs', 'Observaciones'),
(106191, 100734, 'filtrar', 's'),
(106192, 100735, 'tipo_dato', 'numero'),
(106193, 100735, 'origen_cp_id', '100729'),
(106194, 100735, 'tb_columna_tipo', 'nombre_link'),
(106195, 100735, 'seleccionar_alta', 's'),
(106196, 100735, 'link_a_grupo', 's'),
(106197, 100735, 'listado_mostrar', 's'),
(106198, 100735, 'obligatorio', 'no_nulo'),
(106199, 100735, 'idioma_cs', 'Aprobacion consolidaciones'),
(106200, 100735, 'filtrar', 's'),
(106201, 100736, 'tipo_dato', 'numero'),
(106202, 100736, 'origen_cp_id', '100105'),
(106203, 100736, 'tb_columna_tipo', 'nombre_link'),
(106204, 100736, 'seleccionar_alta', 's'),
(106205, 100736, 'link_a_grupo', 's'),
(106206, 100736, 'listado_mostrar', 's'),
(106207, 100736, 'obligatorio', 'no_nulo'),
(106208, 100736, 'idioma_cs', 'Flujos dias'),
(106209, 100736, 'filtrar', 's'),
(106210, 100737, 'tipo_dato', 'numero'),
(106211, 100737, 'origen_cp_id', '3043'),
(106212, 100737, 'tb_columna_tipo', 'nombre_link'),
(106213, 100737, 'seleccionar_alta', 's'),
(106214, 100737, 'link_a_grupo', 's'),
(106215, 100737, 'listado_mostrar', 's'),
(106216, 100737, 'obligatorio', 'no_nulo'),
(106217, 100737, 'idioma_cs', 'Usuario'),
(106218, 100737, 'filtrar', 's'),
(106219, 100738, 'tipo_dato', 'decimal'),
(106220, 100738, 'tb_columna_tipo', 'nombre'),
(106221, 100738, 'largo', '10'),
(106222, 100738, 'decimales', '0'),
(106223, 100738, 'listado_mostrar', 'n'),
(106224, 100738, 'obligatorio', 'nulo'),
(106225, 100738, 'idioma_cs', 'ID relacionado'),
(106226, 100738, 'filtrar', 's'),
(106227, 100739, 'tipo_dato', 'numero'),
(106228, 100739, 'tb_columna_tipo', 'fecha'),
(106229, 100739, 'largo', '20'),
(106230, 100739, 'formato_fecha', 'ddmmaaaa'),
(106231, 100739, 'tipo', 'alta'),
(106232, 100739, 'listado_mostrar', 's'),
(106233, 100739, 'idioma_cs', 'Fecha de alta'),
(106234, 100739, 'filtrar', 'n'),
(106235, 100740, 'tipo_dato', 'texto_largo'),
(106236, 100740, 'tb_columna_tipo', 'nombre'),
(106237, 100740, 'alto', '5'),
(106238, 100740, 'ancho', '100'),
(106239, 100740, 'listado_mostrar', 'n'),
(106240, 100740, 'obligatorio', 'nulo'),
(106241, 100740, 'permite_html', 'n'),
(106242, 100740, 'idioma_cs', 'Comentario'),
(106243, 100740, 'filtrar', 's'),
(106244, 100741, 'tipo_dato', 'numero'),
(106245, 100741, 'origen_cp_id', '100001'),
(106246, 100741, 'origen_cp_id_otros', '100000'),
(106247, 100741, 'link_a_grupo', 's'),
(106248, 100741, 'tb_columna_tipo', 'nombre_link'),
(106249, 100741, 'seleccionar_alta', 's'),
(106250, 100741, 'listado_mostrar', 's'),
(106251, 100741, 'obligatorio', 'no_nulo'),
(106252, 100741, 'idioma_cs', 'Subfamilia'),
(106253, 100741, 'filtrar', 's'),
(106254, 100742, 'tipo_dato', 'numero'),
(106255, 100742, 'origen_cp_id', '100003'),
(106256, 100742, 'tb_columna_tipo', 'nombre_link'),
(106257, 100742, 'seleccionar_alta', 's'),
(106258, 100742, 'link_a_grupo', 's'),
(106259, 100742, 'listado_mostrar', 's'),
(106260, 100742, 'obligatorio', 'no_nulo'),
(106261, 100742, 'idioma_cs', 'Marca'),
(106262, 100742, 'filtrar', 's'),
(106263, 100743, 'tipo_dato', 'texto'),
(106264, 100743, 'largo', '50'),
(106265, 100743, 'tb_columna_tipo', 'nombre'),
(106266, 100743, 'listado_mostrar', 's'),
(106267, 100743, 'obligatorio', 'no_nulo'),
(106268, 100743, 'permite_html', ''),
(106269, 100743, 'idioma_cs', 'Referencia'),
(106270, 100743, 'caracteres_permitidos', ''),
(106271, 100743, 'filtrar', 's'),
(106272, 100744, 'tipo_dato', 'texto'),
(106273, 100744, 'largo', '100'),
(106274, 100744, 'tb_columna_tipo', 'nombre'),
(106275, 100744, 'listado_mostrar', 's'),
(106276, 100744, 'obligatorio', 'no_nulo'),
(106277, 100744, 'permite_html', ''),
(106278, 100744, 'idioma_cs', 'Producto'),
(106279, 100744, 'caracteres_permitidos', ''),
(106280, 100744, 'filtrar', 's'),
(106281, 100745, 'tipo_dato', 'texto_largo'),
(106282, 100745, 'tb_columna_tipo', 'nombre'),
(106283, 100745, 'alto', '5'),
(106284, 100745, 'ancho', '100'),
(106285, 100745, 'listado_mostrar', 'n'),
(106286, 100745, 'obligatorio', 'nulo'),
(106287, 100745, 'permite_html', 'n'),
(106288, 100745, 'idioma_cs', 'Detalle'),
(106289, 100745, 'filtrar', 's'),
(106290, 100746, 'tipo_dato', ''),
(106291, 100746, 'idioma_cs', 'Especificaciones'),
(106292, 100747, 'tipo_dato', 'decimal'),
(106293, 100747, 'tb_columna_tipo', 'nombre'),
(106294, 100747, 'largo', '3'),
(106295, 100747, 'decimales', '0'),
(106296, 100747, 'listado_mostrar', 's'),
(106297, 100747, 'obligatorio', 'no_nulo'),
(106298, 100747, 'idioma_cs', 'Productos por caja'),
(106299, 100747, 'filtrar', 's'),
(106300, 100748, 'tipo_dato', 'decimal'),
(106301, 100748, 'tb_columna_tipo', 'nombre'),
(106302, 100748, 'largo', '3'),
(106303, 100748, 'decimales', '0'),
(106304, 100748, 'listado_mostrar', 'n'),
(106305, 100748, 'obligatorio', 'no_nulo'),
(106306, 100748, 'idioma_cs', 'Alto (cm)'),
(106307, 100748, 'filtrar', 's'),
(106308, 100749, 'tipo_dato', 'decimal'),
(106309, 100749, 'tb_columna_tipo', 'nombre'),
(106310, 100749, 'largo', '3'),
(106311, 100749, 'decimales', '0'),
(106312, 100749, 'listado_mostrar', 'n'),
(106313, 100749, 'obligatorio', 'no_nulo'),
(106314, 100749, 'idioma_cs', 'Ancho (cm)'),
(106315, 100749, 'filtrar', 's'),
(106316, 100750, 'tipo_dato', 'decimal'),
(106317, 100750, 'tb_columna_tipo', 'nombre'),
(106318, 100750, 'largo', '3'),
(106319, 100750, 'decimales', '0'),
(106320, 100750, 'listado_mostrar', 'n'),
(106321, 100750, 'obligatorio', 'no_nulo'),
(106322, 100750, 'idioma_cs', 'Fondo (cm)'),
(106323, 100750, 'filtrar', 's'),
(106324, 100751, 'tipo_dato', 'decimal'),
(106325, 100751, 'tb_columna_tipo', 'nombre'),
(106326, 100751, 'largo', '3'),
(106327, 100751, 'decimales', '0'),
(106328, 100751, 'listado_mostrar', 'n'),
(106329, 100751, 'obligatorio', 'no_nulo'),
(106330, 100751, 'idioma_cs', 'Volumen (cm2)'),
(106331, 100751, 'filtrar', 's'),
(106332, 100752, 'tipo_dato', 'decimal'),
(106333, 100752, 'tb_columna_tipo', 'nombre'),
(106334, 100752, 'largo', '3'),
(106335, 100752, 'decimales', '0'),
(106336, 100752, 'listado_mostrar', 'n'),
(106337, 100752, 'obligatorio', 'no_nulo'),
(106338, 100752, 'idioma_cs', 'Peso (kg)'),
(106339, 100752, 'filtrar', 's'),
(106340, 100753, 'tipo_dato', 'decimal'),
(106341, 100753, 'tb_columna_tipo', 'nombre'),
(106342, 100753, 'largo', '10'),
(106343, 100753, 'decimales', '2'),
(106344, 100753, 'listado_mostrar', 'n'),
(106345, 100753, 'obligatorio', 'nulo'),
(106346, 100753, 'idioma_cs', 'Precio'),
(106347, 100753, 'filtrar', 's'),
(106348, 100754, 'tipo_dato', 'texto_largo'),
(106349, 100754, 'directorio', '../upload_imagenes'),
(106350, 100754, 'alto_final', ''),
(106351, 100754, 'ancho_final', ''),
(106352, 100754, 'listado_mostrar', 'n'),
(106353, 100754, 'obligatorio', 'nulo'),
(106354, 100754, 'idioma_cs', 'Foto de muestra'),
(106355, 100754, 'eliminacion_especial', 's'),
(106356, 100754, 'eliminar_imagenes', 'n'),
(106357, 100754, 'filtrar', 'n'),
(106358, 100755, 'tipo_dato', ''),
(106359, 100755, 'idioma_cs', 'Otros'),
(106360, 100756, 'tipo_dato', 'texto_largo'),
(106361, 100756, 'tb_columna_tipo', 'nombre'),
(106362, 100756, 'alto', '5'),
(106363, 100756, 'ancho', '100'),
(106364, 100756, 'listado_mostrar', 'n'),
(106365, 100756, 'obligatorio', 'nulo'),
(106366, 100756, 'permite_html', 'n'),
(106367, 100756, 'idioma_cs', 'Problemas'),
(106368, 100756, 'filtrar', 's'),
(106369, 100757, 'tipo_dato', 'texto_largo'),
(106370, 100757, 'tb_columna_tipo', 'nombre'),
(106371, 100757, 'alto', '5'),
(106372, 100757, 'ancho', '100'),
(106373, 100757, 'listado_mostrar', 'n'),
(106374, 100757, 'obligatorio', 'nulo'),
(106375, 100757, 'permite_html', 'n'),
(106376, 100757, 'idioma_cs', 'Aclaracion'),
(106377, 100757, 'filtrar', 's'),
(106378, 100758, 'tipo_dato', ''),
(106379, 100758, 'idioma_cs', 'Ubicación'),
(106380, 100759, 'tipo_dato', 'decimal'),
(106381, 100759, 'tb_columna_tipo', 'nombre'),
(106382, 100759, 'largo', '4'),
(106383, 100759, 'decimales', '0'),
(106384, 100759, 'listado_mostrar', 'n'),
(106385, 100759, 'obligatorio', 'nulo'),
(106386, 100759, 'idioma_cs', 'Piso'),
(106387, 100759, 'filtrar', 's'),
(106388, 100760, 'tipo_dato', 'decimal'),
(106389, 100760, 'tb_columna_tipo', 'nombre'),
(106390, 100760, 'largo', '4'),
(106391, 100760, 'decimales', '0'),
(106392, 100760, 'listado_mostrar', 'n'),
(106393, 100760, 'obligatorio', 'nulo'),
(106394, 100760, 'idioma_cs', 'Pared'),
(106395, 100760, 'filtrar', 's'),
(106396, 100761, 'tipo_dato', 'decimal'),
(106397, 100761, 'tb_columna_tipo', 'nombre'),
(106398, 100761, 'largo', '4'),
(106399, 100761, 'decimales', '0'),
(106400, 100761, 'listado_mostrar', 'n'),
(106401, 100761, 'obligatorio', 'nulo'),
(106402, 100761, 'idioma_cs', 'Nivel estantería'),
(106403, 100761, 'filtrar', 's'),
(106404, 100762, 'tipo_dato', 'decimal'),
(106405, 100762, 'tb_columna_tipo', 'nombre'),
(106406, 100762, 'largo', '4'),
(106407, 100762, 'decimales', '0'),
(106408, 100762, 'listado_mostrar', 'n'),
(106409, 100762, 'obligatorio', 'nulo'),
(106410, 100762, 'idioma_cs', 'Cuadrante'),
(106411, 100762, 'filtrar', 's'),
(106412, 100763, 'tipo_dato', 'texto_largo'),
(106413, 100763, 'tb_columna_tipo', 'nombre'),
(106414, 100763, 'alto', '5'),
(106415, 100763, 'ancho', '100'),
(106416, 100763, 'listado_mostrar', 'n'),
(106417, 100763, 'obligatorio', 'nulo'),
(106418, 100763, 'permite_html', 'n'),
(106419, 100763, 'idioma_cs', 'Observaciones'),
(106420, 100763, 'filtrar', 's'),
(106421, 100764, 'tipo_dato', 'decimal'),
(106422, 100764, 'tb_columna_tipo', 'nombre'),
(106423, 100764, 'largo', '10'),
(106424, 100764, 'decimales', '0'),
(106425, 100764, 'listado_mostrar', 'n'),
(106426, 100764, 'obligatorio', 'nulo'),
(106427, 100764, 'idioma_cs', 'ID etapa productos procesos'),
(106428, 100764, 'filtrar', 's'),
(106429, 100765, 'tipo_dato', 'numero'),
(106430, 100765, 'origen_cp_id', '100744'),
(106431, 100765, 'tb_columna_tipo', 'nombre_link'),
(106432, 100765, 'seleccionar_alta', 's'),
(106433, 100765, 'link_a_grupo', 's'),
(106434, 100765, 'listado_mostrar', 's'),
(106435, 100765, 'obligatorio', 'no_nulo'),
(106436, 100765, 'idioma_cs', 'Etapas productos'),
(106437, 100765, 'filtrar', 's'),
(106438, 100766, 'tipo_dato', 'numero'),
(106439, 100766, 'origen_cp_id', '100105'),
(106440, 100766, 'tb_columna_tipo', 'nombre_link'),
(106441, 100766, 'seleccionar_alta', 's'),
(106442, 100766, 'link_a_grupo', 's'),
(106443, 100766, 'listado_mostrar', 's'),
(106444, 100766, 'obligatorio', 'no_nulo'),
(106445, 100766, 'idioma_cs', 'Flujos dias'),
(106446, 100766, 'filtrar', 's'),
(106447, 100767, 'tipo_dato', 'numero'),
(106448, 100767, 'origen_cp_id', '3043'),
(106449, 100767, 'tb_columna_tipo', 'nombre_link'),
(106450, 100767, 'seleccionar_alta', 's'),
(106451, 100767, 'link_a_grupo', 's'),
(106452, 100767, 'listado_mostrar', 's'),
(106453, 100767, 'obligatorio', 'no_nulo'),
(106454, 100767, 'idioma_cs', 'Usuario'),
(106455, 100767, 'filtrar', 's'),
(106456, 100768, 'tipo_dato', 'decimal'),
(106457, 100768, 'tb_columna_tipo', 'nombre'),
(106458, 100768, 'largo', '10'),
(106459, 100768, 'decimales', '0'),
(106460, 100768, 'listado_mostrar', 'n'),
(106461, 100768, 'obligatorio', 'nulo'),
(106462, 100768, 'idioma_cs', 'ID relacionado'),
(106463, 100768, 'filtrar', 's'),
(106464, 100769, 'tipo_dato', 'numero'),
(106465, 100769, 'tb_columna_tipo', 'fecha'),
(106466, 100769, 'largo', '20'),
(106467, 100769, 'formato_fecha', 'ddmmaaaa'),
(106468, 100769, 'tipo', 'alta'),
(106469, 100769, 'listado_mostrar', 's'),
(106470, 100769, 'idioma_cs', 'Fecha de alta'),
(106471, 100769, 'filtrar', 'n'),
(106472, 100770, 'tipo_dato', 'texto_largo'),
(106473, 100770, 'tb_columna_tipo', 'nombre'),
(106474, 100770, 'alto', '5'),
(106475, 100770, 'ancho', '100'),
(106476, 100770, 'listado_mostrar', 'n'),
(106477, 100770, 'obligatorio', 'nulo'),
(106478, 100770, 'permite_html', 'n'),
(106479, 100770, 'idioma_cs', 'Comentario'),
(106480, 100770, 'filtrar', 's'),
(106481, 100771, 'tipo_dato', 'texto'),
(106482, 100771, 'largo', '200'),
(106483, 100771, 'tb_columna_tipo', 'nombre'),
(106484, 100771, 'listado_mostrar', 's'),
(106485, 100771, 'obligatorio', 'no_nulo'),
(106486, 100771, 'permite_html', ''),
(106487, 100771, 'idioma_cs', 'Mantenimiento'),
(106488, 100771, 'caracteres_permitidos', ''),
(106489, 100771, 'filtrar', 's'),
(106490, 100772, 'tipo_dato', 'numero'),
(106491, 100772, 'origen_cp_id', '100771'),
(106492, 100772, 'tb_columna_tipo', 'nombre_link'),
(106493, 100772, 'seleccionar_alta', 's'),
(106494, 100772, 'link_a_grupo', 's'),
(106495, 100772, 'listado_mostrar', 's'),
(106496, 100772, 'obligatorio', 'no_nulo'),
(106497, 100772, 'idioma_cs', 'Tipo'),
(106498, 100772, 'filtrar', 's'),
(106499, 100773, 'tipo_dato', 'texto_largo'),
(106500, 100773, 'tb_columna_tipo', 'nombre'),
(106501, 100773, 'alto', '5'),
(106502, 100773, 'ancho', '100'),
(106503, 100773, 'listado_mostrar', 'n'),
(106504, 100773, 'obligatorio', 'nulo'),
(106505, 100773, 'permite_html', 'n'),
(106506, 100773, 'idioma_cs', 'Detalle'),
(106507, 100773, 'filtrar', 's'),
(106508, 100774, 'tipo_dato', 'numero'),
(106509, 100774, 'tb_columna_tipo', 'fecha'),
(106510, 100774, 'largo', '20'),
(106511, 100774, 'formato_fecha', 'ddmmaaaa'),
(106512, 100774, 'listado_mostrar', 's'),
(106513, 100774, 'obligatorio', 'no_nulo'),
(106514, 100774, 'idioma_cs', 'Fecha de inicio'),
(106515, 100774, 'filtrar', 's'),
(106516, 100775, 'tipo_dato', 'texto'),
(106517, 100775, 'largo', '50'),
(106518, 100775, 'tb_columna_tipo', 'nombre'),
(106519, 100775, 'listado_mostrar', 's'),
(106520, 100775, 'obligatorio', 'no_nulo'),
(106521, 100775, 'permite_html', ''),
(106522, 100775, 'idioma_cs', 'Periodicidad'),
(106523, 100775, 'caracteres_permitidos', ''),
(106524, 100775, 'filtrar', 's'),
(106525, 100776, 'tipo_dato', 'numero'),
(106526, 100776, 'origen_cp_id', '100775'),
(106527, 100776, 'tb_columna_tipo', 'nombre_link'),
(106528, 100776, 'seleccionar_alta', 's'),
(106529, 100776, 'link_a_grupo', 's'),
(106530, 100776, 'listado_mostrar', 'n'),
(106531, 100776, 'obligatorio', 'nulo'),
(106532, 100776, 'idioma_cs', 'Periodicidad'),
(106533, 100776, 'filtrar', 's'),
(106534, 100777, 'tipo_dato', 'decimal'),
(106535, 100777, 'tb_columna_tipo', 'nombre'),
(106536, 100777, 'largo', '4'),
(106537, 100777, 'decimales', '0'),
(106538, 100777, 'listado_mostrar', 'n'),
(106539, 100777, 'obligatorio', 'nulo'),
(106540, 100777, 'idioma_cs', 'Cada x tiempo'),
(106541, 100777, 'filtrar', 's'),
(106542, 100778, 'tipo_dato', 'decimal'),
(106543, 100778, 'tb_columna_tipo', 'nombre'),
(106544, 100778, 'largo', '10'),
(106545, 100778, 'decimales', '0'),
(106546, 100778, 'listado_mostrar', 'n'),
(106547, 100778, 'obligatorio', 'nulo'),
(106548, 100778, 'idioma_cs', 'ID mantenimiento procesos'),
(106549, 100778, 'filtrar', 's'),
(106550, 100779, 'tipo_dato', 'numero'),
(106551, 100779, 'origen_cp_id', '100105'),
(106552, 100779, 'tb_columna_tipo', 'nombre_link'),
(106553, 100779, 'seleccionar_alta', 's'),
(106554, 100779, 'link_a_grupo', 's'),
(106555, 100779, 'listado_mostrar', 's'),
(106556, 100779, 'obligatorio', 'no_nulo'),
(106557, 100779, 'idioma_cs', 'Flujos dias'),
(106558, 100779, 'filtrar', 's'),
(106559, 100780, 'tipo_dato', 'numero'),
(106560, 100780, 'origen_cp_id', '3043'),
(106561, 100780, 'tb_columna_tipo', 'nombre_link'),
(106562, 100780, 'seleccionar_alta', 's'),
(106563, 100780, 'link_a_grupo', 's'),
(106564, 100780, 'listado_mostrar', 's'),
(106565, 100780, 'obligatorio', 'no_nulo'),
(106566, 100780, 'idioma_cs', 'Usuario'),
(106567, 100780, 'filtrar', 's'),
(106568, 100781, 'tipo_dato', 'decimal'),
(106569, 100781, 'tb_columna_tipo', 'nombre'),
(106570, 100781, 'largo', '10'),
(106571, 100781, 'decimales', '0'),
(106572, 100781, 'listado_mostrar', 'n'),
(106573, 100781, 'obligatorio', 'nulo'),
(106574, 100781, 'idioma_cs', 'ID relacionado'),
(106575, 100781, 'filtrar', 's'),
(106576, 100782, 'tipo_dato', 'numero'),
(106577, 100782, 'tb_columna_tipo', 'fecha'),
(106578, 100782, 'largo', '20'),
(106579, 100782, 'formato_fecha', 'ddmmaaaa'),
(106580, 100782, 'tipo', 'alta'),
(106581, 100782, 'listado_mostrar', 's'),
(106582, 100782, 'idioma_cs', 'Fecha de alta'),
(106583, 100782, 'filtrar', 'n'),
(106584, 100783, 'tipo_dato', 'texto_largo'),
(106585, 100783, 'tb_columna_tipo', 'nombre'),
(106586, 100783, 'alto', '5'),
(106587, 100783, 'ancho', '100'),
(106588, 100783, 'listado_mostrar', 'n'),
(106589, 100783, 'obligatorio', 'nulo'),
(106590, 100783, 'permite_html', 'n'),
(106591, 100783, 'idioma_cs', 'Comentario'),
(106592, 100783, 'filtrar', 's'),
(106593, 100784, 'tipo_dato', 'numero'),
(106594, 100784, 'origen_cp_id', '100783'),
(106595, 100784, 'tb_columna_tipo', 'nombre_link'),
(106596, 100784, 'seleccionar_alta', 's'),
(106597, 100784, 'link_a_grupo', 's'),
(106598, 100784, 'listado_mostrar', 's'),
(106599, 100784, 'obligatorio', 'no_nulo'),
(106600, 100784, 'idioma_cs', 'Mantenimiento procesos'),
(106601, 100784, 'filtrar', 's'),
(106602, 100785, 'tipo_dato', 'numero'),
(106603, 100785, 'tb_columna_tipo', 'nombre'),
(106604, 100785, 'activado', 's'),
(106605, 100785, 'listado_mostrar', 's'),
(106606, 100785, 'obligatorio', 'nulo'),
(106607, 100785, 'idioma_cs', 'Activo'),
(106608, 100785, 'filtrar', 's'),
(106609, 100786, 'tipo_dato', 'texto_largo'),
(106610, 100786, 'directorio', '../upload_archivos'),
(106611, 100786, 'obligatorio', 'nulo'),
(106612, 100786, 'idioma_cs', 'Archivo'),
(106613, 100786, 'eliminacion_especial', 's'),
(106614, 100786, 'eliminar_archivos', 'n'),
(106615, 100786, 'filtrar', 's'),
(106616, 100787, 'tipo_dato', 'numero'),
(106617, 100787, 'origen_cp_id', '100783'),
(106618, 100787, 'tb_columna_tipo', 'nombre_link'),
(106619, 100787, 'seleccionar_alta', 's'),
(106620, 100787, 'link_a_grupo', 's'),
(106621, 100787, 'listado_mostrar', 's'),
(106622, 100787, 'obligatorio', 'no_nulo'),
(106623, 100787, 'idioma_cs', 'Mantenimiento procesos'),
(106624, 100787, 'filtrar', 's'),
(106625, 100788, 'tipo_dato', 'numero'),
(106626, 100788, 'tb_columna_tipo', 'nombre'),
(106627, 100788, 'activado', 's'),
(106628, 100788, 'listado_mostrar', 's'),
(106629, 100788, 'obligatorio', 'nulo'),
(106630, 100788, 'idioma_cs', 'Activo'),
(106631, 100788, 'filtrar', 's'),
(106632, 100789, 'tipo_dato', 'texto'),
(106633, 100789, 'largo', '150'),
(106634, 100789, 'tb_columna_tipo', 'nombre'),
(106635, 100789, 'listado_mostrar', 's'),
(106636, 100789, 'obligatorio', 'no_nulo'),
(106637, 100789, 'permite_html', ''),
(106638, 100789, 'idioma_cs', 'Mail'),
(106639, 100789, 'caracteres_permitidos', ''),
(106640, 100789, 'filtrar', 's'),
(106641, 100790, 'tipo_dato', 'texto'),
(106642, 100790, 'largo', '200'),
(106643, 100790, 'tb_columna_tipo', 'nombre'),
(106644, 100790, 'listado_mostrar', 's'),
(106645, 100790, 'obligatorio', 'no_nulo'),
(106646, 100790, 'permite_html', ''),
(106647, 100790, 'idioma_cs', 'Asunto'),
(106648, 100790, 'caracteres_permitidos', ''),
(106649, 100790, 'filtrar', 's'),
(106650, 100791, 'tipo_dato', 'texto_largo'),
(106651, 100791, 'tb_columna_tipo', 'nombre'),
(106652, 100791, 'alto', '5'),
(106653, 100791, 'ancho', '100'),
(106654, 100791, 'listado_mostrar', 'n'),
(106655, 100791, 'obligatorio', 'nulo'),
(106656, 100791, 'permite_html', 'n'),
(106657, 100791, 'idioma_cs', 'Observaciones'),
(106658, 100791, 'filtrar', 's'),
(106659, 100792, 'tipo_dato', 'numero'),
(106660, 100792, 'tb_columna_tipo', 'fecha'),
(106661, 100792, 'largo', '20'),
(106662, 100792, 'formato_fecha', 'ddmmaaaa'),
(106663, 100792, 'listado_mostrar', 's'),
(106664, 100792, 'obligatorio', 'no_nulo'),
(106665, 100792, 'idioma_cs', 'Fecha de inicio'),
(106666, 100792, 'filtrar', 'n'),
(106667, 100793, 'tipo_dato', 'numero'),
(106668, 100793, 'origen_cp_id', '100775'),
(106669, 100793, 'tb_columna_tipo', 'nombre_link'),
(106670, 100793, 'seleccionar_alta', 's'),
(106671, 100793, 'link_a_grupo', 's'),
(106672, 100793, 'listado_mostrar', 's'),
(106673, 100793, 'obligatorio', 'no_nulo'),
(106674, 100793, 'idioma_cs', 'Periodicidad'),
(106675, 100793, 'filtrar', 's'),
(106676, 100794, 'tipo_dato', 'decimal'),
(106677, 100794, 'tb_columna_tipo', 'nombre'),
(106678, 100794, 'largo', '4'),
(106679, 100794, 'decimales', '0'),
(106680, 100794, 'listado_mostrar', 'n'),
(106681, 100794, 'obligatorio', 'nulo'),
(106682, 100794, 'idioma_cs', 'Cada x tiempo'),
(106683, 100794, 'filtrar', 's'),
(106684, 100795, 'tipo_dato', 'decimal'),
(106685, 100795, 'tb_columna_tipo', 'nombre'),
(106686, 100795, 'largo', '10'),
(106687, 100795, 'decimales', '0'),
(106688, 100795, 'listado_mostrar', 'n'),
(106689, 100795, 'obligatorio', 'nulo'),
(106690, 100795, 'idioma_cs', 'ID ytd mantenimientos procesos'),
(106691, 100795, 'filtrar', 's'),
(106692, 100796, 'tipo_dato', 'numero'),
(106693, 100796, 'origen_cp_id', '100790'),
(106694, 100796, 'tb_columna_tipo', 'nombre_link'),
(106695, 100796, 'seleccionar_alta', 's'),
(106696, 100796, 'link_a_grupo', 's'),
(106697, 100796, 'listado_mostrar', 's'),
(106698, 100796, 'obligatorio', 'no_nulo'),
(106699, 100796, 'idioma_cs', 'YTD mantenimientos'),
(106700, 100796, 'filtrar', 's'),
(106701, 100797, 'tipo_dato', 'numero'),
(106702, 100797, 'origen_cp_id', '100105'),
(106703, 100797, 'tb_columna_tipo', 'nombre_link'),
(106704, 100797, 'seleccionar_alta', 's'),
(106705, 100797, 'link_a_grupo', 's'),
(106706, 100797, 'listado_mostrar', 's'),
(106707, 100797, 'obligatorio', 'no_nulo'),
(106708, 100797, 'idioma_cs', 'Flujos dias'),
(106709, 100797, 'filtrar', 's'),
(106710, 100798, 'tipo_dato', 'numero'),
(106711, 100798, 'origen_cp_id', '3043'),
(106712, 100798, 'tb_columna_tipo', 'nombre_link'),
(106713, 100798, 'seleccionar_alta', 's'),
(106714, 100798, 'link_a_grupo', 's'),
(106715, 100798, 'listado_mostrar', 's'),
(106716, 100798, 'obligatorio', 'no_nulo'),
(106717, 100798, 'idioma_cs', 'Usuario'),
(106718, 100798, 'filtrar', 's'),
(106719, 100799, 'tipo_dato', 'decimal'),
(106720, 100799, 'tb_columna_tipo', 'nombre'),
(106721, 100799, 'largo', '10'),
(106722, 100799, 'decimales', '0'),
(106723, 100799, 'listado_mostrar', 'n'),
(106724, 100799, 'obligatorio', 'nulo'),
(106725, 100799, 'idioma_cs', 'ID relacionado'),
(106726, 100799, 'filtrar', 's'),
(106727, 100800, 'tipo_dato', 'numero'),
(106728, 100800, 'tb_columna_tipo', 'fecha'),
(106729, 100800, 'largo', '20'),
(106730, 100800, 'formato_fecha', 'ddmmaaaa'),
(106731, 100800, 'tipo', 'alta'),
(106732, 100800, 'listado_mostrar', 's'),
(106733, 100800, 'idioma_cs', 'Fecha de alta'),
(106734, 100800, 'filtrar', 'n'),
(106735, 100801, 'tipo_dato', 'texto_largo'),
(106736, 100801, 'tb_columna_tipo', 'nombre'),
(106737, 100801, 'alto', '5'),
(106738, 100801, 'ancho', '100'),
(106739, 100801, 'listado_mostrar', 'n'),
(106740, 100801, 'obligatorio', 'nulo'),
(106741, 100801, 'permite_html', 'n'),
(106742, 100801, 'idioma_cs', 'Comentario'),
(106743, 100801, 'filtrar', 's'),
(106744, 100802, 'tipo_dato', 'numero'),
(106745, 100802, 'origen_cp_id', '100801'),
(106746, 100802, 'tb_columna_tipo', 'nombre_link'),
(106747, 100802, 'seleccionar_alta', 's'),
(106748, 100802, 'link_a_grupo', 's'),
(106749, 100802, 'listado_mostrar', 's'),
(106750, 100802, 'obligatorio', 'no_nulo'),
(106751, 100802, 'idioma_cs', 'YTD mantenimientos procesos'),
(106752, 100802, 'filtrar', 's'),
(106753, 100803, 'tipo_dato', 'numero'),
(106754, 100803, 'tb_columna_tipo', 'nombre'),
(106755, 100803, 'activado', 's'),
(106756, 100803, 'listado_mostrar', 's'),
(106757, 100803, 'obligatorio', 'nulo'),
(106758, 100803, 'idioma_cs', 'Activo'),
(106759, 100803, 'filtrar', 's'),
(106760, 100804, 'tipo_dato', 'texto_largo'),
(106761, 100804, 'directorio', '../upload_archivos'),
(106762, 100804, 'obligatorio', 'nulo'),
(106763, 100804, 'idioma_cs', 'Archivo'),
(106764, 100804, 'eliminacion_especial', 's'),
(106765, 100804, 'eliminar_archivos', 'n'),
(106766, 100804, 'filtrar', 's'),
(106767, 100805, 'tipo_dato', 'numero'),
(106768, 100805, 'origen_cp_id', '100783'),
(106769, 100805, 'tb_columna_tipo', 'nombre_link'),
(106770, 100805, 'seleccionar_alta', 's'),
(106771, 100805, 'link_a_grupo', 's'),
(106772, 100805, 'listado_mostrar', 's'),
(106773, 100805, 'obligatorio', 'no_nulo'),
(106774, 100805, 'idioma_cs', 'Mantenimiento procesos'),
(106775, 100805, 'filtrar', 's'),
(106776, 100806, 'tipo_dato', 'numero'),
(106777, 100806, 'tb_columna_tipo', 'nombre'),
(106778, 100806, 'activado', 's'),
(106779, 100806, 'listado_mostrar', 's'),
(106780, 100806, 'obligatorio', 'nulo'),
(106781, 100806, 'idioma_cs', 'Activo'),
(106782, 100806, 'filtrar', 's'),
(106783, 100807, 'tipo_dato', 'numero'),
(106784, 100807, 'tb_columna_tipo', 'nombre'),
(106785, 100807, 'activado', 's'),
(106786, 100807, 'listado_mostrar', 's'),
(106787, 100807, 'obligatorio', 'nulo'),
(106788, 100807, 'idioma_cs', 'Resultado'),
(106789, 100807, 'filtrar', 's'),
(106790, 100808, 'tipo_dato', 'texto_largo'),
(106791, 100808, 'tb_columna_tipo', 'nombre'),
(106792, 100808, 'alto', '5'),
(106793, 100808, 'ancho', '100'),
(106794, 100808, 'listado_mostrar', 'n'),
(106795, 100808, 'obligatorio', 'nulo'),
(106796, 100808, 'permite_html', 'n'),
(106797, 100808, 'idioma_cs', 'Detalle'),
(106798, 100808, 'filtrar', 's'),
(106799, 100809, 'tipo_dato', 'decimal'),
(106800, 100809, 'tb_columna_tipo', 'nombre'),
(106801, 100809, 'largo', '10'),
(106802, 100809, 'decimales', '2'),
(106803, 100809, 'listado_mostrar', 'n'),
(106804, 100809, 'obligatorio', 'nulo'),
(106805, 100809, 'idioma_cs', 'Costo'),
(106806, 100809, 'filtrar', 's'),
(106807, 100810, 'tipo_dato', ''),
(106808, 100810, 'idioma_cs', 'Archivos'),
(106809, 100811, 'tipo_dato', 'texto_largo'),
(106810, 100811, 'directorio', '../upload_archivos'),
(106811, 100811, 'obligatorio', 'nulo'),
(106812, 100811, 'idioma_cs', 'Archivo 1'),
(106813, 100811, 'eliminacion_especial', 's'),
(106814, 100811, 'eliminar_archivos', 'n'),
(106815, 100811, 'filtrar', 's'),
(106816, 100812, 'tipo_dato', 'texto_largo'),
(106817, 100812, 'directorio', '../upload_archivos'),
(106818, 100812, 'obligatorio', 'nulo'),
(106819, 100812, 'idioma_cs', 'Archivo 2'),
(106820, 100812, 'eliminacion_especial', 's'),
(106821, 100812, 'eliminar_archivos', 'n'),
(106822, 100812, 'filtrar', 's'),
(106823, 100813, 'tipo_dato', 'texto_largo'),
(106824, 100813, 'directorio', '../upload_archivos'),
(106825, 100813, 'obligatorio', 'nulo'),
(106826, 100813, 'idioma_cs', 'Archivo 3'),
(106827, 100813, 'eliminacion_especial', 's'),
(106828, 100813, 'eliminar_archivos', 'n'),
(106829, 100813, 'filtrar', 's'),
(106830, 100814, 'tipo_dato', 'texto_largo'),
(106831, 100814, 'directorio', '../upload_archivos'),
(106832, 100814, 'obligatorio', 'nulo'),
(106833, 100814, 'idioma_cs', 'Archivo 4'),
(106834, 100814, 'eliminacion_especial', 's'),
(106835, 100814, 'eliminar_archivos', 'n'),
(106836, 100814, 'filtrar', 's'),
(106837, 100815, 'tipo_dato', 'texto_largo'),
(106838, 100815, 'directorio', '../upload_archivos'),
(106839, 100815, 'obligatorio', 'nulo'),
(106840, 100815, 'idioma_cs', 'Archivo 5'),
(106841, 100815, 'eliminacion_especial', 's'),
(106842, 100815, 'eliminar_archivos', 'n'),
(106843, 100815, 'filtrar', 's'),
(106844, 100816, 'tipo_dato', 'numero'),
(106845, 100816, 'origen_cp_id', '100801'),
(106846, 100816, 'tb_columna_tipo', 'nombre_link'),
(106847, 100816, 'seleccionar_alta', 's'),
(106848, 100816, 'link_a_grupo', 's'),
(106849, 100816, 'listado_mostrar', 's'),
(106850, 100816, 'obligatorio', 'no_nulo'),
(106851, 100816, 'idioma_cs', 'YTD mantenimientos procesos'),
(106852, 100816, 'filtrar', 's'),
(106853, 100817, 'tipo_dato', 'numero'),
(106854, 100817, 'tb_columna_tipo', 'nombre'),
(106855, 100817, 'activado', 's'),
(106856, 100817, 'listado_mostrar', 's'),
(106857, 100817, 'obligatorio', 'nulo'),
(106858, 100817, 'idioma_cs', 'Activo'),
(106859, 100817, 'filtrar', 's'),
(106860, 100818, 'tipo_dato', 'numero'),
(106861, 100818, 'tb_columna_tipo', 'nombre'),
(106862, 100818, 'activado', 's'),
(106863, 100818, 'listado_mostrar', 's'),
(106864, 100818, 'obligatorio', 'nulo'),
(106865, 100818, 'idioma_cs', 'Resultado'),
(106866, 100818, 'filtrar', 's'),
(106867, 100819, 'tipo_dato', 'texto_largo'),
(106868, 100819, 'tb_columna_tipo', 'nombre'),
(106869, 100819, 'alto', '5'),
(106870, 100819, 'ancho', '100'),
(106871, 100819, 'listado_mostrar', 'n'),
(106872, 100819, 'obligatorio', 'nulo'),
(106873, 100819, 'permite_html', 'n'),
(106874, 100819, 'idioma_cs', 'Detalle'),
(106875, 100819, 'filtrar', 's'),
(106876, 100820, 'tipo_dato', 'decimal'),
(106877, 100820, 'tb_columna_tipo', 'nombre'),
(106878, 100820, 'largo', '10'),
(106879, 100820, 'decimales', '2'),
(106880, 100820, 'listado_mostrar', 'n'),
(106881, 100820, 'obligatorio', 'nulo'),
(106882, 100820, 'idioma_cs', 'Costo'),
(106883, 100820, 'filtrar', 's'),
(106884, 100821, 'tipo_dato', ''),
(106885, 100821, 'idioma_cs', 'Archivos'),
(106886, 100822, 'tipo_dato', 'texto_largo'),
(106887, 100822, 'directorio', '../upload_archivos'),
(106888, 100822, 'obligatorio', 'nulo'),
(106889, 100822, 'idioma_cs', 'Archivo 1'),
(106890, 100822, 'eliminacion_especial', 's'),
(106891, 100822, 'eliminar_archivos', 'n'),
(106892, 100822, 'filtrar', 's'),
(106893, 100823, 'tipo_dato', 'texto_largo'),
(106894, 100823, 'directorio', '../upload_archivos'),
(106895, 100823, 'obligatorio', 'nulo'),
(106896, 100823, 'idioma_cs', 'Archivo 2'),
(106897, 100823, 'eliminacion_especial', 's'),
(106898, 100823, 'eliminar_archivos', 'n'),
(106899, 100823, 'filtrar', 's'),
(106900, 100824, 'tipo_dato', 'texto_largo'),
(106901, 100824, 'directorio', '../upload_archivos'),
(106902, 100824, 'obligatorio', 'nulo'),
(106903, 100824, 'idioma_cs', 'Archivo 3'),
(106904, 100824, 'eliminacion_especial', 's'),
(106905, 100824, 'eliminar_archivos', 'n'),
(106906, 100824, 'filtrar', 's'),
(106907, 100825, 'tipo_dato', 'texto_largo'),
(106908, 100825, 'directorio', '../upload_archivos'),
(106909, 100825, 'obligatorio', 'nulo'),
(106910, 100825, 'idioma_cs', 'Archivo 4'),
(106911, 100825, 'eliminacion_especial', 's'),
(106912, 100825, 'eliminar_archivos', 'n'),
(106913, 100825, 'filtrar', 's'),
(106914, 100826, 'tipo_dato', 'texto_largo'),
(106915, 100826, 'directorio', '../upload_archivos'),
(106916, 100826, 'obligatorio', 'nulo'),
(106917, 100826, 'idioma_cs', 'Archivo 5'),
(106918, 100826, 'eliminacion_especial', 's'),
(106919, 100826, 'eliminar_archivos', 'n'),
(106920, 100826, 'filtrar', 's'),
(106921, 100827, 'tipo_dato', 'numero'),
(106922, 100827, 'tb_columna_tipo', 'fecha'),
(106923, 100827, 'largo', '20'),
(106924, 100827, 'formato_fecha', 'ddmmaaaa'),
(106925, 100827, 'listado_mostrar', 's'),
(106926, 100827, 'obligatorio', 'no_nulo'),
(106927, 100827, 'idioma_cs', 'Fecha'),
(106928, 100827, 'filtrar', 'n'),
(106929, 100828, 'tipo_dato', 'numero'),
(106930, 100828, 'tb_columna_tipo', 'fecha'),
(106931, 100828, 'largo', '20'),
(106932, 100828, 'formato_fecha', 'ddmmaaaa'),
(106933, 100828, 'listado_mostrar', 's'),
(106934, 100828, 'obligatorio', 'no_nulo'),
(106935, 100828, 'idioma_cs', 'Fecha'),
(106936, 100828, 'filtrar', 'n'),
(106937, 100829, 'tipo_dato', 'texto'),
(106938, 100829, 'largo', '20'),
(106939, 100829, 'tb_columna_tipo', 'nombre'),
(106940, 100829, 'listado_mostrar', 's'),
(106941, 100829, 'obligatorio', 'no_nulo'),
(106942, 100829, 'permite_html', ''),
(106943, 100829, 'idioma_cs', 'Cuenta'),
(106944, 100829, 'caracteres_permitidos', ''),
(106945, 100829, 'filtrar', 's'),
(106946, 100830, 'tipo_dato', 'texto'),
(106947, 100830, 'largo', '200'),
(106948, 100830, 'tb_columna_tipo', 'nombre'),
(106949, 100830, 'listado_mostrar', 's'),
(106950, 100830, 'obligatorio', 'no_nulo'),
(106951, 100830, 'permite_html', ''),
(106952, 100830, 'idioma_cs', 'Descripcion'),
(106953, 100830, 'caracteres_permitidos', ''),
(106954, 100830, 'filtrar', 's'),
(106955, 100831, 'tipo_dato', 'texto_largo'),
(106956, 100831, 'tb_columna_tipo', 'nombre'),
(106957, 100831, 'alto', '5'),
(106958, 100831, 'ancho', '100'),
(106959, 100831, 'listado_mostrar', 'n'),
(106960, 100831, 'obligatorio', 'nulo'),
(106961, 100831, 'permite_html', 'n'),
(106962, 100831, 'idioma_cs', 'Observaciones'),
(106963, 100831, 'filtrar', 's'),
(106964, 100832, 'tipo_dato', 'decimal'),
(106965, 100832, 'tb_columna_tipo', 'nombre'),
(106966, 100832, 'largo', '10'),
(106967, 100832, 'decimales', '0'),
(106968, 100832, 'listado_mostrar', 'n'),
(106969, 100832, 'obligatorio', 'nulo'),
(106970, 100832, 'idioma_cs', 'ID planificacion gastos procesos'),
(106971, 100832, 'filtrar', 's'),
(106972, 100833, 'tipo_dato', 'numero'),
(106973, 100833, 'origen_cp_id', '100831'),
(106974, 100833, 'tb_columna_tipo', 'nombre_link'),
(106975, 100833, 'seleccionar_alta', 's'),
(106976, 100833, 'link_a_grupo', 's'),
(106977, 100833, 'listado_mostrar', 's'),
(106978, 100833, 'obligatorio', 'no_nulo'),
(106979, 100833, 'idioma_cs', 'Planificacion gastos'),
(106980, 100833, 'filtrar', 's'),
(106981, 100834, 'tipo_dato', 'numero'),
(106982, 100834, 'origen_cp_id', '100105'),
(106983, 100834, 'tb_columna_tipo', 'nombre_link'),
(106984, 100834, 'seleccionar_alta', 's'),
(106985, 100834, 'link_a_grupo', 's'),
(106986, 100834, 'listado_mostrar', 's'),
(106987, 100834, 'obligatorio', 'no_nulo'),
(106988, 100834, 'idioma_cs', 'Flujos dias'),
(106989, 100834, 'filtrar', 's'),
(106990, 100835, 'tipo_dato', 'numero'),
(106991, 100835, 'origen_cp_id', '3043'),
(106992, 100835, 'tb_columna_tipo', 'nombre_link'),
(106993, 100835, 'seleccionar_alta', 's'),
(106994, 100835, 'link_a_grupo', 's'),
(106995, 100835, 'listado_mostrar', 's'),
(106996, 100835, 'obligatorio', 'no_nulo'),
(106997, 100835, 'idioma_cs', 'Usuario'),
(106998, 100835, 'filtrar', 's'),
(106999, 100836, 'tipo_dato', 'decimal'),
(107000, 100836, 'tb_columna_tipo', 'nombre'),
(107001, 100836, 'largo', '10'),
(107002, 100836, 'decimales', '0'),
(107003, 100836, 'listado_mostrar', 'n'),
(107004, 100836, 'obligatorio', 'nulo'),
(107005, 100836, 'idioma_cs', 'ID relacionado'),
(107006, 100836, 'filtrar', 's'),
(107007, 100837, 'tipo_dato', 'numero'),
(107008, 100837, 'tb_columna_tipo', 'fecha'),
(107009, 100837, 'largo', '20'),
(107010, 100837, 'formato_fecha', 'ddmmaaaa'),
(107011, 100837, 'tipo', 'alta'),
(107012, 100837, 'listado_mostrar', 's'),
(107013, 100837, 'idioma_cs', 'Fecha de alta'),
(107014, 100837, 'filtrar', 'n'),
(107015, 100838, 'tipo_dato', 'texto_largo'),
(107016, 100838, 'tb_columna_tipo', 'nombre'),
(107017, 100838, 'alto', '5'),
(107018, 100838, 'ancho', '100'),
(107019, 100838, 'listado_mostrar', 'n'),
(107020, 100838, 'obligatorio', 'nulo'),
(107021, 100838, 'permite_html', 'n'),
(107022, 100838, 'idioma_cs', 'Comentario'),
(107023, 100838, 'filtrar', 's'),
(107024, 100839, 'tipo_dato', 'numero'),
(107025, 100839, 'origen_cp_id', '100838'),
(107026, 100839, 'tb_columna_tipo', 'nombre_link'),
(107027, 100839, 'seleccionar_alta', 's'),
(107028, 100839, 'link_a_grupo', 's'),
(107029, 100839, 'listado_mostrar', 's'),
(107030, 100839, 'obligatorio', 'no_nulo'),
(107031, 100839, 'idioma_cs', 'Planificacion gastos procesos'),
(107032, 100839, 'filtrar', 's'),
(107033, 100840, 'tipo_dato', 'numero'),
(107034, 100840, 'tb_columna_tipo', 'nombre'),
(107035, 100840, 'activado', 's'),
(107036, 100840, 'listado_mostrar', 's'),
(107037, 100840, 'obligatorio', 'nulo'),
(107038, 100840, 'idioma_cs', 'Activo'),
(107039, 100840, 'filtrar', 's'),
(107040, 100841, 'tipo_dato', 'numero'),
(107041, 100841, 'origen_cp_id', '100830'),
(107042, 100841, 'tb_columna_tipo', 'nombre_link'),
(107043, 100841, 'seleccionar_alta', 's'),
(107044, 100841, 'link_a_grupo', 's'),
(107045, 100841, 'listado_mostrar', 's'),
(107046, 100841, 'obligatorio', 'no_nulo'),
(107047, 100841, 'idioma_cs', 'Cuenta'),
(107048, 100841, 'filtrar', 's'),
(107049, 100842, 'tipo_dato', 'texto_largo'),
(107050, 100842, 'tb_columna_tipo', 'nombre'),
(107051, 100842, 'alto', '5'),
(107052, 100842, 'ancho', '100'),
(107053, 100842, 'listado_mostrar', 'n'),
(107054, 100842, 'obligatorio', 'nulo'),
(107055, 100842, 'permite_html', 'n'),
(107056, 100842, 'idioma_cs', 'Detalle'),
(107057, 100842, 'filtrar', 's'),
(107067, 100844, 'tipo_dato', 'decimal'),
(107068, 100844, 'tb_columna_tipo', 'nombre'),
(107069, 100844, 'largo', '1'),
(107070, 100844, 'decimales', '0'),
(107071, 100844, 'listado_mostrar', 'n'),
(107072, 100844, 'obligatorio', 'nulo'),
(107073, 100844, 'idioma_cs', 'Mes'),
(107074, 100844, 'filtrar', 's'),
(107075, 100845, 'tipo_dato', 'decimal'),
(107076, 100845, 'tb_columna_tipo', 'nombre'),
(107077, 100845, 'largo', '10'),
(107078, 100845, 'decimales', '2'),
(107079, 100845, 'listado_mostrar', 's'),
(107080, 100845, 'obligatorio', 'no_nulo'),
(107081, 100845, 'idioma_cs', 'Monto'),
(107082, 100845, 'filtrar', 's'),
(107083, 100846, 'tipo_dato', 'texto_largo'),
(107084, 100846, 'tb_columna_tipo', 'nombre'),
(107085, 100846, 'alto', '5'),
(107086, 100846, 'ancho', '100'),
(107087, 100846, 'listado_mostrar', 'n'),
(107088, 100846, 'obligatorio', 'nulo'),
(107089, 100846, 'permite_html', 'n'),
(107090, 100846, 'idioma_cs', 'Observaciones'),
(107091, 100846, 'filtrar', 's'),
(107092, 100847, 'tipo_dato', 'decimal'),
(107093, 100847, 'tb_columna_tipo', 'nombre'),
(107094, 100847, 'largo', '10'),
(107095, 100847, 'decimales', '0'),
(107096, 100847, 'listado_mostrar', 'n'),
(107097, 100847, 'obligatorio', 'nulo'),
(107098, 100847, 'idioma_cs', 'ID ytd gastos costos procesos'),
(107099, 100847, 'filtrar', 's'),
(107100, 100848, 'tipo_dato', 'numero'),
(107101, 100848, 'origen_cp_id', '100846'),
(107102, 100848, 'tb_columna_tipo', 'nombre_link'),
(107103, 100848, 'seleccionar_alta', 's'),
(107104, 100848, 'link_a_grupo', 's'),
(107105, 100848, 'listado_mostrar', 's'),
(107106, 100848, 'obligatorio', 'no_nulo'),
(107107, 100848, 'idioma_cs', 'YTD gastos costos'),
(107108, 100848, 'filtrar', 's'),
(107109, 100849, 'tipo_dato', 'numero'),
(107110, 100849, 'origen_cp_id', '100105'),
(107111, 100849, 'tb_columna_tipo', 'nombre_link'),
(107112, 100849, 'seleccionar_alta', 's'),
(107113, 100849, 'link_a_grupo', 's'),
(107114, 100849, 'listado_mostrar', 's'),
(107115, 100849, 'obligatorio', 'no_nulo'),
(107116, 100849, 'idioma_cs', 'Flujos dias'),
(107117, 100849, 'filtrar', 's'),
(107118, 100850, 'tipo_dato', 'numero'),
(107119, 100850, 'origen_cp_id', '3043'),
(107120, 100850, 'tb_columna_tipo', 'nombre_link'),
(107121, 100850, 'seleccionar_alta', 's'),
(107122, 100850, 'link_a_grupo', 's'),
(107123, 100850, 'listado_mostrar', 's'),
(107124, 100850, 'obligatorio', 'no_nulo'),
(107125, 100850, 'idioma_cs', 'Usuario'),
(107126, 100850, 'filtrar', 's'),
(107127, 100851, 'tipo_dato', 'decimal'),
(107128, 100851, 'tb_columna_tipo', 'nombre'),
(107129, 100851, 'largo', '10'),
(107130, 100851, 'decimales', '0'),
(107131, 100851, 'listado_mostrar', 'n'),
(107132, 100851, 'obligatorio', 'nulo'),
(107133, 100851, 'idioma_cs', 'ID relacionado'),
(107134, 100851, 'filtrar', 's'),
(107135, 100852, 'tipo_dato', 'numero'),
(107136, 100852, 'tb_columna_tipo', 'fecha'),
(107137, 100852, 'largo', '20'),
(107138, 100852, 'formato_fecha', 'ddmmaaaa'),
(107139, 100852, 'tipo', 'alta'),
(107140, 100852, 'listado_mostrar', 's'),
(107141, 100852, 'idioma_cs', 'Fecha de alta'),
(107142, 100852, 'filtrar', 'n'),
(107143, 100853, 'tipo_dato', 'texto_largo'),
(107144, 100853, 'tb_columna_tipo', 'nombre'),
(107145, 100853, 'alto', '5'),
(107146, 100853, 'ancho', '100'),
(107147, 100853, 'listado_mostrar', 'n'),
(107148, 100853, 'obligatorio', 'nulo'),
(107149, 100853, 'permite_html', 'n'),
(107150, 100853, 'idioma_cs', 'Comentario'),
(107151, 100853, 'filtrar', 's'),
(107152, 100854, 'tipo_dato', 'numero'),
(107153, 100854, 'origen_cp_id', '100853'),
(107154, 100854, 'tb_columna_tipo', 'nombre_link'),
(107155, 100854, 'seleccionar_alta', 's'),
(107156, 100854, 'link_a_grupo', 's'),
(107157, 100854, 'listado_mostrar', 's'),
(107158, 100854, 'obligatorio', 'no_nulo'),
(107159, 100854, 'idioma_cs', 'YTD gastos costos procesos'),
(107160, 100854, 'filtrar', 's'),
(107161, 100855, 'tipo_dato', 'numero'),
(107162, 100855, 'tb_columna_tipo', 'nombre'),
(107163, 100855, 'activado', 's'),
(107164, 100855, 'listado_mostrar', 's'),
(107165, 100855, 'obligatorio', 'nulo'),
(107166, 100855, 'idioma_cs', 'Activo'),
(107167, 100855, 'filtrar', 's'),
(107168, 100856, 'tipo_dato', 'numero'),
(107169, 100856, 'origen_cp_id', '100829'),
(107170, 100856, 'tb_columna_tipo', 'nombre_link'),
(107171, 100856, 'seleccionar_alta', 's'),
(107172, 100856, 'link_a_grupo', 's'),
(107173, 100856, 'listado_mostrar', 's'),
(107174, 100856, 'obligatorio', 'no_nulo'),
(107175, 100856, 'idioma_cs', 'Cuenta'),
(107176, 100856, 'filtrar', 's'),
(107177, 100857, 'tipo_dato', 'texto_largo'),
(107178, 100857, 'tb_columna_tipo', 'nombre'),
(107179, 100857, 'alto', '5'),
(107180, 100857, 'ancho', '100'),
(107181, 100857, 'listado_mostrar', 'n'),
(107182, 100857, 'obligatorio', 'nulo'),
(107183, 100857, 'permite_html', 'n'),
(107184, 100857, 'idioma_cs', 'Detalle'),
(107185, 100857, 'filtrar', 's'),
(107219, 100862, 'tipo_dato', 'texto'),
(107220, 100862, 'largo', '30'),
(107221, 100862, 'tb_columna_tipo', 'nombre'),
(107222, 100862, 'listado_mostrar', 's'),
(107223, 100862, 'obligatorio', 'no_nulo'),
(107224, 100862, 'permite_html', ''),
(107225, 100862, 'idioma_cs', 'Factura'),
(107226, 100862, 'caracteres_permitidos', ''),
(107227, 100862, 'filtrar', 's'),
(107228, 100863, 'tipo_dato', 'numero'),
(107229, 100863, 'origen_cp_id', '100060'),
(107230, 100863, 'tb_columna_tipo', 'nombre_link'),
(107231, 100863, 'seleccionar_alta', 's'),
(107232, 100863, 'link_a_grupo', 's'),
(107233, 100863, 'listado_mostrar', 's'),
(107234, 100863, 'obligatorio', 'no_nulo'),
(107235, 100863, 'idioma_cs', 'Area'),
(107236, 100863, 'filtrar', 's'),
(107237, 100864, 'tipo_dato', 'decimal'),
(107238, 100864, 'tb_columna_tipo', 'nombre'),
(107239, 100864, 'largo', '10'),
(107240, 100864, 'decimales', '2'),
(107241, 100864, 'listado_mostrar', 's'),
(107242, 100864, 'obligatorio', 'no_nulo'),
(107243, 100864, 'idioma_cs', 'Monto'),
(107244, 100864, 'filtrar', 's'),
(107245, 100865, 'tipo_dato', 'texto_largo'),
(107246, 100865, 'tb_columna_tipo', 'nombre'),
(107247, 100865, 'alto', '5'),
(107248, 100865, 'ancho', '100'),
(107249, 100865, 'listado_mostrar', 'n'),
(107250, 100865, 'obligatorio', 'nulo'),
(107251, 100865, 'permite_html', 'n'),
(107252, 100865, 'idioma_cs', 'Observaciones'),
(107253, 100865, 'filtrar', 's'),
(107254, 100866, 'tipo_dato', 'decimal'),
(107255, 100866, 'tb_columna_tipo', 'nombre'),
(107256, 100866, 'largo', '10'),
(107257, 100866, 'decimales', '0'),
(107258, 100866, 'listado_mostrar', 'n'),
(107259, 100866, 'obligatorio', 'nulo'),
(107260, 100866, 'idioma_cs', 'ID pedido caja chica procesos'),
(107261, 100866, 'filtrar', 's'),
(107262, 100867, 'tipo_dato', 'numero'),
(107263, 100867, 'origen_cp_id', '100865'),
(107264, 100867, 'tb_columna_tipo', 'nombre_link'),
(107265, 100867, 'seleccionar_alta', 's'),
(107266, 100867, 'link_a_grupo', 's'),
(107267, 100867, 'listado_mostrar', 's'),
(107268, 100867, 'obligatorio', 'no_nulo'),
(107269, 100867, 'idioma_cs', 'Pedido caja chica'),
(107270, 100867, 'filtrar', 's'),
(107271, 100868, 'tipo_dato', 'numero'),
(107272, 100868, 'origen_cp_id', '100105'),
(107273, 100868, 'tb_columna_tipo', 'nombre_link'),
(107274, 100868, 'seleccionar_alta', 's'),
(107275, 100868, 'link_a_grupo', 's'),
(107276, 100868, 'listado_mostrar', 's'),
(107277, 100868, 'obligatorio', 'no_nulo'),
(107278, 100868, 'idioma_cs', 'Flujos dias'),
(107279, 100868, 'filtrar', 's'),
(107280, 100869, 'tipo_dato', 'numero'),
(107281, 100869, 'origen_cp_id', '3043'),
(107282, 100869, 'tb_columna_tipo', 'nombre_link'),
(107283, 100869, 'seleccionar_alta', 's'),
(107284, 100869, 'link_a_grupo', 's'),
(107285, 100869, 'listado_mostrar', 's'),
(107286, 100869, 'obligatorio', 'no_nulo'),
(107287, 100869, 'idioma_cs', 'Usuario'),
(107288, 100869, 'filtrar', 's'),
(107289, 100870, 'tipo_dato', 'decimal'),
(107290, 100870, 'tb_columna_tipo', 'nombre'),
(107291, 100870, 'largo', '10'),
(107292, 100870, 'decimales', '0'),
(107293, 100870, 'listado_mostrar', 'n'),
(107294, 100870, 'obligatorio', 'nulo'),
(107295, 100870, 'idioma_cs', 'ID relacionado'),
(107296, 100870, 'filtrar', 's'),
(107297, 100871, 'tipo_dato', 'numero'),
(107298, 100871, 'tb_columna_tipo', 'fecha'),
(107299, 100871, 'largo', '20'),
(107300, 100871, 'formato_fecha', 'ddmmaaaa'),
(107301, 100871, 'tipo', 'alta'),
(107302, 100871, 'listado_mostrar', 's'),
(107303, 100871, 'idioma_cs', 'Fecha de alta'),
(107304, 100871, 'filtrar', 'n'),
(107305, 100872, 'tipo_dato', 'texto_largo'),
(107306, 100872, 'tb_columna_tipo', 'nombre'),
(107307, 100872, 'alto', '5'),
(107308, 100872, 'ancho', '100'),
(107309, 100872, 'listado_mostrar', 'n'),
(107310, 100872, 'obligatorio', 'nulo'),
(107311, 100872, 'permite_html', 'n'),
(107312, 100872, 'idioma_cs', 'Comentario'),
(107313, 100872, 'filtrar', 's'),
(107314, 100873, 'tipo_dato', 'numero'),
(107315, 100873, 'origen_cp_id', '100872'),
(107316, 100873, 'tb_columna_tipo', 'nombre_link'),
(107317, 100873, 'seleccionar_alta', 's'),
(107318, 100873, 'link_a_grupo', 's'),
(107319, 100873, 'listado_mostrar', 's'),
(107320, 100873, 'obligatorio', 'no_nulo'),
(107321, 100873, 'idioma_cs', 'Pedido caja chica procesos'),
(107322, 100873, 'filtrar', 's'),
(107323, 100874, 'tipo_dato', 'numero'),
(107324, 100874, 'tb_columna_tipo', 'nombre'),
(107325, 100874, 'activado', 's'),
(107326, 100874, 'listado_mostrar', 's'),
(107327, 100874, 'obligatorio', 'nulo'),
(107328, 100874, 'idioma_cs', 'Activo'),
(107329, 100874, 'filtrar', 's'),
(107330, 100875, 'tipo_dato', 'numero'),
(107331, 100875, 'origen_cp_id', '100829'),
(107332, 100875, 'tb_columna_tipo', 'nombre_link'),
(107333, 100875, 'seleccionar_alta', 's'),
(107334, 100875, 'link_a_grupo', 's'),
(107335, 100875, 'listado_mostrar', 's'),
(107336, 100875, 'obligatorio', 'no_nulo'),
(107337, 100875, 'idioma_cs', 'Cuenta'),
(107338, 100875, 'filtrar', 's'),
(107339, 100876, 'tipo_dato', 'texto_largo'),
(107340, 100876, 'tb_columna_tipo', 'nombre'),
(107341, 100876, 'alto', '5'),
(107342, 100876, 'ancho', '100'),
(107343, 100876, 'listado_mostrar', 'n'),
(107344, 100876, 'obligatorio', 'nulo'),
(107345, 100876, 'permite_html', 'n'),
(107346, 100876, 'idioma_cs', 'Detalle'),
(107347, 100876, 'filtrar', 's'),
(107357, 100878, 'tipo_dato', 'texto'),
(107358, 100878, 'largo', '30'),
(107359, 100878, 'tb_columna_tipo', 'nombre'),
(107360, 100878, 'listado_mostrar', 's'),
(107361, 100878, 'obligatorio', 'no_nulo'),
(107362, 100878, 'permite_html', ''),
(107363, 100878, 'idioma_cs', 'Factura'),
(107364, 100878, 'caracteres_permitidos', ''),
(107365, 100878, 'filtrar', 's'),
(107366, 100879, 'tipo_dato', 'numero'),
(107367, 100879, 'origen_cp_id', '100060'),
(107368, 100879, 'tb_columna_tipo', 'nombre_link'),
(107369, 100879, 'seleccionar_alta', 's'),
(107370, 100879, 'link_a_grupo', 's'),
(107371, 100879, 'listado_mostrar', 's'),
(107372, 100879, 'obligatorio', 'no_nulo'),
(107373, 100879, 'idioma_cs', 'Area'),
(107374, 100879, 'filtrar', 's'),
(107375, 100880, 'tipo_dato', 'decimal'),
(107376, 100880, 'tb_columna_tipo', 'nombre'),
(107377, 100880, 'largo', '10'),
(107378, 100880, 'decimales', '2'),
(107379, 100880, 'listado_mostrar', 's'),
(107380, 100880, 'obligatorio', 'no_nulo'),
(107381, 100880, 'idioma_cs', 'Monto'),
(107382, 100880, 'filtrar', 's'),
(107383, 100881, 'tipo_dato', 'decimal'),
(107384, 100881, 'tb_columna_tipo', 'nombre'),
(107385, 100881, 'largo', '10'),
(107386, 100881, 'decimales', '0'),
(107387, 100881, 'listado_mostrar', 'n'),
(107388, 100881, 'obligatorio', 'nulo'),
(107389, 100881, 'idioma_cs', 'ID store check proc'),
(107390, 100881, 'filtrar', 's'),
(107391, 100882, 'tipo_dato', 'numero'),
(107392, 100882, 'origen_cp_id', '100105'),
(107393, 100882, 'tb_columna_tipo', 'nombre_link'),
(107394, 100882, 'seleccionar_alta', 's'),
(107395, 100882, 'link_a_grupo', 's'),
(107396, 100882, 'listado_mostrar', 's'),
(107397, 100882, 'obligatorio', 'no_nulo'),
(107398, 100882, 'idioma_cs', 'Flujos dias'),
(107399, 100882, 'filtrar', 's'),
(107400, 100883, 'tipo_dato', 'texto_largo'),
(107401, 100883, 'tb_columna_tipo', 'nombre'),
(107402, 100883, 'alto', '5'),
(107403, 100883, 'ancho', '100'),
(107404, 100883, 'listado_mostrar', 'n'),
(107405, 100883, 'obligatorio', 'nulo'),
(107406, 100883, 'permite_html', 'n');
INSERT INTO `kirke_componente_parametro` (`id_componente_parametro`, `id_componente`, `parametro`, `valor`) VALUES
(107407, 100883, 'idioma_cs', 'Observaciones'),
(107408, 100883, 'filtrar', 's'),
(107409, 100884, 'tipo_dato', 'decimal'),
(107410, 100884, 'tb_columna_tipo', 'nombre'),
(107411, 100884, 'largo', '10'),
(107412, 100884, 'decimales', '0'),
(107413, 100884, 'listado_mostrar', 'n'),
(107414, 100884, 'obligatorio', 'nulo'),
(107415, 100884, 'idioma_cs', 'ID alta proveedores procesos'),
(107416, 100884, 'filtrar', 's'),
(107417, 100885, 'tipo_dato', 'numero'),
(107418, 100885, 'origen_cp_id', '100883'),
(107419, 100885, 'tb_columna_tipo', 'nombre_link'),
(107420, 100885, 'seleccionar_alta', 's'),
(107421, 100885, 'link_a_grupo', 's'),
(107422, 100885, 'listado_mostrar', 's'),
(107423, 100885, 'obligatorio', 'no_nulo'),
(107424, 100885, 'idioma_cs', 'Alta proveedores'),
(107425, 100885, 'filtrar', 's'),
(107426, 100886, 'tipo_dato', 'numero'),
(107427, 100886, 'origen_cp_id', '100105'),
(107428, 100886, 'tb_columna_tipo', 'nombre_link'),
(107429, 100886, 'seleccionar_alta', 's'),
(107430, 100886, 'link_a_grupo', 's'),
(107431, 100886, 'listado_mostrar', 's'),
(107432, 100886, 'obligatorio', 'no_nulo'),
(107433, 100886, 'idioma_cs', 'Flujos dias'),
(107434, 100886, 'filtrar', 's'),
(107435, 100887, 'tipo_dato', 'numero'),
(107436, 100887, 'origen_cp_id', '3043'),
(107437, 100887, 'tb_columna_tipo', 'nombre_link'),
(107438, 100887, 'seleccionar_alta', 's'),
(107439, 100887, 'link_a_grupo', 's'),
(107440, 100887, 'listado_mostrar', 's'),
(107441, 100887, 'obligatorio', 'no_nulo'),
(107442, 100887, 'idioma_cs', 'Usuario'),
(107443, 100887, 'filtrar', 's'),
(107444, 100888, 'tipo_dato', 'numero'),
(107445, 100888, 'tb_columna_tipo', 'fecha'),
(107446, 100888, 'largo', '20'),
(107447, 100888, 'formato_fecha', 'ddmmaaaa'),
(107448, 100888, 'tipo', 'alta'),
(107449, 100888, 'listado_mostrar', 's'),
(107450, 100888, 'idioma_cs', 'Fecha de alta'),
(107451, 100888, 'filtrar', 'n'),
(107452, 100889, 'tipo_dato', 'texto_largo'),
(107453, 100889, 'tb_columna_tipo', 'nombre'),
(107454, 100889, 'alto', '5'),
(107455, 100889, 'ancho', '100'),
(107456, 100889, 'listado_mostrar', 'n'),
(107457, 100889, 'obligatorio', 'nulo'),
(107458, 100889, 'permite_html', 'n'),
(107459, 100889, 'idioma_cs', 'Comentario'),
(107460, 100889, 'filtrar', 's'),
(107461, 100890, 'tipo_dato', 'numero'),
(107462, 100890, 'origen_cp_id', '100889'),
(107463, 100890, 'tb_columna_tipo', 'nombre_link'),
(107464, 100890, 'seleccionar_alta', 's'),
(107465, 100890, 'link_a_grupo', 's'),
(107466, 100890, 'listado_mostrar', 's'),
(107467, 100890, 'obligatorio', 'no_nulo'),
(107468, 100890, 'idioma_cs', 'Alta proveedores procesos'),
(107469, 100890, 'filtrar', 's'),
(107470, 100891, 'tipo_dato', 'numero'),
(107471, 100891, 'tb_columna_tipo', 'nombre'),
(107472, 100891, 'activado', 's'),
(107473, 100891, 'listado_mostrar', 's'),
(107474, 100891, 'obligatorio', 'nulo'),
(107475, 100891, 'idioma_cs', 'Activo'),
(107476, 100891, 'filtrar', 's'),
(107477, 100892, 'tipo_dato', 'texto_largo'),
(107478, 100892, 'directorio', '../upload_archivos'),
(107479, 100892, 'obligatorio', 'nulo'),
(107480, 100892, 'idioma_cs', 'Archivo'),
(107481, 100892, 'eliminacion_especial', 's'),
(107482, 100892, 'eliminar_archivos', 'n'),
(107483, 100892, 'filtrar', 's'),
(107484, 100893, 'tipo_dato', 'numero'),
(107485, 100893, 'origen_cp_id', '100773'),
(107486, 100893, 'tb_columna_tipo', 'nombre_link'),
(107487, 100893, 'seleccionar_alta', 's'),
(107488, 100893, 'link_a_grupo', 's'),
(107489, 100893, 'listado_mostrar', 's'),
(107490, 100893, 'obligatorio', 'no_nulo'),
(107491, 100893, 'idioma_cs', 'Mantenimiento'),
(107492, 100893, 'filtrar', 's'),
(107493, 100894, 'tipo_dato', 'decimal'),
(107494, 100894, 'tb_columna_tipo', 'nombre'),
(107495, 100894, 'largo', '10'),
(107496, 100894, 'decimales', '0'),
(107497, 100894, 'listado_mostrar', 'n'),
(107498, 100894, 'obligatorio', 'nulo'),
(107499, 100894, 'idioma_cs', 'ID aprob consolidaciones'),
(107500, 100894, 'filtrar', 's'),
(107501, 100895, 'tipo_dato', 'decimal'),
(107502, 100895, 'tb_columna_tipo', 'nombre'),
(107503, 100895, 'largo', '10'),
(107504, 100895, 'decimales', '0'),
(107505, 100895, 'listado_mostrar', 'n'),
(107506, 100895, 'obligatorio', 'nulo'),
(107507, 100895, 'idioma_cs', 'ID orden pedidos procesos'),
(107508, 100895, 'filtrar', 's'),
(107509, 100896, 'tipo_dato', 'texto'),
(107510, 100896, 'largo', '200'),
(107511, 100896, 'tb_columna_tipo', 'nombre'),
(107512, 100896, 'listado_mostrar', 's'),
(107513, 100896, 'obligatorio', 'no_nulo'),
(107514, 100896, 'permite_html', ''),
(107515, 100896, 'idioma_cs', 'Nombre'),
(107516, 100896, 'caracteres_permitidos', ''),
(107517, 100896, 'filtrar', 's'),
(107518, 100897, 'tipo_dato', 'texto_largo'),
(107519, 100897, 'tb_columna_tipo', 'nombre'),
(107520, 100897, 'alto', '5'),
(107521, 100897, 'ancho', '100'),
(107522, 100897, 'listado_mostrar', 'n'),
(107523, 100897, 'obligatorio', 'nulo'),
(107524, 100897, 'permite_html', 'n'),
(107525, 100897, 'idioma_cs', 'Direccion'),
(107526, 100897, 'filtrar', 's'),
(107527, 100898, 'tipo_dato', 'texto'),
(107528, 100898, 'largo', '40'),
(107529, 100898, 'tb_columna_tipo', 'nombre'),
(107530, 100898, 'listado_mostrar', 'n'),
(107531, 100898, 'obligatorio', 'nulo'),
(107532, 100898, 'permite_html', ''),
(107533, 100898, 'idioma_cs', 'Clave de identificacion tributaria'),
(107534, 100898, 'caracteres_permitidos', ''),
(107535, 100898, 'filtrar', 's'),
(107536, 100899, 'tipo_dato', 'texto'),
(107537, 100899, 'largo', '50'),
(107538, 100899, 'tb_columna_tipo', 'nombre'),
(107539, 100899, 'listado_mostrar', 'n'),
(107540, 100899, 'obligatorio', 'nulo'),
(107541, 100899, 'permite_html', ''),
(107542, 100899, 'idioma_cs', 'Tipo'),
(107543, 100899, 'caracteres_permitidos', ''),
(107544, 100899, 'filtrar', 's'),
(107545, 100900, 'tipo_dato', 'numero'),
(107546, 100900, 'origen_cp_id', '100896'),
(107547, 100900, 'tb_columna_tipo', 'nombre_link'),
(107548, 100900, 'seleccionar_alta', 's'),
(107549, 100900, 'link_a_grupo', 's'),
(107550, 100900, 'listado_mostrar', 'n'),
(107551, 100900, 'obligatorio', 'nulo'),
(107552, 100900, 'idioma_cs', 'Proveedor'),
(107553, 100900, 'filtrar', 's'),
(107554, 100901, 'tipo_dato', 'numero'),
(107555, 100901, 'origen_cp_id', '100896'),
(107556, 100901, 'tb_columna_tipo', 'nombre_link'),
(107557, 100901, 'seleccionar_alta', 's'),
(107558, 100901, 'link_a_grupo', 's'),
(107559, 100901, 'listado_mostrar', 'n'),
(107560, 100901, 'obligatorio', 'nulo'),
(107561, 100901, 'idioma_cs', 'Proveedor'),
(107562, 100901, 'filtrar', 's'),
(107563, 100902, 'tipo_dato', 'numero'),
(107564, 100902, 'origen_cp_id', '100896'),
(107565, 100902, 'tb_columna_tipo', 'nombre_link'),
(107566, 100902, 'seleccionar_alta', 's'),
(107567, 100902, 'link_a_grupo', 's'),
(107568, 100902, 'listado_mostrar', 'n'),
(107569, 100902, 'obligatorio', 'nulo'),
(107570, 100902, 'idioma_cs', 'Proveedor'),
(107571, 100902, 'filtrar', 's'),
(107572, 100903, 'tipo_dato', 'texto'),
(107573, 100903, 'largo', '50'),
(107574, 100903, 'tb_columna_tipo', 'nombre'),
(107575, 100903, 'listado_mostrar', 's'),
(107576, 100903, 'obligatorio', 'no_nulo'),
(107577, 100903, 'permite_html', ''),
(107578, 100903, 'idioma_cs', 'Rol'),
(107579, 100903, 'caracteres_permitidos', ''),
(107580, 100903, 'filtrar', 's'),
(107581, 100904, 'tipo_dato', 'numero'),
(107582, 100904, 'origen_cp_id', '3043'),
(107583, 100904, 'tb_columna_tipo', 'nombre_link'),
(107584, 100904, 'seleccionar_alta', 's'),
(107585, 100904, 'link_a_grupo', 's'),
(107586, 100904, 'listado_mostrar', 's'),
(107587, 100904, 'obligatorio', 'no_nulo'),
(107588, 100904, 'idioma_cs', 'Asistente'),
(107589, 100904, 'filtrar', 's'),
(107590, 100905, 'tipo_dato', 'numero'),
(107591, 100905, 'origen_cp_id', '3043'),
(107592, 100905, 'tb_columna_tipo', 'nombre_link'),
(107593, 100905, 'seleccionar_alta', 's'),
(107594, 100905, 'link_a_grupo', 's'),
(107595, 100905, 'listado_mostrar', 's'),
(107596, 100905, 'obligatorio', 'no_nulo'),
(107597, 100905, 'idioma_cs', 'vendedor'),
(107598, 100905, 'filtrar', 's'),
(107599, 100906, 'tipo_dato', 'numero'),
(107600, 100906, 'tb_columna_tipo', 'fecha'),
(107601, 100906, 'largo', '20'),
(107602, 100906, 'formato_fecha', 'ddmmaaaa'),
(107603, 100906, 'tipo', 'alta'),
(107604, 100906, 'listado_mostrar', 'n'),
(107605, 100906, 'idioma_cs', 'Fecha de alta'),
(107606, 100906, 'filtrar', 'n'),
(107607, 100907, 'tipo_dato', 'numero'),
(107608, 100907, 'tb_columna_tipo', 'nombre'),
(107609, 100907, 'activado', 's'),
(107610, 100907, 'listado_mostrar', 's'),
(107611, 100907, 'obligatorio', 'nulo'),
(107612, 100907, 'idioma_cs', 'Activo'),
(107613, 100907, 'filtrar', 's'),
(107614, 100908, 'tipo_dato', 'numero'),
(107615, 100908, 'origen_cp_id', '3043'),
(107616, 100908, 'tb_columna_tipo', 'nombre_link'),
(107617, 100908, 'seleccionar_alta', 's'),
(107618, 100908, 'link_a_grupo', 's'),
(107619, 100908, 'listado_mostrar', 's'),
(107620, 100908, 'obligatorio', 'no_nulo'),
(107621, 100908, 'idioma_cs', 'Asistente'),
(107622, 100908, 'filtrar', 's'),
(107623, 100909, 'tipo_dato', 'numero'),
(107624, 100909, 'origen_cp_id', '100029'),
(107625, 100909, 'tb_columna_tipo', 'nombre_link'),
(107626, 100909, 'seleccionar_alta', 's'),
(107627, 100909, 'link_a_grupo', 's'),
(107628, 100909, 'listado_mostrar', 's'),
(107629, 100909, 'obligatorio', 'no_nulo'),
(107630, 100909, 'idioma_cs', 'Cliente'),
(107631, 100909, 'filtrar', 's'),
(107632, 100910, 'tipo_dato', 'numero'),
(107633, 100910, 'tb_columna_tipo', 'nombre'),
(107634, 100910, 'activado', 's'),
(107635, 100910, 'listado_mostrar', 's'),
(107636, 100910, 'obligatorio', 'nulo'),
(107637, 100910, 'idioma_cs', 'Activo'),
(107638, 100910, 'filtrar', 's'),
(107639, 100911, 'tipo_dato', 'numero'),
(107640, 100911, 'tb_columna_tipo', 'fecha'),
(107641, 100911, 'largo', '20'),
(107642, 100911, 'formato_fecha', 'ddmmaaaa'),
(107643, 100911, 'tipo', 'alta'),
(107644, 100911, 'listado_mostrar', 's'),
(107645, 100911, 'idioma_cs', 'Fecha de alta'),
(107646, 100911, 'filtrar', 'n'),
(107654, 100913, 'tipo_dato', 'numero'),
(107655, 100913, 'tb_columna_tipo', 'nombre'),
(107656, 100913, 'activado', 'n'),
(107657, 100913, 'listado_mostrar', 's'),
(107658, 100913, 'obligatorio', 'nulo'),
(107659, 100913, 'idioma_cs', 'Acceso publico'),
(107660, 100913, 'filtrar', 's');

-- --------------------------------------------------------

--
-- Table structure for table `kirke_ip_control`
--

CREATE TABLE IF NOT EXISTS `kirke_ip_control` (
  `id_ip_control` int(6) NOT NULL AUTO_INCREMENT,
  `id_usuario` int(6) NOT NULL DEFAULT '0',
  `ip` varchar(20) DEFAULT NULL,
  `condicion` varchar(10) DEFAULT NULL,
  PRIMARY KEY (`id_ip_control`),
  KEY `id_usuario` (`id_usuario`)
) ENGINE=InnoDB DEFAULT CHARSET=utf8 AUTO_INCREMENT=1 ;

-- --------------------------------------------------------

--
-- Table structure for table `kirke_log`
--

CREATE TABLE IF NOT EXISTS `kirke_log` (
  `id_log` int(6) NOT NULL AUTO_INCREMENT,
  `id_usuario` int(6) NOT NULL DEFAULT '0',
  `elemento` varchar(100) NOT NULL,
  `pagina` varchar(200) DEFAULT NULL,
  `nombre` varchar(100) DEFAULT NULL,
  `hora` int(30) NOT NULL DEFAULT '0',
  `navegador` varchar(100) DEFAULT NULL,
  `ip` varchar(20) DEFAULT NULL,
  PRIMARY KEY (`id_log`),
  KEY `usuario` (`id_usuario`)
) ENGINE=MyISAM  DEFAULT CHARSET=utf8 AUTO_INCREMENT=104996 ;

--
-- Dumping data for table `kirke_log`
--

INSERT INTO `kirke_log` (`id_log`, `id_usuario`, `elemento`, `pagina`, `nombre`, `hora`, `navegador`, `ip`) VALUES
(100000, 1, 'Pagina', 'Bienvenida', '', 1357158710, 'FireFox', '192.168.143.1'),
(100001, 1, 'Pagina', 'RegistroListado', '', 1357158712, 'FireFox', '192.168.143.1'),
(100002, 1, 'Pagina', 'PaginaListado', '', 1357158714, 'FireFox', '192.168.143.1'),
(100003, 1, 'Pagina', 'RegistroListado', '', 1357158726, 'FireFox', '192.168.143.1'),
(100004, 1, 'Pagina', 'RegistroAlta', '', 1357158728, 'FireFox', '192.168.143.1'),
(100005, 1, 'Pagina', 'Bienvenida', '', 1357217642, 'FireFox', '192.168.143.1'),
(100006, 1, 'Pagina', 'RegistroListado', '', 1357217649, 'FireFox', '192.168.143.1'),
(100007, 1, 'Pagina', 'RegistroListado', '', 1357217659, 'FireFox', '192.168.143.1'),
(100008, 1, 'Pagina', 'PaginaListado', '', 1357217662, 'FireFox', '192.168.143.1'),
(100009, 1, 'Pagina', 'RegistroListado', '', 1357217685, 'FireFox', '192.168.143.1'),
(100010, 1, 'Pagina', 'RegistroListado', '', 1357217687, 'FireFox', '192.168.143.1'),
(100011, 1, 'Pagina', 'RegistroListado', '', 1357217690, 'FireFox', '192.168.143.1'),
(100012, 1, 'Pagina', 'Inicio', '', 1357218545, 'FireFox', '192.168.143.1'),
(100013, 1, 'Pagina', 'Inicio', '', 1357218551, 'FireFox', '192.168.143.1'),
(100014, 1, 'Pagina', 'Bienvenida', '', 1357218551, 'FireFox', '192.168.143.1'),
(100015, 1, 'Pagina', 'PaginaListado', '', 1357220614, 'FireFox', '192.168.143.1'),
(100016, 1, 'Pagina', 'PaginaAlta', '', 1357220616, 'FireFox', '192.168.143.1'),
(100017, 1, 'Pagina', 'PrefijoListado', '', 1357220621, 'FireFox', '192.168.143.1'),
(100018, 1, 'Pagina', 'PrefijoAlta', '', 1357220630, 'FireFox', '192.168.143.1'),
(100019, 1, 'Pagina', 'PrefijoAltaInsercion', '', 1357220641, 'FireFox', '192.168.143.1'),
(100020, 1, 'Pagina', 'PrefijoListado', '', 1357220641, 'FireFox', '192.168.143.1'),
(100021, 1, 'Pagina', 'PaginaListado', '', 1357220680, 'FireFox', '192.168.143.1'),
(100022, 1, 'Pagina', 'PaginaAlta', '', 1357220681, 'FireFox', '192.168.143.1'),
(100023, 1, 'Pagina', 'PaginaListado', '', 1357220903, 'FireFox', '192.168.143.1'),
(100024, 1, 'Pagina', 'PrefijoListado', '', 1357220905, 'FireFox', '192.168.143.1'),
(100025, 1, 'Pagina', 'PrefijoAlta', '', 1357220907, 'FireFox', '192.168.143.1'),
(100026, 1, 'Pagina', 'PrefijoAltaInsercion', '', 1357220914, 'FireFox', '192.168.143.1'),
(100027, 1, 'Pagina', 'PrefijoListado', '', 1357220914, 'FireFox', '192.168.143.1'),
(100028, 1, 'Pagina', 'PaginaListado', '', 1357220918, 'FireFox', '192.168.143.1'),
(100029, 1, 'Pagina', 'PaginaAlta', '', 1357220920, 'FireFox', '192.168.143.1'),
(100030, 1, 'Pagina', 'PaginaAltaInsercion', '', 1357221918, 'FireFox', '192.168.143.1'),
(100031, 1, 'Pagina', 'ComponenteListado', '', 1357221918, 'FireFox', '192.168.143.1'),
(100032, 1, 'Pagina', 'ComponenteAlta', '', 1357221922, 'FireFox', '192.168.143.1'),
(100033, 1, 'Pagina', 'ComponenteAltaInsercion', '', 1357221938, 'FireFox', '192.168.143.1'),
(100034, 1, 'Pagina', 'ComponenteListado', '', 1357221938, 'FireFox', '192.168.143.1'),
(100035, 1, 'Pagina', 'PaginaListado', '', 1357221946, 'FireFox', '192.168.143.1'),
(100036, 1, 'Pagina', 'PaginaAlta', '', 1357221949, 'FireFox', '192.168.143.1'),
(100037, 1, 'Pagina', 'PaginaAltaInsercion', '', 1357221965, 'FireFox', '192.168.143.1'),
(100038, 1, 'Pagina', 'ComponenteListado', '', 1357221965, 'FireFox', '192.168.143.1'),
(100039, 1, 'Pagina', 'ComponenteAlta', '', 1357221969, 'FireFox', '192.168.143.1'),
(100040, 1, 'Pagina', 'ComponenteAltaInsercion', '', 1357221988, 'FireFox', '192.168.143.1'),
(100041, 1, 'Pagina', 'ComponenteListado', '', 1357221988, 'FireFox', '192.168.143.1'),
(100042, 1, 'Pagina', 'ComponenteAlta', '', 1357221998, 'FireFox', '192.168.143.1'),
(100043, 1, 'Pagina', 'ComponenteAltaInsercion', '', 1357222040, 'FireFox', '192.168.143.1'),
(100044, 1, 'Pagina', 'ComponenteListado', '', 1357222040, 'FireFox', '192.168.143.1'),
(100045, 1, 'Pagina', 'PaginaListado', '', 1357222047, 'FireFox', '192.168.143.1'),
(100046, 1, 'Pagina', 'PaginaAlta', '', 1357222049, 'FireFox', '192.168.143.1'),
(100047, 1, 'Pagina', 'PaginaAltaInsercion', '', 1357222059, 'FireFox', '192.168.143.1'),
(100048, 1, 'Pagina', 'ComponenteListado', '', 1357222059, 'FireFox', '192.168.143.1'),
(100049, 1, 'Pagina', 'PaginaListado', '', 1357222064, 'FireFox', '192.168.143.1'),
(100050, 1, 'Pagina', 'PaginaAlta', '', 1357222066, 'FireFox', '192.168.143.1'),
(100051, 1, 'Pagina', 'PaginaAltaInsercion', '', 1357222075, 'FireFox', '192.168.143.1'),
(100052, 1, 'Pagina', 'ComponenteListado', '', 1357222075, 'FireFox', '192.168.143.1'),
(100053, 1, 'Pagina', 'ComponenteAlta', '', 1357222081, 'FireFox', '192.168.143.1'),
(100054, 1, 'Pagina', 'ComponenteAltaInsercion', '', 1357222089, 'FireFox', '192.168.143.1'),
(100055, 1, 'Pagina', 'ComponenteListado', '', 1357222089, 'FireFox', '192.168.143.1'),
(100056, 1, 'Pagina', 'PaginaListado', '', 1357222091, 'FireFox', '192.168.143.1'),
(100057, 1, 'Pagina', 'PaginaModificacion', '', 1357222094, 'FireFox', '192.168.143.1'),
(100058, 1, 'Pagina', 'PaginaListado', '', 1357222096, 'FireFox', '192.168.143.1'),
(100059, 1, 'Pagina', 'ComponenteListado', '', 1357222102, 'FireFox', '192.168.143.1'),
(100060, 1, 'Pagina', 'ComponenteAlta', '', 1357222110, 'FireFox', '192.168.143.1'),
(100061, 1, 'Pagina', 'ComponenteAltaInsercion', '', 1357222136, 'FireFox', '192.168.143.1'),
(100062, 1, 'Pagina', 'ComponenteListado', '', 1357222136, 'FireFox', '192.168.143.1'),
(100063, 1, 'Pagina', 'ComponenteAlta', '', 1357222152, 'FireFox', '192.168.143.1'),
(100064, 1, 'Pagina', 'ComponenteAltaInsercion', '', 1357222165, 'FireFox', '192.168.143.1'),
(100065, 1, 'Pagina', 'ComponenteListado', '', 1357222165, 'FireFox', '192.168.143.1'),
(100066, 1, 'Pagina', 'ComponenteAlta', '', 1357222225, 'FireFox', '192.168.143.1'),
(100067, 1, 'Pagina', 'ComponenteAltaInsercion', '', 1357222236, 'FireFox', '192.168.143.1'),
(100068, 1, 'Pagina', 'ComponenteListado', '', 1357222236, 'FireFox', '192.168.143.1'),
(100069, 1, 'Pagina', 'ComponenteAlta', '', 1357222242, 'FireFox', '192.168.143.1'),
(100070, 1, 'Pagina', 'ComponenteAltaInsercion', '', 1357222256, 'FireFox', '192.168.143.1'),
(100071, 1, 'Pagina', 'ComponenteListado', '', 1357222256, 'FireFox', '192.168.143.1'),
(100072, 1, 'Pagina', 'ComponenteAlta', '', 1357222266, 'FireFox', '192.168.143.1'),
(100073, 1, 'Pagina', 'ComponenteAltaInsercion', '', 1357222274, 'FireFox', '192.168.143.1'),
(100074, 1, 'Pagina', 'ComponenteListado', '', 1357222274, 'FireFox', '192.168.143.1'),
(100075, 1, 'Pagina', 'ComponenteAlta', '', 1357222873, 'FireFox', '192.168.143.1'),
(100076, 1, 'Pagina', 'ComponenteAltaInsercion', '', 1357222903, 'FireFox', '192.168.143.1'),
(100077, 1, 'Pagina', 'ComponenteListado', '', 1357222903, 'FireFox', '192.168.143.1'),
(100078, 1, 'Pagina', 'ComponenteAlta', '', 1357222927, 'FireFox', '192.168.143.1'),
(100079, 1, 'Pagina', 'ComponenteAltaInsercion', '', 1357223606, 'FireFox', '192.168.143.1'),
(100080, 1, 'Pagina', 'ComponenteListado', '', 1357223606, 'FireFox', '192.168.143.1'),
(100081, 1, 'Pagina', 'ComponenteAlta', '', 1357223625, 'FireFox', '192.168.143.1'),
(100082, 1, 'Pagina', 'ComponenteAltaInsercion', '', 1357223646, 'FireFox', '192.168.143.1'),
(100083, 1, 'Pagina', 'ComponenteListado', '', 1357223646, 'FireFox', '192.168.143.1'),
(100084, 1, 'Pagina', 'ComponenteModificacion', '', 1357223650, 'FireFox', '192.168.143.1'),
(100085, 1, 'Pagina', 'ComponenteModificacionInsercion', '', 1357223659, 'FireFox', '192.168.143.1'),
(100086, 1, 'Pagina', 'ComponenteListado', '', 1357223659, 'FireFox', '192.168.143.1'),
(100087, 1, 'Pagina', 'ComponenteAlta', '', 1357223667, 'FireFox', '192.168.143.1'),
(100088, 1, 'Pagina', 'ComponenteAltaInsercion', '', 1357223688, 'FireFox', '192.168.143.1'),
(100089, 1, 'Pagina', 'ComponenteListado', '', 1357223688, 'FireFox', '192.168.143.1'),
(100090, 1, 'Pagina', 'ComponenteAlta', '', 1357223706, 'FireFox', '192.168.143.1'),
(100091, 1, 'Pagina', 'ComponenteAltaInsercion', '', 1357223720, 'FireFox', '192.168.143.1'),
(100092, 1, 'Pagina', 'ComponenteListado', '', 1357223720, 'FireFox', '192.168.143.1'),
(100093, 1, 'Pagina', 'ComponenteAlta', '', 1357223731, 'FireFox', '192.168.143.1'),
(100094, 1, 'Pagina', 'ComponenteAltaInsercion', '', 1357223747, 'FireFox', '192.168.143.1'),
(100095, 1, 'Pagina', 'ComponenteListado', '', 1357223747, 'FireFox', '192.168.143.1'),
(100096, 1, 'Pagina', 'ComponenteAlta', '', 1357223762, 'FireFox', '192.168.143.1'),
(100097, 1, 'Pagina', 'ComponenteAltaInsercion', '', 1357223778, 'FireFox', '192.168.143.1'),
(100098, 1, 'Pagina', 'ComponenteListado', '', 1357223778, 'FireFox', '192.168.143.1'),
(100099, 1, 'Pagina', 'ComponenteAlta', '', 1357223811, 'FireFox', '192.168.143.1'),
(100100, 1, 'Pagina', 'ComponenteListado', '', 1357223817, 'FireFox', '192.168.143.1'),
(100101, 1, 'Pagina', 'ComponenteAlta', '', 1357223821, 'FireFox', '192.168.143.1'),
(100102, 1, 'Pagina', 'ComponenteAltaInsercion', '', 1357223827, 'FireFox', '192.168.143.1'),
(100103, 1, 'Pagina', 'ComponenteListado', '', 1357223827, 'FireFox', '192.168.143.1'),
(100104, 1, 'Pagina', 'ComponenteAlta', '', 1357223863, 'FireFox', '192.168.143.1'),
(100105, 1, 'Pagina', 'ComponenteAltaInsercion', '', 1357223982, 'FireFox', '192.168.143.1'),
(100106, 1, 'Pagina', 'ComponenteListado', '', 1357223982, 'FireFox', '192.168.143.1'),
(100107, 1, 'Pagina', 'ComponenteAlta', '', 1357224032, 'FireFox', '192.168.143.1'),
(100108, 1, 'Pagina', 'ComponenteAltaInsercion', '', 1357224069, 'FireFox', '192.168.143.1'),
(100109, 1, 'Pagina', 'ComponenteListado', '', 1357224069, 'FireFox', '192.168.143.1'),
(100110, 1, 'Pagina', 'ComponenteAlta', '', 1357224087, 'FireFox', '192.168.143.1'),
(100111, 1, 'Pagina', 'ComponenteAltaInsercion', '', 1357224113, 'FireFox', '192.168.143.1'),
(100112, 1, 'Pagina', 'ComponenteListado', '', 1357224113, 'FireFox', '192.168.143.1'),
(100113, 1, 'Pagina', 'PaginaListado', '', 1357224177, 'FireFox', '192.168.143.1'),
(100114, 1, 'Pagina', 'PrefijoListado', '', 1357224248, 'FireFox', '192.168.143.1'),
(100115, 1, 'Pagina', 'PrefijoAlta', '', 1357224250, 'FireFox', '192.168.143.1'),
(100116, 1, 'Pagina', 'PrefijoAltaInsercion', '', 1357224292, 'FireFox', '192.168.143.1'),
(100117, 1, 'Pagina', 'PrefijoListado', '', 1357224292, 'FireFox', '192.168.143.1'),
(100118, 1, 'Pagina', 'PaginaListado', '', 1357224300, 'FireFox', '192.168.143.1'),
(100119, 1, 'Pagina', 'PaginaAlta', '', 1357224302, 'FireFox', '192.168.143.1'),
(100120, 1, 'Pagina', 'PaginaAltaInsercion', '', 1357224311, 'FireFox', '192.168.143.1'),
(100121, 1, 'Pagina', 'ComponenteListado', '', 1357224311, 'FireFox', '192.168.143.1'),
(100122, 1, 'Pagina', 'ComponenteAlta', '', 1357224340, 'FireFox', '192.168.143.1'),
(100123, 1, 'Pagina', 'ComponenteAltaInsercion', '', 1357224354, 'FireFox', '192.168.143.1'),
(100124, 1, 'Pagina', 'ComponenteListado', '', 1357224354, 'FireFox', '192.168.143.1'),
(100125, 1, 'Pagina', 'ComponenteAlta', '', 1357224358, 'FireFox', '192.168.143.1'),
(100126, 1, 'Pagina', 'ComponenteAltaInsercion', '', 1357224384, 'FireFox', '192.168.143.1'),
(100127, 1, 'Pagina', 'ComponenteListado', '', 1357224384, 'FireFox', '192.168.143.1'),
(100128, 1, 'Pagina', 'Bienvenida', '', 1357225113, 'Netscape', '190.17.74.163'),
(100129, 1, 'Pagina', 'RegistroListado', '', 1357225122, 'Netscape', '190.17.74.163'),
(100130, 1, 'Pagina', 'RegistroListado', '', 1357225129, 'Netscape', '190.17.74.163'),
(100131, 1, 'Pagina', 'PaginaListado', '', 1357225351, 'Netscape', '190.17.74.163'),
(100132, 1, 'Pagina', 'ComponenteAlta', '', 1357225814, 'FireFox', '192.168.143.1'),
(100133, 1, 'Pagina', 'ComponenteAltaInsercion', '', 1357225824, 'FireFox', '192.168.143.1'),
(100134, 1, 'Pagina', 'ComponenteListado', '', 1357225824, 'FireFox', '192.168.143.1'),
(100135, 1, 'Pagina', 'ComponenteAlta', '', 1357225827, 'FireFox', '192.168.143.1'),
(100136, 1, 'Pagina', 'ComponenteAltaInsercion', '', 1357225840, 'FireFox', '192.168.143.1'),
(100137, 1, 'Pagina', 'ComponenteListado', '', 1357225840, 'FireFox', '192.168.143.1'),
(100138, 1, 'Pagina', 'ComponenteModificacion', '', 1357225842, 'FireFox', '192.168.143.1'),
(100139, 1, 'Pagina', 'ComponenteListado', '', 1357225844, 'FireFox', '192.168.143.1'),
(100140, 1, 'Pagina', 'ComponenteModificacion', '', 1357225845, 'FireFox', '192.168.143.1'),
(100141, 1, 'Pagina', 'ComponenteListado', '', 1357225847, 'FireFox', '192.168.143.1'),
(100142, 1, 'Pagina', 'ComponenteAlta', '', 1357225853, 'FireFox', '192.168.143.1'),
(100143, 1, 'Pagina', 'ComponenteAltaInsercion', '', 1357225875, 'FireFox', '192.168.143.1'),
(100144, 1, 'Pagina', 'ComponenteListado', '', 1357225875, 'FireFox', '192.168.143.1'),
(100145, 1, 'Pagina', 'ComponenteAlta', '', 1357225879, 'FireFox', '192.168.143.1'),
(100146, 1, 'Pagina', 'ComponenteAltaInsercion', '', 1357225900, 'FireFox', '192.168.143.1'),
(100147, 1, 'Pagina', 'ComponenteListado', '', 1357225900, 'FireFox', '192.168.143.1'),
(100148, 1, 'Pagina', 'ComponenteAlta', '', 1357225903, 'FireFox', '192.168.143.1'),
(100149, 1, 'Pagina', 'ComponenteListado', '', 1357225906, 'FireFox', '192.168.143.1'),
(100150, 1, 'Pagina', 'ComponenteAlta', '', 1357225930, 'FireFox', '192.168.143.1'),
(100151, 1, 'Pagina', 'ComponenteAltaInsercion', '', 1357225941, 'FireFox', '192.168.143.1'),
(100152, 1, 'Pagina', 'ComponenteListado', '', 1357225941, 'FireFox', '192.168.143.1'),
(100153, 1, 'Pagina', 'ComponenteAlta', '', 1357225945, 'FireFox', '192.168.143.1'),
(100154, 1, 'Pagina', 'ComponenteAltaInsercion', '', 1357225957, 'FireFox', '192.168.143.1'),
(100155, 1, 'Pagina', 'ComponenteListado', '', 1357225957, 'FireFox', '192.168.143.1'),
(100156, 1, 'Pagina', 'ComponenteAlta', '', 1357225961, 'FireFox', '192.168.143.1'),
(100157, 1, 'Pagina', 'ComponenteListado', '', 1357225962, 'FireFox', '192.168.143.1'),
(100158, 1, 'Pagina', 'ComponenteAlta', '', 1357225965, 'FireFox', '192.168.143.1'),
(100159, 1, 'Pagina', 'ComponenteAltaInsercion', '', 1357225994, 'FireFox', '192.168.143.1'),
(100160, 1, 'Pagina', 'ComponenteListado', '', 1357225994, 'FireFox', '192.168.143.1'),
(100161, 1, 'Pagina', 'MenuListado', '', 1357226005, 'FireFox', '192.168.143.1'),
(100162, 1, 'Pagina', 'PaginaListado', '', 1357226018, 'FireFox', '192.168.143.1'),
(100163, 1, 'Pagina', 'PrefijoListado', '', 1357226034, 'FireFox', '192.168.143.1'),
(100164, 1, 'Pagina', 'MenuListado', '', 1357226037, 'FireFox', '192.168.143.1'),
(100165, 1, 'Pagina', 'MenuAlta', '', 1357226038, 'FireFox', '192.168.143.1'),
(100166, 1, 'Pagina', 'MenuAltaInsercion', '', 1357226047, 'FireFox', '192.168.143.1'),
(100167, 1, 'Pagina', 'MenuListado', '', 1357226047, 'FireFox', '192.168.143.1'),
(100168, 1, 'Pagina', 'MenuLinkListado', '', 1357226051, 'FireFox', '192.168.143.1'),
(100169, 1, 'Pagina', 'MenuLinkAlta', '', 1357226053, 'FireFox', '192.168.143.1'),
(100170, 1, 'Pagina', 'MenuLinkAltaInsercion', '', 1357226062, 'FireFox', '192.168.143.1'),
(100171, 1, 'Pagina', 'MenuLinkParametroAlta', '', 1357226062, 'FireFox', '192.168.143.1'),
(100172, 1, 'Pagina', 'MenuLinkParametroAltaInsercion', '', 1357226065, 'FireFox', '192.168.143.1'),
(100173, 1, 'Pagina', 'MenuLinkListado', '', 1357226065, 'FireFox', '192.168.143.1'),
(100174, 1, 'Pagina', 'RegistroListado', '', 1357226070, 'FireFox', '192.168.143.1'),
(100175, 1, 'Pagina', 'RegistroAlta', '', 1357226071, 'FireFox', '192.168.143.1'),
(100176, 1, 'Pagina', 'RegistroListado', '', 1357226075, 'FireFox', '192.168.143.1'),
(100177, 1, 'Pagina', 'MenuListado', '', 1357226257, 'FireFox', '192.168.143.1'),
(100178, 1, 'Pagina', 'MenuModificacion', '', 1357226267, 'FireFox', '192.168.143.1'),
(100179, 1, 'Pagina', 'MenuModificacionInsercion', '', 1357226273, 'FireFox', '192.168.143.1'),
(100180, 1, 'Pagina', 'MenuListado', '', 1357226273, 'FireFox', '192.168.143.1'),
(100181, 1, 'Pagina', 'MenuModificacion', '', 1357226279, 'FireFox', '192.168.143.1'),
(100182, 1, 'Pagina', 'MenuModificacionInsercion', '', 1357226283, 'FireFox', '192.168.143.1'),
(100183, 1, 'Pagina', 'MenuListado', '', 1357226283, 'FireFox', '192.168.143.1'),
(100184, 1, 'Pagina', 'MenuLinkListado', '', 1357226292, 'FireFox', '192.168.143.1'),
(100185, 1, 'Pagina', 'MenuListado', '', 1357226294, 'FireFox', '192.168.143.1'),
(100186, 1, 'Pagina', 'MenuLinkListado', '', 1357226295, 'FireFox', '192.168.143.1'),
(100187, 1, 'Pagina', 'MenuLinkParametroAlta', '', 1357226300, 'FireFox', '192.168.143.1'),
(100188, 1, 'Pagina', 'MenuLinkListado', '', 1357226308, 'FireFox', '192.168.143.1'),
(100189, 1, 'Pagina', 'MenuLinkListado', '', 1357226349, 'FireFox', '192.168.143.1'),
(100190, 1, 'Pagina', 'Salir', '', 1357226352, 'FireFox', '192.168.143.1'),
(100191, 1, 'Pagina', 'Bienvenida', '', 1357226354, 'FireFox', '192.168.143.1'),
(100192, 1, 'Pagina', 'RegistroListado', '', 1357226370, 'FireFox', '192.168.143.1'),
(100193, 1, 'Pagina', 'PaginaListado', '', 1357227366, 'FireFox', '192.168.143.1'),
(100194, 1, 'Pagina', 'Bienvenida', '', 1357229871, 'FireFox', '192.168.143.1'),
(100195, 1, 'Pagina', 'PrefijoListado', '', 1357229874, 'FireFox', '192.168.143.1'),
(100196, 1, 'Pagina', 'PrefijoAlta', '', 1357229876, 'FireFox', '192.168.143.1'),
(100197, 1, 'Pagina', 'PrefijoAltaInsercion', '', 1357229887, 'FireFox', '192.168.143.1'),
(100198, 1, 'Pagina', 'PrefijoListado', '', 1357229887, 'FireFox', '192.168.143.1'),
(100199, 1, 'Pagina', 'MenuListado', '', 1357229900, 'FireFox', '192.168.143.1'),
(100200, 1, 'Pagina', 'MenuAlta', '', 1357229902, 'FireFox', '192.168.143.1'),
(100201, 1, 'Pagina', 'MenuAltaInsercion', '', 1357229915, 'FireFox', '192.168.143.1'),
(100202, 1, 'Pagina', 'MenuListado', '', 1357229915, 'FireFox', '192.168.143.1'),
(100203, 1, 'Pagina', 'PaginaListado', '', 1357229998, 'FireFox', '192.168.143.1'),
(100204, 1, 'Pagina', 'PaginaAlta', '', 1357230000, 'FireFox', '192.168.143.1'),
(100205, 1, 'Pagina', 'PaginaAltaInsercion', '', 1357230021, 'FireFox', '192.168.143.1'),
(100206, 1, 'Pagina', 'ComponenteListado', '', 1357230021, 'FireFox', '192.168.143.1'),
(100207, 1, 'Pagina', 'ComponenteAlta', '', 1357232138, 'FireFox', '192.168.143.1'),
(100208, 1, 'Pagina', 'ComponenteAltaInsercion', '', 1357232150, 'FireFox', '192.168.143.1'),
(100209, 1, 'Pagina', 'ComponenteListado', '', 1357232150, 'FireFox', '192.168.143.1'),
(100210, 1, 'Pagina', 'ComponenteAlta', '', 1357232158, 'FireFox', '192.168.143.1'),
(100211, 1, 'Pagina', 'ComponenteAltaInsercion', '', 1357232177, 'FireFox', '192.168.143.1'),
(100212, 1, 'Pagina', 'ComponenteListado', '', 1357232177, 'FireFox', '192.168.143.1'),
(100213, 1, 'Pagina', 'ComponenteAlta', '', 1357232184, 'FireFox', '192.168.143.1'),
(100214, 1, 'Pagina', 'ComponenteAltaInsercion', '', 1357232241, 'FireFox', '192.168.143.1'),
(100215, 1, 'Pagina', 'ComponenteListado', '', 1357232241, 'FireFox', '192.168.143.1'),
(100216, 1, 'Pagina', 'PaginaListado', '', 1357232398, 'FireFox', '192.168.143.1'),
(100217, 1, 'Pagina', 'PaginaModificacion', '', 1357232412, 'FireFox', '192.168.143.1'),
(100218, 1, 'Pagina', 'PaginaListado', '', 1357232417, 'FireFox', '192.168.143.1'),
(100219, 1, 'Pagina', 'PrefijoListado', '', 1357232419, 'FireFox', '192.168.143.1'),
(100220, 1, 'Pagina', 'PrefijoAlta', '', 1357232421, 'FireFox', '192.168.143.1'),
(100221, 1, 'Pagina', 'PrefijoAltaInsercion', '', 1357232430, 'FireFox', '192.168.143.1'),
(100222, 1, 'Pagina', 'PrefijoListado', '', 1357232430, 'FireFox', '192.168.143.1'),
(100223, 1, 'Pagina', 'PaginaListado', '', 1357232433, 'FireFox', '192.168.143.1'),
(100224, 1, 'Pagina', 'PaginaModificacion', '', 1357232435, 'FireFox', '192.168.143.1'),
(100225, 1, 'Pagina', 'PaginaModificacionInsercion', '', 1357232439, 'FireFox', '192.168.143.1'),
(100226, 1, 'Pagina', 'PaginaListado', '', 1357232439, 'FireFox', '192.168.143.1'),
(100227, 1, 'Pagina', 'PaginaModificacion', '', 1357232442, 'FireFox', '192.168.143.1'),
(100228, 1, 'Pagina', 'PaginaModificacionInsercion', '', 1357232446, 'FireFox', '192.168.143.1'),
(100229, 1, 'Pagina', 'PaginaListado', '', 1357232446, 'FireFox', '192.168.143.1'),
(100230, 1, 'Pagina', 'RegistroListado', '', 1357232454, 'FireFox', '192.168.143.1'),
(100231, 1, 'Pagina', 'RegistroAlta', '', 1357232456, 'FireFox', '192.168.143.1'),
(100232, 1, 'Pagina', 'RegistroAlta', '', 1357232519, 'FireFox', '192.168.143.1'),
(100233, 1, 'Pagina', 'PaginaListado', '', 1357232563, 'FireFox', '192.168.143.1'),
(100234, 1, 'Pagina', 'ComponenteListado', '', 1357232569, 'FireFox', '192.168.143.1'),
(100235, 1, 'Pagina', 'ComponenteAlta', '', 1357232577, 'FireFox', '192.168.143.1'),
(100236, 1, 'Pagina', 'ComponenteListado', '', 1357232607, 'FireFox', '192.168.143.1'),
(100237, 1, 'Pagina', 'PaginaListado', '', 1357232609, 'FireFox', '192.168.143.1'),
(100238, 1, 'Pagina', 'PaginaModificacion', '', 1357232612, 'FireFox', '192.168.143.1'),
(100239, 1, 'Pagina', 'PaginaModificacionInsercion', '', 1357232619, 'FireFox', '192.168.143.1'),
(100240, 1, 'Pagina', 'PaginaListado', '', 1357232619, 'FireFox', '192.168.143.1'),
(100241, 1, 'Pagina', 'ComponenteListado', '', 1357232650, 'FireFox', '192.168.143.1'),
(100242, 1, 'Pagina', 'ComponenteAlta', '', 1357232656, 'FireFox', '192.168.143.1'),
(100243, 1, 'Pagina', 'ComponenteAltaInsercion', '', 1357232686, 'FireFox', '192.168.143.1'),
(100244, 1, 'Pagina', 'ComponenteListado', '', 1357232686, 'FireFox', '192.168.143.1'),
(100245, 1, 'Pagina', 'ComponenteAlta', '', 1357232693, 'FireFox', '192.168.143.1'),
(100246, 1, 'Pagina', 'ComponenteAltaInsercion', '', 1357232718, 'FireFox', '192.168.143.1'),
(100247, 1, 'Pagina', 'ComponenteListado', '', 1357232719, 'FireFox', '192.168.143.1'),
(100248, 1, 'Pagina', 'ComponenteAlta', '', 1357232879, 'FireFox', '192.168.143.1'),
(100249, 1, 'Pagina', 'ComponenteAltaInsercion', '', 1357232898, 'FireFox', '192.168.143.1'),
(100250, 1, 'Pagina', 'ComponenteListado', '', 1357232898, 'FireFox', '192.168.143.1'),
(100251, 1, 'Pagina', 'Bienvenida', '', 1357237191, 'FireFox', '192.168.143.1'),
(100252, 1, 'Pagina', 'PaginaListado', '', 1357237195, 'FireFox', '192.168.143.1'),
(100253, 1, 'Pagina', 'ComponenteListado', '', 1357237197, 'FireFox', '192.168.143.1'),
(100254, 1, 'Pagina', 'PaginaListado', '', 1357237393, 'FireFox', '192.168.143.1'),
(100255, 1, 'Pagina', 'PaginaAlta', '', 1357237396, 'FireFox', '192.168.143.1'),
(100256, 1, 'Pagina', 'PaginaAltaInsercion', '', 1357237422, 'FireFox', '192.168.143.1'),
(100257, 1, 'Pagina', 'ComponenteListado', '', 1357237422, 'FireFox', '192.168.143.1'),
(100258, 1, 'Pagina', 'ComponenteAlta', '', 1357237426, 'FireFox', '192.168.143.1'),
(100259, 1, 'Pagina', 'ComponenteAltaInsercion', '', 1357237435, 'FireFox', '192.168.143.1'),
(100260, 1, 'Pagina', 'ComponenteListado', '', 1357237435, 'FireFox', '192.168.143.1'),
(100261, 1, 'Pagina', 'ComponenteAlta', '', 1357237446, 'FireFox', '192.168.143.1'),
(100262, 1, 'Pagina', 'ComponenteAltaInsercion', '', 1357237467, 'FireFox', '192.168.143.1'),
(100263, 1, 'Pagina', 'ComponenteListado', '', 1357237467, 'FireFox', '192.168.143.1'),
(100264, 1, 'Pagina', 'ComponenteAlta', '', 1357237473, 'FireFox', '192.168.143.1'),
(100265, 1, 'Pagina', 'ComponenteAltaInsercion', '', 1357237480, 'FireFox', '192.168.143.1'),
(100266, 1, 'Pagina', 'ComponenteListado', '', 1357237480, 'FireFox', '192.168.143.1'),
(100267, 1, 'Pagina', 'ComponenteAlta', '', 1357237485, 'FireFox', '192.168.143.1'),
(100268, 1, 'Pagina', 'ComponenteAltaInsercion', '', 1357237494, 'FireFox', '192.168.143.1'),
(100269, 1, 'Pagina', 'ComponenteListado', '', 1357237494, 'FireFox', '192.168.143.1'),
(100270, 1, 'Pagina', 'PaginaListado', '', 1357237496, 'FireFox', '192.168.143.1'),
(100271, 1, 'Pagina', 'PaginaAlta', '', 1357237546, 'FireFox', '192.168.143.1'),
(100272, 1, 'Pagina', 'PaginaAltaInsercion', '', 1357237858, 'FireFox', '192.168.143.1'),
(100273, 1, 'Pagina', 'ComponenteListado', '', 1357237858, 'FireFox', '192.168.143.1'),
(100274, 1, 'Pagina', 'ComponenteAlta', '', 1357237861, 'FireFox', '192.168.143.1'),
(100275, 1, 'Pagina', 'ComponenteAltaInsercion', '', 1357237873, 'FireFox', '192.168.143.1'),
(100276, 1, 'Pagina', 'ComponenteListado', '', 1357237873, 'FireFox', '192.168.143.1'),
(100277, 1, 'Pagina', 'PaginaListado', '', 1357237876, 'FireFox', '192.168.143.1'),
(100278, 1, 'Pagina', 'ComponenteListado', '', 1357237878, 'FireFox', '192.168.143.1'),
(100279, 1, 'Pagina', 'PaginaListado', '', 1357237883, 'FireFox', '192.168.143.1'),
(100280, 1, 'Pagina', 'ComponenteListado', '', 1357237885, 'FireFox', '192.168.143.1'),
(100281, 1, 'Pagina', 'ComponenteModificacion', '', 1357237886, 'FireFox', '192.168.143.1'),
(100282, 1, 'Pagina', 'ComponenteModificacionInsercion', '', 1357237893, 'FireFox', '192.168.143.1'),
(100283, 1, 'Pagina', 'ComponenteListado', '', 1357237893, 'FireFox', '192.168.143.1'),
(100284, 1, 'Pagina', 'PaginaListado', '', 1357237960, 'FireFox', '192.168.143.1'),
(100285, 1, 'Pagina', 'ComponenteListado', '', 1357237964, 'FireFox', '192.168.143.1'),
(100286, 1, 'Pagina', 'ComponenteAlta', '', 1357237971, 'FireFox', '192.168.143.1'),
(100287, 1, 'Pagina', 'ComponenteAltaInsercion', '', 1357237978, 'FireFox', '192.168.143.1'),
(100288, 1, 'Pagina', 'ComponenteListado', '', 1357237978, 'FireFox', '192.168.143.1'),
(100289, 1, 'Pagina', 'ComponenteAlta', '', 1357237983, 'FireFox', '192.168.143.1'),
(100290, 1, 'Pagina', 'ComponenteAltaInsercion', '', 1357237992, 'FireFox', '192.168.143.1'),
(100291, 1, 'Pagina', 'ComponenteListado', '', 1357237992, 'FireFox', '192.168.143.1'),
(100292, 1, 'Pagina', 'PaginaListado', '', 1357237994, 'FireFox', '192.168.143.1'),
(100293, 1, 'Pagina', 'ComponenteListado', '', 1357237997, 'FireFox', '192.168.143.1'),
(100294, 1, 'Pagina', 'ComponenteAlta', '', 1357239081, 'FireFox', '192.168.143.1'),
(100295, 1, 'Pagina', 'ComponenteAltaInsercion', '', 1357239092, 'FireFox', '192.168.143.1'),
(100296, 1, 'Pagina', 'ComponenteListado', '', 1357239092, 'FireFox', '192.168.143.1'),
(100297, 1, 'Pagina', 'ComponenteAlta', '', 1357239095, 'FireFox', '192.168.143.1'),
(100298, 1, 'Pagina', 'ComponenteAltaInsercion', '', 1357239108, 'FireFox', '192.168.143.1'),
(100299, 1, 'Pagina', 'ComponenteListado', '', 1357239108, 'FireFox', '192.168.143.1'),
(100300, 1, 'Pagina', 'ComponenteAlta', '', 1357239320, 'FireFox', '192.168.143.1'),
(100301, 1, 'Pagina', 'ComponenteAltaInsercion', '', 1357239346, 'FireFox', '192.168.143.1'),
(100302, 1, 'Pagina', 'ComponenteListado', '', 1357239346, 'FireFox', '192.168.143.1'),
(100303, 1, 'Pagina', 'ComponenteAlta', '', 1357239351, 'FireFox', '192.168.143.1'),
(100304, 1, 'Pagina', 'ComponenteAltaInsercion', '', 1357239360, 'FireFox', '192.168.143.1'),
(100305, 1, 'Pagina', 'ComponenteListado', '', 1357239360, 'FireFox', '192.168.143.1'),
(100306, 1, 'Pagina', 'ComponenteAlta', '', 1357239364, 'FireFox', '192.168.143.1'),
(100307, 1, 'Pagina', 'ComponenteAltaInsercion', '', 1357239372, 'FireFox', '192.168.143.1'),
(100308, 1, 'Pagina', 'ComponenteListado', '', 1357239372, 'FireFox', '192.168.143.1'),
(100309, 1, 'Pagina', 'ComponenteAlta', '', 1357239411, 'FireFox', '192.168.143.1'),
(100310, 1, 'Pagina', 'ComponenteAltaInsercion', '', 1357239422, 'FireFox', '192.168.143.1'),
(100311, 1, 'Pagina', 'ComponenteListado', '', 1357239422, 'FireFox', '192.168.143.1'),
(100312, 1, 'Pagina', 'ComponenteAlta', '', 1357239428, 'FireFox', '192.168.143.1'),
(100313, 1, 'Pagina', 'ComponenteListado', '', 1357239430, 'FireFox', '192.168.143.1'),
(100314, 1, 'Pagina', 'ComponenteAlta', '', 1357239431, 'FireFox', '192.168.143.1'),
(100315, 1, 'Pagina', 'ComponenteAltaInsercion', '', 1357239441, 'FireFox', '192.168.143.1'),
(100316, 1, 'Pagina', 'ComponenteListado', '', 1357239441, 'FireFox', '192.168.143.1'),
(100317, 1, 'Pagina', 'ComponenteAlta', '', 1357239445, 'FireFox', '192.168.143.1'),
(100318, 1, 'Pagina', 'ComponenteAltaInsercion', '', 1357239459, 'FireFox', '192.168.143.1'),
(100319, 1, 'Pagina', 'ComponenteListado', '', 1357239459, 'FireFox', '192.168.143.1'),
(100320, 1, 'Pagina', 'MenuListado', '', 1357239479, 'FireFox', '192.168.143.1'),
(100321, 1, 'Pagina', 'MenuLinkListado', '', 1357239481, 'FireFox', '192.168.143.1'),
(100322, 1, 'Pagina', 'MenuLinkAlta', '', 1357239482, 'FireFox', '192.168.143.1'),
(100323, 1, 'Pagina', 'MenuLinkAltaInsercion', '', 1357239491, 'FireFox', '192.168.143.1'),
(100324, 1, 'Pagina', 'MenuLinkParametroAlta', '', 1357239491, 'FireFox', '192.168.143.1'),
(100325, 1, 'Pagina', 'MenuLinkParametroAltaInsercion', '', 1357239493, 'FireFox', '192.168.143.1'),
(100326, 1, 'Pagina', 'MenuLinkListado', '', 1357239493, 'FireFox', '192.168.143.1'),
(100327, 1, 'Pagina', 'MenuLinkAlta', '', 1357239494, 'FireFox', '192.168.143.1'),
(100328, 1, 'Pagina', 'MenuLinkListado', '', 1357239503, 'FireFox', '192.168.143.1'),
(100329, 1, 'Pagina', 'MenuLinkBaja', '', 1357239505, 'FireFox', '192.168.143.1'),
(100330, 1, 'Pagina', 'MenuLinkListado', '', 1357239505, 'FireFox', '192.168.143.1'),
(100331, 1, 'Pagina', 'MenuListado', '', 1357239509, 'FireFox', '192.168.143.1'),
(100332, 1, 'Pagina', 'Salir', '', 1357239513, 'FireFox', '192.168.143.1'),
(100333, 1, 'Pagina', 'Bienvenida', '', 1357239514, 'FireFox', '192.168.143.1'),
(100334, 1, 'Pagina', 'MenuListado', '', 1357239521, 'FireFox', '192.168.143.1'),
(100335, 1, 'Pagina', 'MenuAlta', '', 1357239524, 'FireFox', '192.168.143.1'),
(100336, 1, 'Pagina', 'MenuAltaInsercion', '', 1357239531, 'FireFox', '192.168.143.1'),
(100337, 1, 'Pagina', 'MenuListado', '', 1357239532, 'FireFox', '192.168.143.1'),
(100338, 1, 'Pagina', 'MenuLinkListado', '', 1357239533, 'FireFox', '192.168.143.1'),
(100339, 1, 'Pagina', 'MenuLinkAlta', '', 1357239535, 'FireFox', '192.168.143.1'),
(100340, 1, 'Pagina', 'MenuLinkAltaInsercion', '', 1357239542, 'FireFox', '192.168.143.1'),
(100341, 1, 'Pagina', 'MenuLinkParametroAlta', '', 1357239542, 'FireFox', '192.168.143.1'),
(100342, 1, 'Pagina', 'MenuLinkParametroAltaInsercion', '', 1357239543, 'FireFox', '192.168.143.1'),
(100343, 1, 'Pagina', 'MenuLinkListado', '', 1357239543, 'FireFox', '192.168.143.1'),
(100344, 1, 'Pagina', 'MenuLinkAlta', '', 1357239544, 'FireFox', '192.168.143.1'),
(100345, 1, 'Pagina', 'MenuLinkAltaInsercion', '', 1357239555, 'FireFox', '192.168.143.1'),
(100346, 1, 'Pagina', 'MenuLinkParametroAlta', '', 1357239555, 'FireFox', '192.168.143.1'),
(100347, 1, 'Pagina', 'MenuLinkParametroAltaInsercion', '', 1357239557, 'FireFox', '192.168.143.1'),
(100348, 1, 'Pagina', 'MenuLinkListado', '', 1357239557, 'FireFox', '192.168.143.1'),
(100349, 1, 'Pagina', 'MenuLinkAlta', '', 1357239558, 'FireFox', '192.168.143.1'),
(100350, 1, 'Pagina', 'MenuLinkAltaInsercion', '', 1357239565, 'FireFox', '192.168.143.1'),
(100351, 1, 'Pagina', 'MenuLinkParametroAlta', '', 1357239565, 'FireFox', '192.168.143.1'),
(100352, 1, 'Pagina', 'MenuLinkParametroAltaInsercion', '', 1357239567, 'FireFox', '192.168.143.1'),
(100353, 1, 'Pagina', 'MenuLinkListado', '', 1357239567, 'FireFox', '192.168.143.1'),
(100354, 1, 'Pagina', 'MenuListado', '', 1357239637, 'FireFox', '192.168.143.1'),
(100355, 1, 'Pagina', 'PaginaListado', '', 1357239639, 'FireFox', '192.168.143.1'),
(100356, 1, 'Pagina', 'PaginaAlta', '', 1357239642, 'FireFox', '192.168.143.1'),
(100357, 1, 'Pagina', 'PaginaListado', '', 1357239718, 'FireFox', '192.168.143.1'),
(100358, 1, 'Pagina', 'ComponenteListado', '', 1357239720, 'FireFox', '192.168.143.1'),
(100359, 1, 'Pagina', 'ComponenteAlta', '', 1357239725, 'FireFox', '192.168.143.1'),
(100360, 1, 'Pagina', 'ComponenteAltaInsercion', '', 1357239756, 'FireFox', '192.168.143.1'),
(100361, 1, 'Pagina', 'ComponenteListado', '', 1357239756, 'FireFox', '192.168.143.1'),
(100362, 1, 'Pagina', 'ComponenteAlta', '', 1357239804, 'FireFox', '192.168.143.1'),
(100363, 1, 'Pagina', 'ComponenteAlta', '', 1357239909, 'FireFox', '192.168.143.1'),
(100364, 1, 'Pagina', 'ComponenteListado', '', 1357239911, 'FireFox', '192.168.143.1'),
(100365, 1, 'Pagina', 'ComponenteAlta', '', 1357239914, 'FireFox', '192.168.143.1'),
(100366, 1, 'Pagina', 'ComponenteAltaInsercion', '', 1357239932, 'FireFox', '192.168.143.1'),
(100367, 1, 'Pagina', 'ComponenteListado', '', 1357239932, 'FireFox', '192.168.143.1'),
(100368, 1, 'Pagina', 'PaginaListado', '', 1357239999, 'FireFox', '192.168.143.1'),
(100369, 1, 'Pagina', 'PaginaListado', '', 1357240004, 'FireFox', '192.168.143.1'),
(100370, 1, 'Pagina', 'PaginaListado', '', 1357240008, 'FireFox', '192.168.143.1'),
(100371, 1, 'Pagina', 'PaginaAlta', '', 1357240010, 'FireFox', '192.168.143.1'),
(100372, 1, 'Pagina', 'PaginaAltaInsercion', '', 1357240024, 'FireFox', '192.168.143.1'),
(100373, 1, 'Pagina', 'ComponenteListado', '', 1357240024, 'FireFox', '192.168.143.1'),
(100374, 1, 'Pagina', 'ComponenteAlta', '', 1357240033, 'FireFox', '192.168.143.1'),
(100375, 1, 'Pagina', 'ComponenteAltaInsercion', '', 1357240043, 'FireFox', '192.168.143.1'),
(100376, 1, 'Pagina', 'ComponenteListado', '', 1357240043, 'FireFox', '192.168.143.1'),
(100377, 1, 'Pagina', 'ComponenteAlta', '', 1357240052, 'FireFox', '192.168.143.1'),
(100378, 1, 'Pagina', 'ComponenteAltaInsercion', '', 1357240097, 'FireFox', '192.168.143.1'),
(100379, 1, 'Pagina', 'ComponenteListado', '', 1357240097, 'FireFox', '192.168.143.1'),
(100380, 1, 'Pagina', 'ComponenteModificacion', '', 1357240099, 'FireFox', '192.168.143.1'),
(100381, 1, 'Pagina', 'ComponenteModificacionInsercion', '', 1357240102, 'FireFox', '192.168.143.1'),
(100382, 1, 'Pagina', 'ComponenteListado', '', 1357240102, 'FireFox', '192.168.143.1'),
(100383, 1, 'Pagina', 'PaginaListado', '', 1357240103, 'FireFox', '192.168.143.1'),
(100384, 1, 'Pagina', 'RegistroListado', '', 1357240108, 'FireFox', '192.168.143.1'),
(100385, 1, 'Pagina', 'RegistroAlta', '', 1357240109, 'FireFox', '192.168.143.1'),
(100386, 1, 'Pagina', 'RegistroAltaInsercion', '', 1357240126, 'FireFox', '192.168.143.1'),
(100387, 1, 'Pagina', 'RegistroListado', '', 1357240126, 'FireFox', '192.168.143.1'),
(100388, 1, 'Pagina', 'RegistroAlta', '', 1357240127, 'FireFox', '192.168.143.1'),
(100389, 1, 'Pagina', 'RegistroListado', '', 1357240132, 'FireFox', '192.168.143.1'),
(100390, 1, 'Pagina', 'RegistroAlta', '', 1357240134, 'FireFox', '192.168.143.1'),
(100391, 1, 'Pagina', 'RegistroAltaInsercion', '', 1357240142, 'FireFox', '192.168.143.1'),
(100392, 1, 'Pagina', 'RegistroListado', '', 1357240142, 'FireFox', '192.168.143.1'),
(100393, 1, 'Pagina', 'RegistroAlta', '', 1357240147, 'FireFox', '192.168.143.1'),
(100394, 1, 'Pagina', 'RegistroAltaInsercion', '', 1357240157, 'FireFox', '192.168.143.1'),
(100395, 1, 'Pagina', 'RegistroListado', '', 1357240157, 'FireFox', '192.168.143.1'),
(100396, 1, 'Pagina', 'PaginaListado', '', 1357240188, 'FireFox', '192.168.143.1'),
(100397, 1, 'Pagina', 'ComponenteListado', '', 1357240193, 'FireFox', '192.168.143.1'),
(100398, 1, 'Pagina', 'ComponenteAlta', '', 1357240197, 'FireFox', '192.168.143.1'),
(100399, 1, 'Pagina', 'ComponenteAltaInsercion', '', 1357240214, 'FireFox', '192.168.143.1'),
(100400, 1, 'Pagina', 'ComponenteListado', '', 1357240214, 'FireFox', '192.168.143.1'),
(100401, 1, 'Pagina', 'ComponenteListado', '', 1357240219, 'FireFox', '192.168.143.1'),
(100402, 1, 'Pagina', 'PaginaListado', '', 1357240303, 'FireFox', '192.168.143.1'),
(100403, 1, 'Pagina', 'PaginaAlta', '', 1357240433, 'FireFox', '192.168.143.1'),
(100404, 1, 'Pagina', 'PaginaAltaInsercion', '', 1357240452, 'FireFox', '192.168.143.1'),
(100405, 1, 'Pagina', 'ComponenteListado', '', 1357240452, 'FireFox', '192.168.143.1'),
(100406, 1, 'Pagina', 'ComponenteAlta', '', 1357240459, 'FireFox', '192.168.143.1'),
(100407, 1, 'Pagina', 'ComponenteAltaInsercion', '', 1357240469, 'FireFox', '192.168.143.1'),
(100408, 1, 'Pagina', 'ComponenteListado', '', 1357240469, 'FireFox', '192.168.143.1'),
(100409, 1, 'Pagina', 'MenuListado', '', 1357240538, 'FireFox', '192.168.143.1'),
(100410, 1, 'Pagina', 'MenuLinkListado', '', 1357240540, 'FireFox', '192.168.143.1'),
(100411, 1, 'Pagina', 'MenuLinkAlta', '', 1357240541, 'FireFox', '192.168.143.1'),
(100412, 1, 'Pagina', 'MenuLinkAltaInsercion', '', 1357240550, 'FireFox', '192.168.143.1'),
(100413, 1, 'Pagina', 'MenuLinkParametroAlta', '', 1357240550, 'FireFox', '192.168.143.1'),
(100414, 1, 'Pagina', 'MenuLinkParametroAltaInsercion', '', 1357240552, 'FireFox', '192.168.143.1'),
(100415, 1, 'Pagina', 'MenuLinkListado', '', 1357240553, 'FireFox', '192.168.143.1'),
(100416, 1, 'Pagina', 'RegistroListado', '', 1357240555, 'FireFox', '192.168.143.1'),
(100417, 1, 'Pagina', 'RegistroListado', '', 1357240558, 'FireFox', '192.168.143.1'),
(100418, 1, 'Pagina', 'PaginaListado', '', 1357240929, 'FireFox', '192.168.143.1'),
(100419, 1, 'Pagina', 'ComponenteListado', '', 1357240941, 'FireFox', '192.168.143.1'),
(100420, 1, 'Pagina', 'ComponenteAlta', '', 1357240947, 'FireFox', '192.168.143.1'),
(100421, 1, 'Pagina', 'ComponenteAltaInsercion', '', 1357240953, 'FireFox', '192.168.143.1'),
(100422, 1, 'Pagina', 'ComponenteListado', '', 1357240953, 'FireFox', '192.168.143.1'),
(100423, 1, 'Pagina', 'ComponenteAlta', '', 1357240959, 'FireFox', '192.168.143.1'),
(100424, 1, 'Pagina', 'ComponenteAltaInsercion', '', 1357240972, 'FireFox', '192.168.143.1'),
(100425, 1, 'Pagina', 'ComponenteListado', '', 1357240972, 'FireFox', '192.168.143.1'),
(100426, 1, 'Pagina', 'ComponenteAlta', '', 1357240977, 'FireFox', '192.168.143.1'),
(100427, 1, 'Pagina', 'ComponenteAltaInsercion', '', 1357240985, 'FireFox', '192.168.143.1'),
(100428, 1, 'Pagina', 'ComponenteListado', '', 1357240986, 'FireFox', '192.168.143.1'),
(100429, 1, 'Pagina', 'ComponenteAlta', '', 1357240992, 'FireFox', '192.168.143.1'),
(100430, 1, 'Pagina', 'ComponenteAltaInsercion', '', 1357241003, 'FireFox', '192.168.143.1'),
(100431, 1, 'Pagina', 'ComponenteListado', '', 1357241003, 'FireFox', '192.168.143.1'),
(100432, 1, 'Pagina', 'PaginaListado', '', 1357241014, 'FireFox', '192.168.143.1'),
(100433, 1, 'Pagina', 'PaginaAlta', '', 1357241016, 'FireFox', '192.168.143.1'),
(100434, 1, 'Pagina', 'PaginaAltaInsercion', '', 1357241040, 'FireFox', '192.168.143.1'),
(100435, 1, 'Pagina', 'ComponenteListado', '', 1357241040, 'FireFox', '192.168.143.1'),
(100436, 1, 'Pagina', 'ComponenteAlta', '', 1357241044, 'FireFox', '192.168.143.1'),
(100437, 1, 'Pagina', 'ComponenteAltaInsercion', '', 1357241055, 'FireFox', '192.168.143.1'),
(100438, 1, 'Pagina', 'ComponenteListado', '', 1357241056, 'FireFox', '192.168.143.1'),
(100439, 1, 'Pagina', 'ComponenteModificacion', '', 1357241058, 'FireFox', '192.168.143.1'),
(100440, 1, 'Pagina', 'ComponenteModificacionInsercion', '', 1357241060, 'FireFox', '192.168.143.1'),
(100441, 1, 'Pagina', 'ComponenteListado', '', 1357241061, 'FireFox', '192.168.143.1'),
(100442, 1, 'Pagina', 'PaginaListado', '', 1357241065, 'FireFox', '192.168.143.1'),
(100443, 1, 'Pagina', 'RegistroListado', '', 1357241068, 'FireFox', '192.168.143.1'),
(100444, 1, 'Pagina', 'RegistroAlta', '', 1357241071, 'FireFox', '192.168.143.1'),
(100445, 1, 'Pagina', 'RegistroAltaInsercion', '', 1357241082, 'FireFox', '192.168.143.1'),
(100446, 1, 'Pagina', 'RegistroListado', '', 1357241082, 'FireFox', '192.168.143.1'),
(100447, 1, 'Pagina', 'RegistroAlta', '', 1357241083, 'FireFox', '192.168.143.1'),
(100448, 1, 'Pagina', 'RegistroAltaInsercion', '', 1357241091, 'FireFox', '192.168.143.1'),
(100449, 1, 'Pagina', 'RegistroListado', '', 1357241091, 'FireFox', '192.168.143.1'),
(100450, 1, 'Pagina', 'RegistroModificacion', '', 1357241093, 'FireFox', '192.168.143.1'),
(100451, 1, 'Pagina', 'RegistroModificacionInsercion', '', 1357241099, 'FireFox', '192.168.143.1'),
(100452, 1, 'Pagina', 'RegistroListado', '', 1357241099, 'FireFox', '192.168.143.1'),
(100453, 1, 'Pagina', 'RegistroAlta', '', 1357241104, 'FireFox', '192.168.143.1'),
(100454, 1, 'Pagina', 'RegistroAltaInsercion', '', 1357241106, 'FireFox', '192.168.143.1'),
(100455, 1, 'Pagina', 'RegistroListado', '', 1357241106, 'FireFox', '192.168.143.1'),
(100456, 1, 'Pagina', 'RegistroAlta', '', 1357241111, 'FireFox', '192.168.143.1'),
(100457, 1, 'Pagina', 'RegistroAltaInsercion', '', 1357241113, 'FireFox', '192.168.143.1'),
(100458, 1, 'Pagina', 'RegistroListado', '', 1357241113, 'FireFox', '192.168.143.1'),
(100459, 1, 'Pagina', 'RegistroAlta', '', 1357241117, 'FireFox', '192.168.143.1'),
(100460, 1, 'Pagina', 'RegistroAltaInsercion', '', 1357241119, 'FireFox', '192.168.143.1'),
(100461, 1, 'Pagina', 'RegistroListado', '', 1357241119, 'FireFox', '192.168.143.1'),
(100462, 1, 'Pagina', 'RegistroAlta', '', 1357241124, 'FireFox', '192.168.143.1'),
(100463, 1, 'Pagina', 'RegistroAltaInsercion', '', 1357241126, 'FireFox', '192.168.143.1'),
(100464, 1, 'Pagina', 'RegistroListado', '', 1357241126, 'FireFox', '192.168.143.1'),
(100465, 1, 'Pagina', 'RegistroAlta', '', 1357241131, 'FireFox', '192.168.143.1'),
(100466, 1, 'Pagina', 'RegistroAltaInsercion', '', 1357241133, 'FireFox', '192.168.143.1'),
(100467, 1, 'Pagina', 'RegistroListado', '', 1357241133, 'FireFox', '192.168.143.1'),
(100468, 1, 'Pagina', 'RegistroAlta', '', 1357241137, 'FireFox', '192.168.143.1'),
(100469, 1, 'Pagina', 'RegistroAltaInsercion', '', 1357241139, 'FireFox', '192.168.143.1'),
(100470, 1, 'Pagina', 'RegistroListado', '', 1357241139, 'FireFox', '192.168.143.1'),
(100471, 1, 'Pagina', 'RegistroAlta', '', 1357241144, 'FireFox', '192.168.143.1'),
(100472, 1, 'Pagina', 'RegistroAltaInsercion', '', 1357241148, 'FireFox', '192.168.143.1'),
(100473, 1, 'Pagina', 'RegistroListado', '', 1357241148, 'FireFox', '192.168.143.1'),
(100474, 1, 'Pagina', 'RegistroAlta', '', 1357241152, 'FireFox', '192.168.143.1'),
(100475, 1, 'Pagina', 'RegistroAltaInsercion', '', 1357241155, 'FireFox', '192.168.143.1'),
(100476, 1, 'Pagina', 'RegistroListado', '', 1357241155, 'FireFox', '192.168.143.1'),
(100477, 1, 'Pagina', 'PaginaListado', '', 1357241158, 'FireFox', '192.168.143.1'),
(100478, 1, 'Pagina', 'MenuListado', '', 1357241182, 'FireFox', '192.168.143.1'),
(100479, 1, 'Pagina', 'MenuAlta', '', 1357241184, 'FireFox', '192.168.143.1'),
(100480, 1, 'Pagina', 'MenuAltaInsercion', '', 1357241199, 'FireFox', '192.168.143.1'),
(100481, 1, 'Pagina', 'MenuListado', '', 1357241199, 'FireFox', '192.168.143.1'),
(100482, 1, 'Pagina', 'MenuLinkListado', '', 1357241201, 'FireFox', '192.168.143.1'),
(100483, 1, 'Pagina', 'MenuLinkAlta', '', 1357241202, 'FireFox', '192.168.143.1'),
(100484, 1, 'Pagina', 'MenuLinkAltaInsercion', '', 1357241223, 'FireFox', '192.168.143.1'),
(100485, 1, 'Pagina', 'MenuLinkParametroAlta', '', 1357241223, 'FireFox', '192.168.143.1'),
(100486, 1, 'Pagina', 'MenuLinkParametroAltaInsercion', '', 1357241225, 'FireFox', '192.168.143.1'),
(100487, 1, 'Pagina', 'MenuLinkListado', '', 1357241225, 'FireFox', '192.168.143.1'),
(100488, 1, 'Pagina', 'MenuLinkAlta', '', 1357241226, 'FireFox', '192.168.143.1'),
(100489, 1, 'Pagina', 'MenuLinkAltaInsercion', '', 1357241238, 'FireFox', '192.168.143.1'),
(100490, 1, 'Pagina', 'MenuLinkParametroAlta', '', 1357241238, 'FireFox', '192.168.143.1'),
(100491, 1, 'Pagina', 'MenuLinkParametroAltaInsercion', '', 1357241239, 'FireFox', '192.168.143.1'),
(100492, 1, 'Pagina', 'MenuLinkListado', '', 1357241239, 'FireFox', '192.168.143.1'),
(100493, 1, 'Pagina', 'MenuLinkAlta', '', 1357241244, 'FireFox', '192.168.143.1'),
(100494, 1, 'Pagina', 'MenuLinkAltaInsercion', '', 1357241248, 'FireFox', '192.168.143.1'),
(100495, 1, 'Pagina', 'MenuLinkParametroAlta', '', 1357241248, 'FireFox', '192.168.143.1'),
(100496, 1, 'Pagina', 'MenuLinkParametroAltaInsercion', '', 1357241249, 'FireFox', '192.168.143.1'),
(100497, 1, 'Pagina', 'MenuLinkListado', '', 1357241249, 'FireFox', '192.168.143.1'),
(100498, 1, 'Pagina', 'RegistroListado', '', 1357241251, 'FireFox', '192.168.143.1'),
(100499, 1, 'Pagina', 'RegistroListado', '', 1357241253, 'FireFox', '192.168.143.1'),
(100500, 1, 'Pagina', 'RegistroListado', '', 1357241254, 'FireFox', '192.168.143.1'),
(100501, 1, 'Pagina', 'RegistroListado', '', 1357241262, 'FireFox', '192.168.143.1'),
(100502, 1, 'Pagina', 'RegistroListado', '', 1357241273, 'FireFox', '192.168.143.1'),
(100503, 1, 'Pagina', 'PaginaListado', '', 1357241275, 'FireFox', '192.168.143.1'),
(100504, 1, 'Pagina', 'RegistroListado', '', 1357241281, 'FireFox', '192.168.143.1'),
(100505, 1, 'Pagina', 'RegistroListado', '', 1357241285, 'FireFox', '192.168.143.1'),
(100506, 1, 'Pagina', 'RegistroAlta', '', 1357241287, 'FireFox', '192.168.143.1'),
(100507, 1, 'Pagina', 'PaginaListado', '', 1357241342, 'FireFox', '192.168.143.1'),
(100508, 1, 'Pagina', 'RegistroListado', '', 1357241348, 'FireFox', '192.168.143.1'),
(100509, 1, 'Pagina', 'PaginaListado', '', 1357241379, 'FireFox', '192.168.143.1'),
(100510, 1, 'Pagina', 'RegistroListado', '', 1357241382, 'FireFox', '192.168.143.1'),
(100511, 1, 'Pagina', 'RegistroAlta', '', 1357241384, 'FireFox', '192.168.143.1'),
(100512, 1, 'Pagina', 'RegistroAltaInsercion', '', 1357241395, 'FireFox', '192.168.143.1'),
(100513, 1, 'Pagina', 'RegistroListado', '', 1357241395, 'FireFox', '192.168.143.1'),
(100514, 1, 'Pagina', 'RegistroListado', '', 1357241478, 'FireFox', '192.168.143.1'),
(100515, 1, 'Pagina', 'RegistroListado', '', 1357241484, 'FireFox', '192.168.143.1'),
(100516, 1, 'Pagina', 'RegistroListado', '', 1357241487, 'FireFox', '192.168.143.1'),
(100517, 1, 'Pagina', 'RegistroListado', '', 1357241495, 'FireFox', '192.168.143.1'),
(100518, 1, 'Pagina', 'DatosPersonalesVer', '', 1357241629, 'FireFox', '192.168.143.1'),
(100519, 1, 'Pagina', 'PaginaListado', '', 1357241630, 'FireFox', '192.168.143.1'),
(100520, 1, 'Pagina', 'ComponenteListado', '', 1357241635, 'FireFox', '192.168.143.1'),
(100521, 1, 'Pagina', 'ComponenteAlta', '', 1357241654, 'FireFox', '192.168.143.1'),
(100522, 1, 'Pagina', 'ComponenteAltaInsercion', '', 1357241666, 'FireFox', '192.168.143.1'),
(100523, 1, 'Pagina', 'ComponenteListado', '', 1357241666, 'FireFox', '192.168.143.1'),
(100524, 1, 'Pagina', 'ComponenteAlta', '', 1357241750, 'FireFox', '192.168.143.1'),
(100525, 1, 'Pagina', 'ComponenteAltaInsercion', '', 1357241760, 'FireFox', '192.168.143.1'),
(100526, 1, 'Pagina', 'ComponenteListado', '', 1357241760, 'FireFox', '192.168.143.1'),
(100527, 1, 'Pagina', 'ComponenteModificacion', '', 1357241763, 'FireFox', '192.168.143.1'),
(100528, 1, 'Pagina', 'ComponenteModificacionInsercion', '', 1357241766, 'FireFox', '192.168.143.1'),
(100529, 1, 'Pagina', 'ComponenteListado', '', 1357241766, 'FireFox', '192.168.143.1'),
(100530, 1, 'Pagina', 'ComponenteModificacion', '', 1357241767, 'FireFox', '192.168.143.1'),
(100531, 1, 'Pagina', 'ComponenteModificacionInsercion', '', 1357241770, 'FireFox', '192.168.143.1'),
(100532, 1, 'Pagina', 'ComponenteListado', '', 1357241770, 'FireFox', '192.168.143.1'),
(100533, 1, 'Pagina', 'ComponenteAlta', '', 1357241778, 'FireFox', '192.168.143.1'),
(100534, 1, 'Pagina', 'ComponenteAltaInsercion', '', 1357241856, 'FireFox', '192.168.143.1'),
(100535, 1, 'Pagina', 'ComponenteListado', '', 1357241856, 'FireFox', '192.168.143.1'),
(100536, 1, 'Pagina', 'RegistroListado', '', 1357241878, 'FireFox', '192.168.143.1'),
(100537, 1, 'Pagina', 'RegistroAlta', '', 1357241880, 'FireFox', '192.168.143.1'),
(100538, 1, 'Pagina', 'RegistroListado', '', 1357241952, 'FireFox', '192.168.143.1'),
(100539, 1, 'Pagina', 'RegistroAlta', '', 1357241954, 'FireFox', '192.168.143.1'),
(100540, 1, 'Pagina', 'RegistroListado', '', 1357241960, 'FireFox', '192.168.143.1'),
(100541, 1, 'Pagina', 'PaginaListado', '', 1357241961, 'FireFox', '192.168.143.1'),
(100542, 1, 'Pagina', 'ComponenteListado', '', 1357241964, 'FireFox', '192.168.143.1'),
(100543, 1, 'Pagina', 'ComponenteAlta', '', 1357241975, 'FireFox', '192.168.143.1'),
(100544, 1, 'Pagina', 'ComponenteAltaInsercion', '', 1357241989, 'FireFox', '192.168.143.1'),
(100545, 1, 'Pagina', 'ComponenteListado', '', 1357241989, 'FireFox', '192.168.143.1'),
(100546, 1, 'Pagina', 'ComponenteListado', '', 1357241996, 'FireFox', '192.168.143.1'),
(100547, 1, 'Pagina', 'ComponenteListado', '', 1357241997, 'FireFox', '192.168.143.1'),
(100548, 1, 'Pagina', 'ComponenteListado', '', 1357241998, 'FireFox', '192.168.143.1'),
(100549, 1, 'Pagina', 'PaginaListado', '', 1357242112, 'FireFox', '192.168.143.1'),
(100550, 1, 'Archivo externo', 'DerDbdesigner4', '', 1357242114, 'FireFox', '192.168.143.1'),
(100551, 1, 'Archivo externo', 'DerDbdesigner4', '', 1357242250, 'FireFox', '192.168.143.1'),
(100552, 1, 'Pagina', 'ComponenteListado', '', 1357242564, 'FireFox', '192.168.143.1'),
(100553, 1, 'Pagina', 'ComponenteBaja', '', 1357242579, 'FireFox', '192.168.143.1'),
(100554, 1, 'Pagina', 'ComponenteListado', '', 1357242579, 'FireFox', '192.168.143.1'),
(100555, 1, 'Pagina', 'PaginaListado', '', 1357242585, 'FireFox', '192.168.143.1'),
(100556, 1, 'Pagina', 'ComponenteListado', '', 1357242587, 'FireFox', '192.168.143.1'),
(100557, 1, 'Pagina', 'ComponenteAlta', '', 1357242594, 'FireFox', '192.168.143.1'),
(100558, 1, 'Pagina', 'ComponenteAltaInsercion', '', 1357242599, 'FireFox', '192.168.143.1'),
(100559, 1, 'Pagina', 'ComponenteListado', '', 1357242599, 'FireFox', '192.168.143.1'),
(100560, 1, 'Pagina', 'PaginaListado', '', 1357242618, 'FireFox', '192.168.143.1'),
(100561, 1, 'Archivo externo', 'DerDbdesigner4', '', 1357242623, 'FireFox', '192.168.143.1'),
(100562, 1, 'Pagina', 'ComponenteListado', '', 1357242736, 'FireFox', '192.168.143.1'),
(100563, 1, 'Pagina', 'RegistroListado', '', 1357243791, 'FireFox', '192.168.143.1'),
(100564, 1, 'Pagina', 'RegistroAlta', '', 1357243792, 'FireFox', '192.168.143.1'),
(100565, 1, 'Pagina', 'RegistroListado', '', 1357243797, 'FireFox', '192.168.143.1'),
(100566, 1, 'Pagina', 'PaginaListado', '', 1357244952, 'FireFox', '192.168.143.1'),
(100567, 1, 'Pagina', 'ComponenteListado', '', 1357244958, 'FireFox', '192.168.143.1'),
(100568, 1, 'Pagina', 'ComponenteAlta', '', 1357245127, 'FireFox', '192.168.143.1'),
(100569, 1, 'Pagina', 'ComponenteAltaInsercion', '', 1357245135, 'FireFox', '192.168.143.1'),
(100570, 1, 'Pagina', 'ComponenteListado', '', 1357245135, 'FireFox', '192.168.143.1'),
(100571, 1, 'Pagina', 'ComponenteAlta', '', 1357245140, 'FireFox', '192.168.143.1'),
(100572, 1, 'Pagina', 'ComponenteAltaInsercion', '', 1357245158, 'FireFox', '192.168.143.1'),
(100573, 1, 'Pagina', 'ComponenteListado', '', 1357245158, 'FireFox', '192.168.143.1'),
(100574, 1, 'Pagina', 'PaginaListado', '', 1357245275, 'FireFox', '192.168.143.1'),
(100575, 1, 'Pagina', 'ComponenteListado', '', 1357245807, 'FireFox', '192.168.143.1'),
(100576, 1, 'Pagina', 'Bienvenida', '', 1357251542, 'Netscape', '190.17.74.163'),
(100577, 1, 'Pagina', 'RegistroListado', '', 1357251548, 'Netscape', '190.17.74.163'),
(100578, 1, 'Pagina', 'MenuListado', '', 1357251635, 'Netscape', '190.17.74.163'),
(100579, 1, 'Pagina', 'MenuModificacion', '', 1357251641, 'Netscape', '190.17.74.163'),
(100580, 1, 'Pagina', 'RegistroListado', '', 1357251649, 'Netscape', '190.17.74.163'),
(100581, 1, 'Pagina', 'Bienvenida', '', 1357583741, 'FireFox', '192.168.143.1'),
(100582, 1, 'Pagina', 'MenuListado', '', 1357583776, 'FireFox', '192.168.143.1');
INSERT INTO `kirke_log` (`id_log`, `id_usuario`, `elemento`, `pagina`, `nombre`, `hora`, `navegador`, `ip`) VALUES
(100583, 1, 'Pagina', 'PrefijoListado', '', 1357583778, 'FireFox', '192.168.143.1'),
(100584, 1, 'Pagina', 'PrefijoAlta', '', 1357583780, 'FireFox', '192.168.143.1'),
(100585, 1, 'Pagina', 'PrefijoListado', '', 1357583782, 'FireFox', '192.168.143.1'),
(100586, 1, 'Pagina', 'PrefijoAlta', '', 1357583786, 'FireFox', '192.168.143.1'),
(100587, 1, 'Pagina', 'PrefijoAltaInsercion', '', 1357583797, 'FireFox', '192.168.143.1'),
(100588, 1, 'Pagina', 'PrefijoListado', '', 1357583797, 'FireFox', '192.168.143.1'),
(100589, 1, 'Pagina', 'PaginaListado', '', 1357583801, 'FireFox', '192.168.143.1'),
(100590, 1, 'Pagina', 'ComponenteListado', '', 1357583832, 'FireFox', '192.168.143.1'),
(100591, 1, 'Pagina', 'ComponenteAlta', '', 1357583871, 'FireFox', '192.168.143.1'),
(100592, 1, 'Pagina', 'ComponenteListado', '', 1357583873, 'FireFox', '192.168.143.1'),
(100593, 1, 'Pagina', 'ComponenteAlta', '', 1357583876, 'FireFox', '192.168.143.1'),
(100594, 1, 'Pagina', 'ComponenteAltaInsercion', '', 1357583903, 'FireFox', '192.168.143.1'),
(100595, 1, 'Pagina', 'ComponenteListado', '', 1357583903, 'FireFox', '192.168.143.1'),
(100596, 1, 'Pagina', 'PaginaListado', '', 1357584203, 'FireFox', '192.168.143.1'),
(100597, 1, 'Pagina', 'PaginaAlta', '', 1357584206, 'FireFox', '192.168.143.1'),
(100598, 1, 'Pagina', 'PaginaAltaInsercion', '', 1357584226, 'FireFox', '192.168.143.1'),
(100599, 1, 'Pagina', 'ComponenteListado', '', 1357584226, 'FireFox', '192.168.143.1'),
(100600, 1, 'Pagina', 'PaginaListado', '', 1357584349, 'FireFox', '192.168.143.1'),
(100601, 1, 'Pagina', 'ComponenteListado', '', 1357584365, 'FireFox', '192.168.143.1'),
(100602, 1, 'Pagina', 'ComponenteAlta', '', 1357584373, 'FireFox', '192.168.143.1'),
(100603, 1, 'Pagina', 'ComponenteListado', '', 1357584384, 'FireFox', '192.168.143.1'),
(100604, 1, 'Pagina', 'ComponenteAlta', '', 1357584387, 'FireFox', '192.168.143.1'),
(100605, 1, 'Pagina', 'ComponenteAltaInsercion', '', 1357584400, 'FireFox', '192.168.143.1'),
(100606, 1, 'Pagina', 'ComponenteListado', '', 1357584400, 'FireFox', '192.168.143.1'),
(100607, 1, 'Pagina', 'PaginaListado', '', 1357584667, 'FireFox', '192.168.143.1'),
(100608, 1, 'Pagina', 'ComponenteListado', '', 1357584669, 'FireFox', '192.168.143.1'),
(100609, 1, 'Pagina', 'PaginaListado', '', 1357584731, 'FireFox', '192.168.143.1'),
(100610, 1, 'Pagina', 'ComponenteListado', '', 1357584735, 'FireFox', '192.168.143.1'),
(100611, 1, 'Pagina', 'ComponenteAlta', '', 1357584763, 'FireFox', '192.168.143.1'),
(100612, 1, 'Pagina', 'ComponenteAltaInsercion', '', 1357584795, 'FireFox', '192.168.143.1'),
(100613, 1, 'Pagina', 'ComponenteListado', '', 1357584795, 'FireFox', '192.168.143.1'),
(100614, 1, 'Pagina', 'ComponenteBaja', '', 1357584814, 'FireFox', '192.168.143.1'),
(100615, 1, 'Pagina', 'ComponenteListado', '', 1357584814, 'FireFox', '192.168.143.1'),
(100616, 1, 'Pagina', 'ComponenteAlta', '', 1357584818, 'FireFox', '192.168.143.1'),
(100617, 1, 'Pagina', 'ComponenteAltaInsercion', '', 1357584864, 'FireFox', '192.168.143.1'),
(100618, 1, 'Pagina', 'ComponenteListado', '', 1357584864, 'FireFox', '192.168.143.1'),
(100619, 1, 'Pagina', 'ComponenteAlta', '', 1357584877, 'FireFox', '192.168.143.1'),
(100620, 1, 'Pagina', 'ComponenteListado', '', 1357584914, 'FireFox', '192.168.143.1'),
(100621, 1, 'Pagina', 'PaginaListado', '', 1357584915, 'FireFox', '192.168.143.1'),
(100622, 1, 'Pagina', 'ComponenteListado', '', 1357584920, 'FireFox', '192.168.143.1'),
(100623, 1, 'Pagina', 'ComponenteBaja', '', 1357584923, 'FireFox', '192.168.143.1'),
(100624, 1, 'Pagina', 'ComponenteListado', '', 1357584923, 'FireFox', '192.168.143.1'),
(100625, 1, 'Pagina', 'ComponenteAlta', '', 1357584931, 'FireFox', '192.168.143.1'),
(100626, 1, 'Pagina', 'ComponenteAltaInsercion', '', 1357585204, 'FireFox', '192.168.143.1'),
(100627, 1, 'Pagina', 'ComponenteListado', '', 1357585204, 'FireFox', '192.168.143.1'),
(100628, 1, 'Pagina', 'ComponenteAlta', '', 1357585242, 'FireFox', '192.168.143.1'),
(100629, 1, 'Pagina', 'ComponenteAltaInsercion', '', 1357585253, 'FireFox', '192.168.143.1'),
(100630, 1, 'Pagina', 'ComponenteListado', '', 1357585253, 'FireFox', '192.168.143.1'),
(100631, 1, 'Pagina', 'ComponenteBaja', '', 1357585383, 'FireFox', '192.168.143.1'),
(100632, 1, 'Pagina', 'ComponenteListado', '', 1357585384, 'FireFox', '192.168.143.1'),
(100633, 1, 'Pagina', 'ComponenteAlta', '', 1357585386, 'FireFox', '192.168.143.1'),
(100634, 1, 'Pagina', 'ComponenteListado', '', 1357585420, 'FireFox', '192.168.143.1'),
(100635, 1, 'Pagina', 'ComponenteAlta', '', 1357585430, 'FireFox', '192.168.143.1'),
(100636, 1, 'Pagina', 'ComponenteListado', '', 1357585440, 'FireFox', '192.168.143.1'),
(100637, 1, 'Pagina', 'ComponenteBaja', '', 1357585446, 'FireFox', '192.168.143.1'),
(100638, 1, 'Pagina', 'ComponenteListado', '', 1357585446, 'FireFox', '192.168.143.1'),
(100639, 1, 'Pagina', 'ComponenteAlta', '', 1357585451, 'FireFox', '192.168.143.1'),
(100640, 1, 'Pagina', 'ComponenteAltaInsercion', '', 1357585642, 'FireFox', '192.168.143.1'),
(100641, 1, 'Pagina', 'ComponenteListado', '', 1357585643, 'FireFox', '192.168.143.1'),
(100642, 1, 'Pagina', 'PaginaListado', '', 1357585728, 'FireFox', '192.168.143.1'),
(100643, 1, 'Pagina', 'PaginaModificacion', '', 1357585741, 'FireFox', '192.168.143.1'),
(100644, 1, 'Pagina', 'PaginaModificacionInsercion', '', 1357585751, 'FireFox', '192.168.143.1'),
(100645, 1, 'Pagina', 'PaginaListado', '', 1357585751, 'FireFox', '192.168.143.1'),
(100646, 1, 'Pagina', 'ComponenteListado', '', 1357585754, 'FireFox', '192.168.143.1'),
(100647, 1, 'Pagina', 'ComponenteAlta', '', 1357585790, 'FireFox', '192.168.143.1'),
(100648, 1, 'Pagina', 'ComponenteAltaInsercion', '', 1357585820, 'FireFox', '192.168.143.1'),
(100649, 1, 'Pagina', 'ComponenteListado', '', 1357585820, 'FireFox', '192.168.143.1'),
(100650, 1, 'Pagina', 'ComponenteAlta', '', 1357585829, 'FireFox', '192.168.143.1'),
(100651, 1, 'Pagina', 'ComponenteAltaInsercion', '', 1357585844, 'FireFox', '192.168.143.1'),
(100652, 1, 'Pagina', 'ComponenteListado', '', 1357585844, 'FireFox', '192.168.143.1'),
(100653, 1, 'Pagina', 'PaginaListado', '', 1357585898, 'FireFox', '192.168.143.1'),
(100654, 1, 'Pagina', 'PaginaModificacion', '', 1357585901, 'FireFox', '192.168.143.1'),
(100655, 1, 'Pagina', 'PaginaModificacionInsercion', '', 1357585908, 'FireFox', '192.168.143.1'),
(100656, 1, 'Pagina', 'PaginaListado', '', 1357585908, 'FireFox', '192.168.143.1'),
(100657, 1, 'Pagina', 'ComponenteListado', '', 1357585912, 'FireFox', '192.168.143.1'),
(100658, 1, 'Pagina', 'PaginaListado', '', 1357585942, 'FireFox', '192.168.143.1'),
(100659, 1, 'Pagina', 'PaginaListado', '', 1357585949, 'FireFox', '192.168.143.1'),
(100660, 1, 'Pagina', 'PaginaAlta', '', 1357585953, 'FireFox', '192.168.143.1'),
(100661, 1, 'Pagina', 'PaginaAltaInsercion', '', 1357585972, 'FireFox', '192.168.143.1'),
(100662, 1, 'Pagina', 'ComponenteListado', '', 1357585972, 'FireFox', '192.168.143.1'),
(100663, 1, 'Pagina', 'ComponenteAlta', '', 1357585978, 'FireFox', '192.168.143.1'),
(100664, 1, 'Pagina', 'ComponenteAltaInsercion', '', 1357586016, 'FireFox', '192.168.143.1'),
(100665, 1, 'Pagina', 'ComponenteListado', '', 1357586016, 'FireFox', '192.168.143.1'),
(100666, 1, 'Pagina', 'ComponenteAlta', '', 1357586024, 'FireFox', '192.168.143.1'),
(100667, 1, 'Pagina', 'ComponenteAltaInsercion', '', 1357586043, 'FireFox', '192.168.143.1'),
(100668, 1, 'Pagina', 'ComponenteListado', '', 1357586044, 'FireFox', '192.168.143.1'),
(100669, 1, 'Pagina', 'ComponenteAlta', '', 1357586149, 'FireFox', '192.168.143.1'),
(100670, 1, 'Pagina', 'ComponenteAltaInsercion', '', 1357586171, 'FireFox', '192.168.143.1'),
(100671, 1, 'Pagina', 'ComponenteListado', '', 1357586171, 'FireFox', '192.168.143.1'),
(100672, 1, 'Pagina', 'ComponenteAlta', '', 1357586177, 'FireFox', '192.168.143.1'),
(100673, 1, 'Pagina', 'ComponenteAltaInsercion', '', 1357586193, 'FireFox', '192.168.143.1'),
(100674, 1, 'Pagina', 'ComponenteListado', '', 1357586193, 'FireFox', '192.168.143.1'),
(100675, 1, 'Pagina', 'ComponenteAlta', '', 1357586217, 'FireFox', '192.168.143.1'),
(100676, 1, 'Pagina', 'ComponenteAltaInsercion', '', 1357586226, 'FireFox', '192.168.143.1'),
(100677, 1, 'Pagina', 'ComponenteListado', '', 1357586226, 'FireFox', '192.168.143.1'),
(100678, 1, 'Pagina', 'ComponenteAlta', '', 1357586230, 'FireFox', '192.168.143.1'),
(100679, 1, 'Pagina', 'ComponenteListado', '', 1357586232, 'FireFox', '192.168.143.1'),
(100680, 1, 'Pagina', 'ComponenteAlta', '', 1357586234, 'FireFox', '192.168.143.1'),
(100681, 1, 'Pagina', 'ComponenteAltaInsercion', '', 1357586252, 'FireFox', '192.168.143.1'),
(100682, 1, 'Pagina', 'ComponenteListado', '', 1357586252, 'FireFox', '192.168.143.1'),
(100683, 1, 'Pagina', 'PaginaListado', '', 1357586255, 'FireFox', '192.168.143.1'),
(100684, 1, 'Pagina', 'ComponenteListado', '', 1357586258, 'FireFox', '192.168.143.1'),
(100685, 1, 'Pagina', 'ComponenteModificacion', '', 1357586261, 'FireFox', '192.168.143.1'),
(100686, 1, 'Pagina', 'ComponenteModificacionInsercion', '', 1357586274, 'FireFox', '192.168.143.1'),
(100687, 1, 'Pagina', 'ComponenteListado', '', 1357586274, 'FireFox', '192.168.143.1'),
(100688, 1, 'Pagina', 'PaginaListado', '', 1357586277, 'FireFox', '192.168.143.1'),
(100689, 1, 'Pagina', 'ComponenteListado', '', 1357586317, 'FireFox', '192.168.143.1'),
(100690, 1, 'Pagina', 'ComponenteAlta', '', 1357586322, 'FireFox', '192.168.143.1'),
(100691, 1, 'Pagina', 'ComponenteAltaInsercion', '', 1357586345, 'FireFox', '192.168.143.1'),
(100692, 1, 'Pagina', 'ComponenteListado', '', 1357586345, 'FireFox', '192.168.143.1'),
(100693, 1, 'Pagina', 'ComponenteListado', '', 1357586351, 'FireFox', '192.168.143.1'),
(100694, 1, 'Pagina', 'ComponenteListado', '', 1357586352, 'FireFox', '192.168.143.1'),
(100695, 1, 'Pagina', 'PaginaListado', '', 1357586353, 'FireFox', '192.168.143.1'),
(100696, 1, 'Pagina', 'ComponenteListado', '', 1357586358, 'FireFox', '192.168.143.1'),
(100697, 1, 'Pagina', 'PaginaListado', '', 1357586360, 'FireFox', '192.168.143.1'),
(100698, 1, 'Pagina', 'ComponenteListado', '', 1357586383, 'FireFox', '192.168.143.1'),
(100699, 1, 'Pagina', 'PaginaListado', '', 1357586765, 'FireFox', '192.168.143.1'),
(100700, 1, 'Pagina', 'ComponenteListado', '', 1357586767, 'FireFox', '192.168.143.1'),
(100701, 1, 'Pagina', 'PaginaListado', '', 1357586828, 'FireFox', '192.168.143.1'),
(100702, 1, 'Pagina', 'ComponenteListado', '', 1357586836, 'FireFox', '192.168.143.1'),
(100703, 1, 'Pagina', 'PaginaListado', '', 1357586925, 'FireFox', '192.168.143.1'),
(100704, 1, 'Archivo externo', 'DerDbdesigner4', '', 1357586932, 'FireFox', '192.168.143.1'),
(100705, 1, 'Pagina', 'Bienvenida', '', 1357826398, 'FireFox', '192.168.143.1'),
(100706, 1, 'Pagina', 'Bienvenida', '', 1357833440, 'FireFox', '192.168.143.1'),
(100707, 1, 'Pagina', 'Bienvenida', '', 1358166250, 'FireFox', '192.168.143.1'),
(100708, 1, 'Pagina', 'PaginaListado', '', 1358166261, 'FireFox', '192.168.143.1'),
(100709, 1, 'Pagina', 'RegistroListado', '', 1358166299, 'FireFox', '192.168.143.1'),
(100710, 1, 'Pagina', 'PaginaListado', '', 1358166310, 'FireFox', '192.168.143.1'),
(100711, 1, 'Pagina', 'PaginaListado', '', 1358166325, 'FireFox', '192.168.143.1'),
(100712, 1, 'Pagina', 'MenuListado', '', 1358166331, 'FireFox', '192.168.143.1'),
(100713, 1, 'Pagina', 'MenuAlta', '', 1358166375, 'FireFox', '192.168.143.1'),
(100714, 1, 'Pagina', 'MenuAltaInsercion', '', 1358166381, 'FireFox', '192.168.143.1'),
(100715, 1, 'Pagina', 'MenuListado', '', 1358166381, 'FireFox', '192.168.143.1'),
(100716, 1, 'Pagina', 'MenuLinkListado', '', 1358166388, 'FireFox', '192.168.143.1'),
(100717, 1, 'Pagina', 'MenuLinkAlta', '', 1358166390, 'FireFox', '192.168.143.1'),
(100718, 1, 'Pagina', 'MenuLinkAltaInsercion', '', 1358166412, 'FireFox', '192.168.143.1'),
(100719, 1, 'Pagina', 'MenuLinkParametroAlta', '', 1358166412, 'FireFox', '192.168.143.1'),
(100720, 1, 'Pagina', 'MenuLinkParametroAltaInsercion', '', 1358166415, 'FireFox', '192.168.143.1'),
(100721, 1, 'Pagina', 'MenuLinkListado', '', 1358166415, 'FireFox', '192.168.143.1'),
(100722, 1, 'Pagina', 'MenuLinkAlta', '', 1358166418, 'FireFox', '192.168.143.1'),
(100723, 1, 'Pagina', 'MenuLinkAltaInsercion', '', 1358166426, 'FireFox', '192.168.143.1'),
(100724, 1, 'Pagina', 'MenuLinkParametroAlta', '', 1358166426, 'FireFox', '192.168.143.1'),
(100725, 1, 'Pagina', 'MenuLinkParametroAltaInsercion', '', 1358166428, 'FireFox', '192.168.143.1'),
(100726, 1, 'Pagina', 'MenuLinkListado', '', 1358166428, 'FireFox', '192.168.143.1'),
(100727, 1, 'Pagina', 'MenuLinkAlta', '', 1358166429, 'FireFox', '192.168.143.1'),
(100728, 1, 'Pagina', 'MenuLinkAltaInsercion', '', 1358166439, 'FireFox', '192.168.143.1'),
(100729, 1, 'Pagina', 'MenuLinkParametroAlta', '', 1358166439, 'FireFox', '192.168.143.1'),
(100730, 1, 'Pagina', 'MenuLinkParametroAltaInsercion', '', 1358166441, 'FireFox', '192.168.143.1'),
(100731, 1, 'Pagina', 'MenuLinkListado', '', 1358166441, 'FireFox', '192.168.143.1'),
(100732, 1, 'Pagina', 'PaginaListado', '', 1358166447, 'FireFox', '192.168.143.1'),
(100733, 1, 'Pagina', 'PaginaListado', '', 1358166450, 'FireFox', '192.168.143.1'),
(100734, 1, 'Pagina', 'MenuListado', '', 1358166452, 'FireFox', '192.168.143.1'),
(100735, 1, 'Pagina', 'MenuLinkListado', '', 1358166455, 'FireFox', '192.168.143.1'),
(100736, 1, 'Pagina', 'MenuLinkAlta', '', 1358166456, 'FireFox', '192.168.143.1'),
(100737, 1, 'Pagina', 'MenuLinkAltaInsercion', '', 1358166478, 'FireFox', '192.168.143.1'),
(100738, 1, 'Pagina', 'MenuLinkParametroAlta', '', 1358166478, 'FireFox', '192.168.143.1'),
(100739, 1, 'Pagina', 'MenuLinkParametroAltaInsercion', '', 1358166480, 'FireFox', '192.168.143.1'),
(100740, 1, 'Pagina', 'MenuLinkListado', '', 1358166480, 'FireFox', '192.168.143.1'),
(100741, 1, 'Pagina', 'PaginaListado', '', 1358168779, 'FireFox', '192.168.143.1'),
(100742, 1, 'Pagina', 'ComponenteListado', '', 1358168783, 'FireFox', '192.168.143.1'),
(100743, 1, 'Pagina', 'ComponenteBaja', '', 1358168816, 'FireFox', '192.168.143.1'),
(100744, 1, 'Pagina', 'ComponenteListado', '', 1358168816, 'FireFox', '192.168.143.1'),
(100745, 1, 'Pagina', 'ComponenteAlta', '', 1358168855, 'FireFox', '192.168.143.1'),
(100746, 1, 'Pagina', 'ComponenteAltaInsercion', '', 1358168863, 'FireFox', '192.168.143.1'),
(100747, 1, 'Pagina', 'ComponenteListado', '', 1358168863, 'FireFox', '192.168.143.1'),
(100748, 1, 'Pagina', 'ComponenteAlta', '', 1358168875, 'FireFox', '192.168.143.1'),
(100749, 1, 'Pagina', 'ComponenteAltaInsercion', '', 1358168889, 'FireFox', '192.168.143.1'),
(100750, 1, 'Pagina', 'ComponenteListado', '', 1358168889, 'FireFox', '192.168.143.1'),
(100751, 1, 'Pagina', 'ComponenteAlta', '', 1358168895, 'FireFox', '192.168.143.1'),
(100752, 1, 'Pagina', 'ComponenteAltaInsercion', '', 1358168912, 'FireFox', '192.168.143.1'),
(100753, 1, 'Pagina', 'ComponenteListado', '', 1358168913, 'FireFox', '192.168.143.1'),
(100754, 1, 'Pagina', 'PaginaListado', '', 1358169202, 'FireFox', '192.168.143.1'),
(100755, 1, 'Pagina', 'PaginaAlta', '', 1358169218, 'FireFox', '192.168.143.1'),
(100756, 1, 'Pagina', 'PaginaListado', '', 1358169222, 'FireFox', '192.168.143.1'),
(100757, 1, 'Pagina', 'PaginaAlta', '', 1358169229, 'FireFox', '192.168.143.1'),
(100758, 1, 'Pagina', 'PaginaAltaInsercion', '', 1358169242, 'FireFox', '192.168.143.1'),
(100759, 1, 'Pagina', 'ComponenteListado', '', 1358169242, 'FireFox', '192.168.143.1'),
(100760, 1, 'Pagina', 'ComponenteAlta', '', 1358169264, 'FireFox', '192.168.143.1'),
(100761, 1, 'Pagina', 'ComponenteAlta', '', 1358169294, 'FireFox', '192.168.143.1'),
(100762, 1, 'Pagina', 'PaginaListado', '', 1358169297, 'FireFox', '192.168.143.1'),
(100763, 1, 'Pagina', 'ComponenteListado', '', 1358169302, 'FireFox', '192.168.143.1'),
(100764, 1, 'Pagina', 'ComponenteModificacion', '', 1358169306, 'FireFox', '192.168.143.1'),
(100765, 1, 'Pagina', 'ComponenteAltaInsercion', '', 1358169317, 'FireFox', '192.168.143.1'),
(100766, 1, 'Pagina', 'ComponenteListado', '', 1358169317, 'FireFox', '192.168.143.1'),
(100767, 1, 'Pagina', 'ComponenteAlta', '', 1358169321, 'FireFox', '192.168.143.1'),
(100768, 1, 'Pagina', 'ComponenteAltaInsercion', '', 1358169334, 'FireFox', '192.168.143.1'),
(100769, 1, 'Pagina', 'ComponenteListado', '', 1358169334, 'FireFox', '192.168.143.1'),
(100770, 1, 'Pagina', 'ComponenteAlta', '', 1358169339, 'FireFox', '192.168.143.1'),
(100771, 1, 'Pagina', 'ComponenteAltaInsercion', '', 1358169353, 'FireFox', '192.168.143.1'),
(100772, 1, 'Pagina', 'ComponenteListado', '', 1358169353, 'FireFox', '192.168.143.1'),
(100773, 1, 'Pagina', 'ComponenteAlta', '', 1358169358, 'FireFox', '192.168.143.1'),
(100774, 1, 'Pagina', 'ComponenteAltaInsercion', '', 1358169369, 'FireFox', '192.168.143.1'),
(100775, 1, 'Pagina', 'ComponenteListado', '', 1358169369, 'FireFox', '192.168.143.1'),
(100776, 1, 'Pagina', 'ComponenteAlta', '', 1358169376, 'FireFox', '192.168.143.1'),
(100777, 1, 'Pagina', 'ComponenteAltaInsercion', '', 1358169389, 'FireFox', '192.168.143.1'),
(100778, 1, 'Pagina', 'ComponenteListado', '', 1358169389, 'FireFox', '192.168.143.1'),
(100779, 1, 'Pagina', 'ComponenteAlta', '', 1358169395, 'FireFox', '192.168.143.1'),
(100780, 1, 'Pagina', 'ComponenteAltaInsercion', '', 1358169408, 'FireFox', '192.168.143.1'),
(100781, 1, 'Pagina', 'ComponenteListado', '', 1358169409, 'FireFox', '192.168.143.1'),
(100782, 1, 'Pagina', 'ComponenteAlta', '', 1358169412, 'FireFox', '192.168.143.1'),
(100783, 1, 'Pagina', 'ComponenteAltaInsercion', '', 1358169420, 'FireFox', '192.168.143.1'),
(100784, 1, 'Pagina', 'ComponenteListado', '', 1358169420, 'FireFox', '192.168.143.1'),
(100785, 1, 'Pagina', 'ComponenteAlta', '', 1358169425, 'FireFox', '192.168.143.1'),
(100786, 1, 'Pagina', 'ComponenteAltaInsercion', '', 1358169430, 'FireFox', '192.168.143.1'),
(100787, 1, 'Pagina', 'ComponenteListado', '', 1358169431, 'FireFox', '192.168.143.1'),
(100788, 1, 'Pagina', 'ComponenteModificacion', '', 1358169433, 'FireFox', '192.168.143.1'),
(100789, 1, 'Pagina', 'ComponenteModificacionInsercion', '', 1358169443, 'FireFox', '192.168.143.1'),
(100790, 1, 'Pagina', 'ComponenteListado', '', 1358169444, 'FireFox', '192.168.143.1'),
(100791, 1, 'Pagina', 'ComponenteListado', '', 1358169538, 'FireFox', '192.168.143.1'),
(100792, 1, 'Pagina', 'UsuarioListado', '', 1358169540, 'FireFox', '192.168.143.1'),
(100793, 1, 'Pagina', 'PaginaListado', '', 1358169542, 'FireFox', '192.168.143.1'),
(100794, 1, 'Pagina', 'ComponenteListado', '', 1358169551, 'FireFox', '192.168.143.1'),
(100795, 1, 'Pagina', 'ComponenteAlta', '', 1358169569, 'FireFox', '192.168.143.1'),
(100796, 1, 'Pagina', 'ComponenteAltaInsercion', '', 1358169587, 'FireFox', '192.168.143.1'),
(100797, 1, 'Pagina', 'ComponenteListado', '', 1358169588, 'FireFox', '192.168.143.1'),
(100798, 1, 'Pagina', 'ComponenteAlta', '', 1358169590, 'FireFox', '192.168.143.1'),
(100799, 1, 'Pagina', 'ComponenteAltaInsercion', '', 1358169615, 'FireFox', '192.168.143.1'),
(100800, 1, 'Pagina', 'ComponenteListado', '', 1358169615, 'FireFox', '192.168.143.1'),
(100801, 1, 'Pagina', 'PaginaListado', '', 1358169671, 'FireFox', '192.168.143.1'),
(100802, 1, 'Pagina', 'ComponenteListado', '', 1358169683, 'FireFox', '192.168.143.1'),
(100803, 1, 'Pagina', 'ComponenteAlta', '', 1358169870, 'FireFox', '192.168.143.1'),
(100804, 1, 'Pagina', 'ComponenteAltaInsercion', '', 1358169891, 'FireFox', '192.168.143.1'),
(100805, 1, 'Pagina', 'ComponenteListado', '', 1358169891, 'FireFox', '192.168.143.1'),
(100806, 1, 'Pagina', 'ComponenteListado', '', 1358169898, 'FireFox', '192.168.143.1'),
(100807, 1, 'Pagina', 'ComponenteListado', '', 1358169902, 'FireFox', '192.168.143.1'),
(100808, 1, 'Pagina', 'ComponenteListado', '', 1358169906, 'FireFox', '192.168.143.1'),
(100809, 1, 'Pagina', 'ComponenteListado', '', 1358169912, 'FireFox', '192.168.143.1'),
(100810, 1, 'Pagina', 'ComponenteListado', '', 1358169917, 'FireFox', '192.168.143.1'),
(100811, 1, 'Pagina', 'ComponenteListado', '', 1358169922, 'FireFox', '192.168.143.1'),
(100812, 1, 'Pagina', 'ComponenteListado', '', 1358169931, 'FireFox', '192.168.143.1'),
(100813, 1, 'Pagina', 'ComponenteListado', '', 1358169937, 'FireFox', '192.168.143.1'),
(100814, 1, 'Pagina', 'ComponenteListado', '', 1358169943, 'FireFox', '192.168.143.1'),
(100815, 1, 'Pagina', 'ComponenteListado', '', 1358169948, 'FireFox', '192.168.143.1'),
(100816, 1, 'Pagina', 'ComponenteListado', '', 1358169954, 'FireFox', '192.168.143.1'),
(100817, 1, 'Pagina', 'ComponenteListado', '', 1358169964, 'FireFox', '192.168.143.1'),
(100818, 1, 'Pagina', 'ComponenteListado', '', 1358169975, 'FireFox', '192.168.143.1'),
(100819, 1, 'Pagina', 'ComponenteListado', '', 1358169988, 'FireFox', '192.168.143.1'),
(100820, 1, 'Pagina', 'ComponenteListado', '', 1358169994, 'FireFox', '192.168.143.1'),
(100821, 1, 'Pagina', 'ComponenteListado', '', 1358170000, 'FireFox', '192.168.143.1'),
(100822, 1, 'Pagina', 'ComponenteListado', '', 1358170005, 'FireFox', '192.168.143.1'),
(100823, 1, 'Pagina', 'ComponenteListado', '', 1358170010, 'FireFox', '192.168.143.1'),
(100824, 1, 'Pagina', 'ComponenteListado', '', 1358170026, 'FireFox', '192.168.143.1'),
(100825, 1, 'Pagina', 'ComponenteListado', '', 1358170032, 'FireFox', '192.168.143.1'),
(100826, 1, 'Pagina', 'ComponenteListado', '', 1358170037, 'FireFox', '192.168.143.1'),
(100827, 1, 'Pagina', 'ComponenteListado', '', 1358170042, 'FireFox', '192.168.143.1'),
(100828, 1, 'Pagina', 'ComponenteListado', '', 1358170046, 'FireFox', '192.168.143.1'),
(100829, 1, 'Pagina', 'ComponenteListado', '', 1358170050, 'FireFox', '192.168.143.1'),
(100830, 1, 'Pagina', 'ComponenteListado', '', 1358170055, 'FireFox', '192.168.143.1'),
(100831, 1, 'Pagina', 'ComponenteListado', '', 1358170059, 'FireFox', '192.168.143.1'),
(100832, 1, 'Pagina', 'ComponenteListado', '', 1358170067, 'FireFox', '192.168.143.1'),
(100833, 1, 'Pagina', 'ComponenteListado', '', 1358170071, 'FireFox', '192.168.143.1'),
(100834, 1, 'Pagina', 'ComponenteListado', '', 1358170076, 'FireFox', '192.168.143.1'),
(100835, 1, 'Pagina', 'ComponenteListado', '', 1358170079, 'FireFox', '192.168.143.1'),
(100836, 1, 'Pagina', 'ComponenteListado', '', 1358170083, 'FireFox', '192.168.143.1'),
(100837, 1, 'Pagina', 'ComponenteListado', '', 1358170088, 'FireFox', '192.168.143.1'),
(100838, 1, 'Pagina', 'ComponenteListado', '', 1358170093, 'FireFox', '192.168.143.1'),
(100839, 1, 'Pagina', 'ComponenteListado', '', 1358170097, 'FireFox', '192.168.143.1'),
(100840, 1, 'Pagina', 'ComponenteListado', '', 1358170101, 'FireFox', '192.168.143.1'),
(100841, 1, 'Pagina', 'ComponenteListado', '', 1358170105, 'FireFox', '192.168.143.1'),
(100842, 1, 'Pagina', 'ComponenteListado', '', 1358170117, 'FireFox', '192.168.143.1'),
(100843, 1, 'Pagina', 'ComponenteListado', '', 1358170128, 'FireFox', '192.168.143.1'),
(100844, 1, 'Pagina', 'ComponenteListado', '', 1358170132, 'FireFox', '192.168.143.1'),
(100845, 1, 'Pagina', 'ComponenteListado', '', 1358170135, 'FireFox', '192.168.143.1'),
(100846, 1, 'Pagina', 'ComponenteListado', '', 1358170139, 'FireFox', '192.168.143.1'),
(100847, 1, 'Pagina', 'ComponenteListado', '', 1358170143, 'FireFox', '192.168.143.1'),
(100848, 1, 'Pagina', 'ComponenteListado', '', 1358170146, 'FireFox', '192.168.143.1'),
(100849, 1, 'Pagina', 'ComponenteListado', '', 1358170152, 'FireFox', '192.168.143.1'),
(100850, 1, 'Pagina', 'ComponenteListado', '', 1358170156, 'FireFox', '192.168.143.1'),
(100851, 1, 'Pagina', 'ComponenteListado', '', 1358170160, 'FireFox', '192.168.143.1'),
(100852, 1, 'Pagina', 'ComponenteListado', '', 1358170165, 'FireFox', '192.168.143.1'),
(100853, 1, 'Pagina', 'ComponenteListado', '', 1358170169, 'FireFox', '192.168.143.1'),
(100854, 1, 'Pagina', 'ComponenteListado', '', 1358170172, 'FireFox', '192.168.143.1'),
(100855, 1, 'Pagina', 'ComponenteListado', '', 1358170176, 'FireFox', '192.168.143.1'),
(100856, 1, 'Pagina', 'ComponenteListado', '', 1358170181, 'FireFox', '192.168.143.1'),
(100857, 1, 'Pagina', 'ComponenteListado', '', 1358170187, 'FireFox', '192.168.143.1'),
(100858, 1, 'Pagina', 'ComponenteListado', '', 1358170189, 'FireFox', '192.168.143.1'),
(100859, 1, 'Pagina', 'ComponenteListado', '', 1358170193, 'FireFox', '192.168.143.1'),
(100860, 1, 'Pagina', 'ComponenteListado', '', 1358170196, 'FireFox', '192.168.143.1'),
(100861, 1, 'Pagina', 'ComponenteListado', '', 1358170199, 'FireFox', '192.168.143.1'),
(100862, 1, 'Pagina', 'ComponenteListado', '', 1358170202, 'FireFox', '192.168.143.1'),
(100863, 1, 'Pagina', 'ComponenteListado', '', 1358170207, 'FireFox', '192.168.143.1'),
(100864, 1, 'Pagina', 'ComponenteListado', '', 1358170210, 'FireFox', '192.168.143.1'),
(100865, 1, 'Pagina', 'Bienvenida', '', 1358181961, 'FireFox', '192.168.143.1'),
(100866, 1, 'Pagina', 'UsuarioListado', '', 1358182031, 'FireFox', '192.168.143.1'),
(100867, 1, 'Pagina', 'UsuarioAlta', '', 1358182035, 'FireFox', '192.168.143.1'),
(100868, 1, 'Pagina', 'UsuarioAltaInsercion', '', 1358182081, 'FireFox', '192.168.143.1'),
(100869, 1, 'Pagina', 'UsuarioListado', '', 1358182081, 'FireFox', '192.168.143.1'),
(100870, 1, 'Pagina', 'UsuarioModificacion', '', 1358182083, 'FireFox', '192.168.143.1'),
(100871, 1, 'Pagina', 'UsuarioListado', '', 1358182101, 'FireFox', '192.168.143.1'),
(100872, 1, 'Pagina', 'RolListado', '', 1358182104, 'FireFox', '192.168.143.1'),
(100873, 1, 'Pagina', 'RolAlta', '', 1358182105, 'FireFox', '192.168.143.1'),
(100874, 1, 'Pagina', 'RolAltaInsercion', '', 1358182150, 'FireFox', '192.168.143.1'),
(100875, 1, 'Pagina', 'RolListado', '', 1358182150, 'FireFox', '192.168.143.1'),
(100876, 1, 'Pagina', 'PaginaListado', '', 1358182158, 'FireFox', '192.168.143.1'),
(100877, 1, 'Pagina', 'PaginaListado', '', 1358182160, 'FireFox', '192.168.143.1'),
(100878, 1, 'Pagina', 'UsuarioListado', '', 1358182162, 'FireFox', '192.168.143.1'),
(100879, 1, 'Pagina', 'UsuarioModificacion', '', 1358182164, 'FireFox', '192.168.143.1'),
(100880, 1, 'Pagina', 'UsuarioModificacionInsercion', '', 1358182171, 'FireFox', '192.168.143.1'),
(100881, 1, 'Pagina', 'UsuarioListado', '', 1358182171, 'FireFox', '192.168.143.1'),
(100882, 1, 'Pagina', 'Salir', '', 1358182174, 'FireFox', '192.168.143.1'),
(100883, 100000, 'Pagina', 'Bienvenida', '', 1358182262, 'FireFox', '192.168.143.1'),
(100884, 100000, 'Pagina', 'UsuarioYClaveVer', '', 1358182277, 'FireFox', '192.168.143.1'),
(100885, 100000, 'Pagina', 'UsuarioYClaveModificacion', '', 1358182279, 'FireFox', '192.168.143.1'),
(100886, 100000, 'Pagina', 'UsuarioYClaveVer', '', 1358182295, 'FireFox', '192.168.143.1'),
(100887, 100000, 'Pagina', 'UsuarioYClaveModificacion', '', 1358182299, 'FireFox', '192.168.143.1'),
(100888, 100000, 'Pagina', 'UsuarioYClaveModificacionInsercion', '', 1358182339, 'FireFox', '192.168.143.1'),
(100889, 100000, 'Pagina', 'Salir', '', 1358182342, 'FireFox', '192.168.143.1'),
(100890, 100000, 'Pagina', 'Bienvenida', '', 1358182353, 'FireFox', '192.168.143.1'),
(100891, 100000, 'Pagina', 'RegistroListado', '', 1358182632, 'FireFox', '192.168.143.1'),
(100892, 100000, 'Pagina', 'DatosPersonalesVer', '', 1358182637, 'FireFox', '192.168.143.1'),
(100893, 100000, 'Pagina', 'Salir', '', 1358182643, 'FireFox', '192.168.143.1'),
(100894, 1, 'Pagina', 'Bienvenida', '', 1358182649, 'FireFox', '192.168.143.1'),
(100895, 1, 'Pagina', 'PaginaListado', '', 1358182652, 'FireFox', '192.168.143.1'),
(100896, 1, 'Pagina', 'ComponenteListado', '', 1358182723, 'FireFox', '192.168.143.1'),
(100897, 1, 'Pagina', 'ComponenteAlta', '', 1358182744, 'FireFox', '192.168.143.1'),
(100898, 1, 'Pagina', 'ComponenteAltaInsercion', '', 1358182754, 'FireFox', '192.168.143.1'),
(100899, 1, 'Pagina', 'ComponenteListado', '', 1358182754, 'FireFox', '192.168.143.1'),
(100900, 1, 'Pagina', 'ComponenteListado', '', 1358182757, 'FireFox', '192.168.143.1'),
(100901, 1, 'Pagina', 'ComponenteListado', '', 1358182760, 'FireFox', '192.168.143.1'),
(100902, 1, 'Pagina', 'ComponenteListado', '', 1358182761, 'FireFox', '192.168.143.1'),
(100903, 1, 'Pagina', 'ComponenteListado', '', 1358182762, 'FireFox', '192.168.143.1'),
(100904, 1, 'Pagina', 'ComponenteListado', '', 1358182763, 'FireFox', '192.168.143.1'),
(100905, 1, 'Pagina', 'ComponenteListado', '', 1358182765, 'FireFox', '192.168.143.1'),
(100906, 1, 'Pagina', 'ComponenteListado', '', 1358182766, 'FireFox', '192.168.143.1'),
(100907, 1, 'Pagina', 'ComponenteListado', '', 1358182767, 'FireFox', '192.168.143.1'),
(100908, 1, 'Pagina', 'Bienvenida', '', 1358264967, 'FireFox', '192.168.143.1'),
(100909, 1, 'Pagina', 'PaginaListado', '', 1358264969, 'FireFox', '192.168.143.1'),
(100910, 1, 'Pagina', 'PaginaModificacion', '', 1358264971, 'FireFox', '192.168.143.1'),
(100911, 1, 'Pagina', 'PaginaModificacionInsercion', '', 1358264995, 'FireFox', '192.168.143.1'),
(100912, 1, 'Pagina', 'PaginaListado', '', 1358264995, 'FireFox', '192.168.143.1'),
(100913, 1, 'Pagina', 'PaginaModificacion', '', 1358265006, 'FireFox', '192.168.143.1'),
(100914, 1, 'Pagina', 'PaginaModificacionInsercion', '', 1358265026, 'FireFox', '192.168.143.1'),
(100915, 1, 'Pagina', 'PaginaListado', '', 1358265026, 'FireFox', '192.168.143.1'),
(100916, 1, 'Pagina', 'RegistroListado', '', 1358265177, 'FireFox', '192.168.143.1'),
(100917, 1, 'Pagina', 'RegistroAlta', '', 1358265179, 'FireFox', '192.168.143.1'),
(100918, 1, 'Pagina', 'PaginaListado', '', 1358265189, 'FireFox', '192.168.143.1'),
(100919, 1, 'Pagina', 'RegistroListado', '', 1358265201, 'FireFox', '192.168.143.1'),
(100920, 1, 'Pagina', 'RegistroAlta', '', 1358265203, 'FireFox', '192.168.143.1'),
(100921, 1, 'Pagina', 'RegistroAltaInsercion', '', 1358265215, 'FireFox', '192.168.143.1'),
(100922, 1, 'Pagina', 'RegistroListado', '', 1358265215, 'FireFox', '192.168.143.1'),
(100923, 1, 'Pagina', 'RegistroListado', '', 1358265217, 'FireFox', '192.168.143.1'),
(100924, 1, 'Pagina', 'RegistroListado', '', 1358265219, 'FireFox', '192.168.143.1'),
(100925, 1, 'Pagina', 'PaginaListado', '', 1358265222, 'FireFox', '192.168.143.1'),
(100926, 1, 'Pagina', 'RegistroListado', '', 1358265228, 'FireFox', '192.168.143.1'),
(100927, 1, 'Pagina', 'RegistroAlta', '', 1358265229, 'FireFox', '192.168.143.1'),
(100928, 1, 'Pagina', 'RegistroAltaInsercion', '', 1358265243, 'FireFox', '192.168.143.1'),
(100929, 1, 'Pagina', 'RegistroListado', '', 1358265243, 'FireFox', '192.168.143.1'),
(100930, 1, 'Pagina', 'RegistroModificacion', '', 1358265245, 'FireFox', '192.168.143.1'),
(100931, 1, 'Pagina', 'PaginaListado', '', 1358265253, 'FireFox', '192.168.143.1'),
(100932, 1, 'Archivo externo', 'DerDbdesigner4', '', 1358265262, 'FireFox', '192.168.143.1'),
(100933, 1, 'Pagina', 'Inicio', '', 1358267780, 'FireFox', '192.168.143.1'),
(100934, 1, 'Pagina', 'Inicio', '', 1358267782, 'FireFox', '192.168.143.1'),
(100935, 1, 'Pagina', 'Bienvenida', '', 1358267782, 'FireFox', '192.168.143.1'),
(100936, 1, 'Pagina', 'PaginaListado', '', 1358267784, 'FireFox', '192.168.143.1'),
(100937, 1, 'Pagina', 'ComponenteListado', '', 1358267821, 'FireFox', '192.168.143.1'),
(100938, 1, 'Pagina', 'PaginaListado', '', 1358267827, 'FireFox', '192.168.143.1'),
(100939, 1, 'Pagina', 'Bienvenida', '', 1358440388, 'FireFox', '192.168.143.1'),
(100940, 1, 'Pagina', 'PaginaListado', '', 1358440395, 'FireFox', '192.168.143.1'),
(100941, 1, 'Pagina', 'RegistroListado', '', 1358440402, 'FireFox', '192.168.143.1'),
(100942, 1, 'Pagina', 'RegistroAlta', '', 1358440404, 'FireFox', '192.168.143.1'),
(100943, 1, 'Pagina', 'Inicio', '', 1358440413, 'FireFox', '192.168.143.1'),
(100944, 1, 'Pagina', 'Inicio', '', 1358440415, 'FireFox', '192.168.143.1'),
(100945, 1, 'Pagina', 'Bienvenida', '', 1358440415, 'FireFox', '192.168.143.1'),
(100946, 1, 'Pagina', 'PaginaListado', '', 1358440424, 'FireFox', '192.168.143.1'),
(100947, 1, 'Pagina', 'ComponenteListado', '', 1358440430, 'FireFox', '192.168.143.1'),
(100948, 1, 'Pagina', 'PaginaListado', '', 1358440432, 'FireFox', '192.168.143.1'),
(100949, 1, 'Pagina', 'RegistroListado', '', 1358440437, 'FireFox', '192.168.143.1'),
(100950, 100000, 'Pagina', 'Bienvenida', '', 1358517496, 'FireFox', '192.168.143.1'),
(100951, 1, 'Pagina', 'RegistroListado', '', 1358769876, 'FireFox', '192.168.143.1'),
(100952, 1, 'Pagina', 'PaginaListado', '', 1358769878, 'FireFox', '192.168.143.1'),
(100953, 1, 'Pagina', 'PaginaAlta', '', 1358769888, 'FireFox', '192.168.143.1'),
(100954, 1, 'Pagina', 'PaginaAltaInsercion', '', 1358769903, 'FireFox', '192.168.143.1'),
(100955, 1, 'Pagina', 'ComponenteListado', '', 1358769903, 'FireFox', '192.168.143.1'),
(100956, 1, 'Pagina', 'ComponenteAlta', '', 1358769909, 'FireFox', '192.168.143.1'),
(100957, 1, 'Pagina', 'ComponenteAltaInsercion', '', 1358769926, 'FireFox', '192.168.143.1'),
(100958, 1, 'Pagina', 'ComponenteListado', '', 1358769926, 'FireFox', '192.168.143.1'),
(100959, 1, 'Pagina', 'ComponenteAlta', '', 1358769929, 'FireFox', '192.168.143.1'),
(100960, 1, 'Pagina', 'ComponenteAltaInsercion', '', 1358769947, 'FireFox', '192.168.143.1'),
(100961, 1, 'Pagina', 'ComponenteListado', '', 1358769947, 'FireFox', '192.168.143.1'),
(100962, 1, 'Pagina', 'PaginaListado', '', 1358769948, 'FireFox', '192.168.143.1'),
(100963, 1, 'Pagina', 'PaginaAlta', '', 1358769960, 'FireFox', '192.168.143.1'),
(100964, 1, 'Pagina', 'PaginaAltaInsercion', '', 1358769972, 'FireFox', '192.168.143.1'),
(100965, 1, 'Pagina', 'ComponenteListado', '', 1358769972, 'FireFox', '192.168.143.1'),
(100966, 1, 'Pagina', 'ComponenteAlta', '', 1358769975, 'FireFox', '192.168.143.1'),
(100967, 1, 'Pagina', 'ComponenteAltaInsercion', '', 1358769992, 'FireFox', '192.168.143.1'),
(100968, 1, 'Pagina', 'ComponenteListado', '', 1358769992, 'FireFox', '192.168.143.1'),
(100969, 1, 'Pagina', 'PaginaListado', '', 1358769995, 'FireFox', '192.168.143.1'),
(100970, 1, 'Pagina', 'PaginaAlta', '', 1358769999, 'FireFox', '192.168.143.1'),
(100971, 1, 'Pagina', 'PaginaAltaInsercion', '', 1358770013, 'FireFox', '192.168.143.1'),
(100972, 1, 'Pagina', 'ComponenteListado', '', 1358770013, 'FireFox', '192.168.143.1'),
(100973, 1, 'Pagina', 'ComponenteAlta', '', 1358770019, 'FireFox', '192.168.143.1'),
(100974, 1, 'Pagina', 'ComponenteAltaInsercion', '', 1358770025, 'FireFox', '192.168.143.1'),
(100975, 1, 'Pagina', 'ComponenteListado', '', 1358770025, 'FireFox', '192.168.143.1'),
(100976, 1, 'Pagina', 'ComponenteAlta', '', 1358770032, 'FireFox', '192.168.143.1'),
(100977, 1, 'Pagina', 'ComponenteAltaInsercion', '', 1358770042, 'FireFox', '192.168.143.1'),
(100978, 1, 'Pagina', 'ComponenteListado', '', 1358770042, 'FireFox', '192.168.143.1'),
(100979, 1, 'Pagina', 'ComponenteAlta', '', 1358770054, 'FireFox', '192.168.143.1'),
(100980, 1, 'Pagina', 'ComponenteAltaInsercion', '', 1358770079, 'FireFox', '192.168.143.1'),
(100981, 1, 'Pagina', 'ComponenteListado', '', 1358770079, 'FireFox', '192.168.143.1'),
(100982, 1, 'Pagina', 'ComponenteAlta', '', 1358770086, 'FireFox', '192.168.143.1'),
(100983, 1, 'Pagina', 'ComponenteAltaInsercion', '', 1358770099, 'FireFox', '192.168.143.1'),
(100984, 1, 'Pagina', 'ComponenteListado', '', 1358770099, 'FireFox', '192.168.143.1'),
(100985, 1, 'Pagina', 'PaginaListado', '', 1358770122, 'FireFox', '192.168.143.1'),
(100986, 1, 'Pagina', 'RegistroListado', '', 1358770124, 'FireFox', '192.168.143.1'),
(100987, 1, 'Pagina', 'PaginaListado', '', 1358770189, 'FireFox', '192.168.143.1'),
(100988, 1, 'Pagina', 'ComponenteListado', '', 1358770191, 'FireFox', '192.168.143.1'),
(100989, 1, 'Pagina', 'PaginaListado', '', 1358770274, 'FireFox', '192.168.143.1'),
(100990, 1, 'Pagina', 'PaginaModificacion', '', 1358770302, 'FireFox', '192.168.143.1'),
(100991, 1, 'Pagina', 'PaginaListado', '', 1358770303, 'FireFox', '192.168.143.1'),
(100992, 1, 'Pagina', 'ComponenteListado', '', 1358770307, 'FireFox', '192.168.143.1'),
(100993, 1, 'Pagina', 'ComponenteBaja', '', 1358770339, 'FireFox', '192.168.143.1'),
(100994, 1, 'Pagina', 'ComponenteListado', '', 1358770339, 'FireFox', '192.168.143.1'),
(100995, 1, 'Pagina', 'PaginaListado', '', 1358770342, 'FireFox', '192.168.143.1'),
(100996, 1, 'Pagina', 'ComponenteListado', '', 1358770347, 'FireFox', '192.168.143.1'),
(100997, 1, 'Pagina', 'ComponenteBaja', '', 1358770349, 'FireFox', '192.168.143.1'),
(100998, 1, 'Pagina', 'ComponenteListado', '', 1358770350, 'FireFox', '192.168.143.1'),
(100999, 1, 'Pagina', 'PaginaListado', '', 1358770353, 'FireFox', '192.168.143.1'),
(101000, 1, 'Pagina', 'ComponenteListado', '', 1358770359, 'FireFox', '192.168.143.1'),
(101001, 1, 'Pagina', 'ComponenteBaja', '', 1358770362, 'FireFox', '192.168.143.1'),
(101002, 1, 'Pagina', 'ComponenteListado', '', 1358770362, 'FireFox', '192.168.143.1'),
(101003, 1, 'Pagina', 'PaginaListado', '', 1358770363, 'FireFox', '192.168.143.1'),
(101004, 1, 'Pagina', 'ComponenteListado', '', 1358770369, 'FireFox', '192.168.143.1'),
(101005, 1, 'Pagina', 'ComponenteBaja', '', 1358770372, 'FireFox', '192.168.143.1'),
(101006, 1, 'Pagina', 'ComponenteListado', '', 1358770373, 'FireFox', '192.168.143.1'),
(101007, 1, 'Pagina', 'PaginaListado', '', 1358770374, 'FireFox', '192.168.143.1'),
(101008, 1, 'Pagina', 'PaginaBaja', '', 1358770380, 'FireFox', '192.168.143.1'),
(101009, 1, 'Pagina', 'PaginaListado', '', 1358770380, 'FireFox', '192.168.143.1'),
(101010, 1, 'Pagina', 'ComponenteListado', '', 1358770448, 'FireFox', '192.168.143.1'),
(101011, 1, 'Pagina', 'ComponenteAlta', '', 1358770459, 'FireFox', '192.168.143.1'),
(101012, 1, 'Pagina', 'ComponenteAltaInsercion', '', 1358770467, 'FireFox', '192.168.143.1'),
(101013, 1, 'Pagina', 'ComponenteListado', '', 1358770467, 'FireFox', '192.168.143.1'),
(101014, 1, 'Pagina', 'ComponenteListado', '', 1358770471, 'FireFox', '192.168.143.1'),
(101015, 1, 'Pagina', 'PaginaListado', '', 1358770613, 'FireFox', '192.168.143.1'),
(101016, 1, 'Archivo externo', 'DerDbdesigner4', '', 1358770615, 'FireFox', '192.168.143.1'),
(101017, 1, 'Pagina', 'PaginaListado', '', 1358772192, 'FireFox', '192.168.143.1'),
(101018, 1, 'Pagina', 'RegistroListado', '', 1358772210, 'FireFox', '192.168.143.1'),
(101019, 1, 'Pagina', 'PaginaListado', '', 1358772219, 'FireFox', '192.168.143.1'),
(101020, 1, 'Archivo externo', 'DerDbdesigner4', '', 1358772221, 'FireFox', '192.168.143.1'),
(101021, 1, 'Pagina', 'PaginaListado', '', 1358781842, 'FireFox', '192.168.143.1'),
(101022, 1, 'Archivo externo', 'DerDbdesigner4', '', 1358781844, 'FireFox', '192.168.143.1'),
(101023, 1, 'Archivo externo', 'DerDbdesigner4', '', 1358782078, 'FireFox', '192.168.143.1'),
(101024, 1, 'Archivo externo', 'DerDbdesigner4', '', 1358782581, 'FireFox', '192.168.143.1'),
(101025, 1, 'Pagina', 'Bienvenida', '', 1358784348, 'FireFox', '192.168.143.1'),
(101026, 1, 'Pagina', 'Salir', '', 1358784350, 'FireFox', '192.168.143.1'),
(101027, 1, 'Pagina', 'Bienvenida', '', 1358784356, 'FireFox', '192.168.143.1'),
(101028, 1, 'Pagina', 'PaginaListado', '', 1358784358, 'FireFox', '192.168.143.1'),
(101029, 1, 'Archivo externo', 'DerDbdesigner4', '', 1358784361, 'FireFox', '192.168.143.1'),
(101030, 1, 'Pagina', 'Inicio', '', 1358784454, 'FireFox', '192.168.143.1'),
(101031, 1, 'Pagina', 'Inicio', '', 1358784461, 'FireFox', '192.168.143.1'),
(101032, 1, 'Pagina', 'Bienvenida', '', 1358784461, 'FireFox', '192.168.143.1'),
(101033, 1, 'Pagina', 'PaginaListado', '', 1358784571, 'FireFox', '192.168.143.1'),
(101034, 1, 'Pagina', 'ComponenteListado', '', 1358784588, 'FireFox', '192.168.143.1'),
(101035, 1, 'Pagina', 'ComponenteBaja', '', 1358784602, 'FireFox', '192.168.143.1'),
(101036, 1, 'Pagina', 'ComponenteListado', '', 1358784602, 'FireFox', '192.168.143.1'),
(101037, 1, 'Pagina', 'PaginaListado', '', 1358784603, 'FireFox', '192.168.143.1'),
(101038, 1, 'Archivo externo', 'DerDbdesigner4', '', 1358784605, 'FireFox', '192.168.143.1'),
(101039, 1, 'Pagina', 'ComponenteListado', '', 1358784663, 'FireFox', '192.168.143.1'),
(101040, 1, 'Pagina', 'PaginaListado', '', 1358784665, 'FireFox', '192.168.143.1'),
(101041, 1, 'Pagina', 'PaginaAlta', '', 1358784994, 'FireFox', '192.168.143.1'),
(101042, 1, 'Pagina', 'PaginaAltaInsercion', '', 1358785031, 'FireFox', '192.168.143.1'),
(101043, 1, 'Pagina', 'ComponenteListado', '', 1358785031, 'FireFox', '192.168.143.1'),
(101044, 1, 'Pagina', 'ComponenteAlta', '', 1358785038, 'FireFox', '192.168.143.1'),
(101045, 1, 'Pagina', 'ComponenteAltaInsercion', '', 1358785098, 'FireFox', '192.168.143.1'),
(101046, 1, 'Pagina', 'ComponenteListado', '', 1358785099, 'FireFox', '192.168.143.1'),
(101047, 1, 'Pagina', 'ComponenteAlta', '', 1358785105, 'FireFox', '192.168.143.1'),
(101048, 1, 'Pagina', 'ComponenteAltaInsercion', '', 1358785214, 'FireFox', '192.168.143.1'),
(101049, 1, 'Pagina', 'ComponenteListado', '', 1358785214, 'FireFox', '192.168.143.1'),
(101050, 1, 'Pagina', 'ComponenteAlta', '', 1358785222, 'FireFox', '192.168.143.1'),
(101051, 1, 'Pagina', 'ComponenteAltaInsercion', '', 1358785309, 'FireFox', '192.168.143.1'),
(101052, 1, 'Pagina', 'ComponenteListado', '', 1358785309, 'FireFox', '192.168.143.1'),
(101053, 1, 'Pagina', 'ComponenteAlta', '', 1358785323, 'FireFox', '192.168.143.1'),
(101054, 1, 'Pagina', 'ComponenteListado', '', 1358785352, 'FireFox', '192.168.143.1'),
(101055, 1, 'Pagina', 'ComponenteAlta', '', 1358785357, 'FireFox', '192.168.143.1'),
(101056, 1, 'Pagina', 'ComponenteAltaInsercion', '', 1358785389, 'FireFox', '192.168.143.1'),
(101057, 1, 'Pagina', 'ComponenteListado', '', 1358785389, 'FireFox', '192.168.143.1'),
(101058, 1, 'Pagina', 'ComponenteAlta', '', 1358785406, 'FireFox', '192.168.143.1'),
(101059, 1, 'Pagina', 'ComponenteAltaInsercion', '', 1358785446, 'FireFox', '192.168.143.1'),
(101060, 1, 'Pagina', 'ComponenteListado', '', 1358785446, 'FireFox', '192.168.143.1'),
(101061, 1, 'Pagina', 'ComponenteAlta', '', 1358785449, 'FireFox', '192.168.143.1'),
(101062, 1, 'Pagina', 'ComponenteAltaInsercion', '', 1358785458, 'FireFox', '192.168.143.1'),
(101063, 1, 'Pagina', 'ComponenteListado', '', 1358785458, 'FireFox', '192.168.143.1'),
(101064, 1, 'Pagina', 'PaginaListado', '', 1358785473, 'FireFox', '192.168.143.1'),
(101065, 1, 'Pagina', 'ComponenteListado', '', 1358785538, 'FireFox', '192.168.143.1'),
(101066, 1, 'Pagina', 'ComponenteAlta', '', 1358785578, 'FireFox', '192.168.143.1'),
(101067, 1, 'Pagina', 'ComponenteAltaInsercion', '', 1358785636, 'FireFox', '192.168.143.1'),
(101068, 1, 'Pagina', 'ComponenteListado', '', 1358785636, 'FireFox', '192.168.143.1'),
(101069, 1, 'Pagina', 'ComponenteListado', '', 1358785638, 'FireFox', '192.168.143.1'),
(101070, 1, 'Pagina', 'PaginaListado', '', 1358785678, 'FireFox', '192.168.143.1'),
(101071, 1, 'Archivo externo', 'DerDbdesigner4', '', 1358785680, 'FireFox', '192.168.143.1'),
(101072, 1, 'Pagina', 'PaginaAlta', '', 1358786482, 'FireFox', '192.168.143.1'),
(101073, 1, 'Pagina', 'PaginaAltaInsercion', '', 1358786500, 'FireFox', '192.168.143.1'),
(101074, 1, 'Pagina', 'ComponenteListado', '', 1358786500, 'FireFox', '192.168.143.1'),
(101075, 1, 'Pagina', 'ComponenteAlta', '', 1358786666, 'FireFox', '192.168.143.1'),
(101076, 1, 'Pagina', 'ComponenteAltaInsercion', '', 1358786737, 'FireFox', '192.168.143.1'),
(101077, 1, 'Pagina', 'ComponenteListado', '', 1358786737, 'FireFox', '192.168.143.1'),
(101078, 1, 'Pagina', 'ComponenteAlta', '', 1358786747, 'FireFox', '192.168.143.1'),
(101079, 1, 'Pagina', 'ComponenteAltaInsercion', '', 1358786758, 'FireFox', '192.168.143.1'),
(101080, 1, 'Pagina', 'ComponenteListado', '', 1358786758, 'FireFox', '192.168.143.1'),
(101081, 1, 'Pagina', 'PaginaListado', '', 1358786761, 'FireFox', '192.168.143.1'),
(101082, 1, 'Pagina', 'PaginaAlta', '', 1358786795, 'FireFox', '192.168.143.1'),
(101083, 1, 'Pagina', 'PaginaAltaInsercion', '', 1358786830, 'FireFox', '192.168.143.1'),
(101084, 1, 'Pagina', 'ComponenteListado', '', 1358786830, 'FireFox', '192.168.143.1'),
(101085, 1, 'Pagina', 'ComponenteAlta', '', 1358786838, 'FireFox', '192.168.143.1'),
(101086, 1, 'Pagina', 'ComponenteAltaInsercion', '', 1358786869, 'FireFox', '192.168.143.1'),
(101087, 1, 'Pagina', 'ComponenteListado', '', 1358786869, 'FireFox', '192.168.143.1'),
(101088, 1, 'Pagina', 'ComponenteAlta', '', 1358786874, 'FireFox', '192.168.143.1'),
(101089, 1, 'Pagina', 'ComponenteListado', '', 1358786956, 'FireFox', '192.168.143.1'),
(101090, 1, 'Pagina', 'ComponenteAlta', '', 1358786963, 'FireFox', '192.168.143.1'),
(101091, 1, 'Pagina', 'ComponenteAltaInsercion', '', 1358786988, 'FireFox', '192.168.143.1'),
(101092, 1, 'Pagina', 'ComponenteListado', '', 1358786988, 'FireFox', '192.168.143.1'),
(101093, 1, 'Pagina', 'ComponenteAlta', '', 1358786992, 'FireFox', '192.168.143.1'),
(101094, 1, 'Pagina', 'ComponenteAltaInsercion', '', 1358787061, 'FireFox', '192.168.143.1'),
(101095, 1, 'Pagina', 'ComponenteListado', '', 1358787061, 'FireFox', '192.168.143.1'),
(101096, 1, 'Pagina', 'ComponenteAlta', '', 1358787065, 'FireFox', '192.168.143.1'),
(101097, 1, 'Pagina', 'ComponenteAltaInsercion', '', 1358787083, 'FireFox', '192.168.143.1'),
(101098, 1, 'Pagina', 'ComponenteListado', '', 1358787083, 'FireFox', '192.168.143.1'),
(101099, 1, 'Pagina', 'ComponenteAlta', '', 1358787087, 'FireFox', '192.168.143.1'),
(101100, 1, 'Pagina', 'ComponenteListado', '', 1358787089, 'FireFox', '192.168.143.1'),
(101101, 1, 'Pagina', 'ComponenteAlta', '', 1358787093, 'FireFox', '192.168.143.1'),
(101102, 1, 'Pagina', 'ComponenteAltaInsercion', '', 1358787115, 'FireFox', '192.168.143.1'),
(101103, 1, 'Pagina', 'ComponenteListado', '', 1358787116, 'FireFox', '192.168.143.1'),
(101104, 1, 'Pagina', 'ComponenteAlta', '', 1358787121, 'FireFox', '192.168.143.1'),
(101105, 1, 'Pagina', 'ComponenteAltaInsercion', '', 1358787133, 'FireFox', '192.168.143.1'),
(101106, 1, 'Pagina', 'ComponenteListado', '', 1358787133, 'FireFox', '192.168.143.1'),
(101107, 1, 'Pagina', 'PaginaListado', '', 1358787136, 'FireFox', '192.168.143.1'),
(101108, 1, 'Pagina', 'PaginaModificacion', '', 1358787169, 'FireFox', '192.168.143.1'),
(101109, 1, 'Pagina', 'PaginaListado', '', 1358787171, 'FireFox', '192.168.143.1'),
(101110, 1, 'Pagina', 'ComponenteListado', '', 1358787175, 'FireFox', '192.168.143.1'),
(101111, 1, 'Pagina', 'PaginaListado', '', 1358787186, 'FireFox', '192.168.143.1'),
(101112, 1, 'Pagina', 'ComponenteListado', '', 1358787188, 'FireFox', '192.168.143.1'),
(101113, 1, 'Pagina', 'PaginaListado', '', 1358787206, 'FireFox', '192.168.143.1'),
(101114, 1, 'Pagina', 'ComponenteListado', '', 1358787209, 'FireFox', '192.168.143.1'),
(101115, 1, 'Pagina', 'ComponenteBaja', '', 1358787214, 'FireFox', '192.168.143.1'),
(101116, 1, 'Pagina', 'ComponenteListado', '', 1358787214, 'FireFox', '192.168.143.1'),
(101117, 1, 'Pagina', 'PaginaListado', '', 1358787216, 'FireFox', '192.168.143.1'),
(101118, 1, 'Pagina', 'ComponenteListado', '', 1358787218, 'FireFox', '192.168.143.1'),
(101119, 1, 'Pagina', 'PaginaListado', '', 1358787220, 'FireFox', '192.168.143.1'),
(101120, 1, 'Pagina', 'PaginaAlta', '', 1358787342, 'FireFox', '192.168.143.1'),
(101121, 1, 'Pagina', 'PaginaAltaInsercion', '', 1358787359, 'FireFox', '192.168.143.1'),
(101122, 1, 'Pagina', 'ComponenteListado', '', 1358787359, 'FireFox', '192.168.143.1'),
(101123, 1, 'Pagina', 'ComponenteAlta', '', 1358787369, 'FireFox', '192.168.143.1'),
(101124, 1, 'Pagina', 'ComponenteAltaInsercion', '', 1358787457, 'FireFox', '192.168.143.1'),
(101125, 1, 'Pagina', 'ComponenteListado', '', 1358787457, 'FireFox', '192.168.143.1'),
(101126, 1, 'Pagina', 'ComponenteAlta', '', 1358787464, 'FireFox', '192.168.143.1'),
(101127, 1, 'Pagina', 'ComponenteAltaInsercion', '', 1358787477, 'FireFox', '192.168.143.1'),
(101128, 1, 'Pagina', 'ComponenteListado', '', 1358787477, 'FireFox', '192.168.143.1'),
(101129, 1, 'Pagina', 'ComponenteAlta', '', 1358787517, 'FireFox', '192.168.143.1'),
(101130, 1, 'Pagina', 'ComponenteAltaInsercion', '', 1358787638, 'FireFox', '192.168.143.1'),
(101131, 1, 'Pagina', 'ComponenteListado', '', 1358787638, 'FireFox', '192.168.143.1'),
(101132, 1, 'Pagina', 'ComponenteAlta', '', 1358787647, 'FireFox', '192.168.143.1'),
(101133, 1, 'Pagina', 'ComponenteListado', '', 1358787657, 'FireFox', '192.168.143.1'),
(101134, 1, 'Pagina', 'ComponenteAlta', '', 1358787660, 'FireFox', '192.168.143.1'),
(101135, 1, 'Pagina', 'ComponenteAltaInsercion', '', 1358787677, 'FireFox', '192.168.143.1'),
(101136, 1, 'Pagina', 'ComponenteListado', '', 1358787677, 'FireFox', '192.168.143.1'),
(101137, 1, 'Pagina', 'PaginaListado', '', 1358787679, 'FireFox', '192.168.143.1'),
(101138, 1, 'Archivo externo', 'DerDbdesigner4', '', 1358787707, 'FireFox', '192.168.143.1'),
(101139, 1, 'Pagina', 'PaginaListado', '', 1358788884, 'FireFox', '192.168.143.1'),
(101140, 1, 'Pagina', 'PaginaListado', '', 1358789611, 'FireFox', '192.168.143.1'),
(101141, 1, 'Pagina', 'PaginaListado', '', 1358789614, 'FireFox', '192.168.143.1'),
(101142, 1, 'Pagina', 'ComponenteListado', '', 1358789618, 'FireFox', '192.168.143.1'),
(101143, 1, 'Pagina', 'PaginaListado', '', 1358789622, 'FireFox', '192.168.143.1'),
(101144, 1, 'Pagina', 'RegistroListado', '', 1358789624, 'FireFox', '192.168.143.1'),
(101145, 1, 'Pagina', 'PaginaListado', '', 1358789630, 'FireFox', '192.168.143.1'),
(101146, 1, 'Pagina', 'PaginaAlta', '', 1358789633, 'FireFox', '192.168.143.1'),
(101147, 1, 'Pagina', 'PrefijoListado', '', 1358789649, 'FireFox', '192.168.143.1'),
(101148, 1, 'Pagina', 'PrefijoAlta', '', 1358789652, 'FireFox', '192.168.143.1'),
(101149, 1, 'Pagina', 'PrefijoAltaInsercion', '', 1358789669, 'FireFox', '192.168.143.1'),
(101150, 1, 'Pagina', 'PrefijoListado', '', 1358789669, 'FireFox', '192.168.143.1'),
(101151, 1, 'Pagina', 'PaginaListado', '', 1358789681, 'FireFox', '192.168.143.1'),
(101152, 1, 'Pagina', 'PaginaAlta', '', 1358790196, 'FireFox', '192.168.143.1'),
(101153, 1, 'Pagina', 'PaginaAltaInsercion', '', 1358790210, 'FireFox', '192.168.143.1'),
(101154, 1, 'Pagina', 'ComponenteListado', '', 1358790210, 'FireFox', '192.168.143.1'),
(101155, 1, 'Pagina', 'ComponenteAlta', '', 1358790217, 'FireFox', '192.168.143.1'),
(101156, 1, 'Pagina', 'ComponenteAltaInsercion', '', 1358790253, 'FireFox', '192.168.143.1'),
(101157, 1, 'Pagina', 'ComponenteListado', '', 1358790254, 'FireFox', '192.168.143.1'),
(101158, 1, 'Pagina', 'ComponenteAlta', '', 1358790260, 'FireFox', '192.168.143.1'),
(101159, 1, 'Pagina', 'ComponenteAltaInsercion', '', 1358790273, 'FireFox', '192.168.143.1'),
(101160, 1, 'Pagina', 'ComponenteListado', '', 1358790273, 'FireFox', '192.168.143.1'),
(101161, 1, 'Pagina', 'ComponenteModificacion', '', 1358790275, 'FireFox', '192.168.143.1'),
(101162, 1, 'Pagina', 'ComponenteListado', '', 1358790277, 'FireFox', '192.168.143.1'),
(101163, 1, 'Pagina', 'ComponenteAlta', '', 1358790283, 'FireFox', '192.168.143.1'),
(101164, 1, 'Pagina', 'ComponenteAltaInsercion', '', 1358790317, 'FireFox', '192.168.143.1'),
(101165, 1, 'Pagina', 'ComponenteListado', '', 1358790317, 'FireFox', '192.168.143.1');
INSERT INTO `kirke_log` (`id_log`, `id_usuario`, `elemento`, `pagina`, `nombre`, `hora`, `navegador`, `ip`) VALUES
(101166, 1, 'Pagina', 'ComponenteAlta', '', 1358790320, 'FireFox', '192.168.143.1'),
(101167, 1, 'Pagina', 'ComponenteAltaInsercion', '', 1358790335, 'FireFox', '192.168.143.1'),
(101168, 1, 'Pagina', 'ComponenteListado', '', 1358790335, 'FireFox', '192.168.143.1'),
(101169, 1, 'Pagina', 'ComponenteAlta', '', 1358790498, 'FireFox', '192.168.143.1'),
(101170, 1, 'Pagina', 'ComponenteAltaInsercion', '', 1358790505, 'FireFox', '192.168.143.1'),
(101171, 1, 'Pagina', 'ComponenteListado', '', 1358790505, 'FireFox', '192.168.143.1'),
(101172, 1, 'Pagina', 'ComponenteAlta', '', 1358790522, 'FireFox', '192.168.143.1'),
(101173, 1, 'Pagina', 'ComponenteAltaInsercion', '', 1358790540, 'FireFox', '192.168.143.1'),
(101174, 1, 'Pagina', 'ComponenteListado', '', 1358790540, 'FireFox', '192.168.143.1'),
(101175, 1, 'Pagina', 'ComponenteAlta', '', 1358790548, 'FireFox', '192.168.143.1'),
(101176, 1, 'Pagina', 'ComponenteAltaInsercion', '', 1358790564, 'FireFox', '192.168.143.1'),
(101177, 1, 'Pagina', 'ComponenteListado', '', 1358790564, 'FireFox', '192.168.143.1'),
(101178, 1, 'Pagina', 'ComponenteAlta', '', 1358790586, 'FireFox', '192.168.143.1'),
(101179, 1, 'Pagina', 'ComponenteAltaInsercion', '', 1358790596, 'FireFox', '192.168.143.1'),
(101180, 1, 'Pagina', 'ComponenteListado', '', 1358790596, 'FireFox', '192.168.143.1'),
(101181, 1, 'Pagina', 'ComponenteAlta', '', 1358790604, 'FireFox', '192.168.143.1'),
(101182, 1, 'Pagina', 'ComponenteAltaInsercion', '', 1358790618, 'FireFox', '192.168.143.1'),
(101183, 1, 'Pagina', 'ComponenteListado', '', 1358790618, 'FireFox', '192.168.143.1'),
(101184, 1, 'Pagina', 'PaginaListado', '', 1358790622, 'FireFox', '192.168.143.1'),
(101185, 1, 'Pagina', 'PaginaAlta', '', 1358790739, 'FireFox', '192.168.143.1'),
(101186, 1, 'Pagina', 'PaginaAltaInsercion', '', 1358790782, 'FireFox', '192.168.143.1'),
(101187, 1, 'Pagina', 'ComponenteListado', '', 1358790782, 'FireFox', '192.168.143.1'),
(101188, 1, 'Pagina', 'ComponenteAlta', '', 1358790795, 'FireFox', '192.168.143.1'),
(101189, 1, 'Pagina', 'ComponenteAltaInsercion', '', 1358790810, 'FireFox', '192.168.143.1'),
(101190, 1, 'Pagina', 'ComponenteListado', '', 1358790810, 'FireFox', '192.168.143.1'),
(101191, 1, 'Pagina', 'ComponenteAlta', '', 1358790814, 'FireFox', '192.168.143.1'),
(101192, 1, 'Pagina', 'ComponenteAltaInsercion', '', 1358790860, 'FireFox', '192.168.143.1'),
(101193, 1, 'Pagina', 'ComponenteListado', '', 1358790860, 'FireFox', '192.168.143.1'),
(101194, 1, 'Pagina', 'ComponenteAlta', '', 1358790864, 'FireFox', '192.168.143.1'),
(101195, 1, 'Pagina', 'ComponenteAltaInsercion', '', 1358790891, 'FireFox', '192.168.143.1'),
(101196, 1, 'Pagina', 'ComponenteListado', '', 1358790891, 'FireFox', '192.168.143.1'),
(101197, 1, 'Pagina', 'ComponenteAlta', '', 1358790894, 'FireFox', '192.168.143.1'),
(101198, 1, 'Pagina', 'ComponenteAltaInsercion', '', 1358790936, 'FireFox', '192.168.143.1'),
(101199, 1, 'Pagina', 'ComponenteListado', '', 1358790936, 'FireFox', '192.168.143.1'),
(101200, 1, 'Pagina', 'ComponenteAlta', '', 1358790943, 'FireFox', '192.168.143.1'),
(101201, 1, 'Pagina', 'ComponenteAltaInsercion', '', 1358790963, 'FireFox', '192.168.143.1'),
(101202, 1, 'Pagina', 'ComponenteListado', '', 1358790963, 'FireFox', '192.168.143.1'),
(101203, 1, 'Pagina', 'ComponenteAlta', '', 1358790968, 'FireFox', '192.168.143.1'),
(101204, 1, 'Pagina', 'ComponenteAltaInsercion', '', 1358790978, 'FireFox', '192.168.143.1'),
(101205, 1, 'Pagina', 'ComponenteListado', '', 1358790978, 'FireFox', '192.168.143.1'),
(101206, 1, 'Pagina', 'PaginaListado', '', 1358790983, 'FireFox', '192.168.143.1'),
(101207, 1, 'Pagina', 'ComponenteListado', '', 1358790994, 'FireFox', '192.168.143.1'),
(101208, 1, 'Pagina', 'ComponenteAlta', '', 1358791002, 'FireFox', '192.168.143.1'),
(101209, 1, 'Pagina', 'ComponenteAltaInsercion', '', 1358791057, 'FireFox', '192.168.143.1'),
(101210, 1, 'Pagina', 'ComponenteListado', '', 1358791057, 'FireFox', '192.168.143.1'),
(101211, 1, 'Pagina', 'PaginaListado', '', 1358791060, 'FireFox', '192.168.143.1'),
(101212, 1, 'Pagina', 'ComponenteListado', '', 1358791070, 'FireFox', '192.168.143.1'),
(101213, 1, 'Pagina', 'PaginaListado', '', 1358791072, 'FireFox', '192.168.143.1'),
(101214, 1, 'Pagina', 'ComponenteListado', '', 1358791078, 'FireFox', '192.168.143.1'),
(101215, 1, 'Pagina', 'ComponenteAlta', '', 1358791087, 'FireFox', '192.168.143.1'),
(101216, 1, 'Pagina', 'ComponenteAltaInsercion', '', 1358791131, 'FireFox', '192.168.143.1'),
(101217, 1, 'Pagina', 'ComponenteListado', '', 1358791131, 'FireFox', '192.168.143.1'),
(101218, 1, 'Pagina', 'PaginaListado', '', 1358791133, 'FireFox', '192.168.143.1'),
(101219, 1, 'Pagina', 'PaginaModificacion', '', 1358791369, 'FireFox', '192.168.143.1'),
(101220, 1, 'Pagina', 'PaginaModificacionInsercion', '', 1358791374, 'FireFox', '192.168.143.1'),
(101221, 1, 'Pagina', 'PaginaListado', '', 1358791375, 'FireFox', '192.168.143.1'),
(101222, 1, 'Pagina', 'PaginaAlta', '', 1358791420, 'FireFox', '192.168.143.1'),
(101223, 1, 'Pagina', 'PaginaAltaInsercion', '', 1358791437, 'FireFox', '192.168.143.1'),
(101224, 1, 'Pagina', 'ComponenteListado', '', 1358791437, 'FireFox', '192.168.143.1'),
(101225, 1, 'Pagina', 'ComponenteAlta', '', 1358791443, 'FireFox', '192.168.143.1'),
(101226, 1, 'Pagina', 'ComponenteAltaInsercion', '', 1358791500, 'FireFox', '192.168.143.1'),
(101227, 1, 'Pagina', 'ComponenteListado', '', 1358791500, 'FireFox', '192.168.143.1'),
(101228, 1, 'Pagina', 'ComponenteAlta', '', 1358791513, 'FireFox', '192.168.143.1'),
(101229, 1, 'Pagina', 'ComponenteAltaInsercion', '', 1358791527, 'FireFox', '192.168.143.1'),
(101230, 1, 'Pagina', 'ComponenteListado', '', 1358791527, 'FireFox', '192.168.143.1'),
(101231, 1, 'Pagina', 'ComponenteAlta', '', 1358791673, 'FireFox', '192.168.143.1'),
(101232, 1, 'Pagina', 'ComponenteAltaInsercion', '', 1358791718, 'FireFox', '192.168.143.1'),
(101233, 1, 'Pagina', 'ComponenteListado', '', 1358791718, 'FireFox', '192.168.143.1'),
(101234, 1, 'Pagina', 'ComponenteAlta', '', 1358791735, 'FireFox', '192.168.143.1'),
(101235, 1, 'Pagina', 'ComponenteAltaInsercion', '', 1358791751, 'FireFox', '192.168.143.1'),
(101236, 1, 'Pagina', 'ComponenteListado', '', 1358791751, 'FireFox', '192.168.143.1'),
(101237, 1, 'Pagina', 'PaginaListado', '', 1358791754, 'FireFox', '192.168.143.1'),
(101238, 1, 'Archivo externo', 'DerDbdesigner4', '', 1358791756, 'FireFox', '192.168.143.1'),
(101239, 1, 'Pagina', 'PaginaAlta', '', 1358792635, 'FireFox', '192.168.143.1'),
(101240, 1, 'Pagina', 'PaginaAltaInsercion', '', 1358792675, 'FireFox', '192.168.143.1'),
(101241, 1, 'Pagina', 'ComponenteListado', '', 1358792675, 'FireFox', '192.168.143.1'),
(101242, 1, 'Pagina', 'ComponenteAlta', '', 1358792758, 'FireFox', '192.168.143.1'),
(101243, 1, 'Pagina', 'ComponenteAltaInsercion', '', 1358792776, 'FireFox', '192.168.143.1'),
(101244, 1, 'Pagina', 'ComponenteListado', '', 1358792776, 'FireFox', '192.168.143.1'),
(101245, 1, 'Pagina', 'ComponenteBaja', '', 1358792795, 'FireFox', '192.168.143.1'),
(101246, 1, 'Pagina', 'ComponenteListado', '', 1358792795, 'FireFox', '192.168.143.1'),
(101247, 1, 'Pagina', 'ComponenteAlta', '', 1358792800, 'FireFox', '192.168.143.1'),
(101248, 1, 'Pagina', 'ComponenteAltaInsercion', '', 1358792859, 'FireFox', '192.168.143.1'),
(101249, 1, 'Pagina', 'ComponenteListado', '', 1358792859, 'FireFox', '192.168.143.1'),
(101250, 1, 'Pagina', 'ComponenteAlta', '', 1358792876, 'FireFox', '192.168.143.1'),
(101251, 1, 'Pagina', 'ComponenteAltaInsercion', '', 1358792889, 'FireFox', '192.168.143.1'),
(101252, 1, 'Pagina', 'ComponenteListado', '', 1358792890, 'FireFox', '192.168.143.1'),
(101253, 1, 'Pagina', 'ComponenteAlta', '', 1358792893, 'FireFox', '192.168.143.1'),
(101254, 1, 'Pagina', 'ComponenteAltaInsercion', '', 1358792900, 'FireFox', '192.168.143.1'),
(101255, 1, 'Pagina', 'ComponenteListado', '', 1358792900, 'FireFox', '192.168.143.1'),
(101256, 1, 'Pagina', 'ComponenteAlta', '', 1358792925, 'FireFox', '192.168.143.1'),
(101257, 1, 'Pagina', 'ComponenteAltaInsercion', '', 1358792932, 'FireFox', '192.168.143.1'),
(101258, 1, 'Pagina', 'ComponenteListado', '', 1358792932, 'FireFox', '192.168.143.1'),
(101259, 1, 'Pagina', 'ComponenteAlta', '', 1358793012, 'FireFox', '192.168.143.1'),
(101260, 1, 'Pagina', 'ComponenteAltaInsercion', '', 1358793037, 'FireFox', '192.168.143.1'),
(101261, 1, 'Pagina', 'ComponenteListado', '', 1358793037, 'FireFox', '192.168.143.1'),
(101262, 1, 'Pagina', 'ComponenteAlta', '', 1358793042, 'FireFox', '192.168.143.1'),
(101263, 1, 'Pagina', 'ComponenteAltaInsercion', '', 1358793063, 'FireFox', '192.168.143.1'),
(101264, 1, 'Pagina', 'ComponenteListado', '', 1358793063, 'FireFox', '192.168.143.1'),
(101265, 1, 'Pagina', 'ComponenteModificacion', '', 1358793078, 'FireFox', '192.168.143.1'),
(101266, 1, 'Pagina', 'ComponenteModificacionInsercion', '', 1358793116, 'FireFox', '192.168.143.1'),
(101267, 1, 'Pagina', 'ComponenteListado', '', 1358793116, 'FireFox', '192.168.143.1'),
(101268, 1, 'Pagina', 'ComponenteAlta', '', 1358793132, 'FireFox', '192.168.143.1'),
(101269, 1, 'Pagina', 'ComponenteAltaInsercion', '', 1358793165, 'FireFox', '192.168.143.1'),
(101270, 1, 'Pagina', 'ComponenteListado', '', 1358793165, 'FireFox', '192.168.143.1'),
(101271, 1, 'Pagina', 'ComponenteModificacion', '', 1358793172, 'FireFox', '192.168.143.1'),
(101272, 1, 'Pagina', 'ComponenteModificacionInsercion', '', 1358793181, 'FireFox', '192.168.143.1'),
(101273, 1, 'Pagina', 'ComponenteListado', '', 1358793181, 'FireFox', '192.168.143.1'),
(101274, 1, 'Pagina', 'ComponenteAlta', '', 1358793191, 'FireFox', '192.168.143.1'),
(101275, 1, 'Pagina', 'ComponenteAltaInsercion', '', 1358793212, 'FireFox', '192.168.143.1'),
(101276, 1, 'Pagina', 'ComponenteListado', '', 1358793212, 'FireFox', '192.168.143.1'),
(101277, 1, 'Pagina', 'ComponenteAlta', '', 1358793223, 'FireFox', '192.168.143.1'),
(101278, 1, 'Pagina', 'ComponenteAltaInsercion', '', 1358793251, 'FireFox', '192.168.143.1'),
(101279, 1, 'Pagina', 'ComponenteListado', '', 1358793251, 'FireFox', '192.168.143.1'),
(101280, 1, 'Pagina', 'ComponenteModificacion', '', 1358793259, 'FireFox', '192.168.143.1'),
(101281, 1, 'Pagina', 'ComponenteModificacionInsercion', '', 1358793264, 'FireFox', '192.168.143.1'),
(101282, 1, 'Pagina', 'ComponenteListado', '', 1358793264, 'FireFox', '192.168.143.1'),
(101283, 1, 'Pagina', 'ComponenteModificacion', '', 1358793267, 'FireFox', '192.168.143.1'),
(101284, 1, 'Pagina', 'ComponenteModificacionInsercion', '', 1358793273, 'FireFox', '192.168.143.1'),
(101285, 1, 'Pagina', 'ComponenteListado', '', 1358793273, 'FireFox', '192.168.143.1'),
(101286, 1, 'Pagina', 'ComponenteModificacion', '', 1358793276, 'FireFox', '192.168.143.1'),
(101287, 1, 'Pagina', 'ComponenteModificacionInsercion', '', 1358793280, 'FireFox', '192.168.143.1'),
(101288, 1, 'Pagina', 'ComponenteListado', '', 1358793280, 'FireFox', '192.168.143.1'),
(101289, 1, 'Pagina', 'ComponenteModificacion', '', 1358793283, 'FireFox', '192.168.143.1'),
(101290, 1, 'Pagina', 'ComponenteModificacionInsercion', '', 1358793286, 'FireFox', '192.168.143.1'),
(101291, 1, 'Pagina', 'ComponenteListado', '', 1358793286, 'FireFox', '192.168.143.1'),
(101292, 1, 'Pagina', 'ComponenteAlta', '', 1358793298, 'FireFox', '192.168.143.1'),
(101293, 1, 'Pagina', 'ComponenteAltaInsercion', '', 1358793310, 'FireFox', '192.168.143.1'),
(101294, 1, 'Pagina', 'ComponenteListado', '', 1358793310, 'FireFox', '192.168.143.1'),
(101295, 1, 'Pagina', 'ComponenteAlta', '', 1358793354, 'FireFox', '192.168.143.1'),
(101296, 1, 'Pagina', 'ComponenteAltaInsercion', '', 1358793377, 'FireFox', '192.168.143.1'),
(101297, 1, 'Pagina', 'ComponenteListado', '', 1358793378, 'FireFox', '192.168.143.1'),
(101298, 1, 'Pagina', 'PaginaListado', '', 1358793388, 'FireFox', '192.168.143.1'),
(101299, 1, 'Pagina', 'PaginaAlta', '', 1358793408, 'FireFox', '192.168.143.1'),
(101300, 1, 'Pagina', 'PaginaListado', '', 1358793412, 'FireFox', '192.168.143.1'),
(101301, 1, 'Pagina', 'PaginaModificacion', '', 1358793420, 'FireFox', '192.168.143.1'),
(101302, 1, 'Pagina', 'PaginaModificacionInsercion', '', 1358793428, 'FireFox', '192.168.143.1'),
(101303, 1, 'Pagina', 'PaginaListado', '', 1358793428, 'FireFox', '192.168.143.1'),
(101304, 1, 'Pagina', 'PaginaAlta', '', 1358793483, 'FireFox', '192.168.143.1'),
(101305, 1, 'Pagina', 'PaginaAltaInsercion', '', 1358793502, 'FireFox', '192.168.143.1'),
(101306, 1, 'Pagina', 'ComponenteListado', '', 1358793502, 'FireFox', '192.168.143.1'),
(101307, 1, 'Pagina', 'ComponenteAlta', '', 1358793521, 'FireFox', '192.168.143.1'),
(101308, 1, 'Pagina', 'ComponenteAltaInsercion', '', 1358793555, 'FireFox', '192.168.143.1'),
(101309, 1, 'Pagina', 'ComponenteListado', '', 1358793555, 'FireFox', '192.168.143.1'),
(101310, 1, 'Pagina', 'PaginaListado', '', 1358793557, 'FireFox', '192.168.143.1'),
(101311, 1, 'Pagina', 'ComponenteListado', '', 1358793561, 'FireFox', '192.168.143.1'),
(101312, 1, 'Pagina', 'ComponenteAlta', '', 1358793586, 'FireFox', '192.168.143.1'),
(101313, 1, 'Pagina', 'ComponenteAltaInsercion', '', 1358793628, 'FireFox', '192.168.143.1'),
(101314, 1, 'Pagina', 'ComponenteListado', '', 1358793628, 'FireFox', '192.168.143.1'),
(101315, 1, 'Pagina', 'ComponenteListado', '', 1358793638, 'FireFox', '192.168.143.1'),
(101316, 1, 'Pagina', 'ComponenteListado', '', 1358793639, 'FireFox', '192.168.143.1'),
(101317, 1, 'Pagina', 'ComponenteListado', '', 1358793640, 'FireFox', '192.168.143.1'),
(101318, 1, 'Pagina', 'ComponenteListado', '', 1358793641, 'FireFox', '192.168.143.1'),
(101319, 1, 'Pagina', 'ComponenteListado', '', 1358793642, 'FireFox', '192.168.143.1'),
(101320, 1, 'Pagina', 'ComponenteListado', '', 1358793643, 'FireFox', '192.168.143.1'),
(101321, 1, 'Pagina', 'ComponenteListado', '', 1358793644, 'FireFox', '192.168.143.1'),
(101322, 1, 'Pagina', 'ComponenteListado', '', 1358793645, 'FireFox', '192.168.143.1'),
(101323, 1, 'Pagina', 'PaginaListado', '', 1358793647, 'FireFox', '192.168.143.1'),
(101324, 1, 'Pagina', 'ComponenteListado', '', 1358793659, 'FireFox', '192.168.143.1'),
(101325, 1, 'Pagina', 'PaginaListado', '', 1358793663, 'FireFox', '192.168.143.1'),
(101326, 1, 'Pagina', 'RegistroListado', '', 1358793666, 'FireFox', '192.168.143.1'),
(101327, 1, 'Pagina', 'RegistroAlta', '', 1358793671, 'FireFox', '192.168.143.1'),
(101328, 1, 'Pagina', 'RegistroListado', '', 1358793679, 'FireFox', '192.168.143.1'),
(101329, 1, 'Pagina', 'PaginaListado', '', 1358793682, 'FireFox', '192.168.143.1'),
(101330, 1, 'Pagina', 'ComponenteListado', '', 1358793695, 'FireFox', '192.168.143.1'),
(101331, 1, 'Pagina', 'ComponenteAlta', '', 1358793708, 'FireFox', '192.168.143.1'),
(101332, 1, 'Pagina', 'ComponenteAltaInsercion', '', 1358793729, 'FireFox', '192.168.143.1'),
(101333, 1, 'Pagina', 'ComponenteListado', '', 1358793729, 'FireFox', '192.168.143.1'),
(101334, 1, 'Pagina', 'ComponenteAlta', '', 1358793732, 'FireFox', '192.168.143.1'),
(101335, 1, 'Pagina', 'ComponenteAltaInsercion', '', 1358793751, 'FireFox', '192.168.143.1'),
(101336, 1, 'Pagina', 'ComponenteListado', '', 1358793751, 'FireFox', '192.168.143.1'),
(101337, 1, 'Pagina', 'ComponenteAlta', '', 1358793760, 'FireFox', '192.168.143.1'),
(101338, 1, 'Pagina', 'ComponenteAltaInsercion', '', 1358793775, 'FireFox', '192.168.143.1'),
(101339, 1, 'Pagina', 'ComponenteListado', '', 1358793775, 'FireFox', '192.168.143.1'),
(101340, 1, 'Pagina', 'ComponenteAlta', '', 1358793777, 'FireFox', '192.168.143.1'),
(101341, 1, 'Pagina', 'ComponenteAltaInsercion', '', 1358793810, 'FireFox', '192.168.143.1'),
(101342, 1, 'Pagina', 'ComponenteListado', '', 1358793810, 'FireFox', '192.168.143.1'),
(101343, 1, 'Pagina', 'ComponenteAlta', '', 1358793813, 'FireFox', '192.168.143.1'),
(101344, 1, 'Pagina', 'ComponenteAltaInsercion', '', 1358793823, 'FireFox', '192.168.143.1'),
(101345, 1, 'Pagina', 'ComponenteListado', '', 1358793823, 'FireFox', '192.168.143.1'),
(101346, 1, 'Pagina', 'DatosPersonalesVer', '', 1358793873, 'FireFox', '192.168.143.1'),
(101347, 1, 'Pagina', 'PaginaListado', '', 1358793876, 'FireFox', '192.168.143.1'),
(101348, 1, 'Archivo externo', 'DerDbdesigner4', '', 1358793878, 'FireFox', '192.168.143.1'),
(101349, 1, 'Pagina', 'Bienvenida', '', 1358796082, 'FireFox', '192.168.143.1'),
(101350, 1, 'Pagina', 'PaginaListado', '', 1358796084, 'FireFox', '192.168.143.1'),
(101351, 1, 'Pagina', 'ComponenteListado', '', 1358796087, 'FireFox', '192.168.143.1'),
(101352, 1, 'Pagina', 'PaginaListado', '', 1358796099, 'FireFox', '192.168.143.1'),
(101353, 1, 'Pagina', 'ComponenteListado', '', 1358796102, 'FireFox', '192.168.143.1'),
(101354, 1, 'Pagina', 'PaginaListado', '', 1358796202, 'FireFox', '192.168.143.1'),
(101355, 1, 'Pagina', 'ComponenteListado', '', 1358796216, 'FireFox', '192.168.143.1'),
(101356, 1, 'Pagina', 'Bienvenida', '', 1358797296, 'FireFox', '192.168.143.1'),
(101357, 1, 'Pagina', 'PaginaListado', '', 1358797302, 'FireFox', '192.168.143.1'),
(101358, 1, 'Pagina', 'ComponenteListado', '', 1358797425, 'FireFox', '192.168.143.1'),
(101359, 1, 'Pagina', 'PaginaListado', '', 1358797428, 'FireFox', '192.168.143.1'),
(101360, 1, 'Pagina', 'ComponenteListado', '', 1358797430, 'FireFox', '192.168.143.1'),
(101361, 1, 'Pagina', 'PaginaListado', '', 1358797434, 'FireFox', '192.168.143.1'),
(101362, 1, 'Pagina', 'ComponenteListado', '', 1358797457, 'FireFox', '192.168.143.1'),
(101363, 1, 'Pagina', 'PaginaListado', '', 1358797459, 'FireFox', '192.168.143.1'),
(101364, 1, 'Pagina', 'Bienvenida', '', 1358807298, 'FireFox', '192.168.143.1'),
(101365, 1, 'Pagina', 'PaginaListado', '', 1358807300, 'FireFox', '192.168.143.1'),
(101366, 1, 'Pagina', 'ComponenteListado', '', 1358807302, 'FireFox', '192.168.143.1'),
(101367, 1, 'Pagina', 'PaginaListado', '', 1358807324, 'FireFox', '192.168.143.1'),
(101368, 1, 'Pagina', 'ComponenteListado', '', 1358807328, 'FireFox', '192.168.143.1'),
(101369, 1, 'Pagina', 'PaginaListado', '', 1358807338, 'FireFox', '192.168.143.1'),
(101370, 1, 'Pagina', 'PaginaAlta', '', 1358807343, 'FireFox', '192.168.143.1'),
(101371, 1, 'Pagina', 'PaginaListado', '', 1358807354, 'FireFox', '192.168.143.1'),
(101372, 1, 'Pagina', 'PaginaAlta', '', 1358807372, 'FireFox', '192.168.143.1'),
(101373, 1, 'Pagina', 'PaginaListado', '', 1358807376, 'FireFox', '192.168.143.1'),
(101374, 1, 'Pagina', 'PaginaAlta', '', 1358807380, 'FireFox', '192.168.143.1'),
(101375, 1, 'Pagina', 'PaginaAltaInsercion', '', 1358807408, 'FireFox', '192.168.143.1'),
(101376, 1, 'Pagina', 'ComponenteListado', '', 1358807408, 'FireFox', '192.168.143.1'),
(101377, 1, 'Pagina', 'ComponenteAlta', '', 1358807413, 'FireFox', '192.168.143.1'),
(101378, 1, 'Pagina', 'ComponenteAltaInsercion', '', 1358807458, 'FireFox', '192.168.143.1'),
(101379, 1, 'Pagina', 'ComponenteListado', '', 1358807458, 'FireFox', '192.168.143.1'),
(101380, 1, 'Pagina', 'ComponenteAlta', '', 1358807466, 'FireFox', '192.168.143.1'),
(101381, 1, 'Pagina', 'ComponenteAltaInsercion', '', 1358807491, 'FireFox', '192.168.143.1'),
(101382, 1, 'Pagina', 'ComponenteListado', '', 1358807491, 'FireFox', '192.168.143.1'),
(101383, 1, 'Pagina', 'ComponenteAlta', '', 1358807501, 'FireFox', '192.168.143.1'),
(101384, 1, 'Pagina', 'ComponenteAltaInsercion', '', 1358807524, 'FireFox', '192.168.143.1'),
(101385, 1, 'Pagina', 'ComponenteListado', '', 1358807524, 'FireFox', '192.168.143.1'),
(101386, 1, 'Pagina', 'ComponenteAlta', '', 1358807531, 'FireFox', '192.168.143.1'),
(101387, 1, 'Pagina', 'ComponenteAltaInsercion', '', 1358807545, 'FireFox', '192.168.143.1'),
(101388, 1, 'Pagina', 'ComponenteListado', '', 1358807545, 'FireFox', '192.168.143.1'),
(101389, 1, 'Pagina', 'ComponenteAlta', '', 1358807552, 'FireFox', '192.168.143.1'),
(101390, 1, 'Pagina', 'ComponenteAltaInsercion', '', 1358807591, 'FireFox', '192.168.143.1'),
(101391, 1, 'Pagina', 'ComponenteListado', '', 1358807591, 'FireFox', '192.168.143.1'),
(101392, 1, 'Pagina', 'ComponenteModificacion', '', 1358807593, 'FireFox', '192.168.143.1'),
(101393, 1, 'Pagina', 'ComponenteListado', '', 1358807595, 'FireFox', '192.168.143.1'),
(101394, 1, 'Pagina', 'ComponenteAlta', '', 1358807601, 'FireFox', '192.168.143.1'),
(101395, 1, 'Pagina', 'ComponenteAltaInsercion', '', 1358807608, 'FireFox', '192.168.143.1'),
(101396, 1, 'Pagina', 'ComponenteListado', '', 1358807608, 'FireFox', '192.168.143.1'),
(101397, 1, 'Pagina', 'PaginaListado', '', 1358807609, 'FireFox', '192.168.143.1'),
(101398, 1, 'Pagina', 'ComponenteListado', '', 1358807617, 'FireFox', '192.168.143.1'),
(101399, 1, 'Pagina', 'ComponenteAlta', '', 1358807620, 'FireFox', '192.168.143.1'),
(101400, 1, 'Pagina', 'ComponenteListado', '', 1358807655, 'FireFox', '192.168.143.1'),
(101401, 1, 'Pagina', 'ComponenteAlta', '', 1358807662, 'FireFox', '192.168.143.1'),
(101402, 1, 'Pagina', 'ComponenteListado', '', 1358807764, 'FireFox', '192.168.143.1'),
(101403, 1, 'Pagina', 'PaginaListado', '', 1358807766, 'FireFox', '192.168.143.1'),
(101404, 1, 'Pagina', 'ComponenteListado', '', 1358807769, 'FireFox', '192.168.143.1'),
(101405, 1, 'Pagina', 'PaginaListado', '', 1358807789, 'FireFox', '192.168.143.1'),
(101406, 1, 'Pagina', 'ComponenteListado', '', 1358807796, 'FireFox', '192.168.143.1'),
(101407, 1, 'Pagina', 'ComponenteAlta', '', 1358807803, 'FireFox', '192.168.143.1'),
(101408, 1, 'Pagina', 'ComponenteAltaInsercion', '', 1358807831, 'FireFox', '192.168.143.1'),
(101409, 1, 'Pagina', 'ComponenteListado', '', 1358807831, 'FireFox', '192.168.143.1'),
(101410, 1, 'Pagina', 'PaginaListado', '', 1358807869, 'FireFox', '192.168.143.1'),
(101411, 1, 'Pagina', 'ComponenteListado', '', 1358807923, 'FireFox', '192.168.143.1'),
(101412, 1, 'Pagina', 'ComponenteAlta', '', 1358807927, 'FireFox', '192.168.143.1'),
(101413, 1, 'Pagina', 'ComponenteAltaInsercion', '', 1358808028, 'FireFox', '192.168.143.1'),
(101414, 1, 'Pagina', 'ComponenteListado', '', 1358808028, 'FireFox', '192.168.143.1'),
(101415, 1, 'Pagina', 'ComponenteAlta', '', 1358808054, 'FireFox', '192.168.143.1'),
(101416, 1, 'Pagina', 'ComponenteAltaInsercion', '', 1358808069, 'FireFox', '192.168.143.1'),
(101417, 1, 'Pagina', 'ComponenteListado', '', 1358808069, 'FireFox', '192.168.143.1'),
(101418, 1, 'Pagina', 'ComponenteListado', '', 1358808079, 'FireFox', '192.168.143.1'),
(101419, 1, 'Pagina', 'ComponenteListado', '', 1358808081, 'FireFox', '192.168.143.1'),
(101420, 1, 'Pagina', 'ComponenteListado', '', 1358808081, 'FireFox', '192.168.143.1'),
(101421, 1, 'Pagina', 'ComponenteListado', '', 1358808082, 'FireFox', '192.168.143.1'),
(101422, 1, 'Pagina', 'ComponenteListado', '', 1358808083, 'FireFox', '192.168.143.1'),
(101423, 1, 'Pagina', 'ComponenteListado', '', 1358808085, 'FireFox', '192.168.143.1'),
(101424, 1, 'Pagina', 'ComponenteListado', '', 1358808091, 'FireFox', '192.168.143.1'),
(101425, 1, 'Pagina', 'ComponenteListado', '', 1358808091, 'FireFox', '192.168.143.1'),
(101426, 1, 'Pagina', 'ComponenteModificacion', '', 1358808092, 'FireFox', '192.168.143.1'),
(101427, 1, 'Pagina', 'ComponenteListado', '', 1358808094, 'FireFox', '192.168.143.1'),
(101428, 1, 'Pagina', 'ComponenteListado', '', 1358808097, 'FireFox', '192.168.143.1'),
(101429, 1, 'Pagina', 'ComponenteListado', '', 1358808098, 'FireFox', '192.168.143.1'),
(101430, 1, 'Pagina', 'ComponenteListado', '', 1358808101, 'FireFox', '192.168.143.1'),
(101431, 1, 'Pagina', 'ComponenteListado', '', 1358808104, 'FireFox', '192.168.143.1'),
(101432, 1, 'Pagina', 'PaginaListado', '', 1358808304, 'FireFox', '192.168.143.1'),
(101433, 1, 'Archivo externo', 'DerDbdesigner4', '', 1358808306, 'FireFox', '192.168.143.1'),
(101434, 1, 'Pagina', 'ComponenteListado', '', 1358808898, 'FireFox', '192.168.143.1'),
(101435, 1, 'Pagina', 'ComponenteBaja', '', 1358808907, 'FireFox', '192.168.143.1'),
(101436, 1, 'Pagina', 'ComponenteListado', '', 1358808907, 'FireFox', '192.168.143.1'),
(101437, 1, 'Pagina', 'ComponenteBaja', '', 1358809006, 'FireFox', '192.168.143.1'),
(101438, 1, 'Pagina', 'ComponenteListado', '', 1358809006, 'FireFox', '192.168.143.1'),
(101439, 1, 'Pagina', 'ComponenteAlta', '', 1358809012, 'FireFox', '192.168.143.1'),
(101440, 1, 'Pagina', 'ComponenteAltaInsercion', '', 1358809022, 'FireFox', '192.168.143.1'),
(101441, 1, 'Pagina', 'ComponenteListado', '', 1358809022, 'FireFox', '192.168.143.1'),
(101442, 1, 'Pagina', 'Bienvenida', '', 1358870972, 'FireFox', '192.168.143.1'),
(101443, 1, 'Pagina', 'Bienvenida', '', 1358872832, 'FireFox', '192.168.143.1'),
(101444, 1, 'Pagina', 'PaginaListado', '', 1358872834, 'FireFox', '192.168.143.1'),
(101445, 1, 'Pagina', 'PaginaAlta', '', 1358872980, 'FireFox', '192.168.143.1'),
(101446, 1, 'Pagina', 'PaginaAltaInsercion', '', 1358872999, 'FireFox', '192.168.143.1'),
(101447, 1, 'Pagina', 'ComponenteListado', '', 1358872999, 'FireFox', '192.168.143.1'),
(101448, 1, 'Pagina', 'ComponenteAlta', '', 1358873018, 'FireFox', '192.168.143.1'),
(101449, 1, 'Pagina', 'ComponenteAltaInsercion', '', 1358873045, 'FireFox', '192.168.143.1'),
(101450, 1, 'Pagina', 'ComponenteListado', '', 1358873045, 'FireFox', '192.168.143.1'),
(101451, 1, 'Pagina', 'ComponenteAlta', '', 1358873078, 'FireFox', '192.168.143.1'),
(101452, 1, 'Pagina', 'ComponenteAltaInsercion', '', 1358873089, 'FireFox', '192.168.143.1'),
(101453, 1, 'Pagina', 'ComponenteListado', '', 1358873089, 'FireFox', '192.168.143.1'),
(101454, 1, 'Pagina', 'ComponenteAlta', '', 1358873094, 'FireFox', '192.168.143.1'),
(101455, 1, 'Pagina', 'ComponenteAltaInsercion', '', 1358873105, 'FireFox', '192.168.143.1'),
(101456, 1, 'Pagina', 'ComponenteListado', '', 1358873105, 'FireFox', '192.168.143.1'),
(101457, 1, 'Pagina', 'ComponenteAlta', '', 1358873117, 'FireFox', '192.168.143.1'),
(101458, 1, 'Pagina', 'ComponenteAltaInsercion', '', 1358873164, 'FireFox', '192.168.143.1'),
(101459, 1, 'Pagina', 'ComponenteListado', '', 1358873164, 'FireFox', '192.168.143.1'),
(101460, 1, 'Pagina', 'ComponenteListado', '', 1358873171, 'FireFox', '192.168.143.1'),
(101461, 1, 'Pagina', 'ComponenteListado', '', 1358873172, 'FireFox', '192.168.143.1'),
(101462, 1, 'Pagina', 'PaginaListado', '', 1358873195, 'FireFox', '192.168.143.1'),
(101463, 1, 'Pagina', 'PaginaAlta', '', 1358873206, 'FireFox', '192.168.143.1'),
(101464, 1, 'Pagina', 'PaginaAltaInsercion', '', 1358873231, 'FireFox', '192.168.143.1'),
(101465, 1, 'Pagina', 'ComponenteListado', '', 1358873231, 'FireFox', '192.168.143.1'),
(101466, 1, 'Pagina', 'ComponenteAlta', '', 1358873241, 'FireFox', '192.168.143.1'),
(101467, 1, 'Pagina', 'ComponenteAltaInsercion', '', 1358873273, 'FireFox', '192.168.143.1'),
(101468, 1, 'Pagina', 'ComponenteListado', '', 1358873273, 'FireFox', '192.168.143.1'),
(101469, 1, 'Pagina', 'ComponenteAlta', '', 1358873281, 'FireFox', '192.168.143.1'),
(101470, 1, 'Pagina', 'ComponenteAltaInsercion', '', 1358873297, 'FireFox', '192.168.143.1'),
(101471, 1, 'Pagina', 'ComponenteListado', '', 1358873297, 'FireFox', '192.168.143.1'),
(101472, 1, 'Pagina', 'ComponenteModificacion', '', 1358873300, 'FireFox', '192.168.143.1'),
(101473, 1, 'Pagina', 'ComponenteModificacionInsercion', '', 1358873303, 'FireFox', '192.168.143.1'),
(101474, 1, 'Pagina', 'ComponenteListado', '', 1358873303, 'FireFox', '192.168.143.1'),
(101475, 1, 'Pagina', 'ComponenteAlta', '', 1358873312, 'FireFox', '192.168.143.1'),
(101476, 1, 'Pagina', 'ComponenteAltaInsercion', '', 1358873340, 'FireFox', '192.168.143.1'),
(101477, 1, 'Pagina', 'ComponenteListado', '', 1358873340, 'FireFox', '192.168.143.1'),
(101478, 1, 'Pagina', 'ComponenteAlta', '', 1358873351, 'FireFox', '192.168.143.1'),
(101479, 1, 'Pagina', 'ComponenteAltaInsercion', '', 1358873369, 'FireFox', '192.168.143.1'),
(101480, 1, 'Pagina', 'ComponenteListado', '', 1358873369, 'FireFox', '192.168.143.1'),
(101481, 1, 'Pagina', 'ComponenteAlta', '', 1358873421, 'FireFox', '192.168.143.1'),
(101482, 1, 'Pagina', 'ComponenteAltaInsercion', '', 1358873445, 'FireFox', '192.168.143.1'),
(101483, 1, 'Pagina', 'ComponenteListado', '', 1358873445, 'FireFox', '192.168.143.1'),
(101484, 1, 'Pagina', 'ComponenteAlta', '', 1358873450, 'FireFox', '192.168.143.1'),
(101485, 1, 'Pagina', 'ComponenteAltaInsercion', '', 1358873462, 'FireFox', '192.168.143.1'),
(101486, 1, 'Pagina', 'ComponenteListado', '', 1358873462, 'FireFox', '192.168.143.1'),
(101487, 1, 'Pagina', 'PaginaListado', '', 1358873502, 'FireFox', '192.168.143.1'),
(101488, 1, 'Pagina', 'PaginaAlta', '', 1358873511, 'FireFox', '192.168.143.1'),
(101489, 1, 'Pagina', 'PaginaAltaInsercion', '', 1358873534, 'FireFox', '192.168.143.1'),
(101490, 1, 'Pagina', 'ComponenteListado', '', 1358873534, 'FireFox', '192.168.143.1'),
(101491, 1, 'Pagina', 'ComponenteAlta', '', 1358873540, 'FireFox', '192.168.143.1'),
(101492, 1, 'Pagina', 'ComponenteAltaInsercion', '', 1358873628, 'FireFox', '192.168.143.1'),
(101493, 1, 'Pagina', 'ComponenteListado', '', 1358873628, 'FireFox', '192.168.143.1'),
(101494, 1, 'Pagina', 'ComponenteAlta', '', 1358873640, 'FireFox', '192.168.143.1'),
(101495, 1, 'Pagina', 'ComponenteAltaInsercion', '', 1358873652, 'FireFox', '192.168.143.1'),
(101496, 1, 'Pagina', 'ComponenteListado', '', 1358873653, 'FireFox', '192.168.143.1'),
(101497, 1, 'Pagina', 'PaginaListado', '', 1358873654, 'FireFox', '192.168.143.1'),
(101498, 1, 'Archivo externo', 'DerDbdesigner4', '', 1358873670, 'FireFox', '192.168.143.1'),
(101499, 1, 'Pagina', 'Bienvenida', '', 1358877599, 'FireFox', '192.168.143.1'),
(101500, 1, 'Pagina', 'PaginaListado', '', 1358877602, 'FireFox', '192.168.143.1'),
(101501, 1, 'Pagina', 'PaginaListado', '', 1358877628, 'FireFox', '192.168.143.1'),
(101502, 1, 'Pagina', 'ComponenteListado', '', 1358877635, 'FireFox', '192.168.143.1'),
(101503, 1, 'Pagina', 'PaginaListado', '', 1358877638, 'FireFox', '192.168.143.1'),
(101504, 1, 'Pagina', 'RegistroListado', '', 1358877642, 'FireFox', '192.168.143.1'),
(101505, 1, 'Pagina', 'RegistroListado', '', 1358877653, 'FireFox', '192.168.143.1'),
(101506, 1, 'Pagina', 'RegistroModificacion', '', 1358877658, 'FireFox', '192.168.143.1'),
(101507, 1, 'Pagina', 'PaginaListado', '', 1358877661, 'FireFox', '192.168.143.1'),
(101508, 1, 'Pagina', 'ComponenteListado', '', 1358877674, 'FireFox', '192.168.143.1'),
(101509, 1, 'Pagina', 'PaginaListado', '', 1358877676, 'FireFox', '192.168.143.1'),
(101510, 1, 'Pagina', 'RegistroListado', '', 1358877685, 'FireFox', '192.168.143.1'),
(101511, 1, 'Pagina', 'RegistroModificacion', '', 1358877690, 'FireFox', '192.168.143.1'),
(101512, 1, 'Pagina', 'RegistroModificacionInsercion', '', 1358877700, 'FireFox', '192.168.143.1'),
(101513, 1, 'Pagina', 'RegistroListado', '', 1358877700, 'FireFox', '192.168.143.1'),
(101514, 1, 'Pagina', 'PaginaListado', '', 1358877713, 'FireFox', '192.168.143.1'),
(101515, 1, 'Pagina', 'PaginaAlta', '', 1358877727, 'FireFox', '192.168.143.1'),
(101516, 1, 'Pagina', 'PaginaAltaInsercion', '', 1358877751, 'FireFox', '192.168.143.1'),
(101517, 1, 'Pagina', 'ComponenteListado', '', 1358877751, 'FireFox', '192.168.143.1'),
(101518, 1, 'Pagina', 'ComponenteAlta', '', 1358878037, 'FireFox', '192.168.143.1'),
(101519, 1, 'Pagina', 'ComponenteAltaInsercion', '', 1358878078, 'FireFox', '192.168.143.1'),
(101520, 1, 'Pagina', 'ComponenteListado', '', 1358878078, 'FireFox', '192.168.143.1'),
(101521, 1, 'Pagina', 'ComponenteAlta', '', 1358878098, 'FireFox', '192.168.143.1'),
(101522, 1, 'Pagina', 'ComponenteAltaInsercion', '', 1358878105, 'FireFox', '192.168.143.1'),
(101523, 1, 'Pagina', 'ComponenteListado', '', 1358878105, 'FireFox', '192.168.143.1'),
(101524, 1, 'Pagina', 'PaginaListado', '', 1358878109, 'FireFox', '192.168.143.1'),
(101525, 1, 'Pagina', 'PaginaAlta', '', 1358878129, 'FireFox', '192.168.143.1'),
(101526, 1, 'Pagina', 'PaginaListado', '', 1358878131, 'FireFox', '192.168.143.1'),
(101527, 1, 'Pagina', 'ComponenteListado', '', 1358878133, 'FireFox', '192.168.143.1'),
(101528, 1, 'Pagina', 'ComponenteAlta', '', 1358878138, 'FireFox', '192.168.143.1'),
(101529, 1, 'Pagina', 'ComponenteAltaInsercion', '', 1358878217, 'FireFox', '192.168.143.1'),
(101530, 1, 'Pagina', 'ComponenteListado', '', 1358878217, 'FireFox', '192.168.143.1'),
(101531, 1, 'Pagina', 'ComponenteListado', '', 1358878220, 'FireFox', '192.168.143.1'),
(101532, 1, 'Pagina', 'PaginaListado', '', 1358878231, 'FireFox', '192.168.143.1'),
(101533, 1, 'Pagina', 'PaginaAlta', '', 1358878245, 'FireFox', '192.168.143.1'),
(101534, 1, 'Pagina', 'PaginaAltaInsercion', '', 1358878273, 'FireFox', '192.168.143.1'),
(101535, 1, 'Pagina', 'ComponenteListado', '', 1358878273, 'FireFox', '192.168.143.1'),
(101536, 1, 'Pagina', 'ComponenteListado', '', 1358878499, 'FireFox', '192.168.143.1'),
(101537, 1, 'Pagina', 'ComponenteAlta', '', 1358878508, 'FireFox', '192.168.143.1'),
(101538, 1, 'Pagina', 'ComponenteAltaInsercion', '', 1358878541, 'FireFox', '192.168.143.1'),
(101539, 1, 'Pagina', 'ComponenteListado', '', 1358878541, 'FireFox', '192.168.143.1'),
(101540, 1, 'Pagina', 'ComponenteAlta', '', 1358878545, 'FireFox', '192.168.143.1'),
(101541, 1, 'Pagina', 'ComponenteAltaInsercion', '', 1358878576, 'FireFox', '192.168.143.1'),
(101542, 1, 'Pagina', 'ComponenteListado', '', 1358878576, 'FireFox', '192.168.143.1'),
(101543, 1, 'Pagina', 'ComponenteModificacion', '', 1358878578, 'FireFox', '192.168.143.1'),
(101544, 1, 'Pagina', 'ComponenteModificacionInsercion', '', 1358878581, 'FireFox', '192.168.143.1'),
(101545, 1, 'Pagina', 'ComponenteListado', '', 1358878581, 'FireFox', '192.168.143.1'),
(101546, 1, 'Pagina', 'ComponenteAlta', '', 1358878588, 'FireFox', '192.168.143.1'),
(101547, 1, 'Pagina', 'ComponenteAltaInsercion', '', 1358878612, 'FireFox', '192.168.143.1'),
(101548, 1, 'Pagina', 'ComponenteListado', '', 1358878612, 'FireFox', '192.168.143.1'),
(101549, 1, 'Pagina', 'ComponenteAlta', '', 1358878618, 'FireFox', '192.168.143.1'),
(101550, 1, 'Pagina', 'ComponenteAltaInsercion', '', 1358878629, 'FireFox', '192.168.143.1'),
(101551, 1, 'Pagina', 'ComponenteListado', '', 1358878630, 'FireFox', '192.168.143.1'),
(101552, 1, 'Pagina', 'ComponenteAlta', '', 1358878634, 'FireFox', '192.168.143.1'),
(101553, 1, 'Pagina', 'ComponenteAltaInsercion', '', 1358878653, 'FireFox', '192.168.143.1'),
(101554, 1, 'Pagina', 'ComponenteListado', '', 1358878653, 'FireFox', '192.168.143.1'),
(101555, 1, 'Pagina', 'ComponenteAlta', '', 1358878656, 'FireFox', '192.168.143.1'),
(101556, 1, 'Pagina', 'ComponenteAltaInsercion', '', 1358878665, 'FireFox', '192.168.143.1'),
(101557, 1, 'Pagina', 'ComponenteListado', '', 1358878665, 'FireFox', '192.168.143.1'),
(101558, 1, 'Pagina', 'PaginaListado', '', 1358878673, 'FireFox', '192.168.143.1'),
(101559, 1, 'Pagina', 'PaginaAlta', '', 1358878717, 'FireFox', '192.168.143.1'),
(101560, 1, 'Pagina', 'PaginaAltaInsercion', '', 1358878736, 'FireFox', '192.168.143.1'),
(101561, 1, 'Pagina', 'ComponenteListado', '', 1358878736, 'FireFox', '192.168.143.1'),
(101562, 1, 'Pagina', 'ComponenteAlta', '', 1358878746, 'FireFox', '192.168.143.1'),
(101563, 1, 'Pagina', 'ComponenteAltaInsercion', '', 1358878804, 'FireFox', '192.168.143.1'),
(101564, 1, 'Pagina', 'ComponenteListado', '', 1358878804, 'FireFox', '192.168.143.1'),
(101565, 1, 'Pagina', 'ComponenteAlta', '', 1358878806, 'FireFox', '192.168.143.1'),
(101566, 1, 'Pagina', 'ComponenteAltaInsercion', '', 1358878817, 'FireFox', '192.168.143.1'),
(101567, 1, 'Pagina', 'ComponenteListado', '', 1358878817, 'FireFox', '192.168.143.1'),
(101568, 1, 'Pagina', 'ComponenteAlta', '', 1358878824, 'FireFox', '192.168.143.1'),
(101569, 1, 'Pagina', 'ComponenteAltaInsercion', '', 1358878847, 'FireFox', '192.168.143.1'),
(101570, 1, 'Pagina', 'ComponenteListado', '', 1358878847, 'FireFox', '192.168.143.1'),
(101571, 1, 'Pagina', 'PaginaListado', '', 1358878849, 'FireFox', '192.168.143.1'),
(101572, 1, 'Archivo externo', 'DerDbdesigner4', '', 1358878866, 'FireFox', '192.168.143.1'),
(101573, 1, 'Pagina', 'PaginaListado', '', 1358880243, 'FireFox', '192.168.143.1'),
(101574, 1, 'Pagina', 'PaginaAlta', '', 1358880566, 'FireFox', '192.168.143.1'),
(101575, 1, 'Pagina', 'PaginaAltaInsercion', '', 1358880582, 'FireFox', '192.168.143.1'),
(101576, 1, 'Pagina', 'ComponenteListado', '', 1358880582, 'FireFox', '192.168.143.1'),
(101577, 1, 'Pagina', 'ComponenteAlta', '', 1358880640, 'FireFox', '192.168.143.1'),
(101578, 1, 'Pagina', 'ComponenteListado', '', 1358880661, 'FireFox', '192.168.143.1'),
(101579, 1, 'Pagina', 'ComponenteAlta', '', 1358880664, 'FireFox', '192.168.143.1'),
(101580, 1, 'Pagina', 'ComponenteAltaInsercion', '', 1358880687, 'FireFox', '192.168.143.1'),
(101581, 1, 'Pagina', 'ComponenteListado', '', 1358880687, 'FireFox', '192.168.143.1'),
(101582, 1, 'Pagina', 'ComponenteAlta', '', 1358880698, 'FireFox', '192.168.143.1'),
(101583, 1, 'Pagina', 'ComponenteAltaInsercion', '', 1358880713, 'FireFox', '192.168.143.1'),
(101584, 1, 'Pagina', 'ComponenteListado', '', 1358880713, 'FireFox', '192.168.143.1'),
(101585, 1, 'Pagina', 'ComponenteAlta', '', 1358880728, 'FireFox', '192.168.143.1'),
(101586, 1, 'Pagina', 'ComponenteAltaInsercion', '', 1358880738, 'FireFox', '192.168.143.1'),
(101587, 1, 'Pagina', 'ComponenteListado', '', 1358880738, 'FireFox', '192.168.143.1'),
(101588, 1, 'Pagina', 'ComponenteAlta', '', 1358880743, 'FireFox', '192.168.143.1'),
(101589, 1, 'Pagina', 'ComponenteAltaInsercion', '', 1358880755, 'FireFox', '192.168.143.1'),
(101590, 1, 'Pagina', 'ComponenteListado', '', 1358880755, 'FireFox', '192.168.143.1'),
(101591, 1, 'Pagina', 'ComponenteAlta', '', 1358880766, 'FireFox', '192.168.143.1'),
(101592, 1, 'Pagina', 'ComponenteAltaInsercion', '', 1358880804, 'FireFox', '192.168.143.1'),
(101593, 1, 'Pagina', 'ComponenteListado', '', 1358880804, 'FireFox', '192.168.143.1'),
(101594, 1, 'Pagina', 'PaginaListado', '', 1358880809, 'FireFox', '192.168.143.1'),
(101595, 1, 'Pagina', 'PaginaAlta', '', 1358880826, 'FireFox', '192.168.143.1'),
(101596, 1, 'Pagina', 'PaginaAltaInsercion', '', 1358880852, 'FireFox', '192.168.143.1'),
(101597, 1, 'Pagina', 'ComponenteListado', '', 1358880852, 'FireFox', '192.168.143.1'),
(101598, 1, 'Pagina', 'ComponenteAlta', '', 1358880858, 'FireFox', '192.168.143.1'),
(101599, 1, 'Pagina', 'ComponenteAltaInsercion', '', 1358880981, 'FireFox', '192.168.143.1'),
(101600, 1, 'Pagina', 'ComponenteListado', '', 1358880981, 'FireFox', '192.168.143.1'),
(101601, 1, 'Pagina', 'ComponenteAlta', '', 1358880988, 'FireFox', '192.168.143.1'),
(101602, 1, 'Pagina', 'ComponenteAltaInsercion', '', 1358881020, 'FireFox', '192.168.143.1'),
(101603, 1, 'Pagina', 'ComponenteListado', '', 1358881020, 'FireFox', '192.168.143.1'),
(101604, 1, 'Pagina', 'ComponenteModificacion', '', 1358881022, 'FireFox', '192.168.143.1'),
(101605, 1, 'Pagina', 'ComponenteModificacionInsercion', '', 1358881025, 'FireFox', '192.168.143.1'),
(101606, 1, 'Pagina', 'ComponenteListado', '', 1358881025, 'FireFox', '192.168.143.1'),
(101607, 1, 'Pagina', 'ComponenteAlta', '', 1358881030, 'FireFox', '192.168.143.1'),
(101608, 1, 'Pagina', 'ComponenteAltaInsercion', '', 1358881092, 'FireFox', '192.168.143.1'),
(101609, 1, 'Pagina', 'ComponenteListado', '', 1358881092, 'FireFox', '192.168.143.1'),
(101610, 1, 'Pagina', 'ComponenteAlta', '', 1358881102, 'FireFox', '192.168.143.1'),
(101611, 1, 'Pagina', 'ComponenteAltaInsercion', '', 1358881118, 'FireFox', '192.168.143.1'),
(101612, 1, 'Pagina', 'ComponenteListado', '', 1358881118, 'FireFox', '192.168.143.1'),
(101613, 1, 'Pagina', 'ComponenteAlta', '', 1358881125, 'FireFox', '192.168.143.1'),
(101614, 1, 'Pagina', 'ComponenteAltaInsercion', '', 1358881154, 'FireFox', '192.168.143.1'),
(101615, 1, 'Pagina', 'ComponenteListado', '', 1358881154, 'FireFox', '192.168.143.1'),
(101616, 1, 'Pagina', 'ComponenteAlta', '', 1358881168, 'FireFox', '192.168.143.1'),
(101617, 1, 'Pagina', 'ComponenteAltaInsercion', '', 1358881191, 'FireFox', '192.168.143.1'),
(101618, 1, 'Pagina', 'ComponenteListado', '', 1358881191, 'FireFox', '192.168.143.1'),
(101619, 1, 'Pagina', 'PaginaListado', '', 1358881197, 'FireFox', '192.168.143.1'),
(101620, 1, 'Pagina', 'PaginaAlta', '', 1358881220, 'FireFox', '192.168.143.1'),
(101621, 1, 'Pagina', 'PaginaAltaInsercion', '', 1358881242, 'FireFox', '192.168.143.1'),
(101622, 1, 'Pagina', 'ComponenteListado', '', 1358881242, 'FireFox', '192.168.143.1'),
(101623, 1, 'Pagina', 'ComponenteAlta', '', 1358881265, 'FireFox', '192.168.143.1'),
(101624, 1, 'Pagina', 'ComponenteAltaInsercion', '', 1358881315, 'FireFox', '192.168.143.1'),
(101625, 1, 'Pagina', 'ComponenteListado', '', 1358881315, 'FireFox', '192.168.143.1'),
(101626, 1, 'Pagina', 'ComponenteAlta', '', 1358881320, 'FireFox', '192.168.143.1'),
(101627, 1, 'Pagina', 'ComponenteAltaInsercion', '', 1358881333, 'FireFox', '192.168.143.1'),
(101628, 1, 'Pagina', 'ComponenteListado', '', 1358881333, 'FireFox', '192.168.143.1'),
(101629, 1, 'Pagina', 'ComponenteAlta', '', 1358881340, 'FireFox', '192.168.143.1'),
(101630, 1, 'Pagina', 'ComponenteAltaInsercion', '', 1358881351, 'FireFox', '192.168.143.1'),
(101631, 1, 'Pagina', 'ComponenteListado', '', 1358881351, 'FireFox', '192.168.143.1'),
(101632, 1, 'Pagina', 'PaginaListado', '', 1358881359, 'FireFox', '192.168.143.1'),
(101633, 1, 'Archivo externo', 'DerDbdesigner4', '', 1358881409, 'FireFox', '192.168.143.1'),
(101634, 1, 'Pagina', 'ComponenteListado', '', 1358881930, 'FireFox', '192.168.143.1'),
(101635, 1, 'Pagina', 'ComponenteBaja', '', 1358881955, 'FireFox', '192.168.143.1'),
(101636, 1, 'Pagina', 'ComponenteListado', '', 1358881955, 'FireFox', '192.168.143.1'),
(101637, 1, 'Pagina', 'ComponenteAlta', '', 1358881957, 'FireFox', '192.168.143.1'),
(101638, 1, 'Pagina', 'ComponenteAltaInsercion', '', 1358881983, 'FireFox', '192.168.143.1'),
(101639, 1, 'Pagina', 'ComponenteListado', '', 1358881983, 'FireFox', '192.168.143.1'),
(101640, 1, 'Pagina', 'ComponenteListado', '', 1358881986, 'FireFox', '192.168.143.1'),
(101641, 1, 'Pagina', 'ComponenteListado', '', 1358881987, 'FireFox', '192.168.143.1'),
(101642, 1, 'Pagina', 'PaginaListado', '', 1358882496, 'FireFox', '192.168.143.1'),
(101643, 1, 'Pagina', 'PaginaAlta', '', 1358882607, 'FireFox', '192.168.143.1'),
(101644, 1, 'Pagina', 'PrefijoListado', '', 1358882616, 'FireFox', '192.168.143.1'),
(101645, 1, 'Pagina', 'PrefijoAlta', '', 1358882619, 'FireFox', '192.168.143.1'),
(101646, 1, 'Pagina', 'PrefijoAltaInsercion', '', 1358882630, 'FireFox', '192.168.143.1'),
(101647, 1, 'Pagina', 'PrefijoListado', '', 1358882630, 'FireFox', '192.168.143.1'),
(101648, 1, 'Pagina', 'PaginaListado', '', 1358882771, 'FireFox', '192.168.143.1'),
(101649, 1, 'Pagina', 'PaginaAlta', '', 1358882773, 'FireFox', '192.168.143.1'),
(101650, 1, 'Pagina', 'PaginaAltaInsercion', '', 1358882794, 'FireFox', '192.168.143.1'),
(101651, 1, 'Pagina', 'ComponenteListado', '', 1358882794, 'FireFox', '192.168.143.1'),
(101652, 1, 'Pagina', 'ComponenteAlta', '', 1358882808, 'FireFox', '192.168.143.1'),
(101653, 1, 'Pagina', 'ComponenteAltaInsercion', '', 1358882858, 'FireFox', '192.168.143.1'),
(101654, 1, 'Pagina', 'ComponenteListado', '', 1358882858, 'FireFox', '192.168.143.1'),
(101655, 1, 'Pagina', 'ComponenteAlta', '', 1358882876, 'FireFox', '192.168.143.1'),
(101656, 1, 'Pagina', 'ComponenteAltaInsercion', '', 1358882893, 'FireFox', '192.168.143.1'),
(101657, 1, 'Pagina', 'ComponenteListado', '', 1358882893, 'FireFox', '192.168.143.1'),
(101658, 1, 'Pagina', 'ComponenteAlta', '', 1358882896, 'FireFox', '192.168.143.1'),
(101659, 1, 'Pagina', 'ComponenteListado', '', 1358882898, 'FireFox', '192.168.143.1'),
(101660, 1, 'Pagina', 'ComponenteAlta', '', 1358882901, 'FireFox', '192.168.143.1'),
(101661, 1, 'Pagina', 'ComponenteAltaInsercion', '', 1358882911, 'FireFox', '192.168.143.1'),
(101662, 1, 'Pagina', 'ComponenteListado', '', 1358882911, 'FireFox', '192.168.143.1'),
(101663, 1, 'Pagina', 'PaginaListado', '', 1358882915, 'FireFox', '192.168.143.1'),
(101664, 1, 'Pagina', 'PaginaAlta', '', 1358882931, 'FireFox', '192.168.143.1'),
(101665, 1, 'Pagina', 'PaginaAltaInsercion', '', 1358882989, 'FireFox', '192.168.143.1'),
(101666, 1, 'Pagina', 'ComponenteListado', '', 1358882989, 'FireFox', '192.168.143.1'),
(101667, 1, 'Pagina', 'ComponenteAlta', '', 1358883002, 'FireFox', '192.168.143.1'),
(101668, 1, 'Pagina', 'ComponenteAltaInsercion', '', 1358883026, 'FireFox', '192.168.143.1'),
(101669, 1, 'Pagina', 'ComponenteListado', '', 1358883026, 'FireFox', '192.168.143.1'),
(101670, 1, 'Pagina', 'ComponenteAlta', '', 1358883477, 'FireFox', '192.168.143.1'),
(101671, 1, 'Pagina', 'ComponenteAltaInsercion', '', 1358883591, 'FireFox', '192.168.143.1'),
(101672, 1, 'Pagina', 'ComponenteListado', '', 1358883591, 'FireFox', '192.168.143.1'),
(101673, 1, 'Pagina', 'ComponenteListado', '', 1358883594, 'FireFox', '192.168.143.1'),
(101674, 1, 'Pagina', 'ComponenteAlta', '', 1358883603, 'FireFox', '192.168.143.1'),
(101675, 1, 'Pagina', 'ComponenteAltaInsercion', '', 1358883634, 'FireFox', '192.168.143.1'),
(101676, 1, 'Pagina', 'ComponenteListado', '', 1358883634, 'FireFox', '192.168.143.1'),
(101677, 1, 'Pagina', 'ComponenteAlta', '', 1358883640, 'FireFox', '192.168.143.1'),
(101678, 1, 'Pagina', 'ComponenteAltaInsercion', '', 1358883655, 'FireFox', '192.168.143.1'),
(101679, 1, 'Pagina', 'ComponenteListado', '', 1358883655, 'FireFox', '192.168.143.1'),
(101680, 1, 'Pagina', 'ComponenteAlta', '', 1358883666, 'FireFox', '192.168.143.1'),
(101681, 1, 'Pagina', 'ComponenteAltaInsercion', '', 1358883684, 'FireFox', '192.168.143.1'),
(101682, 1, 'Pagina', 'ComponenteListado', '', 1358883684, 'FireFox', '192.168.143.1'),
(101683, 1, 'Pagina', 'ComponenteAlta', '', 1358883689, 'FireFox', '192.168.143.1'),
(101684, 1, 'Pagina', 'ComponenteAltaInsercion', '', 1358883697, 'FireFox', '192.168.143.1'),
(101685, 1, 'Pagina', 'ComponenteListado', '', 1358883697, 'FireFox', '192.168.143.1'),
(101686, 1, 'Pagina', 'PaginaListado', '', 1358884101, 'FireFox', '192.168.143.1'),
(101687, 1, 'Pagina', 'PaginaAlta', '', 1358884108, 'FireFox', '192.168.143.1'),
(101688, 1, 'Pagina', 'PaginaAltaInsercion', '', 1358884143, 'FireFox', '192.168.143.1'),
(101689, 1, 'Pagina', 'ComponenteListado', '', 1358884143, 'FireFox', '192.168.143.1'),
(101690, 1, 'Pagina', 'ComponenteAlta', '', 1358884151, 'FireFox', '192.168.143.1'),
(101691, 1, 'Pagina', 'ComponenteAltaInsercion', '', 1358884207, 'FireFox', '192.168.143.1'),
(101692, 1, 'Pagina', 'ComponenteListado', '', 1358884208, 'FireFox', '192.168.143.1'),
(101693, 1, 'Pagina', 'ComponenteAlta', '', 1358884212, 'FireFox', '192.168.143.1'),
(101694, 1, 'Pagina', 'ComponenteAltaInsercion', '', 1358884224, 'FireFox', '192.168.143.1'),
(101695, 1, 'Pagina', 'ComponenteListado', '', 1358884224, 'FireFox', '192.168.143.1'),
(101696, 1, 'Pagina', 'ComponenteAlta', '', 1358884230, 'FireFox', '192.168.143.1'),
(101697, 1, 'Pagina', 'ComponenteAltaInsercion', '', 1358884246, 'FireFox', '192.168.143.1'),
(101698, 1, 'Pagina', 'ComponenteListado', '', 1358884246, 'FireFox', '192.168.143.1'),
(101699, 1, 'Pagina', 'PaginaListado', '', 1358884249, 'FireFox', '192.168.143.1'),
(101700, 1, 'Archivo externo', 'DerDbdesigner4', '', 1358884573, 'FireFox', '192.168.143.1'),
(101701, 1, 'Pagina', 'Bienvenida', '', 1358889328, 'FireFox', '192.168.143.1'),
(101702, 1, 'Pagina', 'PaginaListado', '', 1358889331, 'FireFox', '192.168.143.1'),
(101703, 1, 'Pagina', 'PaginaAlta', '', 1358889334, 'FireFox', '192.168.143.1'),
(101704, 1, 'Pagina', 'PaginaAltaInsercion', '', 1358889344, 'FireFox', '192.168.143.1'),
(101705, 1, 'Pagina', 'ComponenteListado', '', 1358889344, 'FireFox', '192.168.143.1'),
(101706, 1, 'Pagina', 'ComponenteAlta', '', 1358889358, 'FireFox', '192.168.143.1'),
(101707, 1, 'Pagina', 'ComponenteAltaInsercion', '', 1358889390, 'FireFox', '192.168.143.1'),
(101708, 1, 'Pagina', 'ComponenteListado', '', 1358889390, 'FireFox', '192.168.143.1'),
(101709, 1, 'Pagina', 'ComponenteAlta', '', 1358889402, 'FireFox', '192.168.143.1'),
(101710, 1, 'Pagina', 'ComponenteAltaInsercion', '', 1358889412, 'FireFox', '192.168.143.1'),
(101711, 1, 'Pagina', 'ComponenteListado', '', 1358889412, 'FireFox', '192.168.143.1'),
(101712, 1, 'Pagina', 'ComponenteAlta', '', 1358889420, 'FireFox', '192.168.143.1'),
(101713, 1, 'Pagina', 'ComponenteAltaInsercion', '', 1358889428, 'FireFox', '192.168.143.1'),
(101714, 1, 'Pagina', 'ComponenteListado', '', 1358889428, 'FireFox', '192.168.143.1'),
(101715, 1, 'Pagina', 'PaginaListado', '', 1358889433, 'FireFox', '192.168.143.1'),
(101716, 1, 'Pagina', 'PaginaAlta', '', 1358889442, 'FireFox', '192.168.143.1'),
(101717, 1, 'Pagina', 'PaginaAltaInsercion', '', 1358889462, 'FireFox', '192.168.143.1'),
(101718, 1, 'Pagina', 'ComponenteListado', '', 1358889462, 'FireFox', '192.168.143.1'),
(101719, 1, 'Pagina', 'ComponenteAlta', '', 1358889467, 'FireFox', '192.168.143.1'),
(101720, 1, 'Pagina', 'ComponenteAltaInsercion', '', 1358889492, 'FireFox', '192.168.143.1'),
(101721, 1, 'Pagina', 'ComponenteListado', '', 1358889492, 'FireFox', '192.168.143.1'),
(101722, 1, 'Pagina', 'ComponenteAlta', '', 1358889510, 'FireFox', '192.168.143.1'),
(101723, 1, 'Pagina', 'ComponenteAltaInsercion', '', 1358889538, 'FireFox', '192.168.143.1'),
(101724, 1, 'Pagina', 'ComponenteListado', '', 1358889538, 'FireFox', '192.168.143.1'),
(101725, 1, 'Pagina', 'ComponenteAlta', '', 1358889542, 'FireFox', '192.168.143.1'),
(101726, 1, 'Pagina', 'ComponenteAltaInsercion', '', 1358889567, 'FireFox', '192.168.143.1'),
(101727, 1, 'Pagina', 'ComponenteListado', '', 1358889567, 'FireFox', '192.168.143.1'),
(101728, 1, 'Pagina', 'ComponenteAlta', '', 1358889573, 'FireFox', '192.168.143.1'),
(101729, 1, 'Pagina', 'ComponenteAltaInsercion', '', 1358889590, 'FireFox', '192.168.143.1'),
(101730, 1, 'Pagina', 'ComponenteListado', '', 1358889590, 'FireFox', '192.168.143.1'),
(101731, 1, 'Pagina', 'ComponenteAlta', '', 1358889596, 'FireFox', '192.168.143.1'),
(101732, 1, 'Pagina', 'ComponenteAltaInsercion', '', 1358889605, 'FireFox', '192.168.143.1'),
(101733, 1, 'Pagina', 'ComponenteListado', '', 1358889605, 'FireFox', '192.168.143.1'),
(101734, 1, 'Pagina', 'PaginaListado', '', 1358889617, 'FireFox', '192.168.143.1'),
(101735, 1, 'Pagina', 'PaginaListado', '', 1358889622, 'FireFox', '192.168.143.1'),
(101736, 1, 'Pagina', 'PaginaAlta', '', 1358889625, 'FireFox', '192.168.143.1'),
(101737, 1, 'Pagina', 'PaginaAltaInsercion', '', 1358889649, 'FireFox', '192.168.143.1'),
(101738, 1, 'Pagina', 'ComponenteListado', '', 1358889649, 'FireFox', '192.168.143.1'),
(101739, 1, 'Pagina', 'ComponenteAlta', '', 1358889655, 'FireFox', '192.168.143.1'),
(101740, 1, 'Pagina', 'ComponenteAltaInsercion', '', 1358889694, 'FireFox', '192.168.143.1'),
(101741, 1, 'Pagina', 'ComponenteListado', '', 1358889694, 'FireFox', '192.168.143.1'),
(101742, 1, 'Pagina', 'ComponenteAlta', '', 1358889699, 'FireFox', '192.168.143.1'),
(101743, 1, 'Pagina', 'ComponenteAltaInsercion', '', 1358889710, 'FireFox', '192.168.143.1');
INSERT INTO `kirke_log` (`id_log`, `id_usuario`, `elemento`, `pagina`, `nombre`, `hora`, `navegador`, `ip`) VALUES
(101744, 1, 'Pagina', 'ComponenteListado', '', 1358889710, 'FireFox', '192.168.143.1'),
(101745, 1, 'Pagina', 'ComponenteAlta', '', 1358889715, 'FireFox', '192.168.143.1'),
(101746, 1, 'Pagina', 'ComponenteAltaInsercion', '', 1358889726, 'FireFox', '192.168.143.1'),
(101747, 1, 'Pagina', 'ComponenteListado', '', 1358889726, 'FireFox', '192.168.143.1'),
(101748, 1, 'Pagina', 'PaginaListado', '', 1358889728, 'FireFox', '192.168.143.1'),
(101749, 1, 'Archivo externo', 'DerDbdesigner4', '', 1358889796, 'FireFox', '192.168.143.1'),
(101750, 1, 'Pagina', 'Bienvenida', '', 1358975311, 'FireFox', '192.168.143.1'),
(101751, 1, 'Pagina', 'UsuarioListado', '', 1358975368, 'FireFox', '192.168.143.1'),
(101752, 1, 'Pagina', 'PaginaListado', '', 1358975370, 'FireFox', '192.168.143.1'),
(101753, 1, 'Pagina', 'PaginaAlta', '', 1358975385, 'FireFox', '192.168.143.1'),
(101754, 1, 'Pagina', 'PaginaAltaInsercion', '', 1358975403, 'FireFox', '192.168.143.1'),
(101755, 1, 'Pagina', 'ComponenteListado', '', 1358975403, 'FireFox', '192.168.143.1'),
(101756, 1, 'Pagina', 'ComponenteAlta', '', 1358975411, 'FireFox', '192.168.143.1'),
(101757, 1, 'Pagina', 'ComponenteAltaInsercion', '', 1358975431, 'FireFox', '192.168.143.1'),
(101758, 1, 'Pagina', 'ComponenteListado', '', 1358975431, 'FireFox', '192.168.143.1'),
(101759, 1, 'Pagina', 'ComponenteAlta', '', 1358975437, 'FireFox', '192.168.143.1'),
(101760, 1, 'Pagina', 'ComponenteAltaInsercion', '', 1358975449, 'FireFox', '192.168.143.1'),
(101761, 1, 'Pagina', 'ComponenteListado', '', 1358975449, 'FireFox', '192.168.143.1'),
(101762, 1, 'Pagina', 'ComponenteAlta', '', 1358975452, 'FireFox', '192.168.143.1'),
(101763, 1, 'Pagina', 'ComponenteAltaInsercion', '', 1358975462, 'FireFox', '192.168.143.1'),
(101764, 1, 'Pagina', 'ComponenteListado', '', 1358975462, 'FireFox', '192.168.143.1'),
(101765, 1, 'Pagina', 'PaginaListado', '', 1358975464, 'FireFox', '192.168.143.1'),
(101766, 1, 'Pagina', 'PaginaAlta', '', 1358975474, 'FireFox', '192.168.143.1'),
(101767, 1, 'Pagina', 'PaginaAltaInsercion', '', 1358975489, 'FireFox', '192.168.143.1'),
(101768, 1, 'Pagina', 'ComponenteListado', '', 1358975489, 'FireFox', '192.168.143.1'),
(101769, 1, 'Pagina', 'ComponenteAlta', '', 1358975505, 'FireFox', '192.168.143.1'),
(101770, 1, 'Pagina', 'ComponenteAltaInsercion', '', 1358975523, 'FireFox', '192.168.143.1'),
(101771, 1, 'Pagina', 'ComponenteListado', '', 1358975524, 'FireFox', '192.168.143.1'),
(101772, 1, 'Pagina', 'ComponenteAlta', '', 1358975529, 'FireFox', '192.168.143.1'),
(101773, 1, 'Pagina', 'ComponenteAltaInsercion', '', 1358975551, 'FireFox', '192.168.143.1'),
(101774, 1, 'Pagina', 'ComponenteListado', '', 1358975551, 'FireFox', '192.168.143.1'),
(101775, 1, 'Pagina', 'ComponenteAlta', '', 1358975556, 'FireFox', '192.168.143.1'),
(101776, 1, 'Pagina', 'ComponenteAltaInsercion', '', 1358975576, 'FireFox', '192.168.143.1'),
(101777, 1, 'Pagina', 'ComponenteListado', '', 1358975576, 'FireFox', '192.168.143.1'),
(101778, 1, 'Pagina', 'ComponenteAlta', '', 1358975583, 'FireFox', '192.168.143.1'),
(101779, 1, 'Pagina', 'ComponenteAltaInsercion', '', 1358975592, 'FireFox', '192.168.143.1'),
(101780, 1, 'Pagina', 'ComponenteListado', '', 1358975592, 'FireFox', '192.168.143.1'),
(101781, 1, 'Pagina', 'ComponenteAlta', '', 1358975595, 'FireFox', '192.168.143.1'),
(101782, 1, 'Pagina', 'ComponenteAltaInsercion', '', 1358975612, 'FireFox', '192.168.143.1'),
(101783, 1, 'Pagina', 'ComponenteListado', '', 1358975612, 'FireFox', '192.168.143.1'),
(101784, 1, 'Pagina', 'ComponenteAlta', '', 1358975620, 'FireFox', '192.168.143.1'),
(101785, 1, 'Pagina', 'ComponenteAltaInsercion', '', 1358975628, 'FireFox', '192.168.143.1'),
(101786, 1, 'Pagina', 'ComponenteListado', '', 1358975628, 'FireFox', '192.168.143.1'),
(101787, 1, 'Pagina', 'PaginaListado', '', 1358975630, 'FireFox', '192.168.143.1'),
(101788, 1, 'Pagina', 'PaginaAlta', '', 1358975640, 'FireFox', '192.168.143.1'),
(101789, 1, 'Pagina', 'PaginaAltaInsercion', '', 1358975662, 'FireFox', '192.168.143.1'),
(101790, 1, 'Pagina', 'ComponenteListado', '', 1358975662, 'FireFox', '192.168.143.1'),
(101791, 1, 'Pagina', 'ComponenteAlta', '', 1358975671, 'FireFox', '192.168.143.1'),
(101792, 1, 'Pagina', 'ComponenteAltaInsercion', '', 1358975694, 'FireFox', '192.168.143.1'),
(101793, 1, 'Pagina', 'ComponenteListado', '', 1358975694, 'FireFox', '192.168.143.1'),
(101794, 1, 'Pagina', 'ComponenteAlta', '', 1358975700, 'FireFox', '192.168.143.1'),
(101795, 1, 'Pagina', 'ComponenteAltaInsercion', '', 1358975712, 'FireFox', '192.168.143.1'),
(101796, 1, 'Pagina', 'ComponenteListado', '', 1358975712, 'FireFox', '192.168.143.1'),
(101797, 1, 'Pagina', 'ComponenteAlta', '', 1358975715, 'FireFox', '192.168.143.1'),
(101798, 1, 'Pagina', 'ComponenteAltaInsercion', '', 1358975726, 'FireFox', '192.168.143.1'),
(101799, 1, 'Pagina', 'ComponenteListado', '', 1358975726, 'FireFox', '192.168.143.1'),
(101800, 1, 'Pagina', 'PaginaListado', '', 1358975728, 'FireFox', '192.168.143.1'),
(101801, 1, 'Pagina', 'PaginaAlta', '', 1358975896, 'FireFox', '192.168.143.1'),
(101802, 1, 'Pagina', 'PaginaAltaInsercion', '', 1358975917, 'FireFox', '192.168.143.1'),
(101803, 1, 'Pagina', 'ComponenteListado', '', 1358975918, 'FireFox', '192.168.143.1'),
(101804, 1, 'Pagina', 'ComponenteAlta', '', 1358975974, 'FireFox', '192.168.143.1'),
(101805, 1, 'Pagina', 'ComponenteAltaInsercion', '', 1358976011, 'FireFox', '192.168.143.1'),
(101806, 1, 'Pagina', 'ComponenteListado', '', 1358976011, 'FireFox', '192.168.143.1'),
(101807, 1, 'Pagina', 'ComponenteAlta', '', 1358976060, 'FireFox', '192.168.143.1'),
(101808, 1, 'Pagina', 'ComponenteAltaInsercion', '', 1358976073, 'FireFox', '192.168.143.1'),
(101809, 1, 'Pagina', 'ComponenteListado', '', 1358976073, 'FireFox', '192.168.143.1'),
(101810, 1, 'Pagina', 'ComponenteAlta', '', 1358976076, 'FireFox', '192.168.143.1'),
(101811, 1, 'Pagina', 'ComponenteAltaInsercion', '', 1358976085, 'FireFox', '192.168.143.1'),
(101812, 1, 'Pagina', 'ComponenteListado', '', 1358976085, 'FireFox', '192.168.143.1'),
(101813, 1, 'Pagina', 'PaginaListado', '', 1358976088, 'FireFox', '192.168.143.1'),
(101814, 1, 'Pagina', 'ComponenteListado', '', 1358976096, 'FireFox', '192.168.143.1'),
(101815, 1, 'Pagina', 'ComponenteAlta', '', 1358976110, 'FireFox', '192.168.143.1'),
(101816, 1, 'Pagina', 'ComponenteAltaInsercion', '', 1358976133, 'FireFox', '192.168.143.1'),
(101817, 1, 'Pagina', 'ComponenteListado', '', 1358976133, 'FireFox', '192.168.143.1'),
(101818, 1, 'Pagina', 'ComponenteListado', '', 1358976136, 'FireFox', '192.168.143.1'),
(101819, 1, 'Pagina', 'ComponenteListado', '', 1358976137, 'FireFox', '192.168.143.1'),
(101820, 1, 'Pagina', 'ComponenteListado', '', 1358976139, 'FireFox', '192.168.143.1'),
(101821, 1, 'Pagina', 'PaginaListado', '', 1358976140, 'FireFox', '192.168.143.1'),
(101822, 1, 'Pagina', 'PaginaAlta', '', 1358976145, 'FireFox', '192.168.143.1'),
(101823, 1, 'Pagina', 'PaginaAltaInsercion', '', 1358976160, 'FireFox', '192.168.143.1'),
(101824, 1, 'Pagina', 'ComponenteListado', '', 1358976160, 'FireFox', '192.168.143.1'),
(101825, 1, 'Pagina', 'ComponenteAlta', '', 1358976165, 'FireFox', '192.168.143.1'),
(101826, 1, 'Pagina', 'ComponenteAltaInsercion', '', 1358976179, 'FireFox', '192.168.143.1'),
(101827, 1, 'Pagina', 'ComponenteListado', '', 1358976179, 'FireFox', '192.168.143.1'),
(101828, 1, 'Pagina', 'ComponenteAlta', '', 1358976187, 'FireFox', '192.168.143.1'),
(101829, 1, 'Pagina', 'ComponenteAltaInsercion', '', 1358976213, 'FireFox', '192.168.143.1'),
(101830, 1, 'Pagina', 'ComponenteListado', '', 1358976213, 'FireFox', '192.168.143.1'),
(101831, 1, 'Pagina', 'ComponenteAlta', '', 1358976220, 'FireFox', '192.168.143.1'),
(101832, 1, 'Pagina', 'ComponenteAltaInsercion', '', 1358976245, 'FireFox', '192.168.143.1'),
(101833, 1, 'Pagina', 'ComponenteListado', '', 1358976245, 'FireFox', '192.168.143.1'),
(101834, 1, 'Pagina', 'ComponenteAlta', '', 1358976287, 'FireFox', '192.168.143.1'),
(101835, 1, 'Pagina', 'ComponenteListado', '', 1358976288, 'FireFox', '192.168.143.1'),
(101836, 1, 'Pagina', 'ComponenteAlta', '', 1358976291, 'FireFox', '192.168.143.1'),
(101837, 1, 'Pagina', 'ComponenteAltaInsercion', '', 1358976300, 'FireFox', '192.168.143.1'),
(101838, 1, 'Pagina', 'ComponenteListado', '', 1358976300, 'FireFox', '192.168.143.1'),
(101839, 1, 'Pagina', 'ComponenteAlta', '', 1358976313, 'FireFox', '192.168.143.1'),
(101840, 1, 'Pagina', 'ComponenteAltaInsercion', '', 1358976322, 'FireFox', '192.168.143.1'),
(101841, 1, 'Pagina', 'ComponenteListado', '', 1358976322, 'FireFox', '192.168.143.1'),
(101842, 1, 'Pagina', 'ComponenteAlta', '', 1358976328, 'FireFox', '192.168.143.1'),
(101843, 1, 'Pagina', 'ComponenteAltaInsercion', '', 1358976333, 'FireFox', '192.168.143.1'),
(101844, 1, 'Pagina', 'ComponenteListado', '', 1358976333, 'FireFox', '192.168.143.1'),
(101845, 1, 'Pagina', 'PaginaListado', '', 1358976335, 'FireFox', '192.168.143.1'),
(101846, 1, 'Pagina', 'PaginaAlta', '', 1358976338, 'FireFox', '192.168.143.1'),
(101847, 1, 'Pagina', 'PaginaAltaInsercion', '', 1358976361, 'FireFox', '192.168.143.1'),
(101848, 1, 'Pagina', 'ComponenteListado', '', 1358976361, 'FireFox', '192.168.143.1'),
(101849, 1, 'Pagina', 'ComponenteAlta', '', 1358976367, 'FireFox', '192.168.143.1'),
(101850, 1, 'Pagina', 'ComponenteAltaInsercion', '', 1358976386, 'FireFox', '192.168.143.1'),
(101851, 1, 'Pagina', 'ComponenteListado', '', 1358976386, 'FireFox', '192.168.143.1'),
(101852, 1, 'Pagina', 'ComponenteAlta', '', 1358976389, 'FireFox', '192.168.143.1'),
(101853, 1, 'Pagina', 'ComponenteAltaInsercion', '', 1358976400, 'FireFox', '192.168.143.1'),
(101854, 1, 'Pagina', 'ComponenteListado', '', 1358976400, 'FireFox', '192.168.143.1'),
(101855, 1, 'Pagina', 'ComponenteAlta', '', 1358976406, 'FireFox', '192.168.143.1'),
(101856, 1, 'Pagina', 'ComponenteAltaInsercion', '', 1358976434, 'FireFox', '192.168.143.1'),
(101857, 1, 'Pagina', 'ComponenteListado', '', 1358976434, 'FireFox', '192.168.143.1'),
(101858, 1, 'Pagina', 'PaginaListado', '', 1358976436, 'FireFox', '192.168.143.1'),
(101859, 1, 'Pagina', 'PaginaAlta', '', 1358976467, 'FireFox', '192.168.143.1'),
(101860, 1, 'Pagina', 'PrefijoListado', '', 1358976488, 'FireFox', '192.168.143.1'),
(101861, 1, 'Pagina', 'PrefijoAlta', '', 1358976490, 'FireFox', '192.168.143.1'),
(101862, 1, 'Pagina', 'PrefijoAltaInsercion', '', 1358976499, 'FireFox', '192.168.143.1'),
(101863, 1, 'Pagina', 'PrefijoListado', '', 1358976499, 'FireFox', '192.168.143.1'),
(101864, 1, 'Pagina', 'PaginaListado', '', 1358976501, 'FireFox', '192.168.143.1'),
(101865, 1, 'Pagina', 'PaginaAlta', '', 1358976504, 'FireFox', '192.168.143.1'),
(101866, 1, 'Pagina', 'PaginaAltaInsercion', '', 1358976524, 'FireFox', '192.168.143.1'),
(101867, 1, 'Pagina', 'ComponenteListado', '', 1358976524, 'FireFox', '192.168.143.1'),
(101868, 1, 'Pagina', 'ComponenteAlta', '', 1358976536, 'FireFox', '192.168.143.1'),
(101869, 1, 'Pagina', 'ComponenteAltaInsercion', '', 1358976553, 'FireFox', '192.168.143.1'),
(101870, 1, 'Pagina', 'ComponenteListado', '', 1358976553, 'FireFox', '192.168.143.1'),
(101871, 1, 'Pagina', 'ComponenteAlta', '', 1358976556, 'FireFox', '192.168.143.1'),
(101872, 1, 'Pagina', 'ComponenteAltaInsercion', '', 1358976576, 'FireFox', '192.168.143.1'),
(101873, 1, 'Pagina', 'ComponenteListado', '', 1358976576, 'FireFox', '192.168.143.1'),
(101874, 1, 'Pagina', 'ComponenteAlta', '', 1358976585, 'FireFox', '192.168.143.1'),
(101875, 1, 'Pagina', 'ComponenteAltaInsercion', '', 1358976603, 'FireFox', '192.168.143.1'),
(101876, 1, 'Pagina', 'ComponenteListado', '', 1358976603, 'FireFox', '192.168.143.1'),
(101877, 1, 'Pagina', 'ComponenteAlta', '', 1358976613, 'FireFox', '192.168.143.1'),
(101878, 1, 'Pagina', 'ComponenteListado', '', 1358976620, 'FireFox', '192.168.143.1'),
(101879, 1, 'Pagina', 'ComponenteAlta', '', 1358976622, 'FireFox', '192.168.143.1'),
(101880, 1, 'Pagina', 'ComponenteAltaInsercion', '', 1358976636, 'FireFox', '192.168.143.1'),
(101881, 1, 'Pagina', 'ComponenteListado', '', 1358976636, 'FireFox', '192.168.143.1'),
(101882, 1, 'Pagina', 'ComponenteAlta', '', 1358976643, 'FireFox', '192.168.143.1'),
(101883, 1, 'Pagina', 'ComponenteAltaInsercion', '', 1358976667, 'FireFox', '192.168.143.1'),
(101884, 1, 'Pagina', 'ComponenteListado', '', 1358976668, 'FireFox', '192.168.143.1'),
(101885, 1, 'Pagina', 'ComponenteListado', '', 1358976669, 'FireFox', '192.168.143.1'),
(101886, 1, 'Pagina', 'ComponenteListado', '', 1358976670, 'FireFox', '192.168.143.1'),
(101887, 1, 'Pagina', 'ComponenteListado', '', 1358976671, 'FireFox', '192.168.143.1'),
(101888, 1, 'Pagina', 'ComponenteListado', '', 1358976674, 'FireFox', '192.168.143.1'),
(101889, 1, 'Pagina', 'ComponenteListado', '', 1358976674, 'FireFox', '192.168.143.1'),
(101890, 1, 'Pagina', 'ComponenteListado', '', 1358976676, 'FireFox', '192.168.143.1'),
(101891, 1, 'Pagina', 'ComponenteListado', '', 1358976677, 'FireFox', '192.168.143.1'),
(101892, 1, 'Pagina', 'ComponenteListado', '', 1358976678, 'FireFox', '192.168.143.1'),
(101893, 1, 'Pagina', 'PaginaListado', '', 1358976679, 'FireFox', '192.168.143.1'),
(101894, 1, 'Pagina', 'PaginaAlta', '', 1358976700, 'FireFox', '192.168.143.1'),
(101895, 1, 'Pagina', 'PaginaAltaInsercion', '', 1358976719, 'FireFox', '192.168.143.1'),
(101896, 1, 'Pagina', 'ComponenteListado', '', 1358976719, 'FireFox', '192.168.143.1'),
(101897, 1, 'Pagina', 'ComponenteAlta', '', 1358976726, 'FireFox', '192.168.143.1'),
(101898, 1, 'Pagina', 'ComponenteAltaInsercion', '', 1358976755, 'FireFox', '192.168.143.1'),
(101899, 1, 'Pagina', 'ComponenteListado', '', 1358976755, 'FireFox', '192.168.143.1'),
(101900, 1, 'Pagina', 'ComponenteModificacion', '', 1358976757, 'FireFox', '192.168.143.1'),
(101901, 1, 'Pagina', 'ComponenteModificacionInsercion', '', 1358976761, 'FireFox', '192.168.143.1'),
(101902, 1, 'Pagina', 'ComponenteListado', '', 1358976761, 'FireFox', '192.168.143.1'),
(101903, 1, 'Pagina', 'ComponenteAlta', '', 1358976769, 'FireFox', '192.168.143.1'),
(101904, 1, 'Pagina', 'ComponenteAltaInsercion', '', 1358976792, 'FireFox', '192.168.143.1'),
(101905, 1, 'Pagina', 'ComponenteListado', '', 1358976792, 'FireFox', '192.168.143.1'),
(101906, 1, 'Pagina', 'ComponenteAlta', '', 1358976800, 'FireFox', '192.168.143.1'),
(101907, 1, 'Pagina', 'ComponenteAltaInsercion', '', 1358976808, 'FireFox', '192.168.143.1'),
(101908, 1, 'Pagina', 'ComponenteListado', '', 1358976808, 'FireFox', '192.168.143.1'),
(101909, 1, 'Pagina', 'ComponenteAlta', '', 1358976812, 'FireFox', '192.168.143.1'),
(101910, 1, 'Pagina', 'ComponenteAltaInsercion', '', 1358976820, 'FireFox', '192.168.143.1'),
(101911, 1, 'Pagina', 'ComponenteListado', '', 1358976820, 'FireFox', '192.168.143.1'),
(101912, 1, 'Pagina', 'ComponenteAlta', '', 1358976835, 'FireFox', '192.168.143.1'),
(101913, 1, 'Pagina', 'ComponenteAltaInsercion', '', 1358976840, 'FireFox', '192.168.143.1'),
(101914, 1, 'Pagina', 'ComponenteListado', '', 1358976840, 'FireFox', '192.168.143.1'),
(101915, 1, 'Pagina', 'PaginaListado', '', 1358976847, 'FireFox', '192.168.143.1'),
(101916, 1, 'Pagina', 'PaginaAlta', '', 1358976850, 'FireFox', '192.168.143.1'),
(101917, 1, 'Pagina', 'PaginaAltaInsercion', '', 1358976870, 'FireFox', '192.168.143.1'),
(101918, 1, 'Pagina', 'ComponenteListado', '', 1358976870, 'FireFox', '192.168.143.1'),
(101919, 1, 'Pagina', 'ComponenteAlta', '', 1358976876, 'FireFox', '192.168.143.1'),
(101920, 1, 'Pagina', 'ComponenteAltaInsercion', '', 1358976900, 'FireFox', '192.168.143.1'),
(101921, 1, 'Pagina', 'ComponenteListado', '', 1358976900, 'FireFox', '192.168.143.1'),
(101922, 1, 'Pagina', 'ComponenteAlta', '', 1358976910, 'FireFox', '192.168.143.1'),
(101923, 1, 'Pagina', 'ComponenteAltaInsercion', '', 1358976935, 'FireFox', '192.168.143.1'),
(101924, 1, 'Pagina', 'ComponenteListado', '', 1358976935, 'FireFox', '192.168.143.1'),
(101925, 1, 'Pagina', 'ComponenteAlta', '', 1358976943, 'FireFox', '192.168.143.1'),
(101926, 1, 'Pagina', 'ComponenteAltaInsercion', '', 1358976959, 'FireFox', '192.168.143.1'),
(101927, 1, 'Pagina', 'ComponenteListado', '', 1358976959, 'FireFox', '192.168.143.1'),
(101928, 1, 'Pagina', 'ComponenteAlta', '', 1358976965, 'FireFox', '192.168.143.1'),
(101929, 1, 'Pagina', 'ComponenteAltaInsercion', '', 1358976975, 'FireFox', '192.168.143.1'),
(101930, 1, 'Pagina', 'ComponenteListado', '', 1358976975, 'FireFox', '192.168.143.1'),
(101931, 1, 'Pagina', 'ComponenteAlta', '', 1358976981, 'FireFox', '192.168.143.1'),
(101932, 1, 'Pagina', 'ComponenteAltaInsercion', '', 1358976988, 'FireFox', '192.168.143.1'),
(101933, 1, 'Pagina', 'ComponenteListado', '', 1358976988, 'FireFox', '192.168.143.1'),
(101934, 1, 'Pagina', 'ComponenteAlta', '', 1358976992, 'FireFox', '192.168.143.1'),
(101935, 1, 'Pagina', 'ComponenteAltaInsercion', '', 1358976999, 'FireFox', '192.168.143.1'),
(101936, 1, 'Pagina', 'ComponenteListado', '', 1358976999, 'FireFox', '192.168.143.1'),
(101937, 1, 'Pagina', 'ComponenteBaja', '', 1358977021, 'FireFox', '192.168.143.1'),
(101938, 1, 'Pagina', 'ComponenteListado', '', 1358977021, 'FireFox', '192.168.143.1'),
(101939, 1, 'Pagina', 'ComponenteBaja', '', 1358977022, 'FireFox', '192.168.143.1'),
(101940, 1, 'Pagina', 'ComponenteListado', '', 1358977022, 'FireFox', '192.168.143.1'),
(101941, 1, 'Pagina', 'ComponenteBaja', '', 1358977023, 'FireFox', '192.168.143.1'),
(101942, 1, 'Pagina', 'ComponenteListado', '', 1358977023, 'FireFox', '192.168.143.1'),
(101943, 1, 'Pagina', 'ComponenteBaja', '', 1358977027, 'FireFox', '192.168.143.1'),
(101944, 1, 'Pagina', 'ComponenteListado', '', 1358977027, 'FireFox', '192.168.143.1'),
(101945, 1, 'Pagina', 'ComponenteBaja', '', 1358977032, 'FireFox', '192.168.143.1'),
(101946, 1, 'Pagina', 'ComponenteListado', '', 1358977032, 'FireFox', '192.168.143.1'),
(101947, 1, 'Pagina', 'ComponenteAlta', '', 1358977040, 'FireFox', '192.168.143.1'),
(101948, 1, 'Pagina', 'ComponenteAltaInsercion', '', 1358977049, 'FireFox', '192.168.143.1'),
(101949, 1, 'Pagina', 'ComponenteListado', '', 1358977049, 'FireFox', '192.168.143.1'),
(101950, 1, 'Pagina', 'ComponenteAlta', '', 1358977054, 'FireFox', '192.168.143.1'),
(101951, 1, 'Pagina', 'ComponenteAltaInsercion', '', 1358977065, 'FireFox', '192.168.143.1'),
(101952, 1, 'Pagina', 'ComponenteListado', '', 1358977066, 'FireFox', '192.168.143.1'),
(101953, 1, 'Pagina', 'PaginaListado', '', 1358977068, 'FireFox', '192.168.143.1'),
(101954, 1, 'Pagina', 'PaginaAlta', '', 1358977115, 'FireFox', '192.168.143.1'),
(101955, 1, 'Pagina', 'PaginaAltaInsercion', '', 1358977131, 'FireFox', '192.168.143.1'),
(101956, 1, 'Pagina', 'ComponenteListado', '', 1358977131, 'FireFox', '192.168.143.1'),
(101957, 1, 'Pagina', 'Bienvenida', '', 1358982896, 'FireFox', '192.168.143.1'),
(101958, 1, 'Pagina', 'PaginaListado', '', 1358982898, 'FireFox', '192.168.143.1'),
(101959, 1, 'Pagina', 'ComponenteListado', '', 1358982912, 'FireFox', '192.168.143.1'),
(101960, 1, 'Pagina', 'ComponenteAlta', '', 1358982924, 'FireFox', '192.168.143.1'),
(101961, 1, 'Pagina', 'ComponenteAltaInsercion', '', 1358982941, 'FireFox', '192.168.143.1'),
(101962, 1, 'Pagina', 'ComponenteListado', '', 1358982941, 'FireFox', '192.168.143.1'),
(101963, 1, 'Pagina', 'ComponenteAlta', '', 1358982945, 'FireFox', '192.168.143.1'),
(101964, 1, 'Pagina', 'ComponenteAltaInsercion', '', 1358982958, 'FireFox', '192.168.143.1'),
(101965, 1, 'Pagina', 'ComponenteListado', '', 1358982958, 'FireFox', '192.168.143.1'),
(101966, 1, 'Pagina', 'ComponenteAlta', '', 1358982964, 'FireFox', '192.168.143.1'),
(101967, 1, 'Pagina', 'ComponenteAltaInsercion', '', 1358982981, 'FireFox', '192.168.143.1'),
(101968, 1, 'Pagina', 'ComponenteListado', '', 1358982981, 'FireFox', '192.168.143.1'),
(101969, 1, 'Pagina', 'ComponenteAlta', '', 1358982988, 'FireFox', '192.168.143.1'),
(101970, 1, 'Pagina', 'ComponenteAltaInsercion', '', 1358982998, 'FireFox', '192.168.143.1'),
(101971, 1, 'Pagina', 'ComponenteListado', '', 1358982998, 'FireFox', '192.168.143.1'),
(101972, 1, 'Pagina', 'ComponenteAlta', '', 1358983002, 'FireFox', '192.168.143.1'),
(101973, 1, 'Pagina', 'ComponenteAltaInsercion', '', 1358983052, 'FireFox', '192.168.143.1'),
(101974, 1, 'Pagina', 'ComponenteListado', '', 1358983052, 'FireFox', '192.168.143.1'),
(101975, 1, 'Pagina', 'PaginaListado', '', 1358983064, 'FireFox', '192.168.143.1'),
(101976, 1, 'Pagina', 'PaginaAlta', '', 1358983069, 'FireFox', '192.168.143.1'),
(101977, 1, 'Pagina', 'PaginaAltaInsercion', '', 1358983105, 'FireFox', '192.168.143.1'),
(101978, 1, 'Pagina', 'ComponenteListado', '', 1358983105, 'FireFox', '192.168.143.1'),
(101979, 1, 'Pagina', 'ComponenteAlta', '', 1358983112, 'FireFox', '192.168.143.1'),
(101980, 1, 'Pagina', 'ComponenteAltaInsercion', '', 1358983154, 'FireFox', '192.168.143.1'),
(101981, 1, 'Pagina', 'ComponenteListado', '', 1358983154, 'FireFox', '192.168.143.1'),
(101982, 1, 'Pagina', 'ComponenteAlta', '', 1358983158, 'FireFox', '192.168.143.1'),
(101983, 1, 'Pagina', 'ComponenteAltaInsercion', '', 1358983183, 'FireFox', '192.168.143.1'),
(101984, 1, 'Pagina', 'ComponenteListado', '', 1358983183, 'FireFox', '192.168.143.1'),
(101985, 1, 'Pagina', 'ComponenteAlta', '', 1358983188, 'FireFox', '192.168.143.1'),
(101986, 1, 'Pagina', 'ComponenteAltaInsercion', '', 1358983208, 'FireFox', '192.168.143.1'),
(101987, 1, 'Pagina', 'ComponenteListado', '', 1358983208, 'FireFox', '192.168.143.1'),
(101988, 1, 'Pagina', 'ComponenteAlta', '', 1358983217, 'FireFox', '192.168.143.1'),
(101989, 1, 'Pagina', 'ComponenteAltaInsercion', '', 1358983228, 'FireFox', '192.168.143.1'),
(101990, 1, 'Pagina', 'ComponenteListado', '', 1358983228, 'FireFox', '192.168.143.1'),
(101991, 1, 'Pagina', 'ComponenteAlta', '', 1358983233, 'FireFox', '192.168.143.1'),
(101992, 1, 'Pagina', 'ComponenteAltaInsercion', '', 1358983246, 'FireFox', '192.168.143.1'),
(101993, 1, 'Pagina', 'ComponenteListado', '', 1358983246, 'FireFox', '192.168.143.1'),
(101994, 1, 'Pagina', 'ComponenteAlta', '', 1358983251, 'FireFox', '192.168.143.1'),
(101995, 1, 'Pagina', 'ComponenteAltaInsercion', '', 1358983259, 'FireFox', '192.168.143.1'),
(101996, 1, 'Pagina', 'ComponenteListado', '', 1358983259, 'FireFox', '192.168.143.1'),
(101997, 1, 'Pagina', 'PaginaListado', '', 1358983265, 'FireFox', '192.168.143.1'),
(101998, 1, 'Pagina', 'PaginaAlta', '', 1358983268, 'FireFox', '192.168.143.1'),
(101999, 1, 'Pagina', 'PaginaAltaInsercion', '', 1358983290, 'FireFox', '192.168.143.1'),
(102000, 1, 'Pagina', 'ComponenteListado', '', 1358983290, 'FireFox', '192.168.143.1'),
(102001, 1, 'Pagina', 'ComponenteAlta', '', 1358983295, 'FireFox', '192.168.143.1'),
(102002, 1, 'Pagina', 'ComponenteAltaInsercion', '', 1358983331, 'FireFox', '192.168.143.1'),
(102003, 1, 'Pagina', 'ComponenteListado', '', 1358983331, 'FireFox', '192.168.143.1'),
(102004, 1, 'Pagina', 'ComponenteAlta', '', 1358983335, 'FireFox', '192.168.143.1'),
(102005, 1, 'Pagina', 'ComponenteAltaInsercion', '', 1358983345, 'FireFox', '192.168.143.1'),
(102006, 1, 'Pagina', 'ComponenteListado', '', 1358983345, 'FireFox', '192.168.143.1'),
(102007, 1, 'Pagina', 'ComponenteAlta', '', 1358983349, 'FireFox', '192.168.143.1'),
(102008, 1, 'Pagina', 'ComponenteAltaInsercion', '', 1358983356, 'FireFox', '192.168.143.1'),
(102009, 1, 'Pagina', 'ComponenteListado', '', 1358983356, 'FireFox', '192.168.143.1'),
(102010, 1, 'Pagina', 'PaginaListado', '', 1358983358, 'FireFox', '192.168.143.1'),
(102011, 1, 'Pagina', 'PaginaAlta', '', 1358983429, 'FireFox', '192.168.143.1'),
(102012, 1, 'Pagina', 'PaginaAltaInsercion', '', 1358983451, 'FireFox', '192.168.143.1'),
(102013, 1, 'Pagina', 'ComponenteListado', '', 1358983451, 'FireFox', '192.168.143.1'),
(102014, 1, 'Pagina', 'ComponenteAlta', '', 1358984286, 'FireFox', '192.168.143.1'),
(102015, 1, 'Pagina', 'ComponenteAltaInsercion', '', 1358984308, 'FireFox', '192.168.143.1'),
(102016, 1, 'Pagina', 'ComponenteListado', '', 1358984308, 'FireFox', '192.168.143.1'),
(102017, 1, 'Pagina', 'ComponenteAlta', '', 1358984312, 'FireFox', '192.168.143.1'),
(102018, 1, 'Pagina', 'ComponenteAltaInsercion', '', 1358984328, 'FireFox', '192.168.143.1'),
(102019, 1, 'Pagina', 'ComponenteListado', '', 1358984328, 'FireFox', '192.168.143.1'),
(102020, 1, 'Pagina', 'ComponenteAlta', '', 1358984330, 'FireFox', '192.168.143.1'),
(102021, 1, 'Pagina', 'ComponenteListado', '', 1358984332, 'FireFox', '192.168.143.1'),
(102022, 1, 'Pagina', 'ComponenteAlta', '', 1358984334, 'FireFox', '192.168.143.1'),
(102023, 1, 'Pagina', 'ComponenteAltaInsercion', '', 1358984352, 'FireFox', '192.168.143.1'),
(102024, 1, 'Pagina', 'ComponenteListado', '', 1358984352, 'FireFox', '192.168.143.1'),
(102025, 1, 'Pagina', 'ComponenteAlta', '', 1358984356, 'FireFox', '192.168.143.1'),
(102026, 1, 'Pagina', 'ComponenteAltaInsercion', '', 1358984363, 'FireFox', '192.168.143.1'),
(102027, 1, 'Pagina', 'ComponenteListado', '', 1358984363, 'FireFox', '192.168.143.1'),
(102028, 1, 'Pagina', 'ComponenteAlta', '', 1358984368, 'FireFox', '192.168.143.1'),
(102029, 1, 'Pagina', 'ComponenteAltaInsercion', '', 1358984441, 'FireFox', '192.168.143.1'),
(102030, 1, 'Pagina', 'ComponenteListado', '', 1358984441, 'FireFox', '192.168.143.1'),
(102031, 1, 'Pagina', 'PaginaListado', '', 1358984449, 'FireFox', '192.168.143.1'),
(102032, 1, 'Pagina', 'PaginaAlta', '', 1358984452, 'FireFox', '192.168.143.1'),
(102033, 1, 'Pagina', 'PaginaAltaInsercion', '', 1358984475, 'FireFox', '192.168.143.1'),
(102034, 1, 'Pagina', 'ComponenteListado', '', 1358984475, 'FireFox', '192.168.143.1'),
(102035, 1, 'Pagina', 'ComponenteAlta', '', 1358984480, 'FireFox', '192.168.143.1'),
(102036, 1, 'Pagina', 'ComponenteAltaInsercion', '', 1358984499, 'FireFox', '192.168.143.1'),
(102037, 1, 'Pagina', 'ComponenteListado', '', 1358984499, 'FireFox', '192.168.143.1'),
(102038, 1, 'Pagina', 'ComponenteAlta', '', 1358984508, 'FireFox', '192.168.143.1'),
(102039, 1, 'Pagina', 'ComponenteAltaInsercion', '', 1358984549, 'FireFox', '192.168.143.1'),
(102040, 1, 'Pagina', 'ComponenteListado', '', 1358984549, 'FireFox', '192.168.143.1'),
(102041, 1, 'Pagina', 'ComponenteAlta', '', 1358984553, 'FireFox', '192.168.143.1'),
(102042, 1, 'Pagina', 'ComponenteAltaInsercion', '', 1358984574, 'FireFox', '192.168.143.1'),
(102043, 1, 'Pagina', 'ComponenteListado', '', 1358984574, 'FireFox', '192.168.143.1'),
(102044, 1, 'Pagina', 'ComponenteAlta', '', 1358984578, 'FireFox', '192.168.143.1'),
(102045, 1, 'Pagina', 'ComponenteAltaInsercion', '', 1358984595, 'FireFox', '192.168.143.1'),
(102046, 1, 'Pagina', 'ComponenteListado', '', 1358984595, 'FireFox', '192.168.143.1'),
(102047, 1, 'Pagina', 'ComponenteAlta', '', 1358984599, 'FireFox', '192.168.143.1'),
(102048, 1, 'Pagina', 'ComponenteAltaInsercion', '', 1358984617, 'FireFox', '192.168.143.1'),
(102049, 1, 'Pagina', 'ComponenteListado', '', 1358984617, 'FireFox', '192.168.143.1'),
(102050, 1, 'Pagina', 'ComponenteAlta', '', 1358984621, 'FireFox', '192.168.143.1'),
(102051, 1, 'Pagina', 'ComponenteAltaInsercion', '', 1358984631, 'FireFox', '192.168.143.1'),
(102052, 1, 'Pagina', 'ComponenteListado', '', 1358984632, 'FireFox', '192.168.143.1'),
(102053, 1, 'Pagina', 'PaginaListado', '', 1358984640, 'FireFox', '192.168.143.1'),
(102054, 1, 'Pagina', 'PaginaAlta', '', 1358984644, 'FireFox', '192.168.143.1'),
(102055, 1, 'Pagina', 'PaginaAltaInsercion', '', 1358984661, 'FireFox', '192.168.143.1'),
(102056, 1, 'Pagina', 'ComponenteListado', '', 1358984661, 'FireFox', '192.168.143.1'),
(102057, 1, 'Pagina', 'ComponenteAlta', '', 1358984684, 'FireFox', '192.168.143.1'),
(102058, 1, 'Pagina', 'ComponenteAltaInsercion', '', 1358984711, 'FireFox', '192.168.143.1'),
(102059, 1, 'Pagina', 'ComponenteListado', '', 1358984712, 'FireFox', '192.168.143.1'),
(102060, 1, 'Pagina', 'ComponenteAlta', '', 1358984720, 'FireFox', '192.168.143.1'),
(102061, 1, 'Pagina', 'ComponenteAltaInsercion', '', 1358984735, 'FireFox', '192.168.143.1'),
(102062, 1, 'Pagina', 'ComponenteListado', '', 1358984735, 'FireFox', '192.168.143.1'),
(102063, 1, 'Pagina', 'ComponenteAlta', '', 1358984748, 'FireFox', '192.168.143.1'),
(102064, 1, 'Pagina', 'ComponenteAltaInsercion', '', 1358984763, 'FireFox', '192.168.143.1'),
(102065, 1, 'Pagina', 'ComponenteListado', '', 1358984764, 'FireFox', '192.168.143.1'),
(102066, 1, 'Pagina', 'PaginaListado', '', 1358984767, 'FireFox', '192.168.143.1'),
(102067, 1, 'Pagina', 'Bienvenida', '', 1358989425, 'FireFox', '192.168.143.1'),
(102068, 1, 'Pagina', 'PaginaListado', '', 1358989427, 'FireFox', '192.168.143.1'),
(102069, 1, 'Pagina', 'PaginaAlta', '', 1358989432, 'FireFox', '192.168.143.1'),
(102070, 1, 'Pagina', 'PaginaAltaInsercion', '', 1358989444, 'FireFox', '192.168.143.1'),
(102071, 1, 'Pagina', 'ComponenteListado', '', 1358989444, 'FireFox', '192.168.143.1'),
(102072, 1, 'Pagina', 'ComponenteAlta', '', 1358989453, 'FireFox', '192.168.143.1'),
(102073, 1, 'Pagina', 'ComponenteAltaInsercion', '', 1358989478, 'FireFox', '192.168.143.1'),
(102074, 1, 'Pagina', 'ComponenteListado', '', 1358989478, 'FireFox', '192.168.143.1'),
(102075, 1, 'Pagina', 'ComponenteAlta', '', 1358989483, 'FireFox', '192.168.143.1'),
(102076, 1, 'Pagina', 'ComponenteAltaInsercion', '', 1358989491, 'FireFox', '192.168.143.1'),
(102077, 1, 'Pagina', 'ComponenteListado', '', 1358989491, 'FireFox', '192.168.143.1'),
(102078, 1, 'Pagina', 'ComponenteAlta', '', 1358989499, 'FireFox', '192.168.143.1'),
(102079, 1, 'Pagina', 'ComponenteAltaInsercion', '', 1358989533, 'FireFox', '192.168.143.1'),
(102080, 1, 'Pagina', 'ComponenteListado', '', 1358989533, 'FireFox', '192.168.143.1'),
(102081, 1, 'Pagina', 'PaginaListado', '', 1358989541, 'FireFox', '192.168.143.1'),
(102082, 1, 'Pagina', 'PaginaAlta', '', 1358989544, 'FireFox', '192.168.143.1'),
(102083, 1, 'Pagina', 'PaginaAltaInsercion', '', 1358989574, 'FireFox', '192.168.143.1'),
(102084, 1, 'Pagina', 'ComponenteListado', '', 1358989574, 'FireFox', '192.168.143.1'),
(102085, 1, 'Pagina', 'ComponenteAlta', '', 1358989581, 'FireFox', '192.168.143.1'),
(102086, 1, 'Pagina', 'ComponenteAltaInsercion', '', 1358989618, 'FireFox', '192.168.143.1'),
(102087, 1, 'Pagina', 'ComponenteListado', '', 1358989618, 'FireFox', '192.168.143.1'),
(102088, 1, 'Pagina', 'PaginaListado', '', 1358989619, 'FireFox', '192.168.143.1'),
(102089, 1, 'Pagina', 'ComponenteListado', '', 1358989627, 'FireFox', '192.168.143.1'),
(102090, 1, 'Pagina', 'ComponenteAlta', '', 1358989632, 'FireFox', '192.168.143.1'),
(102091, 1, 'Pagina', 'ComponenteAltaInsercion', '', 1358989654, 'FireFox', '192.168.143.1'),
(102092, 1, 'Pagina', 'ComponenteListado', '', 1358989654, 'FireFox', '192.168.143.1'),
(102093, 1, 'Pagina', 'ComponenteAlta', '', 1358989659, 'FireFox', '192.168.143.1'),
(102094, 1, 'Pagina', 'ComponenteAltaInsercion', '', 1358989677, 'FireFox', '192.168.143.1'),
(102095, 1, 'Pagina', 'ComponenteListado', '', 1358989677, 'FireFox', '192.168.143.1'),
(102096, 1, 'Pagina', 'ComponenteAlta', '', 1358989686, 'FireFox', '192.168.143.1'),
(102097, 1, 'Pagina', 'ComponenteAltaInsercion', '', 1358989702, 'FireFox', '192.168.143.1'),
(102098, 1, 'Pagina', 'ComponenteListado', '', 1358989702, 'FireFox', '192.168.143.1'),
(102099, 1, 'Pagina', 'ComponenteAlta', '', 1358989707, 'FireFox', '192.168.143.1'),
(102100, 1, 'Pagina', 'ComponenteAltaInsercion', '', 1358989721, 'FireFox', '192.168.143.1'),
(102101, 1, 'Pagina', 'ComponenteListado', '', 1358989721, 'FireFox', '192.168.143.1'),
(102102, 1, 'Pagina', 'ComponenteAlta', '', 1358989725, 'FireFox', '192.168.143.1'),
(102103, 1, 'Pagina', 'ComponenteAltaInsercion', '', 1358989736, 'FireFox', '192.168.143.1'),
(102104, 1, 'Pagina', 'ComponenteListado', '', 1358989736, 'FireFox', '192.168.143.1'),
(102105, 1, 'Pagina', 'PaginaListado', '', 1358989744, 'FireFox', '192.168.143.1'),
(102106, 1, 'Pagina', 'PaginaAlta', '', 1358989746, 'FireFox', '192.168.143.1'),
(102107, 1, 'Pagina', 'PaginaListado', '', 1358989759, 'FireFox', '192.168.143.1'),
(102108, 1, 'Pagina', 'PaginaAlta', '', 1358989801, 'FireFox', '192.168.143.1'),
(102109, 1, 'Pagina', 'PaginaAltaInsercion', '', 1358989811, 'FireFox', '192.168.143.1'),
(102110, 1, 'Pagina', 'ComponenteListado', '', 1358989811, 'FireFox', '192.168.143.1'),
(102111, 1, 'Pagina', 'ComponenteAlta', '', 1358989817, 'FireFox', '192.168.143.1'),
(102112, 1, 'Pagina', 'ComponenteListado', '', 1358989819, 'FireFox', '192.168.143.1'),
(102113, 1, 'Pagina', 'ComponenteAlta', '', 1358989822, 'FireFox', '192.168.143.1'),
(102114, 1, 'Pagina', 'ComponenteAltaInsercion', '', 1358989834, 'FireFox', '192.168.143.1'),
(102115, 1, 'Pagina', 'ComponenteListado', '', 1358989834, 'FireFox', '192.168.143.1'),
(102116, 1, 'Pagina', 'ComponenteAlta', '', 1358989837, 'FireFox', '192.168.143.1'),
(102117, 1, 'Pagina', 'ComponenteAltaInsercion', '', 1358989857, 'FireFox', '192.168.143.1'),
(102118, 1, 'Pagina', 'ComponenteListado', '', 1358989857, 'FireFox', '192.168.143.1'),
(102119, 1, 'Pagina', 'ComponenteAlta', '', 1358989866, 'FireFox', '192.168.143.1'),
(102120, 1, 'Pagina', 'ComponenteAltaInsercion', '', 1358989900, 'FireFox', '192.168.143.1'),
(102121, 1, 'Pagina', 'ComponenteListado', '', 1358989900, 'FireFox', '192.168.143.1'),
(102122, 1, 'Pagina', 'PaginaListado', '', 1358989907, 'FireFox', '192.168.143.1'),
(102123, 1, 'Pagina', 'PaginaAlta', '', 1358989910, 'FireFox', '192.168.143.1'),
(102124, 1, 'Pagina', 'PaginaAltaInsercion', '', 1358989938, 'FireFox', '192.168.143.1'),
(102125, 1, 'Pagina', 'ComponenteListado', '', 1358989938, 'FireFox', '192.168.143.1'),
(102126, 1, 'Pagina', 'ComponenteAlta', '', 1358989943, 'FireFox', '192.168.143.1'),
(102127, 1, 'Pagina', 'ComponenteAltaInsercion', '', 1358989961, 'FireFox', '192.168.143.1'),
(102128, 1, 'Pagina', 'ComponenteListado', '', 1358989961, 'FireFox', '192.168.143.1'),
(102129, 1, 'Pagina', 'ComponenteAlta', '', 1358989966, 'FireFox', '192.168.143.1'),
(102130, 1, 'Pagina', 'ComponenteAltaInsercion', '', 1358989990, 'FireFox', '192.168.143.1'),
(102131, 1, 'Pagina', 'ComponenteListado', '', 1358989990, 'FireFox', '192.168.143.1'),
(102132, 1, 'Pagina', 'ComponenteAlta', '', 1358989997, 'FireFox', '192.168.143.1'),
(102133, 1, 'Pagina', 'ComponenteAltaInsercion', '', 1358990012, 'FireFox', '192.168.143.1'),
(102134, 1, 'Pagina', 'ComponenteListado', '', 1358990012, 'FireFox', '192.168.143.1'),
(102135, 1, 'Pagina', 'ComponenteAlta', '', 1358990018, 'FireFox', '192.168.143.1'),
(102136, 1, 'Pagina', 'ComponenteAltaInsercion', '', 1358990029, 'FireFox', '192.168.143.1'),
(102137, 1, 'Pagina', 'ComponenteListado', '', 1358990029, 'FireFox', '192.168.143.1'),
(102138, 1, 'Pagina', 'ComponenteAlta', '', 1358990034, 'FireFox', '192.168.143.1'),
(102139, 1, 'Pagina', 'ComponenteAltaInsercion', '', 1358990046, 'FireFox', '192.168.143.1'),
(102140, 1, 'Pagina', 'ComponenteListado', '', 1358990046, 'FireFox', '192.168.143.1'),
(102141, 1, 'Pagina', 'ComponenteAlta', '', 1358990049, 'FireFox', '192.168.143.1'),
(102142, 1, 'Pagina', 'ComponenteAltaInsercion', '', 1358990060, 'FireFox', '192.168.143.1'),
(102143, 1, 'Pagina', 'ComponenteListado', '', 1358990060, 'FireFox', '192.168.143.1'),
(102144, 1, 'Pagina', 'PaginaListado', '', 1358990067, 'FireFox', '192.168.143.1'),
(102145, 1, 'Pagina', 'PaginaAlta', '', 1358990070, 'FireFox', '192.168.143.1'),
(102146, 1, 'Pagina', 'PaginaAltaInsercion', '', 1358990086, 'FireFox', '192.168.143.1'),
(102147, 1, 'Pagina', 'ComponenteListado', '', 1358990086, 'FireFox', '192.168.143.1'),
(102148, 1, 'Pagina', 'ComponenteAlta', '', 1358990091, 'FireFox', '192.168.143.1'),
(102149, 1, 'Pagina', 'ComponenteAltaInsercion', '', 1358990099, 'FireFox', '192.168.143.1'),
(102150, 1, 'Pagina', 'ComponenteListado', '', 1358990099, 'FireFox', '192.168.143.1'),
(102151, 1, 'Pagina', 'ComponenteBaja', '', 1358990106, 'FireFox', '192.168.143.1'),
(102152, 1, 'Pagina', 'ComponenteListado', '', 1358990106, 'FireFox', '192.168.143.1'),
(102153, 1, 'Pagina', 'ComponenteAlta', '', 1358990121, 'FireFox', '192.168.143.1'),
(102154, 1, 'Pagina', 'ComponenteAltaInsercion', '', 1358990141, 'FireFox', '192.168.143.1'),
(102155, 1, 'Pagina', 'ComponenteListado', '', 1358990141, 'FireFox', '192.168.143.1'),
(102156, 1, 'Pagina', 'ComponenteAlta', '', 1358990144, 'FireFox', '192.168.143.1'),
(102157, 1, 'Pagina', 'ComponenteAltaInsercion', '', 1358990155, 'FireFox', '192.168.143.1'),
(102158, 1, 'Pagina', 'ComponenteListado', '', 1358990155, 'FireFox', '192.168.143.1'),
(102159, 1, 'Pagina', 'ComponenteAlta', '', 1358990160, 'FireFox', '192.168.143.1'),
(102160, 1, 'Pagina', 'ComponenteAltaInsercion', '', 1358990172, 'FireFox', '192.168.143.1'),
(102161, 1, 'Pagina', 'ComponenteListado', '', 1358990172, 'FireFox', '192.168.143.1'),
(102162, 1, 'Pagina', 'PaginaListado', '', 1358990173, 'FireFox', '192.168.143.1'),
(102163, 1, 'Pagina', 'Bienvenida', '', 1359005750, 'FireFox', '192.168.143.1'),
(102164, 1, 'Pagina', 'PaginaListado', '', 1359005752, 'FireFox', '192.168.143.1'),
(102165, 1, 'Pagina', 'PaginaAlta', '', 1359005766, 'FireFox', '192.168.143.1'),
(102166, 1, 'Pagina', 'PrefijoListado', '', 1359005789, 'FireFox', '192.168.143.1'),
(102167, 1, 'Pagina', 'PrefijoAlta', '', 1359005795, 'FireFox', '192.168.143.1'),
(102168, 1, 'Pagina', 'PrefijoAltaInsercion', '', 1359005811, 'FireFox', '192.168.143.1'),
(102169, 1, 'Pagina', 'PrefijoListado', '', 1359005811, 'FireFox', '192.168.143.1'),
(102170, 1, 'Pagina', 'PaginaListado', '', 1359005813, 'FireFox', '192.168.143.1'),
(102171, 1, 'Pagina', 'PaginaAlta', '', 1359005817, 'FireFox', '192.168.143.1'),
(102172, 1, 'Pagina', 'PaginaAltaInsercion', '', 1359005844, 'FireFox', '192.168.143.1'),
(102173, 1, 'Pagina', 'ComponenteListado', '', 1359005845, 'FireFox', '192.168.143.1'),
(102174, 1, 'Pagina', 'ComponenteAlta', '', 1359005852, 'FireFox', '192.168.143.1'),
(102175, 1, 'Pagina', 'ComponenteAltaInsercion', '', 1359005866, 'FireFox', '192.168.143.1'),
(102176, 1, 'Pagina', 'ComponenteListado', '', 1359005866, 'FireFox', '192.168.143.1'),
(102177, 1, 'Pagina', 'ComponenteAlta', '', 1359005870, 'FireFox', '192.168.143.1'),
(102178, 1, 'Pagina', 'ComponenteAltaInsercion', '', 1359005881, 'FireFox', '192.168.143.1'),
(102179, 1, 'Pagina', 'ComponenteListado', '', 1359005881, 'FireFox', '192.168.143.1'),
(102180, 1, 'Pagina', 'ComponenteAlta', '', 1359005896, 'FireFox', '192.168.143.1'),
(102181, 1, 'Pagina', 'ComponenteAltaInsercion', '', 1359005982, 'FireFox', '192.168.143.1'),
(102182, 1, 'Pagina', 'ComponenteListado', '', 1359005982, 'FireFox', '192.168.143.1'),
(102183, 1, 'Pagina', 'ComponenteAlta', '', 1359005987, 'FireFox', '192.168.143.1'),
(102184, 1, 'Pagina', 'ComponenteAltaInsercion', '', 1359006008, 'FireFox', '192.168.143.1'),
(102185, 1, 'Pagina', 'ComponenteListado', '', 1359006008, 'FireFox', '192.168.143.1'),
(102186, 1, 'Pagina', 'ComponenteAlta', '', 1359006014, 'FireFox', '192.168.143.1'),
(102187, 1, 'Pagina', 'ComponenteAltaInsercion', '', 1359006033, 'FireFox', '192.168.143.1'),
(102188, 1, 'Pagina', 'ComponenteListado', '', 1359006034, 'FireFox', '192.168.143.1'),
(102189, 1, 'Pagina', 'ComponenteAlta', '', 1359006040, 'FireFox', '192.168.143.1'),
(102190, 1, 'Pagina', 'ComponenteAltaInsercion', '', 1359006050, 'FireFox', '192.168.143.1'),
(102191, 1, 'Pagina', 'ComponenteListado', '', 1359006050, 'FireFox', '192.168.143.1'),
(102192, 1, 'Pagina', 'ComponenteAlta', '', 1359006055, 'FireFox', '192.168.143.1'),
(102193, 1, 'Pagina', 'ComponenteAltaInsercion', '', 1359006063, 'FireFox', '192.168.143.1'),
(102194, 1, 'Pagina', 'ComponenteListado', '', 1359006063, 'FireFox', '192.168.143.1'),
(102195, 1, 'Pagina', 'PaginaListado', '', 1359006072, 'FireFox', '192.168.143.1'),
(102196, 1, 'Pagina', 'PaginaAlta', '', 1359006076, 'FireFox', '192.168.143.1'),
(102197, 1, 'Pagina', 'PaginaAltaInsercion', '', 1359006099, 'FireFox', '192.168.143.1'),
(102198, 1, 'Pagina', 'ComponenteListado', '', 1359006099, 'FireFox', '192.168.143.1'),
(102199, 1, 'Pagina', 'ComponenteAlta', '', 1359006103, 'FireFox', '192.168.143.1'),
(102200, 1, 'Pagina', 'ComponenteAltaInsercion', '', 1359006133, 'FireFox', '192.168.143.1'),
(102201, 1, 'Pagina', 'ComponenteListado', '', 1359006133, 'FireFox', '192.168.143.1'),
(102202, 1, 'Pagina', 'ComponenteAlta', '', 1359006136, 'FireFox', '192.168.143.1'),
(102203, 1, 'Pagina', 'ComponenteAltaInsercion', '', 1359006150, 'FireFox', '192.168.143.1'),
(102204, 1, 'Pagina', 'ComponenteListado', '', 1359006150, 'FireFox', '192.168.143.1'),
(102205, 1, 'Pagina', 'ComponenteAlta', '', 1359006156, 'FireFox', '192.168.143.1'),
(102206, 1, 'Pagina', 'ComponenteAltaInsercion', '', 1359006166, 'FireFox', '192.168.143.1'),
(102207, 1, 'Pagina', 'ComponenteListado', '', 1359006166, 'FireFox', '192.168.143.1'),
(102208, 1, 'Pagina', 'PaginaListado', '', 1359006168, 'FireFox', '192.168.143.1'),
(102209, 1, 'Pagina', 'PaginaAlta', '', 1359006343, 'FireFox', '192.168.143.1'),
(102210, 1, 'Pagina', 'PaginaAltaInsercion', '', 1359006367, 'FireFox', '192.168.143.1'),
(102211, 1, 'Pagina', 'ComponenteListado', '', 1359006367, 'FireFox', '192.168.143.1'),
(102212, 1, 'Pagina', 'ComponenteAlta', '', 1359006384, 'FireFox', '192.168.143.1'),
(102213, 1, 'Pagina', 'ComponenteAltaInsercion', '', 1359006412, 'FireFox', '192.168.143.1'),
(102214, 1, 'Pagina', 'ComponenteListado', '', 1359006412, 'FireFox', '192.168.143.1'),
(102215, 1, 'Pagina', 'ComponenteModificacion', '', 1359006414, 'FireFox', '192.168.143.1'),
(102216, 1, 'Pagina', 'ComponenteModificacionInsercion', '', 1359006418, 'FireFox', '192.168.143.1'),
(102217, 1, 'Pagina', 'ComponenteListado', '', 1359006419, 'FireFox', '192.168.143.1'),
(102218, 1, 'Pagina', 'ComponenteAlta', '', 1359006431, 'FireFox', '192.168.143.1'),
(102219, 1, 'Pagina', 'ComponenteAltaInsercion', '', 1359006443, 'FireFox', '192.168.143.1'),
(102220, 1, 'Pagina', 'ComponenteListado', '', 1359006443, 'FireFox', '192.168.143.1'),
(102221, 1, 'Pagina', 'ComponenteAlta', '', 1359006449, 'FireFox', '192.168.143.1'),
(102222, 1, 'Pagina', 'ComponenteAltaInsercion', '', 1359006457, 'FireFox', '192.168.143.1'),
(102223, 1, 'Pagina', 'ComponenteListado', '', 1359006457, 'FireFox', '192.168.143.1'),
(102224, 1, 'Pagina', 'PaginaListado', '', 1359006463, 'FireFox', '192.168.143.1'),
(102225, 1, 'Pagina', 'PaginaModificacion', '', 1359006482, 'FireFox', '192.168.143.1'),
(102226, 1, 'Pagina', 'PaginaListado', '', 1359006484, 'FireFox', '192.168.143.1'),
(102227, 1, 'Pagina', 'ComponenteListado', '', 1359006487, 'FireFox', '192.168.143.1'),
(102228, 1, 'Pagina', 'PaginaListado', '', 1359006490, 'FireFox', '192.168.143.1'),
(102229, 1, 'Pagina', 'ComponenteListado', '', 1359006493, 'FireFox', '192.168.143.1'),
(102230, 1, 'Pagina', 'PaginaListado', '', 1359006516, 'FireFox', '192.168.143.1'),
(102231, 1, 'Pagina', 'ComponenteListado', '', 1359006524, 'FireFox', '192.168.143.1'),
(102232, 1, 'Pagina', 'PaginaListado', '', 1359006526, 'FireFox', '192.168.143.1'),
(102233, 1, 'Pagina', 'ComponenteListado', '', 1359006529, 'FireFox', '192.168.143.1'),
(102234, 1, 'Pagina', 'PaginaListado', '', 1359006531, 'FireFox', '192.168.143.1'),
(102235, 1, 'Pagina', 'PaginaBaja', '', 1359006536, 'FireFox', '192.168.143.1'),
(102236, 1, 'Pagina', 'PaginaListado', '', 1359006536, 'FireFox', '192.168.143.1'),
(102237, 1, 'Pagina', 'ComponenteListado', '', 1359006540, 'FireFox', '192.168.143.1'),
(102238, 1, 'Pagina', 'PaginaListado', '', 1359006542, 'FireFox', '192.168.143.1'),
(102239, 1, 'Pagina', 'PaginaModificacion', '', 1359006546, 'FireFox', '192.168.143.1'),
(102240, 1, 'Pagina', 'PaginaModificacionInsercion', '', 1359006563, 'FireFox', '192.168.143.1'),
(102241, 1, 'Pagina', 'PaginaListado', '', 1359006563, 'FireFox', '192.168.143.1'),
(102242, 1, 'Pagina', 'PaginaBaja', '', 1359006609, 'FireFox', '192.168.143.1'),
(102243, 1, 'Pagina', 'PaginaListado', '', 1359006610, 'FireFox', '192.168.143.1'),
(102244, 1, 'Pagina', 'PaginaBaja', '', 1359006615, 'FireFox', '192.168.143.1'),
(102245, 1, 'Pagina', 'PaginaListado', '', 1359006615, 'FireFox', '192.168.143.1'),
(102246, 1, 'Pagina', 'PaginaAlta', '', 1359006689, 'FireFox', '192.168.143.1'),
(102247, 1, 'Pagina', 'PaginaAltaInsercion', '', 1359006703, 'FireFox', '192.168.143.1'),
(102248, 1, 'Pagina', 'ComponenteListado', '', 1359006703, 'FireFox', '192.168.143.1'),
(102249, 1, 'Pagina', 'ComponenteAlta', '', 1359006709, 'FireFox', '192.168.143.1'),
(102250, 1, 'Pagina', 'ComponenteAltaInsercion', '', 1359006720, 'FireFox', '192.168.143.1'),
(102251, 1, 'Pagina', 'ComponenteListado', '', 1359006720, 'FireFox', '192.168.143.1'),
(102252, 1, 'Pagina', 'ComponenteAlta', '', 1359006724, 'FireFox', '192.168.143.1'),
(102253, 1, 'Pagina', 'ComponenteAltaInsercion', '', 1359006733, 'FireFox', '192.168.143.1'),
(102254, 1, 'Pagina', 'ComponenteListado', '', 1359006733, 'FireFox', '192.168.143.1'),
(102255, 1, 'Pagina', 'ComponenteAlta', '', 1359006740, 'FireFox', '192.168.143.1'),
(102256, 1, 'Pagina', 'ComponenteAltaInsercion', '', 1359006760, 'FireFox', '192.168.143.1'),
(102257, 1, 'Pagina', 'ComponenteListado', '', 1359006760, 'FireFox', '192.168.143.1'),
(102258, 1, 'Pagina', 'PaginaListado', '', 1359006762, 'FireFox', '192.168.143.1'),
(102259, 1, 'Pagina', 'PaginaAlta', '', 1359006765, 'FireFox', '192.168.143.1'),
(102260, 1, 'Pagina', 'PaginaAltaInsercion', '', 1359006780, 'FireFox', '192.168.143.1'),
(102261, 1, 'Pagina', 'ComponenteListado', '', 1359006780, 'FireFox', '192.168.143.1'),
(102262, 1, 'Pagina', 'ComponenteAlta', '', 1359006794, 'FireFox', '192.168.143.1'),
(102263, 1, 'Pagina', 'ComponenteAltaInsercion', '', 1359006816, 'FireFox', '192.168.143.1'),
(102264, 1, 'Pagina', 'ComponenteListado', '', 1359006816, 'FireFox', '192.168.143.1'),
(102265, 1, 'Pagina', 'ComponenteAlta', '', 1359006822, 'FireFox', '192.168.143.1'),
(102266, 1, 'Pagina', 'ComponenteAltaInsercion', '', 1359006848, 'FireFox', '192.168.143.1'),
(102267, 1, 'Pagina', 'ComponenteListado', '', 1359006849, 'FireFox', '192.168.143.1'),
(102268, 1, 'Pagina', 'ComponenteAlta', '', 1359006854, 'FireFox', '192.168.143.1'),
(102269, 1, 'Pagina', 'ComponenteAltaInsercion', '', 1359006874, 'FireFox', '192.168.143.1'),
(102270, 1, 'Pagina', 'ComponenteListado', '', 1359006874, 'FireFox', '192.168.143.1'),
(102271, 1, 'Pagina', 'ComponenteAlta', '', 1359006878, 'FireFox', '192.168.143.1'),
(102272, 1, 'Pagina', 'ComponenteAltaInsercion', '', 1359006886, 'FireFox', '192.168.143.1'),
(102273, 1, 'Pagina', 'ComponenteListado', '', 1359006886, 'FireFox', '192.168.143.1'),
(102274, 1, 'Pagina', 'ComponenteAlta', '', 1359006891, 'FireFox', '192.168.143.1'),
(102275, 1, 'Pagina', 'ComponenteAltaInsercion', '', 1359006897, 'FireFox', '192.168.143.1'),
(102276, 1, 'Pagina', 'ComponenteListado', '', 1359006897, 'FireFox', '192.168.143.1'),
(102277, 1, 'Pagina', 'ComponenteAlta', '', 1359006904, 'FireFox', '192.168.143.1'),
(102278, 1, 'Pagina', 'ComponenteAltaInsercion', '', 1359006911, 'FireFox', '192.168.143.1'),
(102279, 1, 'Pagina', 'ComponenteListado', '', 1359006911, 'FireFox', '192.168.143.1'),
(102280, 1, 'Pagina', 'PaginaListado', '', 1359006914, 'FireFox', '192.168.143.1'),
(102281, 1, 'Pagina', 'PaginaAlta', '', 1359006921, 'FireFox', '192.168.143.1'),
(102282, 1, 'Pagina', 'PaginaAltaInsercion', '', 1359006939, 'FireFox', '192.168.143.1'),
(102283, 1, 'Pagina', 'ComponenteListado', '', 1359006939, 'FireFox', '192.168.143.1'),
(102284, 1, 'Pagina', 'ComponenteAlta', '', 1359006943, 'FireFox', '192.168.143.1'),
(102285, 1, 'Pagina', 'ComponenteAltaInsercion', '', 1359006967, 'FireFox', '192.168.143.1'),
(102286, 1, 'Pagina', 'ComponenteListado', '', 1359006967, 'FireFox', '192.168.143.1'),
(102287, 1, 'Pagina', 'ComponenteAlta', '', 1359006971, 'FireFox', '192.168.143.1'),
(102288, 1, 'Pagina', 'ComponenteAltaInsercion', '', 1359006983, 'FireFox', '192.168.143.1'),
(102289, 1, 'Pagina', 'ComponenteListado', '', 1359006983, 'FireFox', '192.168.143.1'),
(102290, 1, 'Pagina', 'ComponenteAlta', '', 1359006987, 'FireFox', '192.168.143.1'),
(102291, 1, 'Pagina', 'ComponenteAltaInsercion', '', 1359006995, 'FireFox', '192.168.143.1'),
(102292, 1, 'Pagina', 'ComponenteListado', '', 1359006995, 'FireFox', '192.168.143.1'),
(102293, 1, 'Pagina', 'PaginaListado', '', 1359006996, 'FireFox', '192.168.143.1'),
(102294, 1, 'Pagina', 'PaginaModificacion', '', 1359007007, 'FireFox', '192.168.143.1'),
(102295, 1, 'Pagina', 'PaginaModificacionInsercion', '', 1359007013, 'FireFox', '192.168.143.1'),
(102296, 1, 'Pagina', 'PaginaListado', '', 1359007013, 'FireFox', '192.168.143.1'),
(102297, 1, 'Pagina', 'PaginaAlta', '', 1359007064, 'FireFox', '192.168.143.1'),
(102298, 1, 'Pagina', 'PaginaAltaInsercion', '', 1359007077, 'FireFox', '192.168.143.1'),
(102299, 1, 'Pagina', 'ComponenteListado', '', 1359007077, 'FireFox', '192.168.143.1'),
(102300, 1, 'Pagina', 'ComponenteAlta', '', 1359007081, 'FireFox', '192.168.143.1'),
(102301, 1, 'Pagina', 'ComponenteAltaInsercion', '', 1359007093, 'FireFox', '192.168.143.1'),
(102302, 1, 'Pagina', 'ComponenteListado', '', 1359007093, 'FireFox', '192.168.143.1'),
(102303, 1, 'Pagina', 'ComponenteAlta', '', 1359007098, 'FireFox', '192.168.143.1'),
(102304, 1, 'Pagina', 'ComponenteAltaInsercion', '', 1359007106, 'FireFox', '192.168.143.1'),
(102305, 1, 'Pagina', 'ComponenteListado', '', 1359007106, 'FireFox', '192.168.143.1'),
(102306, 1, 'Pagina', 'ComponenteAlta', '', 1359007111, 'FireFox', '192.168.143.1'),
(102307, 1, 'Pagina', 'ComponenteListado', '', 1359007191, 'FireFox', '192.168.143.1'),
(102308, 1, 'Pagina', 'ComponenteAlta', '', 1359007196, 'FireFox', '192.168.143.1'),
(102309, 1, 'Pagina', 'ComponenteAltaInsercion', '', 1359007220, 'FireFox', '192.168.143.1'),
(102310, 1, 'Pagina', 'ComponenteListado', '', 1359007220, 'FireFox', '192.168.143.1'),
(102311, 1, 'Pagina', 'PaginaListado', '', 1359007224, 'FireFox', '192.168.143.1'),
(102312, 1, 'Pagina', 'PaginaAlta', '', 1359007231, 'FireFox', '192.168.143.1'),
(102313, 1, 'Pagina', 'PaginaAltaInsercion', '', 1359007247, 'FireFox', '192.168.143.1'),
(102314, 1, 'Pagina', 'ComponenteListado', '', 1359007247, 'FireFox', '192.168.143.1'),
(102315, 1, 'Pagina', 'ComponenteAlta', '', 1359007252, 'FireFox', '192.168.143.1'),
(102316, 1, 'Pagina', 'ComponenteAltaInsercion', '', 1359007267, 'FireFox', '192.168.143.1'),
(102317, 1, 'Pagina', 'ComponenteListado', '', 1359007267, 'FireFox', '192.168.143.1'),
(102318, 1, 'Pagina', 'ComponenteAlta', '', 1359007271, 'FireFox', '192.168.143.1'),
(102319, 1, 'Pagina', 'ComponenteAltaInsercion', '', 1359007289, 'FireFox', '192.168.143.1'),
(102320, 1, 'Pagina', 'ComponenteListado', '', 1359007289, 'FireFox', '192.168.143.1'),
(102321, 1, 'Pagina', 'ComponenteAlta', '', 1359007294, 'FireFox', '192.168.143.1'),
(102322, 1, 'Pagina', 'ComponenteAltaInsercion', '', 1359007312, 'FireFox', '192.168.143.1'),
(102323, 1, 'Pagina', 'ComponenteListado', '', 1359007312, 'FireFox', '192.168.143.1');
INSERT INTO `kirke_log` (`id_log`, `id_usuario`, `elemento`, `pagina`, `nombre`, `hora`, `navegador`, `ip`) VALUES
(102324, 1, 'Pagina', 'ComponenteAlta', '', 1359007316, 'FireFox', '192.168.143.1'),
(102325, 1, 'Pagina', 'ComponenteAltaInsercion', '', 1359007327, 'FireFox', '192.168.143.1'),
(102326, 1, 'Pagina', 'ComponenteListado', '', 1359007327, 'FireFox', '192.168.143.1'),
(102327, 1, 'Pagina', 'ComponenteAlta', '', 1359007330, 'FireFox', '192.168.143.1'),
(102328, 1, 'Pagina', 'ComponenteAltaInsercion', '', 1359007336, 'FireFox', '192.168.143.1'),
(102329, 1, 'Pagina', 'ComponenteListado', '', 1359007336, 'FireFox', '192.168.143.1'),
(102330, 1, 'Pagina', 'ComponenteAlta', '', 1359007340, 'FireFox', '192.168.143.1'),
(102331, 1, 'Pagina', 'ComponenteAltaInsercion', '', 1359007349, 'FireFox', '192.168.143.1'),
(102332, 1, 'Pagina', 'ComponenteListado', '', 1359007349, 'FireFox', '192.168.143.1'),
(102333, 1, 'Pagina', 'PaginaListado', '', 1359007358, 'FireFox', '192.168.143.1'),
(102334, 1, 'Pagina', 'PaginaAlta', '', 1359007364, 'FireFox', '192.168.143.1'),
(102335, 1, 'Pagina', 'PaginaAltaInsercion', '', 1359007378, 'FireFox', '192.168.143.1'),
(102336, 1, 'Pagina', 'ComponenteListado', '', 1359007378, 'FireFox', '192.168.143.1'),
(102337, 1, 'Pagina', 'ComponenteAlta', '', 1359007380, 'FireFox', '192.168.143.1'),
(102338, 1, 'Pagina', 'ComponenteAltaInsercion', '', 1359007402, 'FireFox', '192.168.143.1'),
(102339, 1, 'Pagina', 'ComponenteListado', '', 1359007402, 'FireFox', '192.168.143.1'),
(102340, 1, 'Pagina', 'ComponenteAlta', '', 1359007407, 'FireFox', '192.168.143.1'),
(102341, 1, 'Pagina', 'ComponenteAltaInsercion', '', 1359007414, 'FireFox', '192.168.143.1'),
(102342, 1, 'Pagina', 'ComponenteListado', '', 1359007414, 'FireFox', '192.168.143.1'),
(102343, 1, 'Pagina', 'ComponenteAlta', '', 1359007420, 'FireFox', '192.168.143.1'),
(102344, 1, 'Pagina', 'ComponenteAltaInsercion', '', 1359007430, 'FireFox', '192.168.143.1'),
(102345, 1, 'Pagina', 'ComponenteListado', '', 1359007430, 'FireFox', '192.168.143.1'),
(102346, 1, 'Pagina', 'PaginaListado', '', 1359007433, 'FireFox', '192.168.143.1'),
(102347, 1, 'Pagina', 'PaginaAlta', '', 1359007533, 'FireFox', '192.168.143.1'),
(102348, 1, 'Pagina', 'PrefijoListado', '', 1359007541, 'FireFox', '192.168.143.1'),
(102349, 1, 'Pagina', 'PrefijoAlta', '', 1359007546, 'FireFox', '192.168.143.1'),
(102350, 1, 'Pagina', 'PrefijoAltaInsercion', '', 1359007555, 'FireFox', '192.168.143.1'),
(102351, 1, 'Pagina', 'PrefijoListado', '', 1359007555, 'FireFox', '192.168.143.1'),
(102352, 1, 'Pagina', 'PaginaListado', '', 1359007558, 'FireFox', '192.168.143.1'),
(102353, 1, 'Pagina', 'PaginaAlta', '', 1359007562, 'FireFox', '192.168.143.1'),
(102354, 1, 'Pagina', 'PaginaAltaInsercion', '', 1359007578, 'FireFox', '192.168.143.1'),
(102355, 1, 'Pagina', 'ComponenteListado', '', 1359007579, 'FireFox', '192.168.143.1'),
(102356, 1, 'Pagina', 'ComponenteAlta', '', 1359007593, 'FireFox', '192.168.143.1'),
(102357, 1, 'Pagina', 'ComponenteAltaInsercion', '', 1359007606, 'FireFox', '192.168.143.1'),
(102358, 1, 'Pagina', 'ComponenteListado', '', 1359007606, 'FireFox', '192.168.143.1'),
(102359, 1, 'Pagina', 'ComponenteAlta', '', 1359007610, 'FireFox', '192.168.143.1'),
(102360, 1, 'Pagina', 'ComponenteAltaInsercion', '', 1359007617, 'FireFox', '192.168.143.1'),
(102361, 1, 'Pagina', 'ComponenteListado', '', 1359007618, 'FireFox', '192.168.143.1'),
(102362, 1, 'Pagina', 'ComponenteAlta', '', 1359007624, 'FireFox', '192.168.143.1'),
(102363, 1, 'Pagina', 'ComponenteAltaInsercion', '', 1359007662, 'FireFox', '192.168.143.1'),
(102364, 1, 'Pagina', 'ComponenteListado', '', 1359007662, 'FireFox', '192.168.143.1'),
(102365, 1, 'Pagina', 'PaginaListado', '', 1359007672, 'FireFox', '192.168.143.1'),
(102366, 1, 'Pagina', 'PaginaAlta', '', 1359007675, 'FireFox', '192.168.143.1'),
(102367, 1, 'Pagina', 'PaginaAltaInsercion', '', 1359007691, 'FireFox', '192.168.143.1'),
(102368, 1, 'Pagina', 'ComponenteListado', '', 1359007691, 'FireFox', '192.168.143.1'),
(102369, 1, 'Pagina', 'ComponenteAlta', '', 1359007696, 'FireFox', '192.168.143.1'),
(102370, 1, 'Pagina', 'ComponenteAltaInsercion', '', 1359007722, 'FireFox', '192.168.143.1'),
(102371, 1, 'Pagina', 'ComponenteListado', '', 1359007722, 'FireFox', '192.168.143.1'),
(102372, 1, 'Pagina', 'ComponenteAlta', '', 1359007729, 'FireFox', '192.168.143.1'),
(102373, 1, 'Pagina', 'ComponenteAltaInsercion', '', 1359007744, 'FireFox', '192.168.143.1'),
(102374, 1, 'Pagina', 'ComponenteListado', '', 1359007744, 'FireFox', '192.168.143.1'),
(102375, 1, 'Pagina', 'ComponenteBaja', '', 1359007752, 'FireFox', '192.168.143.1'),
(102376, 1, 'Pagina', 'ComponenteListado', '', 1359007752, 'FireFox', '192.168.143.1'),
(102377, 1, 'Pagina', 'ComponenteAlta', '', 1359007754, 'FireFox', '192.168.143.1'),
(102378, 1, 'Pagina', 'ComponenteAltaInsercion', '', 1359007769, 'FireFox', '192.168.143.1'),
(102379, 1, 'Pagina', 'ComponenteListado', '', 1359007769, 'FireFox', '192.168.143.1'),
(102380, 1, 'Pagina', 'ComponenteAlta', '', 1359007771, 'FireFox', '192.168.143.1'),
(102381, 1, 'Pagina', 'ComponenteAltaInsercion', '', 1359007783, 'FireFox', '192.168.143.1'),
(102382, 1, 'Pagina', 'ComponenteListado', '', 1359007783, 'FireFox', '192.168.143.1'),
(102383, 1, 'Pagina', 'ComponenteAlta', '', 1359007796, 'FireFox', '192.168.143.1'),
(102384, 1, 'Pagina', 'ComponenteAltaInsercion', '', 1359007803, 'FireFox', '192.168.143.1'),
(102385, 1, 'Pagina', 'ComponenteListado', '', 1359007803, 'FireFox', '192.168.143.1'),
(102386, 1, 'Pagina', 'ComponenteAlta', '', 1359007806, 'FireFox', '192.168.143.1'),
(102387, 1, 'Pagina', 'ComponenteAltaInsercion', '', 1359007814, 'FireFox', '192.168.143.1'),
(102388, 1, 'Pagina', 'ComponenteListado', '', 1359007814, 'FireFox', '192.168.143.1'),
(102389, 1, 'Pagina', 'ComponenteAlta', '', 1359007821, 'FireFox', '192.168.143.1'),
(102390, 1, 'Pagina', 'ComponenteListado', '', 1359007822, 'FireFox', '192.168.143.1'),
(102391, 1, 'Pagina', 'ComponenteAlta', '', 1359007828, 'FireFox', '192.168.143.1'),
(102392, 1, 'Pagina', 'ComponenteAltaInsercion', '', 1359007834, 'FireFox', '192.168.143.1'),
(102393, 1, 'Pagina', 'ComponenteListado', '', 1359007835, 'FireFox', '192.168.143.1'),
(102394, 1, 'Pagina', 'PaginaListado', '', 1359007840, 'FireFox', '192.168.143.1'),
(102395, 1, 'Pagina', 'PaginaAlta', '', 1359007844, 'FireFox', '192.168.143.1'),
(102396, 1, 'Pagina', 'PaginaAltaInsercion', '', 1359007861, 'FireFox', '192.168.143.1'),
(102397, 1, 'Pagina', 'ComponenteListado', '', 1359007861, 'FireFox', '192.168.143.1'),
(102398, 1, 'Pagina', 'ComponenteAlta', '', 1359007893, 'FireFox', '192.168.143.1'),
(102399, 1, 'Pagina', 'ComponenteAltaInsercion', '', 1359007915, 'FireFox', '192.168.143.1'),
(102400, 1, 'Pagina', 'ComponenteListado', '', 1359007915, 'FireFox', '192.168.143.1'),
(102401, 1, 'Pagina', 'ComponenteAlta', '', 1359007922, 'FireFox', '192.168.143.1'),
(102402, 1, 'Pagina', 'ComponenteAltaInsercion', '', 1359007928, 'FireFox', '192.168.143.1'),
(102403, 1, 'Pagina', 'ComponenteListado', '', 1359007928, 'FireFox', '192.168.143.1'),
(102404, 1, 'Pagina', 'ComponenteAlta', '', 1359007933, 'FireFox', '192.168.143.1'),
(102405, 1, 'Pagina', 'ComponenteAltaInsercion', '', 1359007940, 'FireFox', '192.168.143.1'),
(102406, 1, 'Pagina', 'ComponenteListado', '', 1359007942, 'FireFox', '192.168.143.1'),
(102407, 1, 'Pagina', 'PaginaListado', '', 1359007944, 'FireFox', '192.168.143.1'),
(102408, 1, 'Pagina', 'PaginaAlta', '', 1359008043, 'FireFox', '192.168.143.1'),
(102409, 1, 'Pagina', 'PaginaAltaInsercion', '', 1359008080, 'FireFox', '192.168.143.1'),
(102410, 1, 'Pagina', 'ComponenteListado', '', 1359008080, 'FireFox', '192.168.143.1'),
(102411, 1, 'Pagina', 'ComponenteAlta', '', 1359008089, 'FireFox', '192.168.143.1'),
(102412, 1, 'Pagina', 'ComponenteAltaInsercion', '', 1359008098, 'FireFox', '192.168.143.1'),
(102413, 1, 'Pagina', 'ComponenteListado', '', 1359008098, 'FireFox', '192.168.143.1'),
(102414, 1, 'Pagina', 'ComponenteAlta', '', 1359008111, 'FireFox', '192.168.143.1'),
(102415, 1, 'Pagina', 'ComponenteAltaInsercion', '', 1359008120, 'FireFox', '192.168.143.1'),
(102416, 1, 'Pagina', 'ComponenteListado', '', 1359008120, 'FireFox', '192.168.143.1'),
(102417, 1, 'Pagina', 'ComponenteAlta', '', 1359008123, 'FireFox', '192.168.143.1'),
(102418, 1, 'Pagina', 'ComponenteAltaInsercion', '', 1359008153, 'FireFox', '192.168.143.1'),
(102419, 1, 'Pagina', 'ComponenteListado', '', 1359008153, 'FireFox', '192.168.143.1'),
(102420, 1, 'Pagina', 'PaginaListado', '', 1359008157, 'FireFox', '192.168.143.1'),
(102421, 1, 'Pagina', 'PaginaAlta', '', 1359008165, 'FireFox', '192.168.143.1'),
(102422, 1, 'Pagina', 'PaginaAltaInsercion', '', 1359008189, 'FireFox', '192.168.143.1'),
(102423, 1, 'Pagina', 'ComponenteListado', '', 1359008189, 'FireFox', '192.168.143.1'),
(102424, 1, 'Pagina', 'ComponenteAlta', '', 1359008199, 'FireFox', '192.168.143.1'),
(102425, 1, 'Pagina', 'ComponenteAltaInsercion', '', 1359008217, 'FireFox', '192.168.143.1'),
(102426, 1, 'Pagina', 'ComponenteListado', '', 1359008217, 'FireFox', '192.168.143.1'),
(102427, 1, 'Pagina', 'ComponenteAlta', '', 1359008258, 'FireFox', '192.168.143.1'),
(102428, 1, 'Pagina', 'ComponenteAltaInsercion', '', 1359008275, 'FireFox', '192.168.143.1'),
(102429, 1, 'Pagina', 'ComponenteListado', '', 1359008275, 'FireFox', '192.168.143.1'),
(102430, 1, 'Pagina', 'ComponenteAlta', '', 1359008279, 'FireFox', '192.168.143.1'),
(102431, 1, 'Pagina', 'ComponenteAltaInsercion', '', 1359008291, 'FireFox', '192.168.143.1'),
(102432, 1, 'Pagina', 'ComponenteListado', '', 1359008291, 'FireFox', '192.168.143.1'),
(102433, 1, 'Pagina', 'ComponenteAlta', '', 1359008295, 'FireFox', '192.168.143.1'),
(102434, 1, 'Pagina', 'ComponenteAltaInsercion', '', 1359008307, 'FireFox', '192.168.143.1'),
(102435, 1, 'Pagina', 'ComponenteListado', '', 1359008307, 'FireFox', '192.168.143.1'),
(102436, 1, 'Pagina', 'ComponenteAlta', '', 1359008313, 'FireFox', '192.168.143.1'),
(102437, 1, 'Pagina', 'ComponenteAltaInsercion', '', 1359008320, 'FireFox', '192.168.143.1'),
(102438, 1, 'Pagina', 'ComponenteListado', '', 1359008320, 'FireFox', '192.168.143.1'),
(102439, 1, 'Pagina', 'ComponenteAlta', '', 1359008326, 'FireFox', '192.168.143.1'),
(102440, 1, 'Pagina', 'ComponenteAltaInsercion', '', 1359008333, 'FireFox', '192.168.143.1'),
(102441, 1, 'Pagina', 'ComponenteListado', '', 1359008333, 'FireFox', '192.168.143.1'),
(102442, 1, 'Pagina', 'ComponenteModificacion', '', 1359008336, 'FireFox', '192.168.143.1'),
(102443, 1, 'Pagina', 'ComponenteModificacionInsercion', '', 1359008340, 'FireFox', '192.168.143.1'),
(102444, 1, 'Pagina', 'ComponenteListado', '', 1359008340, 'FireFox', '192.168.143.1'),
(102445, 1, 'Pagina', 'PaginaListado', '', 1359008341, 'FireFox', '192.168.143.1'),
(102446, 1, 'Pagina', 'PaginaAlta', '', 1359008364, 'FireFox', '192.168.143.1'),
(102447, 1, 'Pagina', 'PaginaAltaInsercion', '', 1359008379, 'FireFox', '192.168.143.1'),
(102448, 1, 'Pagina', 'ComponenteListado', '', 1359008379, 'FireFox', '192.168.143.1'),
(102449, 1, 'Pagina', 'ComponenteAlta', '', 1359008413, 'FireFox', '192.168.143.1'),
(102450, 1, 'Pagina', 'ComponenteAltaInsercion', '', 1359008434, 'FireFox', '192.168.143.1'),
(102451, 1, 'Pagina', 'ComponenteListado', '', 1359008434, 'FireFox', '192.168.143.1'),
(102452, 1, 'Pagina', 'ComponenteAlta', '', 1359008439, 'FireFox', '192.168.143.1'),
(102453, 1, 'Pagina', 'ComponenteAltaInsercion', '', 1359008445, 'FireFox', '192.168.143.1'),
(102454, 1, 'Pagina', 'ComponenteListado', '', 1359008446, 'FireFox', '192.168.143.1'),
(102455, 1, 'Pagina', 'ComponenteAlta', '', 1359008449, 'FireFox', '192.168.143.1'),
(102456, 1, 'Pagina', 'ComponenteAltaInsercion', '', 1359008456, 'FireFox', '192.168.143.1'),
(102457, 1, 'Pagina', 'ComponenteListado', '', 1359008457, 'FireFox', '192.168.143.1'),
(102458, 1, 'Pagina', 'PaginaListado', '', 1359008458, 'FireFox', '192.168.143.1'),
(102459, 1, 'Pagina', 'PaginaModificacion', '', 1359008467, 'FireFox', '192.168.143.1'),
(102460, 1, 'Pagina', 'PaginaModificacionInsercion', '', 1359008474, 'FireFox', '192.168.143.1'),
(102461, 1, 'Pagina', 'PaginaListado', '', 1359008475, 'FireFox', '192.168.143.1'),
(102462, 1, 'Pagina', 'PaginaAlta', '', 1359008601, 'FireFox', '192.168.143.1'),
(102463, 1, 'Pagina', 'PaginaAltaInsercion', '', 1359008618, 'FireFox', '192.168.143.1'),
(102464, 1, 'Pagina', 'ComponenteListado', '', 1359008618, 'FireFox', '192.168.143.1'),
(102465, 1, 'Pagina', 'ComponenteAlta', '', 1359008624, 'FireFox', '192.168.143.1'),
(102466, 1, 'Pagina', 'ComponenteAltaInsercion', '', 1359008634, 'FireFox', '192.168.143.1'),
(102467, 1, 'Pagina', 'ComponenteListado', '', 1359008635, 'FireFox', '192.168.143.1'),
(102468, 1, 'Pagina', 'ComponenteAlta', '', 1359008638, 'FireFox', '192.168.143.1'),
(102469, 1, 'Pagina', 'ComponenteAltaInsercion', '', 1359008645, 'FireFox', '192.168.143.1'),
(102470, 1, 'Pagina', 'ComponenteListado', '', 1359008645, 'FireFox', '192.168.143.1'),
(102471, 1, 'Pagina', 'ComponenteAlta', '', 1359008736, 'FireFox', '192.168.143.1'),
(102472, 1, 'Pagina', 'ComponenteAltaInsercion', '', 1359008757, 'FireFox', '192.168.143.1'),
(102473, 1, 'Pagina', 'ComponenteListado', '', 1359008757, 'FireFox', '192.168.143.1'),
(102474, 1, 'Pagina', 'PaginaListado', '', 1359008763, 'FireFox', '192.168.143.1'),
(102475, 1, 'Pagina', 'PaginaAlta', '', 1359008766, 'FireFox', '192.168.143.1'),
(102476, 1, 'Pagina', 'PaginaAltaInsercion', '', 1359008805, 'FireFox', '192.168.143.1'),
(102477, 1, 'Pagina', 'ComponenteListado', '', 1359008805, 'FireFox', '192.168.143.1'),
(102478, 1, 'Pagina', 'ComponenteAlta', '', 1359008808, 'FireFox', '192.168.143.1'),
(102479, 1, 'Pagina', 'ComponenteAltaInsercion', '', 1359008822, 'FireFox', '192.168.143.1'),
(102480, 1, 'Pagina', 'ComponenteListado', '', 1359008822, 'FireFox', '192.168.143.1'),
(102481, 1, 'Pagina', 'ComponenteAlta', '', 1359008825, 'FireFox', '192.168.143.1'),
(102482, 1, 'Pagina', 'ComponenteAltaInsercion', '', 1359008840, 'FireFox', '192.168.143.1'),
(102483, 1, 'Pagina', 'ComponenteListado', '', 1359008840, 'FireFox', '192.168.143.1'),
(102484, 1, 'Pagina', 'ComponenteAlta', '', 1359008844, 'FireFox', '192.168.143.1'),
(102485, 1, 'Pagina', 'ComponenteAltaInsercion', '', 1359008855, 'FireFox', '192.168.143.1'),
(102486, 1, 'Pagina', 'ComponenteListado', '', 1359008855, 'FireFox', '192.168.143.1'),
(102487, 1, 'Pagina', 'ComponenteAlta', '', 1359008861, 'FireFox', '192.168.143.1'),
(102488, 1, 'Pagina', 'ComponenteAltaInsercion', '', 1359008869, 'FireFox', '192.168.143.1'),
(102489, 1, 'Pagina', 'ComponenteListado', '', 1359008869, 'FireFox', '192.168.143.1'),
(102490, 1, 'Pagina', 'ComponenteAlta', '', 1359008884, 'FireFox', '192.168.143.1'),
(102491, 1, 'Pagina', 'ComponenteAltaInsercion', '', 1359008895, 'FireFox', '192.168.143.1'),
(102492, 1, 'Pagina', 'ComponenteListado', '', 1359008895, 'FireFox', '192.168.143.1'),
(102493, 1, 'Pagina', 'ComponenteAlta', '', 1359008902, 'FireFox', '192.168.143.1'),
(102494, 1, 'Pagina', 'ComponenteAltaInsercion', '', 1359008912, 'FireFox', '192.168.143.1'),
(102495, 1, 'Pagina', 'ComponenteListado', '', 1359008912, 'FireFox', '192.168.143.1'),
(102496, 1, 'Pagina', 'PaginaListado', '', 1359008931, 'FireFox', '192.168.143.1'),
(102497, 1, 'Pagina', 'PaginaAlta', '', 1359008934, 'FireFox', '192.168.143.1'),
(102498, 1, 'Pagina', 'PaginaAltaInsercion', '', 1359008947, 'FireFox', '192.168.143.1'),
(102499, 1, 'Pagina', 'ComponenteListado', '', 1359008947, 'FireFox', '192.168.143.1'),
(102500, 1, 'Pagina', 'ComponenteAlta', '', 1359008951, 'FireFox', '192.168.143.1'),
(102501, 1, 'Pagina', 'ComponenteAltaInsercion', '', 1359008968, 'FireFox', '192.168.143.1'),
(102502, 1, 'Pagina', 'ComponenteListado', '', 1359008968, 'FireFox', '192.168.143.1'),
(102503, 1, 'Pagina', 'ComponenteAlta', '', 1359008982, 'FireFox', '192.168.143.1'),
(102504, 1, 'Pagina', 'ComponenteListado', '', 1359008994, 'FireFox', '192.168.143.1'),
(102505, 1, 'Pagina', 'ComponenteAlta', '', 1359009006, 'FireFox', '192.168.143.1'),
(102506, 1, 'Pagina', 'ComponenteAltaInsercion', '', 1359009024, 'FireFox', '192.168.143.1'),
(102507, 1, 'Pagina', 'ComponenteListado', '', 1359009024, 'FireFox', '192.168.143.1'),
(102508, 1, 'Pagina', 'ComponenteAlta', '', 1359009029, 'FireFox', '192.168.143.1'),
(102509, 1, 'Pagina', 'ComponenteListado', '', 1359009033, 'FireFox', '192.168.143.1'),
(102510, 1, 'Pagina', 'ComponenteModificacion', '', 1359009039, 'FireFox', '192.168.143.1'),
(102511, 1, 'Pagina', 'ComponenteModificacionInsercion', '', 1359009046, 'FireFox', '192.168.143.1'),
(102512, 1, 'Pagina', 'ComponenteListado', '', 1359009046, 'FireFox', '192.168.143.1'),
(102513, 1, 'Pagina', 'ComponenteAlta', '', 1359009050, 'FireFox', '192.168.143.1'),
(102514, 1, 'Pagina', 'ComponenteAltaInsercion', '', 1359009057, 'FireFox', '192.168.143.1'),
(102515, 1, 'Pagina', 'ComponenteListado', '', 1359009057, 'FireFox', '192.168.143.1'),
(102516, 1, 'Pagina', 'PaginaListado', '', 1359009059, 'FireFox', '192.168.143.1'),
(102517, 1, 'Pagina', 'PaginaAlta', '', 1359009251, 'FireFox', '192.168.143.1'),
(102518, 1, 'Pagina', 'PaginaAltaInsercion', '', 1359009264, 'FireFox', '192.168.143.1'),
(102519, 1, 'Pagina', 'ComponenteListado', '', 1359009264, 'FireFox', '192.168.143.1'),
(102520, 1, 'Pagina', 'ComponenteAlta', '', 1359009268, 'FireFox', '192.168.143.1'),
(102521, 1, 'Pagina', 'ComponenteAltaInsercion', '', 1359009278, 'FireFox', '192.168.143.1'),
(102522, 1, 'Pagina', 'ComponenteListado', '', 1359009278, 'FireFox', '192.168.143.1'),
(102523, 1, 'Pagina', 'ComponenteAlta', '', 1359009287, 'FireFox', '192.168.143.1'),
(102524, 1, 'Pagina', 'ComponenteAltaInsercion', '', 1359009301, 'FireFox', '192.168.143.1'),
(102525, 1, 'Pagina', 'ComponenteListado', '', 1359009301, 'FireFox', '192.168.143.1'),
(102526, 1, 'Pagina', 'ComponenteAlta', '', 1359009304, 'FireFox', '192.168.143.1'),
(102527, 1, 'Pagina', 'ComponenteAltaInsercion', '', 1359009336, 'FireFox', '192.168.143.1'),
(102528, 1, 'Pagina', 'ComponenteListado', '', 1359009336, 'FireFox', '192.168.143.1'),
(102529, 1, 'Pagina', 'PaginaListado', '', 1359009354, 'FireFox', '192.168.143.1'),
(102530, 1, 'Pagina', 'PaginaAlta', '', 1359009357, 'FireFox', '192.168.143.1'),
(102531, 1, 'Pagina', 'PaginaAltaInsercion', '', 1359009378, 'FireFox', '192.168.143.1'),
(102532, 1, 'Pagina', 'ComponenteListado', '', 1359009378, 'FireFox', '192.168.143.1'),
(102533, 1, 'Pagina', 'ComponenteAlta', '', 1359009383, 'FireFox', '192.168.143.1'),
(102534, 1, 'Pagina', 'ComponenteAltaInsercion', '', 1359009397, 'FireFox', '192.168.143.1'),
(102535, 1, 'Pagina', 'ComponenteListado', '', 1359009397, 'FireFox', '192.168.143.1'),
(102536, 1, 'Pagina', 'ComponenteAlta', '', 1359009425, 'FireFox', '192.168.143.1'),
(102537, 1, 'Pagina', 'ComponenteAltaInsercion', '', 1359009441, 'FireFox', '192.168.143.1'),
(102538, 1, 'Pagina', 'ComponenteListado', '', 1359009441, 'FireFox', '192.168.143.1'),
(102539, 1, 'Pagina', 'ComponenteAlta', '', 1359009447, 'FireFox', '192.168.143.1'),
(102540, 1, 'Pagina', 'ComponenteAltaInsercion', '', 1359009459, 'FireFox', '192.168.143.1'),
(102541, 1, 'Pagina', 'ComponenteListado', '', 1359009459, 'FireFox', '192.168.143.1'),
(102542, 1, 'Pagina', 'ComponenteAlta', '', 1359009468, 'FireFox', '192.168.143.1'),
(102543, 1, 'Pagina', 'ComponenteAltaInsercion', '', 1359009476, 'FireFox', '192.168.143.1'),
(102544, 1, 'Pagina', 'ComponenteListado', '', 1359009476, 'FireFox', '192.168.143.1'),
(102545, 1, 'Pagina', 'ComponenteAlta', '', 1359009479, 'FireFox', '192.168.143.1'),
(102546, 1, 'Pagina', 'ComponenteAltaInsercion', '', 1359009492, 'FireFox', '192.168.143.1'),
(102547, 1, 'Pagina', 'ComponenteListado', '', 1359009492, 'FireFox', '192.168.143.1'),
(102548, 1, 'Pagina', 'ComponenteAlta', '', 1359009495, 'FireFox', '192.168.143.1'),
(102549, 1, 'Pagina', 'ComponenteAltaInsercion', '', 1359009505, 'FireFox', '192.168.143.1'),
(102550, 1, 'Pagina', 'ComponenteListado', '', 1359009505, 'FireFox', '192.168.143.1'),
(102551, 1, 'Pagina', 'PaginaListado', '', 1359009518, 'FireFox', '192.168.143.1'),
(102552, 1, 'Pagina', 'PaginaBaja', '', 1359009533, 'FireFox', '192.168.143.1'),
(102553, 1, 'Pagina', 'PaginaListado', '', 1359009534, 'FireFox', '192.168.143.1'),
(102554, 1, 'Pagina', 'PaginaBaja', '', 1359009539, 'FireFox', '192.168.143.1'),
(102555, 1, 'Pagina', 'PaginaListado', '', 1359009539, 'FireFox', '192.168.143.1'),
(102556, 1, 'Pagina', 'PaginaListado', '', 1359009541, 'FireFox', '192.168.143.1'),
(102557, 1, 'Pagina', 'PaginaAlta', '', 1359009545, 'FireFox', '192.168.143.1'),
(102558, 1, 'Pagina', 'PaginaAltaInsercion', '', 1359009556, 'FireFox', '192.168.143.1'),
(102559, 1, 'Pagina', 'ComponenteListado', '', 1359009556, 'FireFox', '192.168.143.1'),
(102560, 1, 'Pagina', 'ComponenteAlta', '', 1359009562, 'FireFox', '192.168.143.1'),
(102561, 1, 'Pagina', 'ComponenteAltaInsercion', '', 1359009572, 'FireFox', '192.168.143.1'),
(102562, 1, 'Pagina', 'ComponenteListado', '', 1359009572, 'FireFox', '192.168.143.1'),
(102563, 1, 'Pagina', 'ComponenteAlta', '', 1359009576, 'FireFox', '192.168.143.1'),
(102564, 1, 'Pagina', 'ComponenteAltaInsercion', '', 1359009583, 'FireFox', '192.168.143.1'),
(102565, 1, 'Pagina', 'ComponenteListado', '', 1359009583, 'FireFox', '192.168.143.1'),
(102566, 1, 'Pagina', 'ComponenteAlta', '', 1359009585, 'FireFox', '192.168.143.1'),
(102567, 1, 'Pagina', 'ComponenteAltaInsercion', '', 1359009600, 'FireFox', '192.168.143.1'),
(102568, 1, 'Pagina', 'ComponenteListado', '', 1359009600, 'FireFox', '192.168.143.1'),
(102569, 1, 'Pagina', 'PaginaListado', '', 1359009602, 'FireFox', '192.168.143.1'),
(102570, 1, 'Pagina', 'PaginaAlta', '', 1359009606, 'FireFox', '192.168.143.1'),
(102571, 1, 'Pagina', 'PaginaAltaInsercion', '', 1359009618, 'FireFox', '192.168.143.1'),
(102572, 1, 'Pagina', 'ComponenteListado', '', 1359009618, 'FireFox', '192.168.143.1'),
(102573, 1, 'Pagina', 'ComponenteAlta', '', 1359009622, 'FireFox', '192.168.143.1'),
(102574, 1, 'Pagina', 'ComponenteAltaInsercion', '', 1359009638, 'FireFox', '192.168.143.1'),
(102575, 1, 'Pagina', 'ComponenteListado', '', 1359009638, 'FireFox', '192.168.143.1'),
(102576, 1, 'Pagina', 'ComponenteAlta', '', 1359009642, 'FireFox', '192.168.143.1'),
(102577, 1, 'Pagina', 'ComponenteAltaInsercion', '', 1359009656, 'FireFox', '192.168.143.1'),
(102578, 1, 'Pagina', 'ComponenteListado', '', 1359009656, 'FireFox', '192.168.143.1'),
(102579, 1, 'Pagina', 'ComponenteAlta', '', 1359009661, 'FireFox', '192.168.143.1'),
(102580, 1, 'Pagina', 'ComponenteAltaInsercion', '', 1359009678, 'FireFox', '192.168.143.1'),
(102581, 1, 'Pagina', 'ComponenteListado', '', 1359009678, 'FireFox', '192.168.143.1'),
(102582, 1, 'Pagina', 'ComponenteAlta', '', 1359009681, 'FireFox', '192.168.143.1'),
(102583, 1, 'Pagina', 'ComponenteAltaInsercion', '', 1359009693, 'FireFox', '192.168.143.1'),
(102584, 1, 'Pagina', 'ComponenteListado', '', 1359009693, 'FireFox', '192.168.143.1'),
(102585, 1, 'Pagina', 'ComponenteAlta', '', 1359009697, 'FireFox', '192.168.143.1'),
(102586, 1, 'Pagina', 'ComponenteAltaInsercion', '', 1359009705, 'FireFox', '192.168.143.1'),
(102587, 1, 'Pagina', 'ComponenteListado', '', 1359009705, 'FireFox', '192.168.143.1'),
(102588, 1, 'Pagina', 'ComponenteAlta', '', 1359009712, 'FireFox', '192.168.143.1'),
(102589, 1, 'Pagina', 'ComponenteAltaInsercion', '', 1359009716, 'FireFox', '192.168.143.1'),
(102590, 1, 'Pagina', 'ComponenteListado', '', 1359009716, 'FireFox', '192.168.143.1'),
(102591, 1, 'Pagina', 'PaginaListado', '', 1359009721, 'FireFox', '192.168.143.1'),
(102592, 1, 'Pagina', 'PaginaAlta', '', 1359009724, 'FireFox', '192.168.143.1'),
(102593, 1, 'Pagina', 'PaginaAltaInsercion', '', 1359009741, 'FireFox', '192.168.143.1'),
(102594, 1, 'Pagina', 'ComponenteListado', '', 1359009741, 'FireFox', '192.168.143.1'),
(102595, 1, 'Pagina', 'ComponenteAlta', '', 1359009747, 'FireFox', '192.168.143.1'),
(102596, 1, 'Pagina', 'ComponenteAltaInsercion', '', 1359009767, 'FireFox', '192.168.143.1'),
(102597, 1, 'Pagina', 'ComponenteListado', '', 1359009767, 'FireFox', '192.168.143.1'),
(102598, 1, 'Pagina', 'ComponenteAlta', '', 1359009769, 'FireFox', '192.168.143.1'),
(102599, 1, 'Pagina', 'ComponenteAltaInsercion', '', 1359009779, 'FireFox', '192.168.143.1'),
(102600, 1, 'Pagina', 'ComponenteListado', '', 1359009779, 'FireFox', '192.168.143.1'),
(102601, 1, 'Pagina', 'ComponenteAlta', '', 1359009782, 'FireFox', '192.168.143.1'),
(102602, 1, 'Pagina', 'ComponenteAltaInsercion', '', 1359009794, 'FireFox', '192.168.143.1'),
(102603, 1, 'Pagina', 'ComponenteListado', '', 1359009794, 'FireFox', '192.168.143.1'),
(102604, 1, 'Pagina', 'PaginaListado', '', 1359009796, 'FireFox', '192.168.143.1'),
(102605, 1, 'Pagina', 'PaginaAlta', '', 1359009965, 'FireFox', '192.168.143.1'),
(102606, 1, 'Pagina', 'PaginaAltaInsercion', '', 1359010059, 'FireFox', '192.168.143.1'),
(102607, 1, 'Pagina', 'ComponenteListado', '', 1359010059, 'FireFox', '192.168.143.1'),
(102608, 1, 'Pagina', 'ComponenteAlta', '', 1359010072, 'FireFox', '192.168.143.1'),
(102609, 1, 'Pagina', 'ComponenteAltaInsercion', '', 1359010082, 'FireFox', '192.168.143.1'),
(102610, 1, 'Pagina', 'ComponenteListado', '', 1359010082, 'FireFox', '192.168.143.1'),
(102611, 1, 'Pagina', 'ComponenteAlta', '', 1359010085, 'FireFox', '192.168.143.1'),
(102612, 1, 'Pagina', 'ComponenteAltaInsercion', '', 1359010092, 'FireFox', '192.168.143.1'),
(102613, 1, 'Pagina', 'ComponenteListado', '', 1359010092, 'FireFox', '192.168.143.1'),
(102614, 1, 'Pagina', 'ComponenteAlta', '', 1359010097, 'FireFox', '192.168.143.1'),
(102615, 1, 'Pagina', 'ComponenteAltaInsercion', '', 1359010127, 'FireFox', '192.168.143.1'),
(102616, 1, 'Pagina', 'ComponenteListado', '', 1359010128, 'FireFox', '192.168.143.1'),
(102617, 1, 'Pagina', 'PaginaListado', '', 1359010136, 'FireFox', '192.168.143.1'),
(102618, 1, 'Pagina', 'PaginaAlta', '', 1359010140, 'FireFox', '192.168.143.1'),
(102619, 1, 'Pagina', 'PaginaAltaInsercion', '', 1359010177, 'FireFox', '192.168.143.1'),
(102620, 1, 'Pagina', 'ComponenteListado', '', 1359010177, 'FireFox', '192.168.143.1'),
(102621, 1, 'Pagina', 'ComponenteAlta', '', 1359010182, 'FireFox', '192.168.143.1'),
(102622, 1, 'Pagina', 'ComponenteAltaInsercion', '', 1359010195, 'FireFox', '192.168.143.1'),
(102623, 1, 'Pagina', 'ComponenteListado', '', 1359010195, 'FireFox', '192.168.143.1'),
(102624, 1, 'Pagina', 'ComponenteAlta', '', 1359010204, 'FireFox', '192.168.143.1'),
(102625, 1, 'Pagina', 'ComponenteAltaInsercion', '', 1359010217, 'FireFox', '192.168.143.1'),
(102626, 1, 'Pagina', 'ComponenteListado', '', 1359010217, 'FireFox', '192.168.143.1'),
(102627, 1, 'Pagina', 'ComponenteAlta', '', 1359010222, 'FireFox', '192.168.143.1'),
(102628, 1, 'Pagina', 'ComponenteAltaInsercion', '', 1359010237, 'FireFox', '192.168.143.1'),
(102629, 1, 'Pagina', 'ComponenteListado', '', 1359010237, 'FireFox', '192.168.143.1'),
(102630, 1, 'Pagina', 'ComponenteAlta', '', 1359010242, 'FireFox', '192.168.143.1'),
(102631, 1, 'Pagina', 'ComponenteAltaInsercion', '', 1359010248, 'FireFox', '192.168.143.1'),
(102632, 1, 'Pagina', 'ComponenteListado', '', 1359010248, 'FireFox', '192.168.143.1'),
(102633, 1, 'Pagina', 'ComponenteAlta', '', 1359010252, 'FireFox', '192.168.143.1'),
(102634, 1, 'Pagina', 'ComponenteAltaInsercion', '', 1359010257, 'FireFox', '192.168.143.1'),
(102635, 1, 'Pagina', 'ComponenteListado', '', 1359010257, 'FireFox', '192.168.143.1'),
(102636, 1, 'Pagina', 'ComponenteAlta', '', 1359010261, 'FireFox', '192.168.143.1'),
(102637, 1, 'Pagina', 'ComponenteAltaInsercion', '', 1359010269, 'FireFox', '192.168.143.1'),
(102638, 1, 'Pagina', 'ComponenteListado', '', 1359010269, 'FireFox', '192.168.143.1'),
(102639, 1, 'Pagina', 'PaginaListado', '', 1359010275, 'FireFox', '192.168.143.1'),
(102640, 1, 'Pagina', 'PaginaAlta', '', 1359010278, 'FireFox', '192.168.143.1'),
(102641, 1, 'Pagina', 'PaginaAltaInsercion', '', 1359010299, 'FireFox', '192.168.143.1'),
(102642, 1, 'Pagina', 'ComponenteListado', '', 1359010300, 'FireFox', '192.168.143.1'),
(102643, 1, 'Pagina', 'ComponenteAlta', '', 1359010304, 'FireFox', '192.168.143.1'),
(102644, 1, 'Pagina', 'ComponenteAltaInsercion', '', 1359010321, 'FireFox', '192.168.143.1'),
(102645, 1, 'Pagina', 'ComponenteListado', '', 1359010321, 'FireFox', '192.168.143.1'),
(102646, 1, 'Pagina', 'ComponenteAlta', '', 1359010324, 'FireFox', '192.168.143.1'),
(102647, 1, 'Pagina', 'ComponenteAltaInsercion', '', 1359010336, 'FireFox', '192.168.143.1'),
(102648, 1, 'Pagina', 'ComponenteListado', '', 1359010336, 'FireFox', '192.168.143.1'),
(102649, 1, 'Pagina', 'ComponenteAlta', '', 1359010340, 'FireFox', '192.168.143.1'),
(102650, 1, 'Pagina', 'ComponenteAltaInsercion', '', 1359010347, 'FireFox', '192.168.143.1'),
(102651, 1, 'Pagina', 'ComponenteListado', '', 1359010347, 'FireFox', '192.168.143.1'),
(102652, 1, 'Pagina', 'PaginaListado', '', 1359010358, 'FireFox', '192.168.143.1'),
(102653, 1, 'Pagina', 'PrefijoListado', '', 1359010565, 'FireFox', '192.168.143.1'),
(102654, 1, 'Pagina', 'PaginaListado', '', 1359010577, 'FireFox', '192.168.143.1'),
(102655, 1, 'Pagina', 'PaginaAlta', '', 1359010580, 'FireFox', '192.168.143.1'),
(102656, 1, 'Pagina', 'PaginaAltaInsercion', '', 1359010591, 'FireFox', '192.168.143.1'),
(102657, 1, 'Pagina', 'ComponenteListado', '', 1359010592, 'FireFox', '192.168.143.1'),
(102658, 1, 'Pagina', 'ComponenteAlta', '', 1359010601, 'FireFox', '192.168.143.1'),
(102659, 1, 'Pagina', 'ComponenteAltaInsercion', '', 1359010608, 'FireFox', '192.168.143.1'),
(102660, 1, 'Pagina', 'ComponenteListado', '', 1359010608, 'FireFox', '192.168.143.1'),
(102661, 1, 'Pagina', 'ComponenteAlta', '', 1359010615, 'FireFox', '192.168.143.1'),
(102662, 1, 'Pagina', 'ComponenteAltaInsercion', '', 1359010645, 'FireFox', '192.168.143.1'),
(102663, 1, 'Pagina', 'ComponenteListado', '', 1359010645, 'FireFox', '192.168.143.1'),
(102664, 1, 'Pagina', 'PaginaListado', '', 1359010654, 'FireFox', '192.168.143.1'),
(102665, 1, 'Pagina', 'PaginaAlta', '', 1359010657, 'FireFox', '192.168.143.1'),
(102666, 1, 'Pagina', 'PaginaAltaInsercion', '', 1359010671, 'FireFox', '192.168.143.1'),
(102667, 1, 'Pagina', 'ComponenteListado', '', 1359010671, 'FireFox', '192.168.143.1'),
(102668, 1, 'Pagina', 'ComponenteAlta', '', 1359010677, 'FireFox', '192.168.143.1'),
(102669, 1, 'Pagina', 'ComponenteAltaInsercion', '', 1359010690, 'FireFox', '192.168.143.1'),
(102670, 1, 'Pagina', 'ComponenteListado', '', 1359010690, 'FireFox', '192.168.143.1'),
(102671, 1, 'Pagina', 'ComponenteAlta', '', 1359010714, 'FireFox', '192.168.143.1'),
(102672, 1, 'Pagina', 'ComponenteAltaInsercion', '', 1359010731, 'FireFox', '192.168.143.1'),
(102673, 1, 'Pagina', 'ComponenteListado', '', 1359010731, 'FireFox', '192.168.143.1'),
(102674, 1, 'Pagina', 'ComponenteAlta', '', 1359010735, 'FireFox', '192.168.143.1'),
(102675, 1, 'Pagina', 'ComponenteAltaInsercion', '', 1359010752, 'FireFox', '192.168.143.1'),
(102676, 1, 'Pagina', 'ComponenteListado', '', 1359010752, 'FireFox', '192.168.143.1'),
(102677, 1, 'Pagina', 'ComponenteAlta', '', 1359010755, 'FireFox', '192.168.143.1'),
(102678, 1, 'Pagina', 'ComponenteAltaInsercion', '', 1359010762, 'FireFox', '192.168.143.1'),
(102679, 1, 'Pagina', 'ComponenteListado', '', 1359010762, 'FireFox', '192.168.143.1'),
(102680, 1, 'Pagina', 'ComponenteAlta', '', 1359010775, 'FireFox', '192.168.143.1'),
(102681, 1, 'Pagina', 'ComponenteAltaInsercion', '', 1359010785, 'FireFox', '192.168.143.1'),
(102682, 1, 'Pagina', 'ComponenteListado', '', 1359010785, 'FireFox', '192.168.143.1'),
(102683, 1, 'Pagina', 'ComponenteAlta', '', 1359010788, 'FireFox', '192.168.143.1'),
(102684, 1, 'Pagina', 'ComponenteAltaInsercion', '', 1359010793, 'FireFox', '192.168.143.1'),
(102685, 1, 'Pagina', 'ComponenteListado', '', 1359010793, 'FireFox', '192.168.143.1'),
(102686, 1, 'Pagina', 'PaginaListado', '', 1359010798, 'FireFox', '192.168.143.1'),
(102687, 1, 'Pagina', 'PaginaAlta', '', 1359010990, 'FireFox', '192.168.143.1'),
(102688, 1, 'Pagina', 'PaginaAltaInsercion', '', 1359011076, 'FireFox', '192.168.143.1'),
(102689, 1, 'Pagina', 'ComponenteListado', '', 1359011076, 'FireFox', '192.168.143.1'),
(102690, 1, 'Pagina', 'ComponenteAlta', '', 1359011083, 'FireFox', '192.168.143.1'),
(102691, 1, 'Pagina', 'ComponenteAltaInsercion', '', 1359011091, 'FireFox', '192.168.143.1'),
(102692, 1, 'Pagina', 'ComponenteListado', '', 1359011091, 'FireFox', '192.168.143.1'),
(102693, 1, 'Pagina', 'ComponenteAlta', '', 1359011097, 'FireFox', '192.168.143.1'),
(102694, 1, 'Pagina', 'ComponenteAltaInsercion', '', 1359011112, 'FireFox', '192.168.143.1'),
(102695, 1, 'Pagina', 'ComponenteListado', '', 1359011112, 'FireFox', '192.168.143.1'),
(102696, 1, 'Pagina', 'ComponenteAlta', '', 1359011115, 'FireFox', '192.168.143.1'),
(102697, 1, 'Pagina', 'ComponenteAltaInsercion', '', 1359011123, 'FireFox', '192.168.143.1'),
(102698, 1, 'Pagina', 'ComponenteListado', '', 1359011124, 'FireFox', '192.168.143.1'),
(102699, 1, 'Pagina', 'ComponenteAlta', '', 1359011130, 'FireFox', '192.168.143.1'),
(102700, 1, 'Pagina', 'ComponenteAltaInsercion', '', 1359011225, 'FireFox', '192.168.143.1'),
(102701, 1, 'Pagina', 'ComponenteListado', '', 1359011225, 'FireFox', '192.168.143.1'),
(102702, 1, 'Pagina', 'PaginaListado', '', 1359011231, 'FireFox', '192.168.143.1'),
(102703, 1, 'Pagina', 'PaginaAlta', '', 1359011234, 'FireFox', '192.168.143.1'),
(102704, 1, 'Pagina', 'PaginaAltaInsercion', '', 1359011257, 'FireFox', '192.168.143.1'),
(102705, 1, 'Pagina', 'ComponenteListado', '', 1359011257, 'FireFox', '192.168.143.1'),
(102706, 1, 'Pagina', 'ComponenteAlta', '', 1359011259, 'FireFox', '192.168.143.1'),
(102707, 1, 'Pagina', 'ComponenteAltaInsercion', '', 1359011276, 'FireFox', '192.168.143.1'),
(102708, 1, 'Pagina', 'ComponenteListado', '', 1359011276, 'FireFox', '192.168.143.1'),
(102709, 1, 'Pagina', 'ComponenteAlta', '', 1359011279, 'FireFox', '192.168.143.1'),
(102710, 1, 'Pagina', 'ComponenteAltaInsercion', '', 1359011288, 'FireFox', '192.168.143.1'),
(102711, 1, 'Pagina', 'ComponenteListado', '', 1359011288, 'FireFox', '192.168.143.1'),
(102712, 1, 'Pagina', 'ComponenteAlta', '', 1359011291, 'FireFox', '192.168.143.1'),
(102713, 1, 'Pagina', 'ComponenteAltaInsercion', '', 1359011302, 'FireFox', '192.168.143.1'),
(102714, 1, 'Pagina', 'ComponenteListado', '', 1359011302, 'FireFox', '192.168.143.1'),
(102715, 1, 'Pagina', 'ComponenteAlta', '', 1359011309, 'FireFox', '192.168.143.1'),
(102716, 1, 'Pagina', 'ComponenteAltaInsercion', '', 1359011316, 'FireFox', '192.168.143.1'),
(102717, 1, 'Pagina', 'ComponenteListado', '', 1359011316, 'FireFox', '192.168.143.1'),
(102718, 1, 'Pagina', 'ComponenteAlta', '', 1359011319, 'FireFox', '192.168.143.1'),
(102719, 1, 'Pagina', 'ComponenteAltaInsercion', '', 1359011330, 'FireFox', '192.168.143.1'),
(102720, 1, 'Pagina', 'ComponenteListado', '', 1359011330, 'FireFox', '192.168.143.1'),
(102721, 1, 'Pagina', 'ComponenteAlta', '', 1359011334, 'FireFox', '192.168.143.1'),
(102722, 1, 'Pagina', 'ComponenteAltaInsercion', '', 1359011340, 'FireFox', '192.168.143.1'),
(102723, 1, 'Pagina', 'ComponenteListado', '', 1359011341, 'FireFox', '192.168.143.1'),
(102724, 1, 'Pagina', 'ComponenteModificacion', '', 1359011342, 'FireFox', '192.168.143.1'),
(102725, 1, 'Pagina', 'ComponenteModificacionInsercion', '', 1359011345, 'FireFox', '192.168.143.1'),
(102726, 1, 'Pagina', 'ComponenteListado', '', 1359011345, 'FireFox', '192.168.143.1'),
(102727, 1, 'Pagina', 'PaginaListado', '', 1359011559, 'FireFox', '192.168.143.1'),
(102728, 1, 'Pagina', 'PaginaAlta', '', 1359011563, 'FireFox', '192.168.143.1'),
(102729, 1, 'Pagina', 'PaginaAltaInsercion', '', 1359011583, 'FireFox', '192.168.143.1'),
(102730, 1, 'Pagina', 'ComponenteListado', '', 1359011583, 'FireFox', '192.168.143.1'),
(102731, 1, 'Pagina', 'ComponenteAlta', '', 1359011598, 'FireFox', '192.168.143.1'),
(102732, 1, 'Pagina', 'ComponenteAltaInsercion', '', 1359011625, 'FireFox', '192.168.143.1'),
(102733, 1, 'Pagina', 'ComponenteListado', '', 1359011626, 'FireFox', '192.168.143.1'),
(102734, 1, 'Pagina', 'ComponenteAlta', '', 1359011632, 'FireFox', '192.168.143.1'),
(102735, 1, 'Pagina', 'ComponenteAltaInsercion', '', 1359011644, 'FireFox', '192.168.143.1'),
(102736, 1, 'Pagina', 'ComponenteListado', '', 1359011644, 'FireFox', '192.168.143.1'),
(102737, 1, 'Pagina', 'ComponenteAlta', '', 1359011647, 'FireFox', '192.168.143.1'),
(102738, 1, 'Pagina', 'ComponenteAltaInsercion', '', 1359011659, 'FireFox', '192.168.143.1'),
(102739, 1, 'Pagina', 'ComponenteListado', '', 1359011659, 'FireFox', '192.168.143.1'),
(102740, 1, 'Pagina', 'ComponenteAlta', '', 1359011668, 'FireFox', '192.168.143.1'),
(102741, 1, 'Pagina', 'ComponenteAltaInsercion', '', 1359011683, 'FireFox', '192.168.143.1'),
(102742, 1, 'Pagina', 'ComponenteListado', '', 1359011683, 'FireFox', '192.168.143.1'),
(102743, 1, 'Pagina', 'PaginaListado', '', 1359011691, 'FireFox', '192.168.143.1'),
(102744, 1, 'Pagina', 'PaginaAlta', '', 1359011696, 'FireFox', '192.168.143.1'),
(102745, 1, 'Pagina', 'PaginaAltaInsercion', '', 1359011720, 'FireFox', '192.168.143.1'),
(102746, 1, 'Pagina', 'ComponenteListado', '', 1359011721, 'FireFox', '192.168.143.1'),
(102747, 1, 'Pagina', 'ComponenteAlta', '', 1359011725, 'FireFox', '192.168.143.1'),
(102748, 1, 'Pagina', 'ComponenteAltaInsercion', '', 1359011749, 'FireFox', '192.168.143.1'),
(102749, 1, 'Pagina', 'ComponenteListado', '', 1359011749, 'FireFox', '192.168.143.1'),
(102750, 1, 'Pagina', 'ComponenteAlta', '', 1359011763, 'FireFox', '192.168.143.1'),
(102751, 1, 'Pagina', 'ComponenteAltaInsercion', '', 1359011775, 'FireFox', '192.168.143.1'),
(102752, 1, 'Pagina', 'ComponenteListado', '', 1359011776, 'FireFox', '192.168.143.1'),
(102753, 1, 'Pagina', 'ComponenteAlta', '', 1359011782, 'FireFox', '192.168.143.1'),
(102754, 1, 'Pagina', 'ComponenteAltaInsercion', '', 1359011800, 'FireFox', '192.168.143.1'),
(102755, 1, 'Pagina', 'ComponenteListado', '', 1359011800, 'FireFox', '192.168.143.1'),
(102756, 1, 'Pagina', 'ComponenteAlta', '', 1359011808, 'FireFox', '192.168.143.1'),
(102757, 1, 'Pagina', 'ComponenteAltaInsercion', '', 1359011815, 'FireFox', '192.168.143.1'),
(102758, 1, 'Pagina', 'ComponenteListado', '', 1359011815, 'FireFox', '192.168.143.1'),
(102759, 1, 'Pagina', 'ComponenteAlta', '', 1359011819, 'FireFox', '192.168.143.1'),
(102760, 1, 'Pagina', 'ComponenteAltaInsercion', '', 1359011827, 'FireFox', '192.168.143.1'),
(102761, 1, 'Pagina', 'ComponenteListado', '', 1359011828, 'FireFox', '192.168.143.1'),
(102762, 1, 'Pagina', 'ComponenteAlta', '', 1359011835, 'FireFox', '192.168.143.1'),
(102763, 1, 'Pagina', 'ComponenteAltaInsercion', '', 1359011839, 'FireFox', '192.168.143.1'),
(102764, 1, 'Pagina', 'ComponenteListado', '', 1359011839, 'FireFox', '192.168.143.1'),
(102765, 1, 'Pagina', 'PaginaListado', '', 1359011843, 'FireFox', '192.168.143.1'),
(102766, 1, 'Pagina', 'PaginaAlta', '', 1359011847, 'FireFox', '192.168.143.1'),
(102767, 1, 'Pagina', 'PaginaAltaInsercion', '', 1359011868, 'FireFox', '192.168.143.1'),
(102768, 1, 'Pagina', 'ComponenteListado', '', 1359011868, 'FireFox', '192.168.143.1'),
(102769, 1, 'Pagina', 'ComponenteAlta', '', 1359011873, 'FireFox', '192.168.143.1'),
(102770, 1, 'Pagina', 'ComponenteAltaInsercion', '', 1359011890, 'FireFox', '192.168.143.1'),
(102771, 1, 'Pagina', 'ComponenteListado', '', 1359011890, 'FireFox', '192.168.143.1'),
(102772, 1, 'Pagina', 'ComponenteAlta', '', 1359011897, 'FireFox', '192.168.143.1'),
(102773, 1, 'Pagina', 'ComponenteAltaInsercion', '', 1359011904, 'FireFox', '192.168.143.1'),
(102774, 1, 'Pagina', 'ComponenteListado', '', 1359011904, 'FireFox', '192.168.143.1'),
(102775, 1, 'Pagina', 'ComponenteAlta', '', 1359011922, 'FireFox', '192.168.143.1'),
(102776, 1, 'Pagina', 'ComponenteAltaInsercion', '', 1359011932, 'FireFox', '192.168.143.1'),
(102777, 1, 'Pagina', 'ComponenteListado', '', 1359011932, 'FireFox', '192.168.143.1'),
(102778, 1, 'Pagina', 'PaginaListado', '', 1359011938, 'FireFox', '192.168.143.1'),
(102779, 1, 'Pagina', 'Bienvenida', '', 1359029617, 'FireFox', '192.168.143.1'),
(102780, 1, 'Pagina', 'PaginaListado', '', 1359029620, 'FireFox', '192.168.143.1'),
(102781, 1, 'Pagina', 'PaginaAlta', '', 1359029668, 'FireFox', '192.168.143.1'),
(102782, 1, 'Pagina', 'PaginaAltaInsercion', '', 1359029688, 'FireFox', '192.168.143.1'),
(102783, 1, 'Pagina', 'ComponenteListado', '', 1359029688, 'FireFox', '192.168.143.1'),
(102784, 1, 'Pagina', 'ComponenteAlta', '', 1359029759, 'FireFox', '192.168.143.1'),
(102785, 1, 'Pagina', 'ComponenteAltaInsercion', '', 1359029776, 'FireFox', '192.168.143.1'),
(102786, 1, 'Pagina', 'ComponenteListado', '', 1359029776, 'FireFox', '192.168.143.1'),
(102787, 1, 'Pagina', 'ComponenteAlta', '', 1359029808, 'FireFox', '192.168.143.1'),
(102788, 1, 'Pagina', 'ComponenteAltaInsercion', '', 1359029822, 'FireFox', '192.168.143.1'),
(102789, 1, 'Pagina', 'ComponenteListado', '', 1359029822, 'FireFox', '192.168.143.1'),
(102790, 1, 'Pagina', 'ComponenteAlta', '', 1359029874, 'FireFox', '192.168.143.1'),
(102791, 1, 'Pagina', 'ComponenteAltaInsercion', '', 1359029882, 'FireFox', '192.168.143.1'),
(102792, 1, 'Pagina', 'ComponenteListado', '', 1359029882, 'FireFox', '192.168.143.1'),
(102793, 1, 'Pagina', 'ComponenteAlta', '', 1359029897, 'FireFox', '192.168.143.1'),
(102794, 1, 'Pagina', 'ComponenteAltaInsercion', '', 1359029934, 'FireFox', '192.168.143.1'),
(102795, 1, 'Pagina', 'ComponenteListado', '', 1359029934, 'FireFox', '192.168.143.1'),
(102796, 1, 'Pagina', 'PaginaListado', '', 1359029956, 'FireFox', '192.168.143.1'),
(102797, 1, 'Pagina', 'PaginaAlta', '', 1359029960, 'FireFox', '192.168.143.1'),
(102798, 1, 'Pagina', 'PaginaAltaInsercion', '', 1359029981, 'FireFox', '192.168.143.1'),
(102799, 1, 'Pagina', 'ComponenteListado', '', 1359029981, 'FireFox', '192.168.143.1'),
(102800, 1, 'Pagina', 'ComponenteAlta', '', 1359029990, 'FireFox', '192.168.143.1'),
(102801, 1, 'Pagina', 'ComponenteAltaInsercion', '', 1359030020, 'FireFox', '192.168.143.1'),
(102802, 1, 'Pagina', 'ComponenteListado', '', 1359030020, 'FireFox', '192.168.143.1'),
(102803, 1, 'Pagina', 'ComponenteAlta', '', 1359030025, 'FireFox', '192.168.143.1'),
(102804, 1, 'Pagina', 'ComponenteAltaInsercion', '', 1359030045, 'FireFox', '192.168.143.1'),
(102805, 1, 'Pagina', 'ComponenteListado', '', 1359030045, 'FireFox', '192.168.143.1'),
(102806, 1, 'Pagina', 'ComponenteAlta', '', 1359030047, 'FireFox', '192.168.143.1'),
(102807, 1, 'Pagina', 'ComponenteAltaInsercion', '', 1359030066, 'FireFox', '192.168.143.1'),
(102808, 1, 'Pagina', 'ComponenteListado', '', 1359030066, 'FireFox', '192.168.143.1'),
(102809, 1, 'Pagina', 'ComponenteAlta', '', 1359030070, 'FireFox', '192.168.143.1'),
(102810, 1, 'Pagina', 'ComponenteAltaInsercion', '', 1359030080, 'FireFox', '192.168.143.1'),
(102811, 1, 'Pagina', 'ComponenteListado', '', 1359030080, 'FireFox', '192.168.143.1'),
(102812, 1, 'Pagina', 'ComponenteAlta', '', 1359030083, 'FireFox', '192.168.143.1'),
(102813, 1, 'Pagina', 'ComponenteAltaInsercion', '', 1359030095, 'FireFox', '192.168.143.1'),
(102814, 1, 'Pagina', 'ComponenteListado', '', 1359030095, 'FireFox', '192.168.143.1'),
(102815, 1, 'Pagina', 'ComponenteAlta', '', 1359030100, 'FireFox', '192.168.143.1'),
(102816, 1, 'Pagina', 'ComponenteAltaInsercion', '', 1359030105, 'FireFox', '192.168.143.1'),
(102817, 1, 'Pagina', 'ComponenteListado', '', 1359030105, 'FireFox', '192.168.143.1'),
(102818, 1, 'Pagina', 'PaginaListado', '', 1359030110, 'FireFox', '192.168.143.1'),
(102819, 1, 'Pagina', 'PaginaAlta', '', 1359030156, 'FireFox', '192.168.143.1'),
(102820, 1, 'Pagina', 'PaginaAltaInsercion', '', 1359030185, 'FireFox', '192.168.143.1'),
(102821, 1, 'Pagina', 'ComponenteListado', '', 1359030185, 'FireFox', '192.168.143.1'),
(102822, 1, 'Pagina', 'ComponenteAlta', '', 1359030189, 'FireFox', '192.168.143.1'),
(102823, 1, 'Pagina', 'ComponenteAltaInsercion', '', 1359030227, 'FireFox', '192.168.143.1'),
(102824, 1, 'Pagina', 'ComponenteListado', '', 1359030227, 'FireFox', '192.168.143.1'),
(102825, 1, 'Pagina', 'ComponenteAlta', '', 1359030232, 'FireFox', '192.168.143.1'),
(102826, 1, 'Pagina', 'ComponenteAltaInsercion', '', 1359030240, 'FireFox', '192.168.143.1'),
(102827, 1, 'Pagina', 'ComponenteListado', '', 1359030240, 'FireFox', '192.168.143.1'),
(102828, 1, 'Pagina', 'ComponenteAlta', '', 1359030253, 'FireFox', '192.168.143.1'),
(102829, 1, 'Pagina', 'ComponenteAltaInsercion', '', 1359030311, 'FireFox', '192.168.143.1'),
(102830, 1, 'Pagina', 'ComponenteListado', '', 1359030311, 'FireFox', '192.168.143.1'),
(102831, 1, 'Pagina', 'PaginaListado', '', 1359030345, 'FireFox', '192.168.143.1'),
(102832, 1, 'Pagina', 'PaginaListado', '', 1359030350, 'FireFox', '192.168.143.1'),
(102833, 1, 'Pagina', 'PaginaAlta', '', 1359030356, 'FireFox', '192.168.143.1'),
(102834, 1, 'Pagina', 'PaginaAltaInsercion', '', 1359030394, 'FireFox', '192.168.143.1'),
(102835, 1, 'Pagina', 'ComponenteListado', '', 1359030394, 'FireFox', '192.168.143.1'),
(102836, 1, 'Pagina', 'ComponenteAlta', '', 1359030418, 'FireFox', '192.168.143.1'),
(102837, 1, 'Pagina', 'ComponenteAltaInsercion', '', 1359030433, 'FireFox', '192.168.143.1'),
(102838, 1, 'Pagina', 'ComponenteListado', '', 1359030433, 'FireFox', '192.168.143.1'),
(102839, 1, 'Pagina', 'PaginaListado', '', 1359030437, 'FireFox', '192.168.143.1'),
(102840, 1, 'Pagina', 'ComponenteListado', '', 1359030449, 'FireFox', '192.168.143.1'),
(102841, 1, 'Pagina', 'PaginaListado', '', 1359030450, 'FireFox', '192.168.143.1'),
(102842, 1, 'Pagina', 'RegistroListado', '', 1359030452, 'FireFox', '192.168.143.1'),
(102843, 1, 'Pagina', 'RegistroAlta', '', 1359030454, 'FireFox', '192.168.143.1'),
(102844, 1, 'Pagina', 'RegistroAltaInsercion', '', 1359030460, 'FireFox', '192.168.143.1'),
(102845, 1, 'Pagina', 'RegistroListado', '', 1359030460, 'FireFox', '192.168.143.1'),
(102846, 1, 'Pagina', 'RegistroAlta', '', 1359030686, 'FireFox', '192.168.143.1'),
(102847, 1, 'Pagina', 'RegistroAltaInsercion', '', 1359030689, 'FireFox', '192.168.143.1'),
(102848, 1, 'Pagina', 'RegistroListado', '', 1359030689, 'FireFox', '192.168.143.1'),
(102849, 1, 'Pagina', 'RegistroAlta', '', 1359030693, 'FireFox', '192.168.143.1'),
(102850, 1, 'Pagina', 'RegistroAltaInsercion', '', 1359030697, 'FireFox', '192.168.143.1'),
(102851, 1, 'Pagina', 'RegistroListado', '', 1359030698, 'FireFox', '192.168.143.1'),
(102852, 1, 'Pagina', 'RegistroAlta', '', 1359030702, 'FireFox', '192.168.143.1'),
(102853, 1, 'Pagina', 'RegistroAltaInsercion', '', 1359030704, 'FireFox', '192.168.143.1'),
(102854, 1, 'Pagina', 'RegistroListado', '', 1359030704, 'FireFox', '192.168.143.1'),
(102855, 1, 'Pagina', 'RegistroAlta', '', 1359030710, 'FireFox', '192.168.143.1'),
(102856, 1, 'Pagina', 'RegistroAltaInsercion', '', 1359030712, 'FireFox', '192.168.143.1'),
(102857, 1, 'Pagina', 'RegistroListado', '', 1359030712, 'FireFox', '192.168.143.1'),
(102858, 1, 'Pagina', 'RegistroAlta', '', 1359030717, 'FireFox', '192.168.143.1'),
(102859, 1, 'Pagina', 'RegistroAltaInsercion', '', 1359030720, 'FireFox', '192.168.143.1'),
(102860, 1, 'Pagina', 'RegistroListado', '', 1359030720, 'FireFox', '192.168.143.1'),
(102861, 1, 'Pagina', 'RegistroAlta', '', 1359030723, 'FireFox', '192.168.143.1'),
(102862, 1, 'Pagina', 'RegistroAltaInsercion', '', 1359030725, 'FireFox', '192.168.143.1'),
(102863, 1, 'Pagina', 'RegistroListado', '', 1359030725, 'FireFox', '192.168.143.1'),
(102864, 1, 'Pagina', 'RegistroAlta', '', 1359030731, 'FireFox', '192.168.143.1'),
(102865, 1, 'Pagina', 'RegistroAltaInsercion', '', 1359030733, 'FireFox', '192.168.143.1'),
(102866, 1, 'Pagina', 'RegistroListado', '', 1359030733, 'FireFox', '192.168.143.1'),
(102867, 1, 'Pagina', 'RegistroAlta', '', 1359030737, 'FireFox', '192.168.143.1'),
(102868, 1, 'Pagina', 'RegistroAltaInsercion', '', 1359030739, 'FireFox', '192.168.143.1'),
(102869, 1, 'Pagina', 'RegistroListado', '', 1359030739, 'FireFox', '192.168.143.1'),
(102870, 1, 'Pagina', 'RegistroAlta', '', 1359030743, 'FireFox', '192.168.143.1'),
(102871, 1, 'Pagina', 'RegistroAltaInsercion', '', 1359030744, 'FireFox', '192.168.143.1'),
(102872, 1, 'Pagina', 'RegistroListado', '', 1359030745, 'FireFox', '192.168.143.1'),
(102873, 1, 'Pagina', 'RegistroAlta', '', 1359030749, 'FireFox', '192.168.143.1'),
(102874, 1, 'Pagina', 'RegistroAltaInsercion', '', 1359030751, 'FireFox', '192.168.143.1'),
(102875, 1, 'Pagina', 'RegistroListado', '', 1359030751, 'FireFox', '192.168.143.1'),
(102876, 1, 'Pagina', 'RegistroAlta', '', 1359030756, 'FireFox', '192.168.143.1'),
(102877, 1, 'Pagina', 'RegistroAltaInsercion', '', 1359030758, 'FireFox', '192.168.143.1'),
(102878, 1, 'Pagina', 'RegistroListado', '', 1359030758, 'FireFox', '192.168.143.1'),
(102879, 1, 'Pagina', 'PaginaListado', '', 1359030759, 'FireFox', '192.168.143.1'),
(102880, 1, 'Pagina', 'PaginaAlta', '', 1359030803, 'FireFox', '192.168.143.1'),
(102881, 1, 'Pagina', 'PaginaAltaInsercion', '', 1359030828, 'FireFox', '192.168.143.1'),
(102882, 1, 'Pagina', 'ComponenteListado', '', 1359030828, 'FireFox', '192.168.143.1'),
(102883, 1, 'Pagina', 'ComponenteAlta', '', 1359030843, 'FireFox', '192.168.143.1'),
(102884, 1, 'Pagina', 'ComponenteAltaInsercion', '', 1359030864, 'FireFox', '192.168.143.1'),
(102885, 1, 'Pagina', 'ComponenteListado', '', 1359030864, 'FireFox', '192.168.143.1'),
(102886, 1, 'Pagina', 'ComponenteAlta', '', 1359030875, 'FireFox', '192.168.143.1'),
(102887, 1, 'Pagina', 'ComponenteAltaInsercion', '', 1359030883, 'FireFox', '192.168.143.1'),
(102888, 1, 'Pagina', 'ComponenteListado', '', 1359030883, 'FireFox', '192.168.143.1'),
(102889, 1, 'Pagina', 'ComponenteAlta', '', 1359030887, 'FireFox', '192.168.143.1'),
(102890, 1, 'Pagina', 'ComponenteAltaInsercion', '', 1359030904, 'FireFox', '192.168.143.1'),
(102891, 1, 'Pagina', 'ComponenteListado', '', 1359030904, 'FireFox', '192.168.143.1'),
(102892, 1, 'Pagina', 'ComponenteListado', '', 1359031061, 'FireFox', '192.168.143.1'),
(102893, 1, 'Pagina', 'PaginaListado', '', 1359031062, 'FireFox', '192.168.143.1'),
(102894, 1, 'Pagina', 'ComponenteListado', '', 1359031102, 'FireFox', '192.168.143.1'),
(102895, 1, 'Pagina', 'PaginaListado', '', 1359031109, 'FireFox', '192.168.143.1'),
(102896, 1, 'Pagina', 'PaginaListado', '', 1359031112, 'FireFox', '192.168.143.1'),
(102897, 1, 'Pagina', 'PaginaListado', '', 1359031114, 'FireFox', '192.168.143.1'),
(102898, 1, 'Pagina', 'PaginaAlta', '', 1359031118, 'FireFox', '192.168.143.1'),
(102899, 1, 'Pagina', 'PaginaAltaInsercion', '', 1359031142, 'FireFox', '192.168.143.1'),
(102900, 1, 'Pagina', 'ComponenteListado', '', 1359031142, 'FireFox', '192.168.143.1'),
(102901, 1, 'Pagina', 'ComponenteAlta', '', 1359031152, 'FireFox', '192.168.143.1'),
(102902, 1, 'Pagina', 'ComponenteAltaInsercion', '', 1359031175, 'FireFox', '192.168.143.1');
INSERT INTO `kirke_log` (`id_log`, `id_usuario`, `elemento`, `pagina`, `nombre`, `hora`, `navegador`, `ip`) VALUES
(102903, 1, 'Pagina', 'ComponenteListado', '', 1359031175, 'FireFox', '192.168.143.1'),
(102904, 1, 'Pagina', 'ComponenteAlta', '', 1359031178, 'FireFox', '192.168.143.1'),
(102905, 1, 'Pagina', 'ComponenteAltaInsercion', '', 1359031196, 'FireFox', '192.168.143.1'),
(102906, 1, 'Pagina', 'ComponenteListado', '', 1359031196, 'FireFox', '192.168.143.1'),
(102907, 1, 'Pagina', 'ComponenteAlta', '', 1359031225, 'FireFox', '192.168.143.1'),
(102908, 1, 'Pagina', 'ComponenteAltaInsercion', '', 1359031232, 'FireFox', '192.168.143.1'),
(102909, 1, 'Pagina', 'ComponenteListado', '', 1359031233, 'FireFox', '192.168.143.1'),
(102910, 1, 'Pagina', 'ComponenteModificacion', '', 1359031245, 'FireFox', '192.168.143.1'),
(102911, 1, 'Pagina', 'ComponenteModificacionInsercion', '', 1359031260, 'FireFox', '192.168.143.1'),
(102912, 1, 'Pagina', 'ComponenteListado', '', 1359031260, 'FireFox', '192.168.143.1'),
(102913, 1, 'Pagina', 'ComponenteAlta', '', 1359031265, 'FireFox', '192.168.143.1'),
(102914, 1, 'Pagina', 'ComponenteAltaInsercion', '', 1359031296, 'FireFox', '192.168.143.1'),
(102915, 1, 'Pagina', 'ComponenteListado', '', 1359031296, 'FireFox', '192.168.143.1'),
(102916, 1, 'Pagina', 'PaginaListado', '', 1359031308, 'FireFox', '192.168.143.1'),
(102917, 1, 'Pagina', 'PaginaAlta', '', 1359031312, 'FireFox', '192.168.143.1'),
(102918, 1, 'Pagina', 'PaginaAltaInsercion', '', 1359031332, 'FireFox', '192.168.143.1'),
(102919, 1, 'Pagina', 'ComponenteListado', '', 1359031333, 'FireFox', '192.168.143.1'),
(102920, 1, 'Pagina', 'PaginaListado', '', 1359031340, 'FireFox', '192.168.143.1'),
(102921, 1, 'Pagina', 'ComponenteAlta', '', 1359032153, 'FireFox', '192.168.143.1'),
(102922, 1, 'Pagina', 'ComponenteAltaInsercion', '', 1359032188, 'FireFox', '192.168.143.1'),
(102923, 1, 'Pagina', 'ComponenteListado', '', 1359032188, 'FireFox', '192.168.143.1'),
(102924, 1, 'Pagina', 'ComponenteAlta', '', 1359032192, 'FireFox', '192.168.143.1'),
(102925, 1, 'Pagina', 'ComponenteAltaInsercion', '', 1359032206, 'FireFox', '192.168.143.1'),
(102926, 1, 'Pagina', 'ComponenteListado', '', 1359032206, 'FireFox', '192.168.143.1'),
(102927, 1, 'Pagina', 'ComponenteAlta', '', 1359032209, 'FireFox', '192.168.143.1'),
(102928, 1, 'Pagina', 'ComponenteAltaInsercion', '', 1359032225, 'FireFox', '192.168.143.1'),
(102929, 1, 'Pagina', 'ComponenteListado', '', 1359032225, 'FireFox', '192.168.143.1'),
(102930, 1, 'Pagina', 'ComponenteAlta', '', 1359032230, 'FireFox', '192.168.143.1'),
(102931, 1, 'Pagina', 'ComponenteAltaInsercion', '', 1359032242, 'FireFox', '192.168.143.1'),
(102932, 1, 'Pagina', 'ComponenteListado', '', 1359032242, 'FireFox', '192.168.143.1'),
(102933, 1, 'Pagina', 'ComponenteAlta', '', 1359032245, 'FireFox', '192.168.143.1'),
(102934, 1, 'Pagina', 'ComponenteListado', '', 1359032246, 'FireFox', '192.168.143.1'),
(102935, 1, 'Pagina', 'ComponenteAlta', '', 1359032250, 'FireFox', '192.168.143.1'),
(102936, 1, 'Pagina', 'ComponenteAltaInsercion', '', 1359032258, 'FireFox', '192.168.143.1'),
(102937, 1, 'Pagina', 'ComponenteListado', '', 1359032258, 'FireFox', '192.168.143.1'),
(102938, 1, 'Pagina', 'ComponenteAlta', '', 1359032263, 'FireFox', '192.168.143.1'),
(102939, 1, 'Pagina', 'ComponenteAltaInsercion', '', 1359032270, 'FireFox', '192.168.143.1'),
(102940, 1, 'Pagina', 'ComponenteListado', '', 1359032270, 'FireFox', '192.168.143.1'),
(102941, 1, 'Pagina', 'PaginaListado', '', 1359032280, 'FireFox', '192.168.143.1'),
(102942, 1, 'Pagina', 'PaginaAlta', '', 1359032290, 'FireFox', '192.168.143.1'),
(102943, 1, 'Pagina', 'PaginaAltaInsercion', '', 1359032313, 'FireFox', '192.168.143.1'),
(102944, 1, 'Pagina', 'ComponenteListado', '', 1359032313, 'FireFox', '192.168.143.1'),
(102945, 1, 'Pagina', 'ComponenteListado', '', 1359032316, 'FireFox', '192.168.143.1'),
(102946, 1, 'Pagina', 'ComponenteAlta', '', 1359032321, 'FireFox', '192.168.143.1'),
(102947, 1, 'Pagina', 'ComponenteAltaInsercion', '', 1359032353, 'FireFox', '192.168.143.1'),
(102948, 1, 'Pagina', 'ComponenteListado', '', 1359032353, 'FireFox', '192.168.143.1'),
(102949, 1, 'Pagina', 'ComponenteAlta', '', 1359032355, 'FireFox', '192.168.143.1'),
(102950, 1, 'Pagina', 'ComponenteAltaInsercion', '', 1359032364, 'FireFox', '192.168.143.1'),
(102951, 1, 'Pagina', 'ComponenteListado', '', 1359032364, 'FireFox', '192.168.143.1'),
(102952, 1, 'Pagina', 'ComponenteAlta', '', 1359032369, 'FireFox', '192.168.143.1'),
(102953, 1, 'Pagina', 'ComponenteAltaInsercion', '', 1359032415, 'FireFox', '192.168.143.1'),
(102954, 1, 'Pagina', 'ComponenteListado', '', 1359032415, 'FireFox', '192.168.143.1'),
(102955, 1, 'Pagina', 'PaginaListado', '', 1359032423, 'FireFox', '192.168.143.1'),
(102956, 1, 'Pagina', 'PaginaListado', '', 1359032436, 'FireFox', '192.168.143.1'),
(102957, 1, 'Pagina', 'PaginaAlta', '', 1359032440, 'FireFox', '192.168.143.1'),
(102958, 1, 'Pagina', 'PaginaAltaInsercion', '', 1359032468, 'FireFox', '192.168.143.1'),
(102959, 1, 'Pagina', 'ComponenteListado', '', 1359032468, 'FireFox', '192.168.143.1'),
(102960, 1, 'Pagina', 'ComponenteListado', '', 1359032472, 'FireFox', '192.168.143.1'),
(102961, 1, 'Pagina', 'ComponenteAlta', '', 1359032477, 'FireFox', '192.168.143.1'),
(102962, 1, 'Pagina', 'ComponenteListado', '', 1359032503, 'FireFox', '192.168.143.1'),
(102963, 1, 'Pagina', 'PaginaListado', '', 1359032504, 'FireFox', '192.168.143.1'),
(102964, 1, 'Pagina', 'PaginaAlta', '', 1359032523, 'FireFox', '192.168.143.1'),
(102965, 1, 'Pagina', 'PaginaListado', '', 1359032537, 'FireFox', '192.168.143.1'),
(102966, 1, 'Pagina', 'PaginaModificacion', '', 1359032551, 'FireFox', '192.168.143.1'),
(102967, 1, 'Pagina', 'PaginaModificacionInsercion', '', 1359032561, 'FireFox', '192.168.143.1'),
(102968, 1, 'Pagina', 'PaginaListado', '', 1359032562, 'FireFox', '192.168.143.1'),
(102969, 1, 'Pagina', 'ComponenteListado', '', 1359032566, 'FireFox', '192.168.143.1'),
(102970, 1, 'Pagina', 'ComponenteAlta', '', 1359032570, 'FireFox', '192.168.143.1'),
(102971, 1, 'Pagina', 'ComponenteAltaInsercion', '', 1359032609, 'FireFox', '192.168.143.1'),
(102972, 1, 'Pagina', 'ComponenteListado', '', 1359032609, 'FireFox', '192.168.143.1'),
(102973, 1, 'Pagina', 'ComponenteAlta', '', 1359032620, 'FireFox', '192.168.143.1'),
(102974, 1, 'Pagina', 'ComponenteAltaInsercion', '', 1359032628, 'FireFox', '192.168.143.1'),
(102975, 1, 'Pagina', 'ComponenteListado', '', 1359032628, 'FireFox', '192.168.143.1'),
(102976, 1, 'Pagina', 'ComponenteAlta', '', 1359032633, 'FireFox', '192.168.143.1'),
(102977, 1, 'Pagina', 'ComponenteAltaInsercion', '', 1359032651, 'FireFox', '192.168.143.1'),
(102978, 1, 'Pagina', 'ComponenteListado', '', 1359032651, 'FireFox', '192.168.143.1'),
(102979, 1, 'Pagina', 'ComponenteAlta', '', 1359032654, 'FireFox', '192.168.143.1'),
(102980, 1, 'Pagina', 'ComponenteAltaInsercion', '', 1359032668, 'FireFox', '192.168.143.1'),
(102981, 1, 'Pagina', 'ComponenteListado', '', 1359032668, 'FireFox', '192.168.143.1'),
(102982, 1, 'Pagina', 'ComponenteListado', '', 1359032670, 'FireFox', '192.168.143.1'),
(102983, 1, 'Pagina', 'ComponenteListado', '', 1359032673, 'FireFox', '192.168.143.1'),
(102984, 1, 'Pagina', 'ComponenteListado', '', 1359032675, 'FireFox', '192.168.143.1'),
(102985, 1, 'Pagina', 'ComponenteAlta', '', 1359032682, 'FireFox', '192.168.143.1'),
(102986, 1, 'Pagina', 'ComponenteAltaInsercion', '', 1359032688, 'FireFox', '192.168.143.1'),
(102987, 1, 'Pagina', 'ComponenteListado', '', 1359032688, 'FireFox', '192.168.143.1'),
(102988, 1, 'Pagina', 'ComponenteListado', '', 1359032691, 'FireFox', '192.168.143.1'),
(102989, 1, 'Pagina', 'ComponenteListado', '', 1359032692, 'FireFox', '192.168.143.1'),
(102990, 1, 'Pagina', 'ComponenteAlta', '', 1359032702, 'FireFox', '192.168.143.1'),
(102991, 1, 'Pagina', 'ComponenteAltaInsercion', '', 1359032715, 'FireFox', '192.168.143.1'),
(102992, 1, 'Pagina', 'ComponenteListado', '', 1359032715, 'FireFox', '192.168.143.1'),
(102993, 1, 'Pagina', 'PaginaListado', '', 1359032721, 'FireFox', '192.168.143.1'),
(102994, 1, 'Pagina', 'ComponenteListado', '', 1359032863, 'FireFox', '192.168.143.1'),
(102995, 1, 'Pagina', 'PaginaListado', '', 1359032865, 'FireFox', '192.168.143.1'),
(102996, 1, 'Pagina', 'ComponenteListado', '', 1359032869, 'FireFox', '192.168.143.1'),
(102997, 1, 'Pagina', 'ComponenteAlta', '', 1359032899, 'FireFox', '192.168.143.1'),
(102998, 1, 'Pagina', 'ComponenteAltaInsercion', '', 1359032918, 'FireFox', '192.168.143.1'),
(102999, 1, 'Pagina', 'ComponenteListado', '', 1359032918, 'FireFox', '192.168.143.1'),
(103000, 1, 'Pagina', 'ComponenteAlta', '', 1359032919, 'FireFox', '192.168.143.1'),
(103001, 1, 'Pagina', 'ComponenteAltaInsercion', '', 1359032930, 'FireFox', '192.168.143.1'),
(103002, 1, 'Pagina', 'ComponenteListado', '', 1359032930, 'FireFox', '192.168.143.1'),
(103003, 1, 'Pagina', 'PaginaListado', '', 1359032932, 'FireFox', '192.168.143.1'),
(103004, 1, 'Pagina', 'PaginaListado', '', 1359032933, 'FireFox', '192.168.143.1'),
(103005, 1, 'Pagina', 'Bienvenida', '', 1359073982, 'FireFox', '192.168.143.1'),
(103006, 1, 'Pagina', 'UsuarioListado', '', 1359074013, 'FireFox', '192.168.143.1'),
(103007, 1, 'Pagina', 'PaginaListado', '', 1359074017, 'FireFox', '192.168.143.1'),
(103008, 1, 'Pagina', 'Bienvenida', '', 1359096397, 'FireFox', '192.168.143.1'),
(103009, 1, 'Pagina', 'PaginaListado', '', 1359096399, 'FireFox', '192.168.143.1'),
(103010, 1, 'Pagina', 'PaginaAlta', '', 1359096484, 'FireFox', '192.168.143.1'),
(103011, 1, 'Pagina', 'PaginaAltaInsercion', '', 1359096502, 'FireFox', '192.168.143.1'),
(103012, 1, 'Pagina', 'ComponenteListado', '', 1359096502, 'FireFox', '192.168.143.1'),
(103013, 1, 'Pagina', 'ComponenteAlta', '', 1359096523, 'FireFox', '192.168.143.1'),
(103014, 1, 'Pagina', 'ComponenteAltaInsercion', '', 1359096563, 'FireFox', '192.168.143.1'),
(103015, 1, 'Pagina', 'ComponenteListado', '', 1359096563, 'FireFox', '192.168.143.1'),
(103016, 1, 'Pagina', 'ComponenteAlta', '', 1359096596, 'FireFox', '192.168.143.1'),
(103017, 1, 'Pagina', 'ComponenteAltaInsercion', '', 1359096623, 'FireFox', '192.168.143.1'),
(103018, 1, 'Pagina', 'ComponenteListado', '', 1359096623, 'FireFox', '192.168.143.1'),
(103019, 1, 'Pagina', 'ComponenteAlta', '', 1359096636, 'FireFox', '192.168.143.1'),
(103020, 1, 'Pagina', 'ComponenteAltaInsercion', '', 1359096647, 'FireFox', '192.168.143.1'),
(103021, 1, 'Pagina', 'ComponenteListado', '', 1359096647, 'FireFox', '192.168.143.1'),
(103022, 1, 'Pagina', 'ComponenteAlta', '', 1359096653, 'FireFox', '192.168.143.1'),
(103023, 1, 'Pagina', 'ComponenteAltaInsercion', '', 1359096664, 'FireFox', '192.168.143.1'),
(103024, 1, 'Pagina', 'ComponenteListado', '', 1359096664, 'FireFox', '192.168.143.1'),
(103025, 1, 'Pagina', 'ComponenteAlta', '', 1359096981, 'FireFox', '192.168.143.1'),
(103026, 1, 'Pagina', 'ComponenteAltaInsercion', '', 1359097020, 'FireFox', '192.168.143.1'),
(103027, 1, 'Pagina', 'ComponenteListado', '', 1359097020, 'FireFox', '192.168.143.1'),
(103028, 1, 'Pagina', 'PaginaListado', '', 1359097023, 'FireFox', '192.168.143.1'),
(103029, 1, 'Pagina', 'PaginaAlta', '', 1359097033, 'FireFox', '192.168.143.1'),
(103030, 1, 'Pagina', 'PaginaAltaInsercion', '', 1359097048, 'FireFox', '192.168.143.1'),
(103031, 1, 'Pagina', 'ComponenteListado', '', 1359097048, 'FireFox', '192.168.143.1'),
(103032, 1, 'Pagina', 'ComponenteAlta', '', 1359097072, 'FireFox', '192.168.143.1'),
(103033, 1, 'Pagina', 'ComponenteAltaInsercion', '', 1359097108, 'FireFox', '192.168.143.1'),
(103034, 1, 'Pagina', 'ComponenteListado', '', 1359097108, 'FireFox', '192.168.143.1'),
(103035, 1, 'Pagina', 'ComponenteAlta', '', 1359097114, 'FireFox', '192.168.143.1'),
(103036, 1, 'Pagina', 'ComponenteAltaInsercion', '', 1359097127, 'FireFox', '192.168.143.1'),
(103037, 1, 'Pagina', 'ComponenteListado', '', 1359097127, 'FireFox', '192.168.143.1'),
(103038, 1, 'Pagina', 'ComponenteAlta', '', 1359097132, 'FireFox', '192.168.143.1'),
(103039, 1, 'Pagina', 'ComponenteAltaInsercion', '', 1359097148, 'FireFox', '192.168.143.1'),
(103040, 1, 'Pagina', 'ComponenteListado', '', 1359097148, 'FireFox', '192.168.143.1'),
(103041, 1, 'Pagina', 'ComponenteAlta', '', 1359097151, 'FireFox', '192.168.143.1'),
(103042, 1, 'Pagina', 'ComponenteAltaInsercion', '', 1359097160, 'FireFox', '192.168.143.1'),
(103043, 1, 'Pagina', 'ComponenteListado', '', 1359097160, 'FireFox', '192.168.143.1'),
(103044, 1, 'Pagina', 'ComponenteAlta', '', 1359097165, 'FireFox', '192.168.143.1'),
(103045, 1, 'Pagina', 'ComponenteAltaInsercion', '', 1359097171, 'FireFox', '192.168.143.1'),
(103046, 1, 'Pagina', 'ComponenteListado', '', 1359097171, 'FireFox', '192.168.143.1'),
(103047, 1, 'Pagina', 'ComponenteAlta', '', 1359097174, 'FireFox', '192.168.143.1'),
(103048, 1, 'Pagina', 'ComponenteAltaInsercion', '', 1359097184, 'FireFox', '192.168.143.1'),
(103049, 1, 'Pagina', 'ComponenteListado', '', 1359097184, 'FireFox', '192.168.143.1'),
(103050, 1, 'Pagina', 'ComponenteModificacion', '', 1359097185, 'FireFox', '192.168.143.1'),
(103051, 1, 'Pagina', 'ComponenteModificacionInsercion', '', 1359097189, 'FireFox', '192.168.143.1'),
(103052, 1, 'Pagina', 'ComponenteListado', '', 1359097189, 'FireFox', '192.168.143.1'),
(103053, 1, 'Pagina', 'PaginaListado', '', 1359097190, 'FireFox', '192.168.143.1'),
(103054, 1, 'Pagina', 'PaginaAlta', '', 1359097201, 'FireFox', '192.168.143.1'),
(103055, 1, 'Pagina', 'PaginaAltaInsercion', '', 1359097257, 'FireFox', '192.168.143.1'),
(103056, 1, 'Pagina', 'ComponenteListado', '', 1359097257, 'FireFox', '192.168.143.1'),
(103057, 1, 'Pagina', 'ComponenteAlta', '', 1359097262, 'FireFox', '192.168.143.1'),
(103058, 1, 'Pagina', 'ComponenteAltaInsercion', '', 1359097280, 'FireFox', '192.168.143.1'),
(103059, 1, 'Pagina', 'ComponenteListado', '', 1359097280, 'FireFox', '192.168.143.1'),
(103060, 1, 'Pagina', 'ComponenteAlta', '', 1359097282, 'FireFox', '192.168.143.1'),
(103061, 1, 'Pagina', 'ComponenteAltaInsercion', '', 1359097292, 'FireFox', '192.168.143.1'),
(103062, 1, 'Pagina', 'ComponenteListado', '', 1359097292, 'FireFox', '192.168.143.1'),
(103063, 1, 'Pagina', 'ComponenteAlta', '', 1359097304, 'FireFox', '192.168.143.1'),
(103064, 1, 'Pagina', 'ComponenteListado', '', 1359097404, 'FireFox', '192.168.143.1'),
(103065, 1, 'Pagina', 'ComponenteAlta', '', 1359097408, 'FireFox', '192.168.143.1'),
(103066, 1, 'Pagina', 'ComponenteAltaInsercion', '', 1359097430, 'FireFox', '192.168.143.1'),
(103067, 1, 'Pagina', 'ComponenteListado', '', 1359097430, 'FireFox', '192.168.143.1'),
(103068, 1, 'Pagina', 'PaginaListado', '', 1359097434, 'FireFox', '192.168.143.1'),
(103069, 1, 'Pagina', 'PaginaAlta', '', 1359097443, 'FireFox', '192.168.143.1'),
(103070, 1, 'Pagina', 'PaginaAltaInsercion', '', 1359097464, 'FireFox', '192.168.143.1'),
(103071, 1, 'Pagina', 'ComponenteListado', '', 1359097465, 'FireFox', '192.168.143.1'),
(103072, 1, 'Pagina', 'ComponenteAlta', '', 1359097471, 'FireFox', '192.168.143.1'),
(103073, 1, 'Pagina', 'ComponenteAltaInsercion', '', 1359097486, 'FireFox', '192.168.143.1'),
(103074, 1, 'Pagina', 'ComponenteListado', '', 1359097486, 'FireFox', '192.168.143.1'),
(103075, 1, 'Pagina', 'ComponenteAlta', '', 1359097489, 'FireFox', '192.168.143.1'),
(103076, 1, 'Pagina', 'ComponenteAltaInsercion', '', 1359097498, 'FireFox', '192.168.143.1'),
(103077, 1, 'Pagina', 'ComponenteListado', '', 1359097498, 'FireFox', '192.168.143.1'),
(103078, 1, 'Pagina', 'ComponenteAlta', '', 1359097515, 'FireFox', '192.168.143.1'),
(103079, 1, 'Pagina', 'ComponenteAltaInsercion', '', 1359097547, 'FireFox', '192.168.143.1'),
(103080, 1, 'Pagina', 'ComponenteListado', '', 1359097547, 'FireFox', '192.168.143.1'),
(103081, 1, 'Pagina', 'PaginaListado', '', 1359097653, 'FireFox', '192.168.143.1'),
(103082, 1, 'Pagina', 'PaginaAlta', '', 1359097665, 'FireFox', '192.168.143.1'),
(103083, 1, 'Pagina', 'PaginaAltaInsercion', '', 1359097695, 'FireFox', '192.168.143.1'),
(103084, 1, 'Pagina', 'ComponenteListado', '', 1359097695, 'FireFox', '192.168.143.1'),
(103085, 1, 'Pagina', 'ComponenteAlta', '', 1359097703, 'FireFox', '192.168.143.1'),
(103086, 1, 'Pagina', 'ComponenteListado', '', 1359097719, 'FireFox', '192.168.143.1'),
(103087, 1, 'Pagina', 'ComponenteAlta', '', 1359097722, 'FireFox', '192.168.143.1'),
(103088, 1, 'Pagina', 'ComponenteAltaInsercion', '', 1359097746, 'FireFox', '192.168.143.1'),
(103089, 1, 'Pagina', 'ComponenteListado', '', 1359097746, 'FireFox', '192.168.143.1'),
(103090, 1, 'Pagina', 'ComponenteAlta', '', 1359097753, 'FireFox', '192.168.143.1'),
(103091, 1, 'Pagina', 'ComponenteListado', '', 1359097763, 'FireFox', '192.168.143.1'),
(103092, 1, 'Pagina', 'ComponenteAlta', '', 1359097765, 'FireFox', '192.168.143.1'),
(103093, 1, 'Pagina', 'ComponenteListado', '', 1359097767, 'FireFox', '192.168.143.1'),
(103094, 1, 'Pagina', 'ComponenteAlta', '', 1359097770, 'FireFox', '192.168.143.1'),
(103095, 1, 'Pagina', 'ComponenteAltaInsercion', '', 1359097783, 'FireFox', '192.168.143.1'),
(103096, 1, 'Pagina', 'ComponenteListado', '', 1359097785, 'FireFox', '192.168.143.1'),
(103097, 1, 'Pagina', 'ComponenteAlta', '', 1359097793, 'FireFox', '192.168.143.1'),
(103098, 1, 'Pagina', 'ComponenteAltaInsercion', '', 1359097809, 'FireFox', '192.168.143.1'),
(103099, 1, 'Pagina', 'ComponenteListado', '', 1359097809, 'FireFox', '192.168.143.1'),
(103100, 1, 'Pagina', 'ComponenteAlta', '', 1359097814, 'FireFox', '192.168.143.1'),
(103101, 1, 'Pagina', 'ComponenteListado', '', 1359097821, 'FireFox', '192.168.143.1'),
(103102, 1, 'Pagina', 'ComponenteBaja', '', 1359097829, 'FireFox', '192.168.143.1'),
(103103, 1, 'Pagina', 'ComponenteListado', '', 1359097829, 'FireFox', '192.168.143.1'),
(103104, 1, 'Pagina', 'ComponenteBaja', '', 1359097832, 'FireFox', '192.168.143.1'),
(103105, 1, 'Pagina', 'ComponenteListado', '', 1359097832, 'FireFox', '192.168.143.1'),
(103106, 1, 'Pagina', 'ComponenteAlta', '', 1359097839, 'FireFox', '192.168.143.1'),
(103107, 1, 'Pagina', 'ComponenteAltaInsercion', '', 1359097849, 'FireFox', '192.168.143.1'),
(103108, 1, 'Pagina', 'ComponenteListado', '', 1359097849, 'FireFox', '192.168.143.1'),
(103109, 1, 'Pagina', 'ComponenteAlta', '', 1359097864, 'FireFox', '192.168.143.1'),
(103110, 1, 'Pagina', 'ComponenteAltaInsercion', '', 1359097870, 'FireFox', '192.168.143.1'),
(103111, 1, 'Pagina', 'ComponenteListado', '', 1359097871, 'FireFox', '192.168.143.1'),
(103112, 1, 'Pagina', 'ComponenteAlta', '', 1359097880, 'FireFox', '192.168.143.1'),
(103113, 1, 'Pagina', 'ComponenteAltaInsercion', '', 1359097893, 'FireFox', '192.168.143.1'),
(103114, 1, 'Pagina', 'ComponenteListado', '', 1359097894, 'FireFox', '192.168.143.1'),
(103115, 1, 'Pagina', 'PaginaListado', '', 1359097911, 'FireFox', '192.168.143.1'),
(103116, 1, 'Pagina', 'PaginaAlta', '', 1359097917, 'FireFox', '192.168.143.1'),
(103117, 1, 'Pagina', 'PaginaListado', '', 1359098159, 'FireFox', '192.168.143.1'),
(103118, 1, 'Pagina', 'PaginaAlta', '', 1359098164, 'FireFox', '192.168.143.1'),
(103119, 1, 'Pagina', 'PaginaAltaInsercion', '', 1359098194, 'FireFox', '192.168.143.1'),
(103120, 1, 'Pagina', 'ComponenteListado', '', 1359098194, 'FireFox', '192.168.143.1'),
(103121, 1, 'Pagina', 'ComponenteAlta', '', 1359098209, 'FireFox', '192.168.143.1'),
(103122, 1, 'Pagina', 'ComponenteAltaInsercion', '', 1359098222, 'FireFox', '192.168.143.1'),
(103123, 1, 'Pagina', 'ComponenteListado', '', 1359098222, 'FireFox', '192.168.143.1'),
(103124, 1, 'Pagina', 'ComponenteAlta', '', 1359098227, 'FireFox', '192.168.143.1'),
(103125, 1, 'Pagina', 'ComponenteAltaInsercion', '', 1359098235, 'FireFox', '192.168.143.1'),
(103126, 1, 'Pagina', 'ComponenteListado', '', 1359098236, 'FireFox', '192.168.143.1'),
(103127, 1, 'Pagina', 'PaginaListado', '', 1359098554, 'FireFox', '192.168.143.1'),
(103128, 1, 'Pagina', 'PaginaAlta', '', 1359098566, 'FireFox', '192.168.143.1'),
(103129, 1, 'Pagina', 'PaginaAltaInsercion', '', 1359098670, 'FireFox', '192.168.143.1'),
(103130, 1, 'Pagina', 'ComponenteListado', '', 1359098670, 'FireFox', '192.168.143.1'),
(103131, 1, 'Pagina', 'ComponenteAlta', '', 1359098680, 'FireFox', '192.168.143.1'),
(103132, 1, 'Pagina', 'ComponenteAltaInsercion', '', 1359098786, 'FireFox', '192.168.143.1'),
(103133, 1, 'Pagina', 'ComponenteListado', '', 1359098786, 'FireFox', '192.168.143.1'),
(103134, 1, 'Pagina', 'ComponenteAlta', '', 1359098796, 'FireFox', '192.168.143.1'),
(103135, 1, 'Pagina', 'ComponenteAltaInsercion', '', 1359098814, 'FireFox', '192.168.143.1'),
(103136, 1, 'Pagina', 'ComponenteListado', '', 1359098814, 'FireFox', '192.168.143.1'),
(103137, 1, 'Pagina', 'ComponenteAlta', '', 1359098822, 'FireFox', '192.168.143.1'),
(103138, 1, 'Pagina', 'ComponenteAltaInsercion', '', 1359098842, 'FireFox', '192.168.143.1'),
(103139, 1, 'Pagina', 'ComponenteListado', '', 1359098842, 'FireFox', '192.168.143.1'),
(103140, 1, 'Pagina', 'PaginaListado', '', 1359098920, 'FireFox', '192.168.143.1'),
(103141, 1, 'Pagina', 'ComponenteListado', '', 1359098965, 'FireFox', '192.168.143.1'),
(103142, 1, 'Pagina', 'ComponenteAlta', '', 1359098974, 'FireFox', '192.168.143.1'),
(103143, 1, 'Pagina', 'ComponenteAltaInsercion', '', 1359098992, 'FireFox', '192.168.143.1'),
(103144, 1, 'Pagina', 'ComponenteListado', '', 1359098992, 'FireFox', '192.168.143.1'),
(103145, 1, 'Pagina', 'ComponenteAlta', '', 1359098997, 'FireFox', '192.168.143.1'),
(103146, 1, 'Pagina', 'ComponenteAltaInsercion', '', 1359099008, 'FireFox', '192.168.143.1'),
(103147, 1, 'Pagina', 'ComponenteListado', '', 1359099008, 'FireFox', '192.168.143.1'),
(103148, 1, 'Pagina', 'PaginaListado', '', 1359099358, 'FireFox', '192.168.143.1'),
(103149, 1, 'Pagina', 'ComponenteListado', '', 1359099652, 'FireFox', '192.168.143.1'),
(103150, 1, 'Pagina', 'ComponenteAlta', '', 1359099659, 'FireFox', '192.168.143.1'),
(103151, 1, 'Pagina', 'ComponenteAltaInsercion', '', 1359099699, 'FireFox', '192.168.143.1'),
(103152, 1, 'Pagina', 'ComponenteListado', '', 1359099700, 'FireFox', '192.168.143.1'),
(103153, 1, 'Pagina', 'PaginaListado', '', 1359099885, 'FireFox', '192.168.143.1'),
(103154, 1, 'Pagina', 'PaginaAlta', '', 1359099895, 'FireFox', '192.168.143.1'),
(103155, 1, 'Pagina', 'PaginaAltaInsercion', '', 1359099908, 'FireFox', '192.168.143.1'),
(103156, 1, 'Pagina', 'ComponenteListado', '', 1359099908, 'FireFox', '192.168.143.1'),
(103157, 1, 'Pagina', 'PaginaListado', '', 1359100063, 'FireFox', '192.168.143.1'),
(103158, 1, 'Pagina', 'ComponenteListado', '', 1359100080, 'FireFox', '192.168.143.1'),
(103159, 1, 'Pagina', 'ComponenteAlta', '', 1359100102, 'FireFox', '192.168.143.1'),
(103160, 1, 'Pagina', 'ComponenteAltaInsercion', '', 1359100137, 'FireFox', '192.168.143.1'),
(103161, 1, 'Pagina', 'ComponenteListado', '', 1359100137, 'FireFox', '192.168.143.1'),
(103162, 1, 'Pagina', 'PaginaListado', '', 1359100141, 'FireFox', '192.168.143.1'),
(103163, 1, 'Pagina', 'ComponenteListado', '', 1359100167, 'FireFox', '192.168.143.1'),
(103164, 1, 'Pagina', 'PaginaListado', '', 1359100211, 'FireFox', '192.168.143.1'),
(103165, 1, 'Pagina', 'ComponenteListado', '', 1359100309, 'FireFox', '192.168.143.1'),
(103166, 1, 'Pagina', 'ComponenteAlta', '', 1359100316, 'FireFox', '192.168.143.1'),
(103167, 1, 'Pagina', 'ComponenteAltaInsercion', '', 1359100341, 'FireFox', '192.168.143.1'),
(103168, 1, 'Pagina', 'ComponenteListado', '', 1359100341, 'FireFox', '192.168.143.1'),
(103169, 1, 'Pagina', 'ComponenteAlta', '', 1359100455, 'FireFox', '192.168.143.1'),
(103170, 1, 'Pagina', 'ComponenteAltaInsercion', '', 1359100479, 'FireFox', '192.168.143.1'),
(103171, 1, 'Pagina', 'ComponenteListado', '', 1359100479, 'FireFox', '192.168.143.1'),
(103172, 1, 'Pagina', 'ComponenteAlta', '', 1359100487, 'FireFox', '192.168.143.1'),
(103173, 1, 'Pagina', 'ComponenteAltaInsercion', '', 1359100521, 'FireFox', '192.168.143.1'),
(103174, 1, 'Pagina', 'ComponenteListado', '', 1359100521, 'FireFox', '192.168.143.1'),
(103175, 1, 'Pagina', 'ComponenteAlta', '', 1359100530, 'FireFox', '192.168.143.1'),
(103176, 1, 'Pagina', 'ComponenteAltaInsercion', '', 1359100547, 'FireFox', '192.168.143.1'),
(103177, 1, 'Pagina', 'ComponenteListado', '', 1359100547, 'FireFox', '192.168.143.1'),
(103178, 1, 'Pagina', 'ComponenteAlta', '', 1359100554, 'FireFox', '192.168.143.1'),
(103179, 1, 'Pagina', 'ComponenteAltaInsercion', '', 1359100587, 'FireFox', '192.168.143.1'),
(103180, 1, 'Pagina', 'ComponenteListado', '', 1359100587, 'FireFox', '192.168.143.1'),
(103181, 1, 'Pagina', 'ComponenteAlta', '', 1359100596, 'FireFox', '192.168.143.1'),
(103182, 1, 'Pagina', 'ComponenteListado', '', 1359100601, 'FireFox', '192.168.143.1'),
(103183, 1, 'Pagina', 'ComponenteAlta', '', 1359100604, 'FireFox', '192.168.143.1'),
(103184, 1, 'Pagina', 'ComponenteAltaInsercion', '', 1359100620, 'FireFox', '192.168.143.1'),
(103185, 1, 'Pagina', 'ComponenteListado', '', 1359100620, 'FireFox', '192.168.143.1'),
(103186, 1, 'Pagina', 'ComponenteModificacion', '', 1359100622, 'FireFox', '192.168.143.1'),
(103187, 1, 'Pagina', 'ComponenteModificacionInsercion', '', 1359100633, 'FireFox', '192.168.143.1'),
(103188, 1, 'Pagina', 'ComponenteListado', '', 1359100634, 'FireFox', '192.168.143.1'),
(103189, 1, 'Pagina', 'ComponenteAlta', '', 1359100862, 'FireFox', '192.168.143.1'),
(103190, 1, 'Pagina', 'ComponenteAltaInsercion', '', 1359100874, 'FireFox', '192.168.143.1'),
(103191, 1, 'Pagina', 'ComponenteListado', '', 1359100874, 'FireFox', '192.168.143.1'),
(103192, 1, 'Pagina', 'PaginaListado', '', 1359101064, 'FireFox', '192.168.143.1'),
(103193, 1, 'Pagina', 'PaginaAlta', '', 1359101071, 'FireFox', '192.168.143.1'),
(103194, 1, 'Pagina', 'PaginaAltaInsercion', '', 1359101082, 'FireFox', '192.168.143.1'),
(103195, 1, 'Pagina', 'ComponenteListado', '', 1359101082, 'FireFox', '192.168.143.1'),
(103196, 1, 'Pagina', 'ComponenteAlta', '', 1359101086, 'FireFox', '192.168.143.1'),
(103197, 1, 'Pagina', 'ComponenteAltaInsercion', '', 1359101118, 'FireFox', '192.168.143.1'),
(103198, 1, 'Pagina', 'ComponenteListado', '', 1359101118, 'FireFox', '192.168.143.1'),
(103199, 1, 'Pagina', 'ComponenteAlta', '', 1359101128, 'FireFox', '192.168.143.1'),
(103200, 1, 'Pagina', 'ComponenteAltaInsercion', '', 1359101139, 'FireFox', '192.168.143.1'),
(103201, 1, 'Pagina', 'ComponenteListado', '', 1359101139, 'FireFox', '192.168.143.1'),
(103202, 1, 'Pagina', 'ComponenteAlta', '', 1359101144, 'FireFox', '192.168.143.1'),
(103203, 1, 'Pagina', 'ComponenteAltaInsercion', '', 1359101156, 'FireFox', '192.168.143.1'),
(103204, 1, 'Pagina', 'ComponenteListado', '', 1359101156, 'FireFox', '192.168.143.1'),
(103205, 1, 'Pagina', 'ComponenteAlta', '', 1359101160, 'FireFox', '192.168.143.1'),
(103206, 1, 'Pagina', 'ComponenteAltaInsercion', '', 1359101169, 'FireFox', '192.168.143.1'),
(103207, 1, 'Pagina', 'ComponenteListado', '', 1359101169, 'FireFox', '192.168.143.1'),
(103208, 1, 'Pagina', 'ComponenteAlta', '', 1359101173, 'FireFox', '192.168.143.1'),
(103209, 1, 'Pagina', 'ComponenteAltaInsercion', '', 1359101183, 'FireFox', '192.168.143.1'),
(103210, 1, 'Pagina', 'ComponenteListado', '', 1359101183, 'FireFox', '192.168.143.1'),
(103211, 1, 'Pagina', 'ComponenteAlta', '', 1359101185, 'FireFox', '192.168.143.1'),
(103212, 1, 'Pagina', 'ComponenteAltaInsercion', '', 1359101189, 'FireFox', '192.168.143.1'),
(103213, 1, 'Pagina', 'ComponenteListado', '', 1359101189, 'FireFox', '192.168.143.1'),
(103214, 1, 'Pagina', 'PaginaListado', '', 1359101203, 'FireFox', '192.168.143.1'),
(103215, 1, 'Pagina', 'ComponenteListado', '', 1359101207, 'FireFox', '192.168.143.1'),
(103216, 1, 'Pagina', 'ComponenteAlta', '', 1359101210, 'FireFox', '192.168.143.1'),
(103217, 1, 'Pagina', 'ComponenteListado', '', 1359101212, 'FireFox', '192.168.143.1'),
(103218, 1, 'Pagina', 'ComponenteAlta', '', 1359101216, 'FireFox', '192.168.143.1'),
(103219, 1, 'Pagina', 'ComponenteListado', '', 1359101218, 'FireFox', '192.168.143.1'),
(103220, 1, 'Pagina', 'ComponenteAlta', '', 1359101222, 'FireFox', '192.168.143.1'),
(103221, 1, 'Pagina', 'ComponenteAltaInsercion', '', 1359101229, 'FireFox', '192.168.143.1'),
(103222, 1, 'Pagina', 'ComponenteListado', '', 1359101230, 'FireFox', '192.168.143.1'),
(103223, 1, 'Pagina', 'ComponenteListado', '', 1359101233, 'FireFox', '192.168.143.1'),
(103224, 1, 'Pagina', 'PaginaListado', '', 1359101241, 'FireFox', '192.168.143.1'),
(103225, 1, 'Pagina', 'PaginaAlta', '', 1359101251, 'FireFox', '192.168.143.1'),
(103226, 1, 'Pagina', 'PaginaAltaInsercion', '', 1359101293, 'FireFox', '192.168.143.1'),
(103227, 1, 'Pagina', 'ComponenteListado', '', 1359101293, 'FireFox', '192.168.143.1'),
(103228, 1, 'Pagina', 'ComponenteAlta', '', 1359101302, 'FireFox', '192.168.143.1'),
(103229, 1, 'Pagina', 'ComponenteAltaInsercion', '', 1359101325, 'FireFox', '192.168.143.1'),
(103230, 1, 'Pagina', 'ComponenteListado', '', 1359101325, 'FireFox', '192.168.143.1'),
(103231, 1, 'Pagina', 'ComponenteAlta', '', 1359101328, 'FireFox', '192.168.143.1'),
(103232, 1, 'Pagina', 'ComponenteAltaInsercion', '', 1359101336, 'FireFox', '192.168.143.1'),
(103233, 1, 'Pagina', 'ComponenteListado', '', 1359101336, 'FireFox', '192.168.143.1'),
(103234, 1, 'Pagina', 'ComponenteAlta', '', 1359101345, 'FireFox', '192.168.143.1'),
(103235, 1, 'Pagina', 'ComponenteAltaInsercion', '', 1359101360, 'FireFox', '192.168.143.1'),
(103236, 1, 'Pagina', 'ComponenteListado', '', 1359101360, 'FireFox', '192.168.143.1'),
(103237, 1, 'Pagina', 'ComponenteAlta', '', 1359101364, 'FireFox', '192.168.143.1'),
(103238, 1, 'Pagina', 'ComponenteAltaInsercion', '', 1359101384, 'FireFox', '192.168.143.1'),
(103239, 1, 'Pagina', 'ComponenteListado', '', 1359101384, 'FireFox', '192.168.143.1'),
(103240, 1, 'Pagina', 'PaginaListado', '', 1359101397, 'FireFox', '192.168.143.1'),
(103241, 1, 'Pagina', 'PaginaAlta', '', 1359101408, 'FireFox', '192.168.143.1'),
(103242, 1, 'Pagina', 'PaginaAltaInsercion', '', 1359101426, 'FireFox', '192.168.143.1'),
(103243, 1, 'Pagina', 'ComponenteListado', '', 1359101426, 'FireFox', '192.168.143.1'),
(103244, 1, 'Pagina', 'ComponenteAlta', '', 1359101429, 'FireFox', '192.168.143.1'),
(103245, 1, 'Pagina', 'ComponenteAltaInsercion', '', 1359101442, 'FireFox', '192.168.143.1'),
(103246, 1, 'Pagina', 'ComponenteListado', '', 1359101442, 'FireFox', '192.168.143.1'),
(103247, 1, 'Pagina', 'ComponenteAlta', '', 1359101445, 'FireFox', '192.168.143.1'),
(103248, 1, 'Pagina', 'ComponenteAltaInsercion', '', 1359101454, 'FireFox', '192.168.143.1'),
(103249, 1, 'Pagina', 'ComponenteListado', '', 1359101454, 'FireFox', '192.168.143.1'),
(103250, 1, 'Pagina', 'ComponenteAlta', '', 1359101459, 'FireFox', '192.168.143.1'),
(103251, 1, 'Pagina', 'ComponenteAltaInsercion', '', 1359101473, 'FireFox', '192.168.143.1'),
(103252, 1, 'Pagina', 'ComponenteListado', '', 1359101473, 'FireFox', '192.168.143.1'),
(103253, 1, 'Pagina', 'PaginaListado', '', 1359101625, 'FireFox', '192.168.143.1'),
(103254, 1, 'Pagina', 'ComponenteListado', '', 1359102257, 'FireFox', '192.168.143.1'),
(103255, 1, 'Pagina', 'ComponenteModificacion', '', 1359102271, 'FireFox', '192.168.143.1'),
(103256, 1, 'Pagina', 'ComponenteListado', '', 1359102273, 'FireFox', '192.168.143.1'),
(103257, 1, 'Pagina', 'PaginaListado', '', 1359102618, 'FireFox', '192.168.143.1'),
(103258, 1, 'Pagina', 'PaginaAlta', '', 1359102708, 'FireFox', '192.168.143.1'),
(103259, 1, 'Pagina', 'PaginaAltaInsercion', '', 1359102718, 'FireFox', '192.168.143.1'),
(103260, 1, 'Pagina', 'ComponenteListado', '', 1359102718, 'FireFox', '192.168.143.1'),
(103261, 1, 'Pagina', 'ComponenteAlta', '', 1359102734, 'FireFox', '192.168.143.1'),
(103262, 1, 'Pagina', 'ComponenteAltaInsercion', '', 1359102747, 'FireFox', '192.168.143.1'),
(103263, 1, 'Pagina', 'ComponenteListado', '', 1359102747, 'FireFox', '192.168.143.1'),
(103264, 1, 'Pagina', 'ComponenteAlta', '', 1359102758, 'FireFox', '192.168.143.1'),
(103265, 1, 'Pagina', 'ComponenteAltaInsercion', '', 1359102804, 'FireFox', '192.168.143.1'),
(103266, 1, 'Pagina', 'ComponenteListado', '', 1359102804, 'FireFox', '192.168.143.1'),
(103267, 1, 'Pagina', 'ComponenteAlta', '', 1359103144, 'FireFox', '192.168.143.1'),
(103268, 1, 'Pagina', 'ComponenteAltaInsercion', '', 1359103155, 'FireFox', '192.168.143.1'),
(103269, 1, 'Pagina', 'ComponenteListado', '', 1359103155, 'FireFox', '192.168.143.1'),
(103270, 1, 'Pagina', 'ComponenteModificacion', '', 1359103157, 'FireFox', '192.168.143.1'),
(103271, 1, 'Pagina', 'ComponenteModificacionInsercion', '', 1359103166, 'FireFox', '192.168.143.1'),
(103272, 1, 'Pagina', 'ComponenteListado', '', 1359103166, 'FireFox', '192.168.143.1'),
(103273, 1, 'Pagina', 'ComponenteModificacion', '', 1359103168, 'FireFox', '192.168.143.1'),
(103274, 1, 'Pagina', 'ComponenteModificacionInsercion', '', 1359103174, 'FireFox', '192.168.143.1'),
(103275, 1, 'Pagina', 'ComponenteListado', '', 1359103175, 'FireFox', '192.168.143.1'),
(103276, 1, 'Pagina', 'ComponenteAlta', '', 1359103184, 'FireFox', '192.168.143.1'),
(103277, 1, 'Pagina', 'ComponenteAltaInsercion', '', 1359103198, 'FireFox', '192.168.143.1'),
(103278, 1, 'Pagina', 'ComponenteListado', '', 1359103198, 'FireFox', '192.168.143.1'),
(103279, 1, 'Pagina', 'ComponenteAlta', '', 1359103220, 'FireFox', '192.168.143.1'),
(103280, 1, 'Pagina', 'ComponenteAltaInsercion', '', 1359103230, 'FireFox', '192.168.143.1'),
(103281, 1, 'Pagina', 'ComponenteListado', '', 1359103230, 'FireFox', '192.168.143.1'),
(103282, 1, 'Pagina', 'ComponenteAlta', '', 1359103233, 'FireFox', '192.168.143.1'),
(103283, 1, 'Pagina', 'ComponenteAltaInsercion', '', 1359103247, 'FireFox', '192.168.143.1'),
(103284, 1, 'Pagina', 'ComponenteListado', '', 1359103247, 'FireFox', '192.168.143.1'),
(103285, 1, 'Pagina', 'PaginaListado', '', 1359103251, 'FireFox', '192.168.143.1'),
(103286, 1, 'Pagina', 'ComponenteListado', '', 1359103258, 'FireFox', '192.168.143.1'),
(103287, 1, 'Pagina', 'ComponenteAlta', '', 1359103264, 'FireFox', '192.168.143.1'),
(103288, 1, 'Pagina', 'ComponenteAltaInsercion', '', 1359103273, 'FireFox', '192.168.143.1'),
(103289, 1, 'Pagina', 'ComponenteListado', '', 1359103273, 'FireFox', '192.168.143.1'),
(103290, 1, 'Pagina', 'ComponenteAlta', '', 1359103315, 'FireFox', '192.168.143.1'),
(103291, 1, 'Pagina', 'ComponenteListado', '', 1359103368, 'FireFox', '192.168.143.1'),
(103292, 1, 'Pagina', 'ComponenteAlta', '', 1359103373, 'FireFox', '192.168.143.1'),
(103293, 1, 'Pagina', 'ComponenteListado', '', 1359103381, 'FireFox', '192.168.143.1'),
(103294, 1, 'Pagina', 'ComponenteAlta', '', 1359103577, 'FireFox', '192.168.143.1'),
(103295, 1, 'Pagina', 'ComponenteAltaInsercion', '', 1359103593, 'FireFox', '192.168.143.1'),
(103296, 1, 'Pagina', 'ComponenteListado', '', 1359103593, 'FireFox', '192.168.143.1'),
(103297, 1, 'Pagina', 'ComponenteAlta', '', 1359103598, 'FireFox', '192.168.143.1'),
(103298, 1, 'Pagina', 'ComponenteAltaInsercion', '', 1359103611, 'FireFox', '192.168.143.1'),
(103299, 1, 'Pagina', 'ComponenteListado', '', 1359103611, 'FireFox', '192.168.143.1'),
(103300, 1, 'Pagina', 'ComponenteAlta', '', 1359103615, 'FireFox', '192.168.143.1'),
(103301, 1, 'Pagina', 'ComponenteAltaInsercion', '', 1359103635, 'FireFox', '192.168.143.1'),
(103302, 1, 'Pagina', 'ComponenteListado', '', 1359103635, 'FireFox', '192.168.143.1'),
(103303, 1, 'Pagina', 'ComponenteAlta', '', 1359103642, 'FireFox', '192.168.143.1'),
(103304, 1, 'Pagina', 'ComponenteAltaInsercion', '', 1359103653, 'FireFox', '192.168.143.1'),
(103305, 1, 'Pagina', 'ComponenteListado', '', 1359103653, 'FireFox', '192.168.143.1'),
(103306, 1, 'Pagina', 'ComponenteAlta', '', 1359103658, 'FireFox', '192.168.143.1'),
(103307, 1, 'Pagina', 'ComponenteAltaInsercion', '', 1359103671, 'FireFox', '192.168.143.1'),
(103308, 1, 'Pagina', 'ComponenteListado', '', 1359103671, 'FireFox', '192.168.143.1'),
(103309, 1, 'Pagina', 'ComponenteAlta', '', 1359103688, 'FireFox', '192.168.143.1'),
(103310, 1, 'Pagina', 'ComponenteAltaInsercion', '', 1359103714, 'FireFox', '192.168.143.1'),
(103311, 1, 'Pagina', 'ComponenteListado', '', 1359103714, 'FireFox', '192.168.143.1'),
(103312, 1, 'Pagina', 'ComponenteAlta', '', 1359103787, 'FireFox', '192.168.143.1'),
(103313, 1, 'Pagina', 'ComponenteAltaInsercion', '', 1359103839, 'FireFox', '192.168.143.1'),
(103314, 1, 'Pagina', 'ComponenteListado', '', 1359103839, 'FireFox', '192.168.143.1'),
(103315, 1, 'Pagina', 'PaginaListado', '', 1359103853, 'FireFox', '192.168.143.1'),
(103316, 1, 'Pagina', 'PaginaAlta', '', 1359103857, 'FireFox', '192.168.143.1'),
(103317, 1, 'Pagina', 'PaginaAltaInsercion', '', 1359103867, 'FireFox', '192.168.143.1'),
(103318, 1, 'Pagina', 'ComponenteListado', '', 1359103868, 'FireFox', '192.168.143.1'),
(103319, 1, 'Pagina', 'ComponenteAlta', '', 1359103911, 'FireFox', '192.168.143.1'),
(103320, 1, 'Pagina', 'ComponenteAltaInsercion', '', 1359103945, 'FireFox', '192.168.143.1'),
(103321, 1, 'Pagina', 'ComponenteListado', '', 1359103945, 'FireFox', '192.168.143.1'),
(103322, 1, 'Pagina', 'ComponenteAlta', '', 1359103951, 'FireFox', '192.168.143.1'),
(103323, 1, 'Pagina', 'ComponenteAltaInsercion', '', 1359103962, 'FireFox', '192.168.143.1'),
(103324, 1, 'Pagina', 'ComponenteListado', '', 1359103962, 'FireFox', '192.168.143.1'),
(103325, 1, 'Pagina', 'ComponenteAlta', '', 1359103965, 'FireFox', '192.168.143.1'),
(103326, 1, 'Pagina', 'ComponenteAltaInsercion', '', 1359103977, 'FireFox', '192.168.143.1'),
(103327, 1, 'Pagina', 'ComponenteListado', '', 1359103977, 'FireFox', '192.168.143.1'),
(103328, 1, 'Pagina', 'ComponenteAlta', '', 1359103981, 'FireFox', '192.168.143.1'),
(103329, 1, 'Pagina', 'ComponenteAltaInsercion', '', 1359103986, 'FireFox', '192.168.143.1'),
(103330, 1, 'Pagina', 'ComponenteListado', '', 1359103987, 'FireFox', '192.168.143.1'),
(103331, 1, 'Pagina', 'ComponenteAlta', '', 1359103990, 'FireFox', '192.168.143.1'),
(103332, 1, 'Pagina', 'ComponenteAltaInsercion', '', 1359103996, 'FireFox', '192.168.143.1'),
(103333, 1, 'Pagina', 'ComponenteListado', '', 1359103996, 'FireFox', '192.168.143.1'),
(103334, 1, 'Pagina', 'ComponenteAlta', '', 1359103999, 'FireFox', '192.168.143.1'),
(103335, 1, 'Pagina', 'ComponenteAltaInsercion', '', 1359104006, 'FireFox', '192.168.143.1'),
(103336, 1, 'Pagina', 'ComponenteListado', '', 1359104006, 'FireFox', '192.168.143.1'),
(103337, 1, 'Pagina', 'PaginaListado', '', 1359104013, 'FireFox', '192.168.143.1'),
(103338, 1, 'Pagina', 'PaginaAlta', '', 1359104017, 'FireFox', '192.168.143.1'),
(103339, 1, 'Pagina', 'PaginaAlta', '', 1359104031, 'FireFox', '192.168.143.1'),
(103340, 1, 'Pagina', 'PaginaListado', '', 1359104033, 'FireFox', '192.168.143.1'),
(103341, 1, 'Pagina', 'ComponenteListado', '', 1359104085, 'FireFox', '192.168.143.1'),
(103342, 1, 'Pagina', 'PaginaAltaInsercion', '', 1359104100, 'FireFox', '192.168.143.1'),
(103343, 1, 'Pagina', 'ComponenteListado', '', 1359104100, 'FireFox', '192.168.143.1'),
(103344, 1, 'Pagina', 'ComponenteAlta', '', 1359104105, 'FireFox', '192.168.143.1'),
(103345, 1, 'Pagina', 'ComponenteAltaInsercion', '', 1359104125, 'FireFox', '192.168.143.1'),
(103346, 1, 'Pagina', 'ComponenteListado', '', 1359104125, 'FireFox', '192.168.143.1'),
(103347, 1, 'Pagina', 'ComponenteAlta', '', 1359104129, 'FireFox', '192.168.143.1'),
(103348, 1, 'Pagina', 'ComponenteAltaInsercion', '', 1359104135, 'FireFox', '192.168.143.1'),
(103349, 1, 'Pagina', 'ComponenteListado', '', 1359104136, 'FireFox', '192.168.143.1'),
(103350, 1, 'Pagina', 'ComponenteAlta', '', 1359104142, 'FireFox', '192.168.143.1'),
(103351, 1, 'Pagina', 'ComponenteAltaInsercion', '', 1359104176, 'FireFox', '192.168.143.1'),
(103352, 1, 'Pagina', 'ComponenteListado', '', 1359104176, 'FireFox', '192.168.143.1'),
(103353, 1, 'Pagina', 'ComponenteBaja', '', 1359104182, 'FireFox', '192.168.143.1'),
(103354, 1, 'Pagina', 'ComponenteListado', '', 1359104182, 'FireFox', '192.168.143.1'),
(103355, 1, 'Pagina', 'ComponenteAlta', '', 1359104184, 'FireFox', '192.168.143.1'),
(103356, 1, 'Pagina', 'ComponenteAltaInsercion', '', 1359104196, 'FireFox', '192.168.143.1'),
(103357, 1, 'Pagina', 'ComponenteListado', '', 1359104196, 'FireFox', '192.168.143.1'),
(103358, 1, 'Pagina', 'ComponenteAlta', '', 1359104201, 'FireFox', '192.168.143.1'),
(103359, 1, 'Pagina', 'ComponenteAltaInsercion', '', 1359104212, 'FireFox', '192.168.143.1'),
(103360, 1, 'Pagina', 'ComponenteListado', '', 1359104212, 'FireFox', '192.168.143.1'),
(103361, 1, 'Pagina', 'PaginaListado', '', 1359104219, 'FireFox', '192.168.143.1'),
(103362, 1, 'Pagina', 'PaginaAlta', '', 1359104378, 'FireFox', '192.168.143.1'),
(103363, 1, 'Pagina', 'PaginaAltaInsercion', '', 1359104394, 'FireFox', '192.168.143.1'),
(103364, 1, 'Pagina', 'ComponenteListado', '', 1359104394, 'FireFox', '192.168.143.1'),
(103365, 1, 'Pagina', 'ComponenteAlta', '', 1359104409, 'FireFox', '192.168.143.1'),
(103366, 1, 'Pagina', 'ComponenteAltaInsercion', '', 1359104421, 'FireFox', '192.168.143.1'),
(103367, 1, 'Pagina', 'ComponenteListado', '', 1359104421, 'FireFox', '192.168.143.1'),
(103368, 1, 'Pagina', 'ComponenteAlta', '', 1359104426, 'FireFox', '192.168.143.1'),
(103369, 1, 'Pagina', 'ComponenteAltaInsercion', '', 1359104441, 'FireFox', '192.168.143.1'),
(103370, 1, 'Pagina', 'ComponenteListado', '', 1359104442, 'FireFox', '192.168.143.1'),
(103371, 1, 'Pagina', 'ComponenteAlta', '', 1359104450, 'FireFox', '192.168.143.1'),
(103372, 1, 'Pagina', 'ComponenteAltaInsercion', '', 1359104471, 'FireFox', '192.168.143.1'),
(103373, 1, 'Pagina', 'ComponenteListado', '', 1359104471, 'FireFox', '192.168.143.1'),
(103374, 1, 'Pagina', 'ComponenteAlta', '', 1359104474, 'FireFox', '192.168.143.1'),
(103375, 1, 'Pagina', 'ComponenteAltaInsercion', '', 1359104493, 'FireFox', '192.168.143.1'),
(103376, 1, 'Pagina', 'ComponenteListado', '', 1359104493, 'FireFox', '192.168.143.1'),
(103377, 1, 'Pagina', 'ComponenteModificacion', '', 1359104495, 'FireFox', '192.168.143.1'),
(103378, 1, 'Pagina', 'ComponenteModificacionInsercion', '', 1359104498, 'FireFox', '192.168.143.1'),
(103379, 1, 'Pagina', 'ComponenteListado', '', 1359104498, 'FireFox', '192.168.143.1'),
(103380, 1, 'Pagina', 'ComponenteAlta', '', 1359104537, 'FireFox', '192.168.143.1'),
(103381, 1, 'Pagina', 'ComponenteAltaInsercion', '', 1359104545, 'FireFox', '192.168.143.1'),
(103382, 1, 'Pagina', 'ComponenteListado', '', 1359104546, 'FireFox', '192.168.143.1'),
(103383, 1, 'Pagina', 'ComponenteAlta', '', 1359104571, 'FireFox', '192.168.143.1'),
(103384, 1, 'Pagina', 'ComponenteAltaInsercion', '', 1359104597, 'FireFox', '192.168.143.1'),
(103385, 1, 'Pagina', 'ComponenteListado', '', 1359104597, 'FireFox', '192.168.143.1'),
(103386, 1, 'Pagina', 'PaginaListado', '', 1359104603, 'FireFox', '192.168.143.1'),
(103387, 1, 'Pagina', 'PaginaAlta', '', 1359104608, 'FireFox', '192.168.143.1'),
(103388, 1, 'Pagina', 'PaginaAltaInsercion', '', 1359104624, 'FireFox', '192.168.143.1'),
(103389, 1, 'Pagina', 'ComponenteListado', '', 1359104624, 'FireFox', '192.168.143.1'),
(103390, 1, 'Pagina', 'ComponenteAlta', '', 1359104628, 'FireFox', '192.168.143.1'),
(103391, 1, 'Pagina', 'ComponenteAltaInsercion', '', 1359104646, 'FireFox', '192.168.143.1'),
(103392, 1, 'Pagina', 'ComponenteListado', '', 1359104646, 'FireFox', '192.168.143.1'),
(103393, 1, 'Pagina', 'ComponenteAlta', '', 1359104659, 'FireFox', '192.168.143.1'),
(103394, 1, 'Pagina', 'ComponenteAltaInsercion', '', 1359104671, 'FireFox', '192.168.143.1'),
(103395, 1, 'Pagina', 'ComponenteListado', '', 1359104671, 'FireFox', '192.168.143.1'),
(103396, 1, 'Pagina', 'ComponenteAlta', '', 1359104675, 'FireFox', '192.168.143.1'),
(103397, 1, 'Pagina', 'ComponenteAltaInsercion', '', 1359104686, 'FireFox', '192.168.143.1'),
(103398, 1, 'Pagina', 'ComponenteListado', '', 1359104686, 'FireFox', '192.168.143.1'),
(103399, 1, 'Pagina', 'ComponenteAlta', '', 1359104694, 'FireFox', '192.168.143.1'),
(103400, 1, 'Pagina', 'ComponenteAltaInsercion', '', 1359104701, 'FireFox', '192.168.143.1'),
(103401, 1, 'Pagina', 'ComponenteListado', '', 1359104701, 'FireFox', '192.168.143.1'),
(103402, 1, 'Pagina', 'ComponenteAlta', '', 1359104705, 'FireFox', '192.168.143.1'),
(103403, 1, 'Pagina', 'ComponenteAltaInsercion', '', 1359104711, 'FireFox', '192.168.143.1'),
(103404, 1, 'Pagina', 'ComponenteListado', '', 1359104711, 'FireFox', '192.168.143.1'),
(103405, 1, 'Pagina', 'PaginaListado', '', 1359104713, 'FireFox', '192.168.143.1'),
(103406, 1, 'Pagina', 'PaginaAlta', '', 1359104720, 'FireFox', '192.168.143.1'),
(103407, 1, 'Pagina', 'PaginaAltaInsercion', '', 1359104746, 'FireFox', '192.168.143.1'),
(103408, 1, 'Pagina', 'ComponenteListado', '', 1359104746, 'FireFox', '192.168.143.1'),
(103409, 1, 'Pagina', 'ComponenteAlta', '', 1359104760, 'FireFox', '192.168.143.1'),
(103410, 1, 'Pagina', 'ComponenteListado', '', 1359104765, 'FireFox', '192.168.143.1'),
(103411, 1, 'Pagina', 'ComponenteAlta', '', 1359104767, 'FireFox', '192.168.143.1'),
(103412, 1, 'Pagina', 'ComponenteListado', '', 1359104768, 'FireFox', '192.168.143.1'),
(103413, 1, 'Pagina', 'ComponenteAlta', '', 1359104773, 'FireFox', '192.168.143.1'),
(103414, 1, 'Pagina', 'ComponenteAltaInsercion', '', 1359104796, 'FireFox', '192.168.143.1'),
(103415, 1, 'Pagina', 'ComponenteListado', '', 1359104796, 'FireFox', '192.168.143.1'),
(103416, 1, 'Pagina', 'ComponenteAlta', '', 1359104802, 'FireFox', '192.168.143.1'),
(103417, 1, 'Pagina', 'ComponenteAltaInsercion', '', 1359104811, 'FireFox', '192.168.143.1'),
(103418, 1, 'Pagina', 'ComponenteListado', '', 1359104811, 'FireFox', '192.168.143.1'),
(103419, 1, 'Pagina', 'ComponenteAlta', '', 1359104815, 'FireFox', '192.168.143.1'),
(103420, 1, 'Pagina', 'ComponenteAltaInsercion', '', 1359104829, 'FireFox', '192.168.143.1'),
(103421, 1, 'Pagina', 'ComponenteListado', '', 1359104829, 'FireFox', '192.168.143.1'),
(103422, 1, 'Pagina', 'ComponenteAlta', '', 1359104833, 'FireFox', '192.168.143.1'),
(103423, 1, 'Pagina', 'ComponenteAltaInsercion', '', 1359104848, 'FireFox', '192.168.143.1'),
(103424, 1, 'Pagina', 'ComponenteListado', '', 1359104849, 'FireFox', '192.168.143.1'),
(103425, 1, 'Pagina', 'ComponenteAlta', '', 1359104857, 'FireFox', '192.168.143.1'),
(103426, 1, 'Pagina', 'ComponenteAltaInsercion', '', 1359104870, 'FireFox', '192.168.143.1'),
(103427, 1, 'Pagina', 'ComponenteListado', '', 1359104870, 'FireFox', '192.168.143.1'),
(103428, 1, 'Pagina', 'ComponenteAlta', '', 1359104876, 'FireFox', '192.168.143.1'),
(103429, 1, 'Pagina', 'ComponenteAltaInsercion', '', 1359104883, 'FireFox', '192.168.143.1'),
(103430, 1, 'Pagina', 'ComponenteListado', '', 1359104883, 'FireFox', '192.168.143.1'),
(103431, 1, 'Pagina', 'PaginaListado', '', 1359104886, 'FireFox', '192.168.143.1'),
(103432, 1, 'Pagina', 'PaginaAlta', '', 1359105277, 'FireFox', '192.168.143.1'),
(103433, 1, 'Pagina', 'PaginaAltaInsercion', '', 1359105292, 'FireFox', '192.168.143.1'),
(103434, 1, 'Pagina', 'ComponenteListado', '', 1359105292, 'FireFox', '192.168.143.1'),
(103435, 1, 'Pagina', 'ComponenteAlta', '', 1359105302, 'FireFox', '192.168.143.1'),
(103436, 1, 'Pagina', 'ComponenteAltaInsercion', '', 1359105311, 'FireFox', '192.168.143.1'),
(103437, 1, 'Pagina', 'ComponenteListado', '', 1359105311, 'FireFox', '192.168.143.1'),
(103438, 1, 'Pagina', 'ComponenteModificacion', '', 1359105313, 'FireFox', '192.168.143.1'),
(103439, 1, 'Pagina', 'ComponenteModificacionInsercion', '', 1359105316, 'FireFox', '192.168.143.1'),
(103440, 1, 'Pagina', 'ComponenteListado', '', 1359105316, 'FireFox', '192.168.143.1'),
(103441, 1, 'Pagina', 'ComponenteListado', '', 1359105326, 'FireFox', '192.168.143.1'),
(103442, 1, 'Pagina', 'PaginaListado', '', 1359105329, 'FireFox', '192.168.143.1'),
(103443, 1, 'Pagina', 'ComponenteListado', '', 1359105340, 'FireFox', '192.168.143.1'),
(103444, 1, 'Pagina', 'ComponenteModificacion', '', 1359105345, 'FireFox', '192.168.143.1'),
(103445, 1, 'Pagina', 'ComponenteAlta', '', 1359105351, 'FireFox', '192.168.143.1'),
(103446, 1, 'Pagina', 'ComponenteAltaInsercion', '', 1359105362, 'FireFox', '192.168.143.1'),
(103447, 1, 'Pagina', 'ComponenteListado', '', 1359105362, 'FireFox', '192.168.143.1'),
(103448, 1, 'Pagina', 'ComponenteListado', '', 1359105363, 'FireFox', '192.168.143.1'),
(103449, 1, 'Pagina', 'ComponenteAlta', '', 1359105374, 'FireFox', '192.168.143.1'),
(103450, 1, 'Pagina', 'ComponenteModificacion', '', 1359105395, 'FireFox', '192.168.143.1'),
(103451, 1, 'Pagina', 'ComponenteAltaInsercion', '', 1359105403, 'FireFox', '192.168.143.1'),
(103452, 1, 'Pagina', 'ComponenteListado', '', 1359105403, 'FireFox', '192.168.143.1'),
(103453, 1, 'Pagina', 'ComponenteListado', '', 1359105404, 'FireFox', '192.168.143.1'),
(103454, 1, 'Pagina', 'ComponenteAlta', '', 1359105409, 'FireFox', '192.168.143.1'),
(103455, 1, 'Pagina', 'ComponenteModificacion', '', 1359105431, 'FireFox', '192.168.143.1'),
(103456, 1, 'Pagina', 'ComponenteAltaInsercion', '', 1359105439, 'FireFox', '192.168.143.1'),
(103457, 1, 'Pagina', 'ComponenteListado', '', 1359105439, 'FireFox', '192.168.143.1'),
(103458, 1, 'Pagina', 'ComponenteListado', '', 1359105440, 'FireFox', '192.168.143.1'),
(103459, 1, 'Pagina', 'ComponenteAlta', '', 1359105445, 'FireFox', '192.168.143.1'),
(103460, 1, 'Pagina', 'ComponenteAltaInsercion', '', 1359105454, 'FireFox', '192.168.143.1'),
(103461, 1, 'Pagina', 'ComponenteListado', '', 1359105454, 'FireFox', '192.168.143.1'),
(103462, 1, 'Pagina', 'ComponenteAlta', '', 1359105459, 'FireFox', '192.168.143.1'),
(103463, 1, 'Pagina', 'ComponenteAltaInsercion', '', 1359105492, 'FireFox', '192.168.143.1'),
(103464, 1, 'Pagina', 'ComponenteListado', '', 1359105492, 'FireFox', '192.168.143.1'),
(103465, 1, 'Pagina', 'PaginaListado', '', 1359105495, 'FireFox', '192.168.143.1'),
(103466, 1, 'Pagina', 'PaginaListado', '', 1359105515, 'FireFox', '192.168.143.1'),
(103467, 1, 'Pagina', 'PaginaAlta', '', 1359105534, 'FireFox', '192.168.143.1'),
(103468, 1, 'Pagina', 'PaginaAltaInsercion', '', 1359105560, 'FireFox', '192.168.143.1'),
(103469, 1, 'Pagina', 'ComponenteListado', '', 1359105560, 'FireFox', '192.168.143.1'),
(103470, 1, 'Pagina', 'ComponenteAlta', '', 1359105566, 'FireFox', '192.168.143.1'),
(103471, 1, 'Pagina', 'ComponenteAltaInsercion', '', 1359105585, 'FireFox', '192.168.143.1'),
(103472, 1, 'Pagina', 'ComponenteListado', '', 1359105585, 'FireFox', '192.168.143.1'),
(103473, 1, 'Pagina', 'ComponenteAlta', '', 1359105589, 'FireFox', '192.168.143.1'),
(103474, 1, 'Pagina', 'ComponenteAltaInsercion', '', 1359105603, 'FireFox', '192.168.143.1'),
(103475, 1, 'Pagina', 'ComponenteListado', '', 1359105603, 'FireFox', '192.168.143.1'),
(103476, 1, 'Pagina', 'ComponenteAlta', '', 1359105608, 'FireFox', '192.168.143.1'),
(103477, 1, 'Pagina', 'ComponenteAltaInsercion', '', 1359105620, 'FireFox', '192.168.143.1'),
(103478, 1, 'Pagina', 'ComponenteListado', '', 1359105621, 'FireFox', '192.168.143.1'),
(103479, 1, 'Pagina', 'ComponenteAlta', '', 1359105623, 'FireFox', '192.168.143.1'),
(103480, 1, 'Pagina', 'ComponenteAltaInsercion', '', 1359105629, 'FireFox', '192.168.143.1');
INSERT INTO `kirke_log` (`id_log`, `id_usuario`, `elemento`, `pagina`, `nombre`, `hora`, `navegador`, `ip`) VALUES
(103481, 1, 'Pagina', 'ComponenteListado', '', 1359105630, 'FireFox', '192.168.143.1'),
(103482, 1, 'Pagina', 'ComponenteAlta', '', 1359105633, 'FireFox', '192.168.143.1'),
(103483, 1, 'Pagina', 'ComponenteAltaInsercion', '', 1359105643, 'FireFox', '192.168.143.1'),
(103484, 1, 'Pagina', 'ComponenteListado', '', 1359105643, 'FireFox', '192.168.143.1'),
(103485, 1, 'Pagina', 'ComponenteAlta', '', 1359105648, 'FireFox', '192.168.143.1'),
(103486, 1, 'Pagina', 'ComponenteAltaInsercion', '', 1359105654, 'FireFox', '192.168.143.1'),
(103487, 1, 'Pagina', 'ComponenteListado', '', 1359105654, 'FireFox', '192.168.143.1'),
(103488, 1, 'Pagina', 'PaginaListado', '', 1359105662, 'FireFox', '192.168.143.1'),
(103489, 1, 'Pagina', 'ComponenteListado', '', 1359105678, 'FireFox', '192.168.143.1'),
(103490, 1, 'Pagina', 'PaginaAlta', '', 1359105680, 'FireFox', '192.168.143.1'),
(103491, 1, 'Pagina', 'PaginaAltaInsercion', '', 1359105700, 'FireFox', '192.168.143.1'),
(103492, 1, 'Pagina', 'ComponenteListado', '', 1359105700, 'FireFox', '192.168.143.1'),
(103493, 1, 'Pagina', 'ComponenteAlta', '', 1359105709, 'FireFox', '192.168.143.1'),
(103494, 1, 'Pagina', 'ComponenteAltaInsercion', '', 1359105738, 'FireFox', '192.168.143.1'),
(103495, 1, 'Pagina', 'ComponenteListado', '', 1359105738, 'FireFox', '192.168.143.1'),
(103496, 1, 'Pagina', 'ComponenteAlta', '', 1359105742, 'FireFox', '192.168.143.1'),
(103497, 1, 'Pagina', 'ComponenteAltaInsercion', '', 1359105749, 'FireFox', '192.168.143.1'),
(103498, 1, 'Pagina', 'ComponenteListado', '', 1359105750, 'FireFox', '192.168.143.1'),
(103499, 1, 'Pagina', 'ComponenteAlta', '', 1359105759, 'FireFox', '192.168.143.1'),
(103500, 1, 'Pagina', 'ComponenteAltaInsercion', '', 1359105779, 'FireFox', '192.168.143.1'),
(103501, 1, 'Pagina', 'ComponenteListado', '', 1359105779, 'FireFox', '192.168.143.1'),
(103502, 1, 'Pagina', 'ComponenteAlta', '', 1359105784, 'FireFox', '192.168.143.1'),
(103503, 1, 'Pagina', 'ComponenteAltaInsercion', '', 1359105791, 'FireFox', '192.168.143.1'),
(103504, 1, 'Pagina', 'ComponenteListado', '', 1359105791, 'FireFox', '192.168.143.1'),
(103505, 1, 'Pagina', 'ComponenteAlta', '', 1359105796, 'FireFox', '192.168.143.1'),
(103506, 1, 'Pagina', 'ComponenteAltaInsercion', '', 1359105812, 'FireFox', '192.168.143.1'),
(103507, 1, 'Pagina', 'ComponenteListado', '', 1359105812, 'FireFox', '192.168.143.1'),
(103508, 1, 'Pagina', 'ComponenteAlta', '', 1359105814, 'FireFox', '192.168.143.1'),
(103509, 1, 'Pagina', 'ComponenteAltaInsercion', '', 1359105827, 'FireFox', '192.168.143.1'),
(103510, 1, 'Pagina', 'ComponenteListado', '', 1359105827, 'FireFox', '192.168.143.1'),
(103511, 1, 'Pagina', 'PaginaListado', '', 1359105829, 'FireFox', '192.168.143.1'),
(103512, 1, 'Pagina', 'Bienvenida', '', 1359121686, 'FireFox', '192.168.143.1'),
(103513, 1, 'Pagina', 'PaginaListado', '', 1359121688, 'FireFox', '192.168.143.1'),
(103514, 1, 'Pagina', 'PrefijoListado', '', 1359121756, 'FireFox', '192.168.143.1'),
(103515, 1, 'Pagina', 'PrefijoListado', '', 1359121789, 'FireFox', '192.168.143.1'),
(103516, 1, 'Pagina', 'PrefijoAlta', '', 1359121793, 'FireFox', '192.168.143.1'),
(103517, 1, 'Pagina', 'PrefijoAltaInsercion', '', 1359121808, 'FireFox', '192.168.143.1'),
(103518, 1, 'Pagina', 'PrefijoListado', '', 1359121808, 'FireFox', '192.168.143.1'),
(103519, 1, 'Pagina', 'PrefijoVer', '', 1359121810, 'FireFox', '192.168.143.1'),
(103520, 1, 'Pagina', 'PrefijoListado', '', 1359121812, 'FireFox', '192.168.143.1'),
(103521, 1, 'Pagina', 'PrefijoVer', '', 1359121813, 'FireFox', '192.168.143.1'),
(103522, 1, 'Pagina', 'PrefijoListado', '', 1359121815, 'FireFox', '192.168.143.1'),
(103523, 1, 'Pagina', 'PrefijoVer', '', 1359121816, 'FireFox', '192.168.143.1'),
(103524, 1, 'Pagina', 'PrefijoListado', '', 1359121817, 'FireFox', '192.168.143.1'),
(103525, 1, 'Pagina', 'PrefijoVer', '', 1359121819, 'FireFox', '192.168.143.1'),
(103526, 1, 'Pagina', 'PrefijoListado', '', 1359121820, 'FireFox', '192.168.143.1'),
(103527, 1, 'Pagina', 'PrefijoVer', '', 1359121841, 'FireFox', '192.168.143.1'),
(103528, 1, 'Pagina', 'PrefijoListado', '', 1359121916, 'FireFox', '192.168.143.1'),
(103529, 1, 'Pagina', 'PaginaListado', '', 1359121920, 'FireFox', '192.168.143.1'),
(103530, 1, 'Pagina', 'PaginaAlta', '', 1359121924, 'FireFox', '192.168.143.1'),
(103531, 1, 'Pagina', 'PaginaAltaInsercion', '', 1359121951, 'FireFox', '192.168.143.1'),
(103532, 1, 'Pagina', 'ComponenteListado', '', 1359121951, 'FireFox', '192.168.143.1'),
(103533, 1, 'Pagina', 'ComponenteAlta', '', 1359122032, 'FireFox', '192.168.143.1'),
(103534, 1, 'Pagina', 'ComponenteAltaInsercion', '', 1359122048, 'FireFox', '192.168.143.1'),
(103535, 1, 'Pagina', 'ComponenteListado', '', 1359122048, 'FireFox', '192.168.143.1'),
(103536, 1, 'Pagina', 'ComponenteAlta', '', 1359122051, 'FireFox', '192.168.143.1'),
(103537, 1, 'Pagina', 'ComponenteAltaInsercion', '', 1359122063, 'FireFox', '192.168.143.1'),
(103538, 1, 'Pagina', 'ComponenteListado', '', 1359122063, 'FireFox', '192.168.143.1'),
(103539, 1, 'Pagina', 'ComponenteAlta', '', 1359122067, 'FireFox', '192.168.143.1'),
(103540, 1, 'Pagina', 'ComponenteAltaInsercion', '', 1359122084, 'FireFox', '192.168.143.1'),
(103541, 1, 'Pagina', 'ComponenteListado', '', 1359122084, 'FireFox', '192.168.143.1'),
(103542, 1, 'Pagina', 'ComponenteAlta', '', 1359122088, 'FireFox', '192.168.143.1'),
(103543, 1, 'Pagina', 'ComponenteAltaInsercion', '', 1359122097, 'FireFox', '192.168.143.1'),
(103544, 1, 'Pagina', 'ComponenteListado', '', 1359122097, 'FireFox', '192.168.143.1'),
(103545, 1, 'Pagina', 'ComponenteAlta', '', 1359122103, 'FireFox', '192.168.143.1'),
(103546, 1, 'Pagina', 'ComponenteAltaInsercion', '', 1359122117, 'FireFox', '192.168.143.1'),
(103547, 1, 'Pagina', 'ComponenteListado', '', 1359122117, 'FireFox', '192.168.143.1'),
(103548, 1, 'Pagina', 'ComponenteAlta', '', 1359122119, 'FireFox', '192.168.143.1'),
(103549, 1, 'Pagina', 'ComponenteAltaInsercion', '', 1359122132, 'FireFox', '192.168.143.1'),
(103550, 1, 'Pagina', 'ComponenteListado', '', 1359122132, 'FireFox', '192.168.143.1'),
(103551, 1, 'Pagina', 'ComponenteAlta', '', 1359122137, 'FireFox', '192.168.143.1'),
(103552, 1, 'Pagina', 'ComponenteAltaInsercion', '', 1359122144, 'FireFox', '192.168.143.1'),
(103553, 1, 'Pagina', 'ComponenteListado', '', 1359122144, 'FireFox', '192.168.143.1'),
(103554, 1, 'Pagina', 'ComponenteAlta', '', 1359122158, 'FireFox', '192.168.143.1'),
(103555, 1, 'Pagina', 'ComponenteAltaInsercion', '', 1359122185, 'FireFox', '192.168.143.1'),
(103556, 1, 'Pagina', 'ComponenteListado', '', 1359122185, 'FireFox', '192.168.143.1'),
(103557, 1, 'Pagina', 'PaginaListado', '', 1359122204, 'FireFox', '192.168.143.1'),
(103558, 1, 'Pagina', 'PaginaAlta', '', 1359122208, 'FireFox', '192.168.143.1'),
(103559, 1, 'Pagina', 'PaginaAltaInsercion', '', 1359122228, 'FireFox', '192.168.143.1'),
(103560, 1, 'Pagina', 'ComponenteListado', '', 1359122228, 'FireFox', '192.168.143.1'),
(103561, 1, 'Pagina', 'ComponenteAlta', '', 1359122243, 'FireFox', '192.168.143.1'),
(103562, 1, 'Pagina', 'ComponenteAltaInsercion', '', 1359122262, 'FireFox', '192.168.143.1'),
(103563, 1, 'Pagina', 'ComponenteListado', '', 1359122262, 'FireFox', '192.168.143.1'),
(103564, 1, 'Pagina', 'ComponenteAlta', '', 1359122270, 'FireFox', '192.168.143.1'),
(103565, 1, 'Pagina', 'ComponenteAltaInsercion', '', 1359122282, 'FireFox', '192.168.143.1'),
(103566, 1, 'Pagina', 'ComponenteListado', '', 1359122283, 'FireFox', '192.168.143.1'),
(103567, 1, 'Pagina', 'ComponenteAlta', '', 1359122286, 'FireFox', '192.168.143.1'),
(103568, 1, 'Pagina', 'ComponenteAltaInsercion', '', 1359122302, 'FireFox', '192.168.143.1'),
(103569, 1, 'Pagina', 'ComponenteListado', '', 1359122302, 'FireFox', '192.168.143.1'),
(103570, 1, 'Pagina', 'ComponenteAlta', '', 1359122318, 'FireFox', '192.168.143.1'),
(103571, 1, 'Pagina', 'ComponenteAltaInsercion', '', 1359122325, 'FireFox', '192.168.143.1'),
(103572, 1, 'Pagina', 'ComponenteListado', '', 1359122325, 'FireFox', '192.168.143.1'),
(103573, 1, 'Pagina', 'ComponenteAlta', '', 1359122328, 'FireFox', '192.168.143.1'),
(103574, 1, 'Pagina', 'ComponenteAltaInsercion', '', 1359122345, 'FireFox', '192.168.143.1'),
(103575, 1, 'Pagina', 'ComponenteListado', '', 1359122345, 'FireFox', '192.168.143.1'),
(103576, 1, 'Pagina', 'ComponenteAlta', '', 1359122350, 'FireFox', '192.168.143.1'),
(103577, 1, 'Pagina', 'ComponenteAltaInsercion', '', 1359122359, 'FireFox', '192.168.143.1'),
(103578, 1, 'Pagina', 'ComponenteListado', '', 1359122359, 'FireFox', '192.168.143.1'),
(103579, 1, 'Pagina', 'PaginaListado', '', 1359122368, 'FireFox', '192.168.143.1'),
(103580, 1, 'Pagina', 'PaginaAlta', '', 1359122375, 'FireFox', '192.168.143.1'),
(103581, 1, 'Pagina', 'PaginaAltaInsercion', '', 1359122400, 'FireFox', '192.168.143.1'),
(103582, 1, 'Pagina', 'ComponenteListado', '', 1359122400, 'FireFox', '192.168.143.1'),
(103583, 1, 'Pagina', 'ComponenteAlta', '', 1359122405, 'FireFox', '192.168.143.1'),
(103584, 1, 'Pagina', 'ComponenteAltaInsercion', '', 1359122424, 'FireFox', '192.168.143.1'),
(103585, 1, 'Pagina', 'ComponenteListado', '', 1359122424, 'FireFox', '192.168.143.1'),
(103586, 1, 'Pagina', 'ComponenteAlta', '', 1359122428, 'FireFox', '192.168.143.1'),
(103587, 1, 'Pagina', 'ComponenteAltaInsercion', '', 1359122435, 'FireFox', '192.168.143.1'),
(103588, 1, 'Pagina', 'ComponenteListado', '', 1359122435, 'FireFox', '192.168.143.1'),
(103589, 1, 'Pagina', 'ComponenteAlta', '', 1359122445, 'FireFox', '192.168.143.1'),
(103590, 1, 'Pagina', 'ComponenteAltaInsercion', '', 1359122459, 'FireFox', '192.168.143.1'),
(103591, 1, 'Pagina', 'ComponenteListado', '', 1359122459, 'FireFox', '192.168.143.1'),
(103592, 1, 'Pagina', 'ComponenteAlta', '', 1359122462, 'FireFox', '192.168.143.1'),
(103593, 1, 'Pagina', 'ComponenteAltaInsercion', '', 1359122470, 'FireFox', '192.168.143.1'),
(103594, 1, 'Pagina', 'ComponenteListado', '', 1359122470, 'FireFox', '192.168.143.1'),
(103595, 1, 'Pagina', 'ComponenteAlta', '', 1359122474, 'FireFox', '192.168.143.1'),
(103596, 1, 'Pagina', 'ComponenteAltaInsercion', '', 1359122488, 'FireFox', '192.168.143.1'),
(103597, 1, 'Pagina', 'ComponenteListado', '', 1359122488, 'FireFox', '192.168.143.1'),
(103598, 1, 'Pagina', 'ComponenteAlta', '', 1359122495, 'FireFox', '192.168.143.1'),
(103599, 1, 'Pagina', 'ComponenteAltaInsercion', '', 1359122525, 'FireFox', '192.168.143.1'),
(103600, 1, 'Pagina', 'ComponenteListado', '', 1359122525, 'FireFox', '192.168.143.1'),
(103601, 1, 'Pagina', 'PaginaListado', '', 1359122540, 'FireFox', '192.168.143.1'),
(103602, 1, 'Pagina', 'PaginaAlta', '', 1359122762, 'FireFox', '192.168.143.1'),
(103603, 1, 'Pagina', 'PaginaAltaInsercion', '', 1359122830, 'FireFox', '192.168.143.1'),
(103604, 1, 'Pagina', 'ComponenteListado', '', 1359122830, 'FireFox', '192.168.143.1'),
(103605, 1, 'Pagina', 'ComponenteAlta', '', 1359122855, 'FireFox', '192.168.143.1'),
(103606, 1, 'Pagina', 'ComponenteAltaInsercion', '', 1359122872, 'FireFox', '192.168.143.1'),
(103607, 1, 'Pagina', 'ComponenteListado', '', 1359122872, 'FireFox', '192.168.143.1'),
(103608, 1, 'Pagina', 'ComponenteAlta', '', 1359122903, 'FireFox', '192.168.143.1'),
(103609, 1, 'Pagina', 'ComponenteAltaInsercion', '', 1359122913, 'FireFox', '192.168.143.1'),
(103610, 1, 'Pagina', 'ComponenteListado', '', 1359122913, 'FireFox', '192.168.143.1'),
(103611, 1, 'Pagina', 'ComponenteAlta', '', 1359122917, 'FireFox', '192.168.143.1'),
(103612, 1, 'Pagina', 'ComponenteAltaInsercion', '', 1359122930, 'FireFox', '192.168.143.1'),
(103613, 1, 'Pagina', 'ComponenteListado', '', 1359122930, 'FireFox', '192.168.143.1'),
(103614, 1, 'Pagina', 'ComponenteAlta', '', 1359122934, 'FireFox', '192.168.143.1'),
(103615, 1, 'Pagina', 'ComponenteAltaInsercion', '', 1359122942, 'FireFox', '192.168.143.1'),
(103616, 1, 'Pagina', 'ComponenteListado', '', 1359122942, 'FireFox', '192.168.143.1'),
(103617, 1, 'Pagina', 'ComponenteAlta', '', 1359122947, 'FireFox', '192.168.143.1'),
(103618, 1, 'Pagina', 'ComponenteAltaInsercion', '', 1359122954, 'FireFox', '192.168.143.1'),
(103619, 1, 'Pagina', 'ComponenteListado', '', 1359122954, 'FireFox', '192.168.143.1'),
(103620, 1, 'Pagina', 'ComponenteAlta', '', 1359122991, 'FireFox', '192.168.143.1'),
(103621, 1, 'Pagina', 'ComponenteAltaInsercion', '', 1359123016, 'FireFox', '192.168.143.1'),
(103622, 1, 'Pagina', 'ComponenteListado', '', 1359123016, 'FireFox', '192.168.143.1'),
(103623, 1, 'Pagina', 'PaginaListado', '', 1359123018, 'FireFox', '192.168.143.1'),
(103624, 1, 'Pagina', 'PaginaAlta', '', 1359123022, 'FireFox', '192.168.143.1'),
(103625, 1, 'Pagina', 'PaginaAltaInsercion', '', 1359123039, 'FireFox', '192.168.143.1'),
(103626, 1, 'Pagina', 'ComponenteListado', '', 1359123039, 'FireFox', '192.168.143.1'),
(103627, 1, 'Pagina', 'ComponenteAlta', '', 1359123045, 'FireFox', '192.168.143.1'),
(103628, 1, 'Pagina', 'ComponenteAltaInsercion', '', 1359123074, 'FireFox', '192.168.143.1'),
(103629, 1, 'Pagina', 'ComponenteListado', '', 1359123074, 'FireFox', '192.168.143.1'),
(103630, 1, 'Pagina', 'ComponenteAlta', '', 1359123085, 'FireFox', '192.168.143.1'),
(103631, 1, 'Pagina', 'ComponenteAltaInsercion', '', 1359123102, 'FireFox', '192.168.143.1'),
(103632, 1, 'Pagina', 'ComponenteListado', '', 1359123102, 'FireFox', '192.168.143.1'),
(103633, 1, 'Pagina', 'ComponenteAlta', '', 1359123109, 'FireFox', '192.168.143.1'),
(103634, 1, 'Pagina', 'ComponenteAltaInsercion', '', 1359123125, 'FireFox', '192.168.143.1'),
(103635, 1, 'Pagina', 'ComponenteListado', '', 1359123125, 'FireFox', '192.168.143.1'),
(103636, 1, 'Pagina', 'ComponenteAlta', '', 1359123132, 'FireFox', '192.168.143.1'),
(103637, 1, 'Pagina', 'ComponenteAltaInsercion', '', 1359123139, 'FireFox', '192.168.143.1'),
(103638, 1, 'Pagina', 'ComponenteListado', '', 1359123139, 'FireFox', '192.168.143.1'),
(103639, 1, 'Pagina', 'ComponenteAlta', '', 1359123143, 'FireFox', '192.168.143.1'),
(103640, 1, 'Pagina', 'ComponenteAltaInsercion', '', 1359123156, 'FireFox', '192.168.143.1'),
(103641, 1, 'Pagina', 'ComponenteListado', '', 1359123156, 'FireFox', '192.168.143.1'),
(103642, 1, 'Pagina', 'ComponenteModificacion', '', 1359123159, 'FireFox', '192.168.143.1'),
(103643, 1, 'Pagina', 'ComponenteModificacionInsercion', '', 1359123162, 'FireFox', '192.168.143.1'),
(103644, 1, 'Pagina', 'ComponenteListado', '', 1359123163, 'FireFox', '192.168.143.1'),
(103645, 1, 'Pagina', 'ComponenteAlta', '', 1359123169, 'FireFox', '192.168.143.1'),
(103646, 1, 'Pagina', 'ComponenteAltaInsercion', '', 1359123176, 'FireFox', '192.168.143.1'),
(103647, 1, 'Pagina', 'ComponenteListado', '', 1359123176, 'FireFox', '192.168.143.1'),
(103648, 1, 'Pagina', 'PaginaListado', '', 1359123180, 'FireFox', '192.168.143.1'),
(103649, 1, 'Pagina', 'PaginaAlta', '', 1359123184, 'FireFox', '192.168.143.1'),
(103650, 1, 'Pagina', 'PaginaAltaInsercion', '', 1359123211, 'FireFox', '192.168.143.1'),
(103651, 1, 'Pagina', 'ComponenteListado', '', 1359123211, 'FireFox', '192.168.143.1'),
(103652, 1, 'Pagina', 'ComponenteAlta', '', 1359123218, 'FireFox', '192.168.143.1'),
(103653, 1, 'Pagina', 'ComponenteAltaInsercion', '', 1359123248, 'FireFox', '192.168.143.1'),
(103654, 1, 'Pagina', 'ComponenteListado', '', 1359123249, 'FireFox', '192.168.143.1'),
(103655, 1, 'Pagina', 'ComponenteAlta', '', 1359123254, 'FireFox', '192.168.143.1'),
(103656, 1, 'Pagina', 'ComponenteAltaInsercion', '', 1359123265, 'FireFox', '192.168.143.1'),
(103657, 1, 'Pagina', 'ComponenteListado', '', 1359123265, 'FireFox', '192.168.143.1'),
(103658, 1, 'Pagina', 'ComponenteAlta', '', 1359123274, 'FireFox', '192.168.143.1'),
(103659, 1, 'Pagina', 'ComponenteAltaInsercion', '', 1359123299, 'FireFox', '192.168.143.1'),
(103660, 1, 'Pagina', 'ComponenteListado', '', 1359123299, 'FireFox', '192.168.143.1'),
(103661, 1, 'Pagina', 'ComponenteListado', '', 1359123302, 'FireFox', '192.168.143.1'),
(103662, 1, 'Pagina', 'ComponenteListado', '', 1359123303, 'FireFox', '192.168.143.1'),
(103663, 1, 'Pagina', 'PaginaListado', '', 1359123309, 'FireFox', '192.168.143.1'),
(103664, 1, 'Pagina', 'PaginaAlta', '', 1359123519, 'FireFox', '192.168.143.1'),
(103665, 1, 'Pagina', 'PaginaListado', '', 1359123932, 'FireFox', '192.168.143.1'),
(103666, 1, 'Pagina', 'PaginaAlta', '', 1359123957, 'FireFox', '192.168.143.1'),
(103667, 1, 'Pagina', 'PaginaAltaInsercion', '', 1359123975, 'FireFox', '192.168.143.1'),
(103668, 1, 'Pagina', 'ComponenteListado', '', 1359123975, 'FireFox', '192.168.143.1'),
(103669, 1, 'Pagina', 'ComponenteAlta', '', 1359124011, 'FireFox', '192.168.143.1'),
(103670, 1, 'Pagina', 'ComponenteAltaInsercion', '', 1359124024, 'FireFox', '192.168.143.1'),
(103671, 1, 'Pagina', 'ComponenteListado', '', 1359124024, 'FireFox', '192.168.143.1'),
(103672, 1, 'Pagina', 'ComponenteAlta', '', 1359124028, 'FireFox', '192.168.143.1'),
(103673, 1, 'Pagina', 'ComponenteAltaInsercion', '', 1359124036, 'FireFox', '192.168.143.1'),
(103674, 1, 'Pagina', 'ComponenteListado', '', 1359124036, 'FireFox', '192.168.143.1'),
(103675, 1, 'Pagina', 'ComponenteAlta', '', 1359124040, 'FireFox', '192.168.143.1'),
(103676, 1, 'Pagina', 'ComponenteAltaInsercion', '', 1359124050, 'FireFox', '192.168.143.1'),
(103677, 1, 'Pagina', 'ComponenteListado', '', 1359124050, 'FireFox', '192.168.143.1'),
(103678, 1, 'Pagina', 'ComponenteAlta', '', 1359124053, 'FireFox', '192.168.143.1'),
(103679, 1, 'Pagina', 'ComponenteListado', '', 1359124054, 'FireFox', '192.168.143.1'),
(103680, 1, 'Pagina', 'ComponenteAlta', '', 1359124057, 'FireFox', '192.168.143.1'),
(103681, 1, 'Pagina', 'ComponenteAltaInsercion', '', 1359124075, 'FireFox', '192.168.143.1'),
(103682, 1, 'Pagina', 'ComponenteListado', '', 1359124075, 'FireFox', '192.168.143.1'),
(103683, 1, 'Pagina', 'ComponenteAlta', '', 1359124079, 'FireFox', '192.168.143.1'),
(103684, 1, 'Pagina', 'ComponenteAltaInsercion', '', 1359124087, 'FireFox', '192.168.143.1'),
(103685, 1, 'Pagina', 'ComponenteListado', '', 1359124087, 'FireFox', '192.168.143.1'),
(103686, 1, 'Pagina', 'ComponenteBaja', '', 1359124150, 'FireFox', '192.168.143.1'),
(103687, 1, 'Pagina', 'ComponenteListado', '', 1359124150, 'FireFox', '192.168.143.1'),
(103688, 1, 'Pagina', 'ComponenteBaja', '', 1359124151, 'FireFox', '192.168.143.1'),
(103689, 1, 'Pagina', 'ComponenteListado', '', 1359124151, 'FireFox', '192.168.143.1'),
(103690, 1, 'Pagina', 'ComponenteBaja', '', 1359124152, 'FireFox', '192.168.143.1'),
(103691, 1, 'Pagina', 'ComponenteListado', '', 1359124152, 'FireFox', '192.168.143.1'),
(103692, 1, 'Pagina', 'ComponenteBaja', '', 1359124153, 'FireFox', '192.168.143.1'),
(103693, 1, 'Pagina', 'ComponenteListado', '', 1359124153, 'FireFox', '192.168.143.1'),
(103694, 1, 'Pagina', 'ComponenteModificacion', '', 1359124154, 'FireFox', '192.168.143.1'),
(103695, 1, 'Pagina', 'ComponenteModificacionInsercion', '', 1359124165, 'FireFox', '192.168.143.1'),
(103696, 1, 'Pagina', 'ComponenteListado', '', 1359124165, 'FireFox', '192.168.143.1'),
(103697, 1, 'Pagina', 'ComponenteAlta', '', 1359124258, 'FireFox', '192.168.143.1'),
(103698, 1, 'Pagina', 'ComponenteAltaInsercion', '', 1359124289, 'FireFox', '192.168.143.1'),
(103699, 1, 'Pagina', 'ComponenteListado', '', 1359124289, 'FireFox', '192.168.143.1'),
(103700, 1, 'Pagina', 'PaginaListado', '', 1359124297, 'FireFox', '192.168.143.1'),
(103701, 1, 'Pagina', 'PaginaAlta', '', 1359124301, 'FireFox', '192.168.143.1'),
(103702, 1, 'Pagina', 'PaginaAltaInsercion', '', 1359124322, 'FireFox', '192.168.143.1'),
(103703, 1, 'Pagina', 'ComponenteListado', '', 1359124322, 'FireFox', '192.168.143.1'),
(103704, 1, 'Pagina', 'ComponenteAlta', '', 1359124352, 'FireFox', '192.168.143.1'),
(103705, 1, 'Pagina', 'ComponenteAltaInsercion', '', 1359124375, 'FireFox', '192.168.143.1'),
(103706, 1, 'Pagina', 'ComponenteListado', '', 1359124375, 'FireFox', '192.168.143.1'),
(103707, 1, 'Pagina', 'ComponenteAlta', '', 1359124382, 'FireFox', '192.168.143.1'),
(103708, 1, 'Pagina', 'ComponenteAltaInsercion', '', 1359124399, 'FireFox', '192.168.143.1'),
(103709, 1, 'Pagina', 'ComponenteListado', '', 1359124400, 'FireFox', '192.168.143.1'),
(103710, 1, 'Pagina', 'ComponenteAlta', '', 1359124405, 'FireFox', '192.168.143.1'),
(103711, 1, 'Pagina', 'ComponenteAltaInsercion', '', 1359124418, 'FireFox', '192.168.143.1'),
(103712, 1, 'Pagina', 'ComponenteListado', '', 1359124418, 'FireFox', '192.168.143.1'),
(103713, 1, 'Pagina', 'ComponenteAlta', '', 1359124431, 'FireFox', '192.168.143.1'),
(103714, 1, 'Pagina', 'ComponenteListado', '', 1359124433, 'FireFox', '192.168.143.1'),
(103715, 1, 'Pagina', 'ComponenteAlta', '', 1359124436, 'FireFox', '192.168.143.1'),
(103716, 1, 'Pagina', 'ComponenteAltaInsercion', '', 1359124442, 'FireFox', '192.168.143.1'),
(103717, 1, 'Pagina', 'ComponenteListado', '', 1359124442, 'FireFox', '192.168.143.1'),
(103718, 1, 'Pagina', 'ComponenteAlta', '', 1359124446, 'FireFox', '192.168.143.1'),
(103719, 1, 'Pagina', 'ComponenteAltaInsercion', '', 1359124458, 'FireFox', '192.168.143.1'),
(103720, 1, 'Pagina', 'ComponenteListado', '', 1359124458, 'FireFox', '192.168.143.1'),
(103721, 1, 'Pagina', 'ComponenteAlta', '', 1359124461, 'FireFox', '192.168.143.1'),
(103722, 1, 'Pagina', 'ComponenteAltaInsercion', '', 1359124470, 'FireFox', '192.168.143.1'),
(103723, 1, 'Pagina', 'ComponenteListado', '', 1359124470, 'FireFox', '192.168.143.1'),
(103724, 1, 'Pagina', 'PaginaListado', '', 1359124476, 'FireFox', '192.168.143.1'),
(103725, 1, 'Pagina', 'PaginaAlta', '', 1359124480, 'FireFox', '192.168.143.1'),
(103726, 1, 'Pagina', 'PaginaAltaInsercion', '', 1359124503, 'FireFox', '192.168.143.1'),
(103727, 1, 'Pagina', 'ComponenteListado', '', 1359124503, 'FireFox', '192.168.143.1'),
(103728, 1, 'Pagina', 'ComponenteAlta', '', 1359124513, 'FireFox', '192.168.143.1'),
(103729, 1, 'Pagina', 'ComponenteAltaInsercion', '', 1359124541, 'FireFox', '192.168.143.1'),
(103730, 1, 'Pagina', 'ComponenteListado', '', 1359124541, 'FireFox', '192.168.143.1'),
(103731, 1, 'Pagina', 'ComponenteAlta', '', 1359124549, 'FireFox', '192.168.143.1'),
(103732, 1, 'Pagina', 'ComponenteAltaInsercion', '', 1359124560, 'FireFox', '192.168.143.1'),
(103733, 1, 'Pagina', 'ComponenteListado', '', 1359124560, 'FireFox', '192.168.143.1'),
(103734, 1, 'Pagina', 'ComponenteAlta', '', 1359124582, 'FireFox', '192.168.143.1'),
(103735, 1, 'Pagina', 'ComponenteAltaInsercion', '', 1359124594, 'FireFox', '192.168.143.1'),
(103736, 1, 'Pagina', 'ComponenteListado', '', 1359124594, 'FireFox', '192.168.143.1'),
(103737, 1, 'Pagina', 'ComponenteAlta', '', 1359124598, 'FireFox', '192.168.143.1'),
(103738, 1, 'Pagina', 'ComponenteAltaInsercion', '', 1359124609, 'FireFox', '192.168.143.1'),
(103739, 1, 'Pagina', 'ComponenteListado', '', 1359124609, 'FireFox', '192.168.143.1'),
(103740, 1, 'Pagina', 'ComponenteAlta', '', 1359124613, 'FireFox', '192.168.143.1'),
(103741, 1, 'Pagina', 'ComponenteAltaInsercion', '', 1359124620, 'FireFox', '192.168.143.1'),
(103742, 1, 'Pagina', 'ComponenteListado', '', 1359124620, 'FireFox', '192.168.143.1'),
(103743, 1, 'Pagina', 'ComponenteAlta', '', 1359124661, 'FireFox', '192.168.143.1'),
(103744, 1, 'Pagina', 'ComponenteAltaInsercion', '', 1359124676, 'FireFox', '192.168.143.1'),
(103745, 1, 'Pagina', 'ComponenteListado', '', 1359124676, 'FireFox', '192.168.143.1'),
(103746, 1, 'Pagina', 'ComponenteAlta', '', 1359124685, 'FireFox', '192.168.143.1'),
(103747, 1, 'Pagina', 'ComponenteAltaInsercion', '', 1359124692, 'FireFox', '192.168.143.1'),
(103748, 1, 'Pagina', 'ComponenteListado', '', 1359124692, 'FireFox', '192.168.143.1'),
(103749, 1, 'Pagina', 'PaginaListado', '', 1359124702, 'FireFox', '192.168.143.1'),
(103750, 1, 'Pagina', 'ComponenteListado', '', 1359124712, 'FireFox', '192.168.143.1'),
(103751, 1, 'Pagina', 'PaginaListado', '', 1359124714, 'FireFox', '192.168.143.1'),
(103752, 1, 'Pagina', 'ComponenteListado', '', 1359124718, 'FireFox', '192.168.143.1'),
(103753, 1, 'Pagina', 'ComponenteAlta', '', 1359124867, 'FireFox', '192.168.143.1'),
(103754, 1, 'Pagina', 'ComponenteAltaInsercion', '', 1359124880, 'FireFox', '192.168.143.1'),
(103755, 1, 'Pagina', 'ComponenteListado', '', 1359124880, 'FireFox', '192.168.143.1'),
(103756, 1, 'Pagina', 'ComponenteAlta', '', 1359124884, 'FireFox', '192.168.143.1'),
(103757, 1, 'Pagina', 'ComponenteAltaInsercion', '', 1359124898, 'FireFox', '192.168.143.1'),
(103758, 1, 'Pagina', 'ComponenteListado', '', 1359124898, 'FireFox', '192.168.143.1'),
(103759, 1, 'Pagina', 'ComponenteAlta', '', 1359124904, 'FireFox', '192.168.143.1'),
(103760, 1, 'Pagina', 'ComponenteAltaInsercion', '', 1359124915, 'FireFox', '192.168.143.1'),
(103761, 1, 'Pagina', 'ComponenteListado', '', 1359124915, 'FireFox', '192.168.143.1'),
(103762, 1, 'Pagina', 'ComponenteAlta', '', 1359124919, 'FireFox', '192.168.143.1'),
(103763, 1, 'Pagina', 'ComponenteAltaInsercion', '', 1359124932, 'FireFox', '192.168.143.1'),
(103764, 1, 'Pagina', 'ComponenteListado', '', 1359124932, 'FireFox', '192.168.143.1'),
(103765, 1, 'Pagina', 'ComponenteAlta', '', 1359124935, 'FireFox', '192.168.143.1'),
(103766, 1, 'Pagina', 'ComponenteListado', '', 1359124937, 'FireFox', '192.168.143.1'),
(103767, 1, 'Pagina', 'ComponenteAlta', '', 1359124941, 'FireFox', '192.168.143.1'),
(103768, 1, 'Pagina', 'ComponenteAltaInsercion', '', 1359124952, 'FireFox', '192.168.143.1'),
(103769, 1, 'Pagina', 'ComponenteListado', '', 1359124952, 'FireFox', '192.168.143.1'),
(103770, 1, 'Pagina', 'ComponenteAlta', '', 1359124959, 'FireFox', '192.168.143.1'),
(103771, 1, 'Pagina', 'ComponenteAltaInsercion', '', 1359124965, 'FireFox', '192.168.143.1'),
(103772, 1, 'Pagina', 'ComponenteListado', '', 1359124965, 'FireFox', '192.168.143.1'),
(103773, 1, 'Pagina', 'ComponenteListado', '', 1359124967, 'FireFox', '192.168.143.1'),
(103774, 1, 'Pagina', 'ComponenteListado', '', 1359124968, 'FireFox', '192.168.143.1'),
(103775, 1, 'Pagina', 'ComponenteListado', '', 1359124972, 'FireFox', '192.168.143.1'),
(103776, 1, 'Pagina', 'ComponenteListado', '', 1359124973, 'FireFox', '192.168.143.1'),
(103777, 1, 'Pagina', 'ComponenteListado', '', 1359124973, 'FireFox', '192.168.143.1'),
(103778, 1, 'Pagina', 'ComponenteAlta', '', 1359125047, 'FireFox', '192.168.143.1'),
(103779, 1, 'Pagina', 'ComponenteAltaInsercion', '', 1359125056, 'FireFox', '192.168.143.1'),
(103780, 1, 'Pagina', 'ComponenteListado', '', 1359125056, 'FireFox', '192.168.143.1'),
(103781, 1, 'Pagina', 'ComponenteAlta', '', 1359125061, 'FireFox', '192.168.143.1'),
(103782, 1, 'Pagina', 'ComponenteAltaInsercion', '', 1359125071, 'FireFox', '192.168.143.1'),
(103783, 1, 'Pagina', 'ComponenteListado', '', 1359125071, 'FireFox', '192.168.143.1'),
(103784, 1, 'Pagina', 'ComponenteAlta', '', 1359125075, 'FireFox', '192.168.143.1'),
(103785, 1, 'Pagina', 'ComponenteAltaInsercion', '', 1359125086, 'FireFox', '192.168.143.1'),
(103786, 1, 'Pagina', 'ComponenteListado', '', 1359125086, 'FireFox', '192.168.143.1'),
(103787, 1, 'Pagina', 'ComponenteAlta', '', 1359125092, 'FireFox', '192.168.143.1'),
(103788, 1, 'Pagina', 'ComponenteAltaInsercion', '', 1359125102, 'FireFox', '192.168.143.1'),
(103789, 1, 'Pagina', 'ComponenteListado', '', 1359125102, 'FireFox', '192.168.143.1'),
(103790, 1, 'Pagina', 'ComponenteAlta', '', 1359125106, 'FireFox', '192.168.143.1'),
(103791, 1, 'Pagina', 'ComponenteAltaInsercion', '', 1359125116, 'FireFox', '192.168.143.1'),
(103792, 1, 'Pagina', 'ComponenteListado', '', 1359125116, 'FireFox', '192.168.143.1'),
(103793, 1, 'Pagina', 'ComponenteAlta', '', 1359125122, 'FireFox', '192.168.143.1'),
(103794, 1, 'Pagina', 'ComponenteAltaInsercion', '', 1359125134, 'FireFox', '192.168.143.1'),
(103795, 1, 'Pagina', 'ComponenteListado', '', 1359125134, 'FireFox', '192.168.143.1'),
(103796, 1, 'Pagina', 'PaginaListado', '', 1359125146, 'FireFox', '192.168.143.1'),
(103797, 1, 'Pagina', 'PaginaAlta', '', 1359125184, 'FireFox', '192.168.143.1'),
(103798, 1, 'Pagina', 'PaginaAltaInsercion', '', 1359125195, 'FireFox', '192.168.143.1'),
(103799, 1, 'Pagina', 'ComponenteListado', '', 1359125195, 'FireFox', '192.168.143.1'),
(103800, 1, 'Pagina', 'ComponenteAlta', '', 1359125203, 'FireFox', '192.168.143.1'),
(103801, 1, 'Pagina', 'ComponenteAltaInsercion', '', 1359125223, 'FireFox', '192.168.143.1'),
(103802, 1, 'Pagina', 'ComponenteListado', '', 1359125223, 'FireFox', '192.168.143.1'),
(103803, 1, 'Pagina', 'ComponenteAlta', '', 1359125230, 'FireFox', '192.168.143.1'),
(103804, 1, 'Pagina', 'ComponenteAltaInsercion', '', 1359125239, 'FireFox', '192.168.143.1'),
(103805, 1, 'Pagina', 'ComponenteListado', '', 1359125239, 'FireFox', '192.168.143.1'),
(103806, 1, 'Pagina', 'ComponenteAlta', '', 1359125242, 'FireFox', '192.168.143.1'),
(103807, 1, 'Pagina', 'ComponenteAltaInsercion', '', 1359125255, 'FireFox', '192.168.143.1'),
(103808, 1, 'Pagina', 'ComponenteListado', '', 1359125255, 'FireFox', '192.168.143.1'),
(103809, 1, 'Pagina', 'ComponenteAlta', '', 1359125260, 'FireFox', '192.168.143.1'),
(103810, 1, 'Pagina', 'ComponenteAltaInsercion', '', 1359125277, 'FireFox', '192.168.143.1'),
(103811, 1, 'Pagina', 'ComponenteListado', '', 1359125277, 'FireFox', '192.168.143.1'),
(103812, 1, 'Pagina', 'ComponenteAlta', '', 1359125280, 'FireFox', '192.168.143.1'),
(103813, 1, 'Pagina', 'ComponenteAltaInsercion', '', 1359125291, 'FireFox', '192.168.143.1'),
(103814, 1, 'Pagina', 'ComponenteListado', '', 1359125291, 'FireFox', '192.168.143.1'),
(103815, 1, 'Pagina', 'ComponenteAlta', '', 1359125295, 'FireFox', '192.168.143.1'),
(103816, 1, 'Pagina', 'ComponenteAltaInsercion', '', 1359125308, 'FireFox', '192.168.143.1'),
(103817, 1, 'Pagina', 'ComponenteListado', '', 1359125308, 'FireFox', '192.168.143.1'),
(103818, 1, 'Pagina', 'ComponenteAlta', '', 1359125313, 'FireFox', '192.168.143.1'),
(103819, 1, 'Pagina', 'ComponenteAltaInsercion', '', 1359125320, 'FireFox', '192.168.143.1'),
(103820, 1, 'Pagina', 'ComponenteListado', '', 1359125320, 'FireFox', '192.168.143.1'),
(103821, 1, 'Pagina', 'ComponenteAlta', '', 1359125338, 'FireFox', '192.168.143.1'),
(103822, 1, 'Pagina', 'ComponenteAltaInsercion', '', 1359125361, 'FireFox', '192.168.143.1'),
(103823, 1, 'Pagina', 'ComponenteListado', '', 1359125361, 'FireFox', '192.168.143.1'),
(103824, 1, 'Pagina', 'PaginaListado', '', 1359125364, 'FireFox', '192.168.143.1'),
(103825, 1, 'Pagina', 'PaginaAlta', '', 1359125369, 'FireFox', '192.168.143.1'),
(103826, 1, 'Pagina', 'PaginaAltaInsercion', '', 1359125388, 'FireFox', '192.168.143.1'),
(103827, 1, 'Pagina', 'ComponenteListado', '', 1359125388, 'FireFox', '192.168.143.1'),
(103828, 1, 'Pagina', 'ComponenteAlta', '', 1359125392, 'FireFox', '192.168.143.1'),
(103829, 1, 'Pagina', 'ComponenteAltaInsercion', '', 1359125412, 'FireFox', '192.168.143.1'),
(103830, 1, 'Pagina', 'ComponenteListado', '', 1359125412, 'FireFox', '192.168.143.1'),
(103831, 1, 'Pagina', 'ComponenteAlta', '', 1359125417, 'FireFox', '192.168.143.1'),
(103832, 1, 'Pagina', 'ComponenteAltaInsercion', '', 1359125434, 'FireFox', '192.168.143.1'),
(103833, 1, 'Pagina', 'ComponenteListado', '', 1359125434, 'FireFox', '192.168.143.1'),
(103834, 1, 'Pagina', 'ComponenteAlta', '', 1359125442, 'FireFox', '192.168.143.1'),
(103835, 1, 'Pagina', 'ComponenteAltaInsercion', '', 1359125460, 'FireFox', '192.168.143.1'),
(103836, 1, 'Pagina', 'ComponenteListado', '', 1359125460, 'FireFox', '192.168.143.1'),
(103837, 1, 'Pagina', 'ComponenteAlta', '', 1359125464, 'FireFox', '192.168.143.1'),
(103838, 1, 'Pagina', 'ComponenteAltaInsercion', '', 1359125470, 'FireFox', '192.168.143.1'),
(103839, 1, 'Pagina', 'ComponenteListado', '', 1359125470, 'FireFox', '192.168.143.1'),
(103840, 1, 'Pagina', 'ComponenteAlta', '', 1359125480, 'FireFox', '192.168.143.1'),
(103841, 1, 'Pagina', 'ComponenteAltaInsercion', '', 1359125487, 'FireFox', '192.168.143.1'),
(103842, 1, 'Pagina', 'ComponenteListado', '', 1359125487, 'FireFox', '192.168.143.1'),
(103843, 1, 'Pagina', 'ComponenteAlta', '', 1359125493, 'FireFox', '192.168.143.1'),
(103844, 1, 'Pagina', 'ComponenteAltaInsercion', '', 1359125499, 'FireFox', '192.168.143.1'),
(103845, 1, 'Pagina', 'ComponenteListado', '', 1359125499, 'FireFox', '192.168.143.1'),
(103846, 1, 'Pagina', 'PaginaListado', '', 1359125695, 'FireFox', '192.168.143.1'),
(103847, 1, 'Pagina', 'PaginaAlta', '', 1359126090, 'FireFox', '192.168.143.1'),
(103848, 1, 'Pagina', 'PaginaAltaInsercion', '', 1359126099, 'FireFox', '192.168.143.1'),
(103849, 1, 'Pagina', 'ComponenteListado', '', 1359126099, 'FireFox', '192.168.143.1'),
(103850, 1, 'Pagina', 'ComponenteAlta', '', 1359126131, 'FireFox', '192.168.143.1'),
(103851, 1, 'Pagina', 'ComponenteAltaInsercion', '', 1359126144, 'FireFox', '192.168.143.1'),
(103852, 1, 'Pagina', 'ComponenteListado', '', 1359126144, 'FireFox', '192.168.143.1'),
(103853, 1, 'Pagina', 'ComponenteAlta', '', 1359126193, 'FireFox', '192.168.143.1'),
(103854, 1, 'Pagina', 'ComponenteAltaInsercion', '', 1359126204, 'FireFox', '192.168.143.1'),
(103855, 1, 'Pagina', 'ComponenteListado', '', 1359126204, 'FireFox', '192.168.143.1'),
(103856, 1, 'Pagina', 'ComponenteAlta', '', 1359126210, 'FireFox', '192.168.143.1'),
(103857, 1, 'Pagina', 'ComponenteAltaInsercion', '', 1359126224, 'FireFox', '192.168.143.1'),
(103858, 1, 'Pagina', 'ComponenteListado', '', 1359126224, 'FireFox', '192.168.143.1'),
(103859, 1, 'Pagina', 'ComponenteAlta', '', 1359126229, 'FireFox', '192.168.143.1'),
(103860, 1, 'Pagina', 'ComponenteAltaInsercion', '', 1359126240, 'FireFox', '192.168.143.1'),
(103861, 1, 'Pagina', 'ComponenteListado', '', 1359126240, 'FireFox', '192.168.143.1'),
(103862, 1, 'Pagina', 'ComponenteAlta', '', 1359126243, 'FireFox', '192.168.143.1'),
(103863, 1, 'Pagina', 'ComponenteAltaInsercion', '', 1359126260, 'FireFox', '192.168.143.1'),
(103864, 1, 'Pagina', 'ComponenteListado', '', 1359126260, 'FireFox', '192.168.143.1'),
(103865, 1, 'Pagina', 'ComponenteModificacion', '', 1359126262, 'FireFox', '192.168.143.1'),
(103866, 1, 'Pagina', 'ComponenteListado', '', 1359126271, 'FireFox', '192.168.143.1'),
(103867, 1, 'Pagina', 'ComponenteAlta', '', 1359126277, 'FireFox', '192.168.143.1'),
(103868, 1, 'Pagina', 'ComponenteAltaInsercion', '', 1359126293, 'FireFox', '192.168.143.1'),
(103869, 1, 'Pagina', 'ComponenteListado', '', 1359126293, 'FireFox', '192.168.143.1'),
(103870, 1, 'Pagina', 'ComponenteAlta', '', 1359126296, 'FireFox', '192.168.143.1'),
(103871, 1, 'Pagina', 'ComponenteAltaInsercion', '', 1359126302, 'FireFox', '192.168.143.1'),
(103872, 1, 'Pagina', 'ComponenteListado', '', 1359126302, 'FireFox', '192.168.143.1'),
(103873, 1, 'Pagina', 'ComponenteAlta', '', 1359126319, 'FireFox', '192.168.143.1'),
(103874, 1, 'Pagina', 'ComponenteAltaInsercion', '', 1359126335, 'FireFox', '192.168.143.1'),
(103875, 1, 'Pagina', 'ComponenteListado', '', 1359126335, 'FireFox', '192.168.143.1'),
(103876, 1, 'Pagina', 'PaginaListado', '', 1359126342, 'FireFox', '192.168.143.1'),
(103877, 1, 'Pagina', 'PaginaAlta', '', 1359126345, 'FireFox', '192.168.143.1'),
(103878, 1, 'Pagina', 'PaginaAltaInsercion', '', 1359126368, 'FireFox', '192.168.143.1'),
(103879, 1, 'Pagina', 'ComponenteListado', '', 1359126368, 'FireFox', '192.168.143.1'),
(103880, 1, 'Pagina', 'PaginaListado', '', 1359126370, 'FireFox', '192.168.143.1'),
(103881, 1, 'Pagina', 'ComponenteListado', '', 1359126399, 'FireFox', '192.168.143.1'),
(103882, 1, 'Pagina', 'PaginaListado', '', 1359126404, 'FireFox', '192.168.143.1'),
(103883, 1, 'Pagina', 'ComponenteListado', '', 1359126407, 'FireFox', '192.168.143.1'),
(103884, 1, 'Pagina', 'ComponenteAlta', '', 1359126425, 'FireFox', '192.168.143.1'),
(103885, 1, 'Pagina', 'ComponenteAltaInsercion', '', 1359126452, 'FireFox', '192.168.143.1'),
(103886, 1, 'Pagina', 'ComponenteListado', '', 1359126452, 'FireFox', '192.168.143.1'),
(103887, 1, 'Pagina', 'ComponenteAlta', '', 1359126462, 'FireFox', '192.168.143.1'),
(103888, 1, 'Pagina', 'ComponenteAltaInsercion', '', 1359126477, 'FireFox', '192.168.143.1'),
(103889, 1, 'Pagina', 'ComponenteListado', '', 1359126477, 'FireFox', '192.168.143.1'),
(103890, 1, 'Pagina', 'ComponenteAlta', '', 1359126481, 'FireFox', '192.168.143.1'),
(103891, 1, 'Pagina', 'ComponenteAltaInsercion', '', 1359126500, 'FireFox', '192.168.143.1'),
(103892, 1, 'Pagina', 'ComponenteListado', '', 1359126501, 'FireFox', '192.168.143.1'),
(103893, 1, 'Pagina', 'ComponenteAlta', '', 1359126513, 'FireFox', '192.168.143.1'),
(103894, 1, 'Pagina', 'ComponenteAltaInsercion', '', 1359126521, 'FireFox', '192.168.143.1'),
(103895, 1, 'Pagina', 'ComponenteListado', '', 1359126521, 'FireFox', '192.168.143.1'),
(103896, 1, 'Pagina', 'ComponenteAlta', '', 1359126525, 'FireFox', '192.168.143.1'),
(103897, 1, 'Pagina', 'ComponenteAltaInsercion', '', 1359126543, 'FireFox', '192.168.143.1'),
(103898, 1, 'Pagina', 'ComponenteListado', '', 1359126543, 'FireFox', '192.168.143.1'),
(103899, 1, 'Pagina', 'ComponenteBaja', '', 1359126548, 'FireFox', '192.168.143.1'),
(103900, 1, 'Pagina', 'ComponenteListado', '', 1359126548, 'FireFox', '192.168.143.1'),
(103901, 1, 'Pagina', 'ComponenteAlta', '', 1359126553, 'FireFox', '192.168.143.1'),
(103902, 1, 'Pagina', 'ComponenteAltaInsercion', '', 1359126561, 'FireFox', '192.168.143.1'),
(103903, 1, 'Pagina', 'ComponenteListado', '', 1359126561, 'FireFox', '192.168.143.1'),
(103904, 1, 'Pagina', 'ComponenteAlta', '', 1359126567, 'FireFox', '192.168.143.1'),
(103905, 1, 'Pagina', 'ComponenteListado', '', 1359126569, 'FireFox', '192.168.143.1'),
(103906, 1, 'Pagina', 'ComponenteAlta', '', 1359126572, 'FireFox', '192.168.143.1'),
(103907, 1, 'Pagina', 'ComponenteAltaInsercion', '', 1359126581, 'FireFox', '192.168.143.1'),
(103908, 1, 'Pagina', 'ComponenteListado', '', 1359126581, 'FireFox', '192.168.143.1'),
(103909, 1, 'Pagina', 'PaginaListado', '', 1359126589, 'FireFox', '192.168.143.1'),
(103910, 1, 'Pagina', 'PaginaAlta', '', 1359126898, 'FireFox', '192.168.143.1'),
(103911, 1, 'Pagina', 'PaginaAltaInsercion', '', 1359126932, 'FireFox', '192.168.143.1'),
(103912, 1, 'Pagina', 'ComponenteListado', '', 1359126932, 'FireFox', '192.168.143.1'),
(103913, 1, 'Pagina', 'ComponenteAlta', '', 1359126951, 'FireFox', '192.168.143.1'),
(103914, 1, 'Pagina', 'ComponenteListado', '', 1359126953, 'FireFox', '192.168.143.1'),
(103915, 1, 'Pagina', 'ComponenteAlta', '', 1359126956, 'FireFox', '192.168.143.1'),
(103916, 1, 'Pagina', 'ComponenteAltaInsercion', '', 1359126982, 'FireFox', '192.168.143.1'),
(103917, 1, 'Pagina', 'ComponenteListado', '', 1359126982, 'FireFox', '192.168.143.1'),
(103918, 1, 'Pagina', 'ComponenteAlta', '', 1359126993, 'FireFox', '192.168.143.1'),
(103919, 1, 'Pagina', 'ComponenteAltaInsercion', '', 1359127006, 'FireFox', '192.168.143.1'),
(103920, 1, 'Pagina', 'ComponenteListado', '', 1359127006, 'FireFox', '192.168.143.1'),
(103921, 1, 'Pagina', 'ComponenteModificacion', '', 1359127008, 'FireFox', '192.168.143.1'),
(103922, 1, 'Pagina', 'ComponenteModificacionInsercion', '', 1359127010, 'FireFox', '192.168.143.1'),
(103923, 1, 'Pagina', 'ComponenteListado', '', 1359127010, 'FireFox', '192.168.143.1'),
(103924, 1, 'Pagina', 'ComponenteAlta', '', 1359127014, 'FireFox', '192.168.143.1'),
(103925, 1, 'Pagina', 'ComponenteAltaInsercion', '', 1359127027, 'FireFox', '192.168.143.1'),
(103926, 1, 'Pagina', 'ComponenteListado', '', 1359127027, 'FireFox', '192.168.143.1'),
(103927, 1, 'Pagina', 'ComponenteAlta', '', 1359127042, 'FireFox', '192.168.143.1'),
(103928, 1, 'Pagina', 'ComponenteAltaInsercion', '', 1359127049, 'FireFox', '192.168.143.1'),
(103929, 1, 'Pagina', 'ComponenteListado', '', 1359127049, 'FireFox', '192.168.143.1'),
(103930, 1, 'Pagina', 'ComponenteAlta', '', 1359127054, 'FireFox', '192.168.143.1'),
(103931, 1, 'Pagina', 'ComponenteAltaInsercion', '', 1359127068, 'FireFox', '192.168.143.1'),
(103932, 1, 'Pagina', 'ComponenteListado', '', 1359127068, 'FireFox', '192.168.143.1'),
(103933, 1, 'Pagina', 'ComponenteAlta', '', 1359127073, 'FireFox', '192.168.143.1'),
(103934, 1, 'Pagina', 'ComponenteAltaInsercion', '', 1359127085, 'FireFox', '192.168.143.1'),
(103935, 1, 'Pagina', 'ComponenteListado', '', 1359127085, 'FireFox', '192.168.143.1'),
(103936, 1, 'Pagina', 'ComponenteAlta', '', 1359127091, 'FireFox', '192.168.143.1'),
(103937, 1, 'Pagina', 'ComponenteAltaInsercion', '', 1359127105, 'FireFox', '192.168.143.1'),
(103938, 1, 'Pagina', 'ComponenteListado', '', 1359127105, 'FireFox', '192.168.143.1'),
(103939, 1, 'Pagina', 'ComponenteAlta', '', 1359127108, 'FireFox', '192.168.143.1'),
(103940, 1, 'Pagina', 'ComponenteAltaInsercion', '', 1359127121, 'FireFox', '192.168.143.1'),
(103941, 1, 'Pagina', 'ComponenteListado', '', 1359127121, 'FireFox', '192.168.143.1'),
(103942, 1, 'Pagina', 'ComponenteAlta', '', 1359127124, 'FireFox', '192.168.143.1'),
(103943, 1, 'Pagina', 'ComponenteAltaInsercion', '', 1359127134, 'FireFox', '192.168.143.1'),
(103944, 1, 'Pagina', 'ComponenteListado', '', 1359127134, 'FireFox', '192.168.143.1'),
(103945, 1, 'Pagina', 'ComponenteAlta', '', 1359127137, 'FireFox', '192.168.143.1'),
(103946, 1, 'Pagina', 'ComponenteListado', '', 1359127146, 'FireFox', '192.168.143.1'),
(103947, 1, 'Pagina', 'ComponenteAlta', '', 1359127149, 'FireFox', '192.168.143.1'),
(103948, 1, 'Pagina', 'ComponenteAltaInsercion', '', 1359127158, 'FireFox', '192.168.143.1'),
(103949, 1, 'Pagina', 'ComponenteListado', '', 1359127158, 'FireFox', '192.168.143.1'),
(103950, 1, 'Pagina', 'PaginaListado', '', 1359127176, 'FireFox', '192.168.143.1'),
(103951, 1, 'Pagina', 'PaginaModificacion', '', 1359127185, 'FireFox', '192.168.143.1'),
(103952, 1, 'Pagina', 'PaginaModificacionInsercion', '', 1359127191, 'FireFox', '192.168.143.1'),
(103953, 1, 'Pagina', 'PaginaListado', '', 1359127191, 'FireFox', '192.168.143.1'),
(103954, 1, 'Pagina', 'ComponenteListado', '', 1359127226, 'FireFox', '192.168.143.1'),
(103955, 1, 'Pagina', 'PaginaListado', '', 1359127289, 'FireFox', '192.168.143.1'),
(103956, 1, 'Pagina', 'PaginaBaja', '', 1359127300, 'FireFox', '192.168.143.1'),
(103957, 1, 'Pagina', 'PaginaListado', '', 1359127301, 'FireFox', '192.168.143.1'),
(103958, 1, 'Pagina', 'PaginaAlta', '', 1359127306, 'FireFox', '192.168.143.1'),
(103959, 1, 'Pagina', 'PaginaAltaInsercion', '', 1359127328, 'FireFox', '192.168.143.1'),
(103960, 1, 'Pagina', 'ComponenteListado', '', 1359127328, 'FireFox', '192.168.143.1'),
(103961, 1, 'Pagina', 'ComponenteAlta', '', 1359127334, 'FireFox', '192.168.143.1'),
(103962, 1, 'Pagina', 'ComponenteListado', '', 1359127336, 'FireFox', '192.168.143.1'),
(103963, 1, 'Pagina', 'ComponenteAlta', '', 1359127338, 'FireFox', '192.168.143.1'),
(103964, 1, 'Pagina', 'ComponenteAltaInsercion', '', 1359127366, 'FireFox', '192.168.143.1'),
(103965, 1, 'Pagina', 'ComponenteListado', '', 1359127366, 'FireFox', '192.168.143.1'),
(103966, 1, 'Pagina', 'ComponenteAlta', '', 1359127394, 'FireFox', '192.168.143.1'),
(103967, 1, 'Pagina', 'ComponenteAltaInsercion', '', 1359127407, 'FireFox', '192.168.143.1'),
(103968, 1, 'Pagina', 'ComponenteListado', '', 1359127407, 'FireFox', '192.168.143.1'),
(103969, 1, 'Pagina', 'ComponenteAlta', '', 1359127410, 'FireFox', '192.168.143.1'),
(103970, 1, 'Pagina', 'ComponenteAltaInsercion', '', 1359127419, 'FireFox', '192.168.143.1'),
(103971, 1, 'Pagina', 'ComponenteListado', '', 1359127419, 'FireFox', '192.168.143.1'),
(103972, 1, 'Pagina', 'PaginaListado', '', 1359127431, 'FireFox', '192.168.143.1'),
(103973, 1, 'Pagina', 'ComponenteListado', '', 1359127445, 'FireFox', '192.168.143.1'),
(103974, 1, 'Pagina', 'ComponenteAlta', '', 1359127457, 'FireFox', '192.168.143.1'),
(103975, 1, 'Pagina', 'ComponenteAltaInsercion', '', 1359127460, 'FireFox', '192.168.143.1'),
(103976, 1, 'Pagina', 'ComponenteListado', '', 1359127460, 'FireFox', '192.168.143.1'),
(103977, 1, 'Pagina', 'ComponenteAlta', '', 1359127463, 'FireFox', '192.168.143.1'),
(103978, 1, 'Pagina', 'ComponenteAltaInsercion', '', 1359127483, 'FireFox', '192.168.143.1'),
(103979, 1, 'Pagina', 'ComponenteListado', '', 1359127483, 'FireFox', '192.168.143.1'),
(103980, 1, 'Pagina', 'ComponenteAlta', '', 1359127488, 'FireFox', '192.168.143.1'),
(103981, 1, 'Pagina', 'ComponenteAltaInsercion', '', 1359127504, 'FireFox', '192.168.143.1'),
(103982, 1, 'Pagina', 'ComponenteListado', '', 1359127504, 'FireFox', '192.168.143.1'),
(103983, 1, 'Pagina', 'ComponenteAlta', '', 1359127508, 'FireFox', '192.168.143.1'),
(103984, 1, 'Pagina', 'ComponenteAltaInsercion', '', 1359127522, 'FireFox', '192.168.143.1'),
(103985, 1, 'Pagina', 'ComponenteListado', '', 1359127522, 'FireFox', '192.168.143.1'),
(103986, 1, 'Pagina', 'ComponenteAlta', '', 1359127524, 'FireFox', '192.168.143.1'),
(103987, 1, 'Pagina', 'ComponenteAltaInsercion', '', 1359127533, 'FireFox', '192.168.143.1'),
(103988, 1, 'Pagina', 'ComponenteListado', '', 1359127533, 'FireFox', '192.168.143.1'),
(103989, 1, 'Pagina', 'ComponenteAlta', '', 1359127537, 'FireFox', '192.168.143.1'),
(103990, 1, 'Pagina', 'ComponenteAltaInsercion', '', 1359127544, 'FireFox', '192.168.143.1'),
(103991, 1, 'Pagina', 'ComponenteListado', '', 1359127544, 'FireFox', '192.168.143.1'),
(103992, 1, 'Pagina', 'ComponenteAlta', '', 1359127549, 'FireFox', '192.168.143.1'),
(103993, 1, 'Pagina', 'ComponenteAltaInsercion', '', 1359127558, 'FireFox', '192.168.143.1'),
(103994, 1, 'Pagina', 'ComponenteListado', '', 1359127559, 'FireFox', '192.168.143.1'),
(103995, 1, 'Pagina', 'PaginaListado', '', 1359127634, 'FireFox', '192.168.143.1'),
(103996, 1, 'Pagina', 'PaginaModificacion', '', 1359127645, 'FireFox', '192.168.143.1'),
(103997, 1, 'Pagina', 'PaginaModificacionInsercion', '', 1359127652, 'FireFox', '192.168.143.1'),
(103998, 1, 'Pagina', 'PaginaListado', '', 1359127652, 'FireFox', '192.168.143.1'),
(103999, 1, 'Pagina', 'PaginaAlta', '', 1359127662, 'FireFox', '192.168.143.1'),
(104000, 1, 'Pagina', 'PaginaAltaInsercion', '', 1359127688, 'FireFox', '192.168.143.1'),
(104001, 1, 'Pagina', 'ComponenteListado', '', 1359127688, 'FireFox', '192.168.143.1'),
(104002, 1, 'Pagina', 'PaginaListado', '', 1359127690, 'FireFox', '192.168.143.1'),
(104003, 1, 'Pagina', 'ComponenteListado', '', 1359127701, 'FireFox', '192.168.143.1'),
(104004, 1, 'Pagina', 'ComponenteAlta', '', 1359127716, 'FireFox', '192.168.143.1'),
(104005, 1, 'Pagina', 'ComponenteAltaInsercion', '', 1359127737, 'FireFox', '192.168.143.1'),
(104006, 1, 'Pagina', 'ComponenteListado', '', 1359127737, 'FireFox', '192.168.143.1'),
(104007, 1, 'Pagina', 'ComponenteAlta', '', 1359127745, 'FireFox', '192.168.143.1'),
(104008, 1, 'Pagina', 'ComponenteAltaInsercion', '', 1359127756, 'FireFox', '192.168.143.1'),
(104009, 1, 'Pagina', 'ComponenteListado', '', 1359127756, 'FireFox', '192.168.143.1'),
(104010, 1, 'Pagina', 'ComponenteAlta', '', 1359127759, 'FireFox', '192.168.143.1'),
(104011, 1, 'Pagina', 'ComponenteAltaInsercion', '', 1359127775, 'FireFox', '192.168.143.1'),
(104012, 1, 'Pagina', 'ComponenteListado', '', 1359127775, 'FireFox', '192.168.143.1'),
(104013, 1, 'Pagina', 'ComponenteAlta', '', 1359127782, 'FireFox', '192.168.143.1'),
(104014, 1, 'Pagina', 'ComponenteAltaInsercion', '', 1359127791, 'FireFox', '192.168.143.1'),
(104015, 1, 'Pagina', 'ComponenteListado', '', 1359127791, 'FireFox', '192.168.143.1'),
(104016, 1, 'Pagina', 'ComponenteAlta', '', 1359127796, 'FireFox', '192.168.143.1'),
(104017, 1, 'Pagina', 'ComponenteAltaInsercion', '', 1359127806, 'FireFox', '192.168.143.1'),
(104018, 1, 'Pagina', 'ComponenteListado', '', 1359127806, 'FireFox', '192.168.143.1'),
(104019, 1, 'Pagina', 'ComponenteAlta', '', 1359127813, 'FireFox', '192.168.143.1'),
(104020, 1, 'Pagina', 'ComponenteAltaInsercion', '', 1359127817, 'FireFox', '192.168.143.1'),
(104021, 1, 'Pagina', 'ComponenteListado', '', 1359127817, 'FireFox', '192.168.143.1'),
(104022, 1, 'Pagina', 'PaginaListado', '', 1359127820, 'FireFox', '192.168.143.1'),
(104023, 1, 'Pagina', 'Bienvenida', '', 1359150361, 'FireFox', '192.168.143.1'),
(104024, 1, 'Pagina', 'PaginaListado', '', 1359151403, 'FireFox', '192.168.143.1'),
(104025, 1, 'Pagina', 'ComponenteListado', '', 1359151415, 'FireFox', '192.168.143.1'),
(104026, 1, 'Pagina', 'PaginaListado', '', 1359151447, 'FireFox', '192.168.143.1'),
(104027, 1, 'Pagina', 'ComponenteListado', '', 1359151451, 'FireFox', '192.168.143.1'),
(104028, 1, 'Pagina', 'PaginaListado', '', 1359151618, 'FireFox', '192.168.143.1'),
(104029, 1, 'Pagina', 'ComponenteListado', '', 1359151631, 'FireFox', '192.168.143.1'),
(104030, 1, 'Pagina', 'Bienvenida', '', 1359154375, 'FireFox', '192.168.143.1'),
(104031, 1, 'Pagina', 'PaginaListado', '', 1359154377, 'FireFox', '192.168.143.1'),
(104032, 1, 'Pagina', 'PaginaAlta', '', 1359154382, 'FireFox', '192.168.143.1'),
(104033, 1, 'Pagina', 'PaginaAltaInsercion', '', 1359154419, 'FireFox', '192.168.143.1'),
(104034, 1, 'Pagina', 'ComponenteListado', '', 1359154419, 'FireFox', '192.168.143.1'),
(104035, 1, 'Pagina', 'PaginaListado', '', 1359155646, 'FireFox', '192.168.143.1'),
(104036, 1, 'Pagina', 'PaginaAlta', '', 1359155651, 'FireFox', '192.168.143.1'),
(104037, 1, 'Pagina', 'PaginaAltaInsercion', '', 1359155664, 'FireFox', '192.168.143.1'),
(104038, 1, 'Pagina', 'ComponenteListado', '', 1359155664, 'FireFox', '192.168.143.1'),
(104039, 1, 'Pagina', 'PaginaListado', '', 1359155690, 'FireFox', '192.168.143.1'),
(104040, 1, 'Pagina', 'ComponenteListado', '', 1359155702, 'FireFox', '192.168.143.1'),
(104041, 1, 'Pagina', 'ComponenteAlta', '', 1359155751, 'FireFox', '192.168.143.1'),
(104042, 1, 'Pagina', 'ComponenteAltaInsercion', '', 1359155803, 'FireFox', '192.168.143.1'),
(104043, 1, 'Pagina', 'ComponenteListado', '', 1359155803, 'FireFox', '192.168.143.1'),
(104044, 1, 'Pagina', 'ComponenteAlta', '', 1359155807, 'FireFox', '192.168.143.1'),
(104045, 1, 'Pagina', 'ComponenteAltaInsercion', '', 1359155818, 'FireFox', '192.168.143.1'),
(104046, 1, 'Pagina', 'ComponenteListado', '', 1359155818, 'FireFox', '192.168.143.1'),
(104047, 1, 'Pagina', 'ComponenteModificacion', '', 1359155822, 'FireFox', '192.168.143.1'),
(104048, 1, 'Pagina', 'ComponenteAlta', '', 1359155826, 'FireFox', '192.168.143.1'),
(104049, 1, 'Pagina', 'ComponenteAltaInsercion', '', 1359155840, 'FireFox', '192.168.143.1'),
(104050, 1, 'Pagina', 'ComponenteListado', '', 1359155840, 'FireFox', '192.168.143.1'),
(104051, 1, 'Pagina', 'ComponenteListado', '', 1359155841, 'FireFox', '192.168.143.1'),
(104052, 1, 'Pagina', 'ComponenteModificacion', '', 1359155845, 'FireFox', '192.168.143.1'),
(104053, 1, 'Pagina', 'ComponenteAlta', '', 1359155850, 'FireFox', '192.168.143.1'),
(104054, 1, 'Pagina', 'ComponenteAltaInsercion', '', 1359155864, 'FireFox', '192.168.143.1'),
(104055, 1, 'Pagina', 'ComponenteListado', '', 1359155864, 'FireFox', '192.168.143.1'),
(104056, 1, 'Pagina', 'ComponenteListado', '', 1359155865, 'FireFox', '192.168.143.1'),
(104057, 1, 'Pagina', 'ComponenteModificacion', '', 1359155868, 'FireFox', '192.168.143.1'),
(104058, 1, 'Pagina', 'ComponenteAlta', '', 1359155876, 'FireFox', '192.168.143.1');
INSERT INTO `kirke_log` (`id_log`, `id_usuario`, `elemento`, `pagina`, `nombre`, `hora`, `navegador`, `ip`) VALUES
(104059, 1, 'Pagina', 'ComponenteAltaInsercion', '', 1359155881, 'FireFox', '192.168.143.1'),
(104060, 1, 'Pagina', 'ComponenteListado', '', 1359155881, 'FireFox', '192.168.143.1'),
(104061, 1, 'Pagina', 'ComponenteListado', '', 1359155883, 'FireFox', '192.168.143.1'),
(104062, 1, 'Pagina', 'ComponenteAlta', '', 1359155895, 'FireFox', '192.168.143.1'),
(104063, 1, 'Pagina', 'ComponenteAltaInsercion', '', 1359155898, 'FireFox', '192.168.143.1'),
(104064, 1, 'Pagina', 'ComponenteListado', '', 1359155898, 'FireFox', '192.168.143.1'),
(104065, 1, 'Pagina', 'ComponenteModificacion', '', 1359155901, 'FireFox', '192.168.143.1'),
(104066, 1, 'Pagina', 'ComponenteAlta', '', 1359155904, 'FireFox', '192.168.143.1'),
(104067, 1, 'Pagina', 'ComponenteAltaInsercion', '', 1359155915, 'FireFox', '192.168.143.1'),
(104068, 1, 'Pagina', 'ComponenteListado', '', 1359155916, 'FireFox', '192.168.143.1'),
(104069, 1, 'Pagina', 'ComponenteListado', '', 1359155917, 'FireFox', '192.168.143.1'),
(104070, 1, 'Pagina', 'ComponenteModificacion', '', 1359156039, 'FireFox', '192.168.143.1'),
(104071, 1, 'Pagina', 'ComponenteAlta', '', 1359156043, 'FireFox', '192.168.143.1'),
(104072, 1, 'Pagina', 'ComponenteAltaInsercion', '', 1359156055, 'FireFox', '192.168.143.1'),
(104073, 1, 'Pagina', 'ComponenteListado', '', 1359156056, 'FireFox', '192.168.143.1'),
(104074, 1, 'Pagina', 'ComponenteListado', '', 1359156057, 'FireFox', '192.168.143.1'),
(104075, 1, 'Pagina', 'ComponenteModificacion', '', 1359156060, 'FireFox', '192.168.143.1'),
(104076, 1, 'Pagina', 'ComponenteAlta', '', 1359156063, 'FireFox', '192.168.143.1'),
(104077, 1, 'Pagina', 'ComponenteAltaInsercion', '', 1359156074, 'FireFox', '192.168.143.1'),
(104078, 1, 'Pagina', 'ComponenteListado', '', 1359156074, 'FireFox', '192.168.143.1'),
(104079, 1, 'Pagina', 'ComponenteListado', '', 1359156078, 'FireFox', '192.168.143.1'),
(104080, 1, 'Pagina', 'ComponenteModificacion', '', 1359156083, 'FireFox', '192.168.143.1'),
(104081, 1, 'Pagina', 'ComponenteAlta', '', 1359156085, 'FireFox', '192.168.143.1'),
(104082, 1, 'Pagina', 'ComponenteAltaInsercion', '', 1359156096, 'FireFox', '192.168.143.1'),
(104083, 1, 'Pagina', 'ComponenteListado', '', 1359156096, 'FireFox', '192.168.143.1'),
(104084, 1, 'Pagina', 'ComponenteListado', '', 1359156097, 'FireFox', '192.168.143.1'),
(104085, 1, 'Pagina', 'ComponenteModificacion', '', 1359156100, 'FireFox', '192.168.143.1'),
(104086, 1, 'Pagina', 'ComponenteAlta', '', 1359156103, 'FireFox', '192.168.143.1'),
(104087, 1, 'Pagina', 'ComponenteAltaInsercion', '', 1359156116, 'FireFox', '192.168.143.1'),
(104088, 1, 'Pagina', 'ComponenteListado', '', 1359156116, 'FireFox', '192.168.143.1'),
(104089, 1, 'Pagina', 'ComponenteListado', '', 1359156119, 'FireFox', '192.168.143.1'),
(104090, 1, 'Pagina', 'ComponenteModificacion', '', 1359156124, 'FireFox', '192.168.143.1'),
(104091, 1, 'Pagina', 'ComponenteAlta', '', 1359156127, 'FireFox', '192.168.143.1'),
(104092, 1, 'Pagina', 'ComponenteAltaInsercion', '', 1359156145, 'FireFox', '192.168.143.1'),
(104093, 1, 'Pagina', 'ComponenteListado', '', 1359156146, 'FireFox', '192.168.143.1'),
(104094, 1, 'Pagina', 'ComponenteModificacionInsercion', '', 1359156148, 'FireFox', '192.168.143.1'),
(104095, 1, 'Pagina', 'ComponenteListado', '', 1359156149, 'FireFox', '192.168.143.1'),
(104096, 1, 'Pagina', 'ComponenteModificacion', '', 1359156179, 'FireFox', '192.168.143.1'),
(104097, 1, 'Pagina', 'ComponenteAlta', '', 1359156185, 'FireFox', '192.168.143.1'),
(104098, 1, 'Pagina', 'ComponenteAltaInsercion', '', 1359156196, 'FireFox', '192.168.143.1'),
(104099, 1, 'Pagina', 'ComponenteListado', '', 1359156196, 'FireFox', '192.168.143.1'),
(104100, 1, 'Pagina', 'ComponenteListado', '', 1359156197, 'FireFox', '192.168.143.1'),
(104101, 1, 'Pagina', 'ComponenteAlta', '', 1359156925, 'FireFox', '192.168.143.1'),
(104102, 1, 'Pagina', 'ComponenteAltaInsercion', '', 1359156940, 'FireFox', '192.168.143.1'),
(104103, 1, 'Pagina', 'ComponenteListado', '', 1359156940, 'FireFox', '192.168.143.1'),
(104104, 1, 'Pagina', 'ComponenteAlta', '', 1359156978, 'FireFox', '192.168.143.1'),
(104105, 1, 'Pagina', 'ComponenteAltaInsercion', '', 1359156982, 'FireFox', '192.168.143.1'),
(104106, 1, 'Pagina', 'ComponenteListado', '', 1359156982, 'FireFox', '192.168.143.1'),
(104107, 1, 'Pagina', 'ComponenteListado', '', 1359156984, 'FireFox', '192.168.143.1'),
(104108, 1, 'Pagina', 'ComponenteAlta', '', 1359156991, 'FireFox', '192.168.143.1'),
(104109, 1, 'Pagina', 'ComponenteAltaInsercion', '', 1359157001, 'FireFox', '192.168.143.1'),
(104110, 1, 'Pagina', 'ComponenteListado', '', 1359157001, 'FireFox', '192.168.143.1'),
(104111, 1, 'Pagina', 'ComponenteAlta', '', 1359157053, 'FireFox', '192.168.143.1'),
(104112, 1, 'Pagina', 'ComponenteAltaInsercion', '', 1359157063, 'FireFox', '192.168.143.1'),
(104113, 1, 'Pagina', 'ComponenteListado', '', 1359157063, 'FireFox', '192.168.143.1'),
(104114, 1, 'Pagina', 'ComponenteAlta', '', 1359157089, 'FireFox', '192.168.143.1'),
(104115, 1, 'Pagina', 'ComponenteAltaInsercion', '', 1359157097, 'FireFox', '192.168.143.1'),
(104116, 1, 'Pagina', 'ComponenteListado', '', 1359157098, 'FireFox', '192.168.143.1'),
(104117, 1, 'Pagina', 'ComponenteAlta', '', 1359157105, 'FireFox', '192.168.143.1'),
(104118, 1, 'Pagina', 'ComponenteAltaInsercion', '', 1359157119, 'FireFox', '192.168.143.1'),
(104119, 1, 'Pagina', 'ComponenteListado', '', 1359157119, 'FireFox', '192.168.143.1'),
(104120, 1, 'Pagina', 'ComponenteAlta', '', 1359157122, 'FireFox', '192.168.143.1'),
(104121, 1, 'Pagina', 'ComponenteAltaInsercion', '', 1359157132, 'FireFox', '192.168.143.1'),
(104122, 1, 'Pagina', 'ComponenteListado', '', 1359157132, 'FireFox', '192.168.143.1'),
(104123, 1, 'Pagina', 'ComponenteAlta', '', 1359157136, 'FireFox', '192.168.143.1'),
(104124, 1, 'Pagina', 'ComponenteAltaInsercion', '', 1359157155, 'FireFox', '192.168.143.1'),
(104125, 1, 'Pagina', 'ComponenteListado', '', 1359157155, 'FireFox', '192.168.143.1'),
(104126, 1, 'Pagina', 'ComponenteAlta', '', 1359157160, 'FireFox', '192.168.143.1'),
(104127, 1, 'Pagina', 'ComponenteAltaInsercion', '', 1359157174, 'FireFox', '192.168.143.1'),
(104128, 1, 'Pagina', 'ComponenteListado', '', 1359157174, 'FireFox', '192.168.143.1'),
(104129, 1, 'Pagina', 'ComponenteAlta', '', 1359157202, 'FireFox', '192.168.143.1'),
(104130, 1, 'Pagina', 'ComponenteListado', '', 1359157203, 'FireFox', '192.168.143.1'),
(104131, 1, 'Pagina', 'ComponenteAlta', '', 1359157207, 'FireFox', '192.168.143.1'),
(104132, 1, 'Pagina', 'ComponenteListado', '', 1359157209, 'FireFox', '192.168.143.1'),
(104133, 1, 'Pagina', 'PaginaListado', '', 1359157211, 'FireFox', '192.168.143.1'),
(104134, 1, 'Pagina', 'PaginaModificacion', '', 1359157227, 'FireFox', '192.168.143.1'),
(104135, 1, 'Pagina', 'PaginaModificacionInsercion', '', 1359157231, 'FireFox', '192.168.143.1'),
(104136, 1, 'Pagina', 'PaginaListado', '', 1359157231, 'FireFox', '192.168.143.1'),
(104137, 1, 'Pagina', 'ComponenteListado', '', 1359157280, 'FireFox', '192.168.143.1'),
(104138, 1, 'Pagina', 'ComponenteAlta', '', 1359157299, 'FireFox', '192.168.143.1'),
(104139, 1, 'Pagina', 'ComponenteAltaInsercion', '', 1359157306, 'FireFox', '192.168.143.1'),
(104140, 1, 'Pagina', 'ComponenteListado', '', 1359157306, 'FireFox', '192.168.143.1'),
(104141, 1, 'Pagina', 'ComponenteAlta', '', 1359157371, 'FireFox', '192.168.143.1'),
(104142, 1, 'Pagina', 'ComponenteAltaInsercion', '', 1359157381, 'FireFox', '192.168.143.1'),
(104143, 1, 'Pagina', 'ComponenteListado', '', 1359157381, 'FireFox', '192.168.143.1'),
(104144, 1, 'Pagina', 'PaginaListado', '', 1359157389, 'FireFox', '192.168.143.1'),
(104145, 1, 'Pagina', 'PaginaAlta', '', 1359157394, 'FireFox', '192.168.143.1'),
(104146, 1, 'Pagina', 'PaginaAltaInsercion', '', 1359157411, 'FireFox', '192.168.143.1'),
(104147, 1, 'Pagina', 'ComponenteListado', '', 1359157411, 'FireFox', '192.168.143.1'),
(104148, 1, 'Pagina', 'ComponenteAlta', '', 1359157416, 'FireFox', '192.168.143.1'),
(104149, 1, 'Pagina', 'ComponenteAltaInsercion', '', 1359157452, 'FireFox', '192.168.143.1'),
(104150, 1, 'Pagina', 'ComponenteListado', '', 1359157452, 'FireFox', '192.168.143.1'),
(104151, 1, 'Pagina', 'ComponenteAlta', '', 1359157455, 'FireFox', '192.168.143.1'),
(104152, 1, 'Pagina', 'ComponenteAltaInsercion', '', 1359157474, 'FireFox', '192.168.143.1'),
(104153, 1, 'Pagina', 'ComponenteListado', '', 1359157474, 'FireFox', '192.168.143.1'),
(104154, 1, 'Pagina', 'ComponenteAlta', '', 1359157478, 'FireFox', '192.168.143.1'),
(104155, 1, 'Pagina', 'ComponenteAltaInsercion', '', 1359157497, 'FireFox', '192.168.143.1'),
(104156, 1, 'Pagina', 'ComponenteListado', '', 1359157497, 'FireFox', '192.168.143.1'),
(104157, 1, 'Pagina', 'ComponenteAlta', '', 1359157501, 'FireFox', '192.168.143.1'),
(104158, 1, 'Pagina', 'ComponenteAltaInsercion', '', 1359157507, 'FireFox', '192.168.143.1'),
(104159, 1, 'Pagina', 'ComponenteListado', '', 1359157507, 'FireFox', '192.168.143.1'),
(104160, 1, 'Pagina', 'ComponenteAlta', '', 1359157512, 'FireFox', '192.168.143.1'),
(104161, 1, 'Pagina', 'ComponenteAltaInsercion', '', 1359157520, 'FireFox', '192.168.143.1'),
(104162, 1, 'Pagina', 'ComponenteListado', '', 1359157520, 'FireFox', '192.168.143.1'),
(104163, 1, 'Pagina', 'ComponenteAlta', '', 1359157524, 'FireFox', '192.168.143.1'),
(104164, 1, 'Pagina', 'ComponenteAltaInsercion', '', 1359157528, 'FireFox', '192.168.143.1'),
(104165, 1, 'Pagina', 'ComponenteListado', '', 1359157528, 'FireFox', '192.168.143.1'),
(104166, 1, 'Pagina', 'Bienvenida', '', 1359187128, 'FireFox', '192.168.143.1'),
(104167, 1, 'Pagina', 'PaginaListado', '', 1359187138, 'FireFox', '192.168.143.1'),
(104168, 1, 'Pagina', 'PaginaAlta', '', 1359187289, 'FireFox', '192.168.143.1'),
(104169, 1, 'Pagina', 'PaginaAltaInsercion', '', 1359187327, 'FireFox', '192.168.143.1'),
(104170, 1, 'Pagina', 'ComponenteListado', '', 1359187327, 'FireFox', '192.168.143.1'),
(104171, 1, 'Pagina', 'ComponenteAlta', '', 1359187332, 'FireFox', '192.168.143.1'),
(104172, 1, 'Pagina', 'ComponenteAltaInsercion', '', 1359187346, 'FireFox', '192.168.143.1'),
(104173, 1, 'Pagina', 'ComponenteListado', '', 1359187346, 'FireFox', '192.168.143.1'),
(104174, 1, 'Pagina', 'ComponenteModificacion', '', 1359187348, 'FireFox', '192.168.143.1'),
(104175, 1, 'Pagina', 'ComponenteModificacionInsercion', '', 1359187351, 'FireFox', '192.168.143.1'),
(104176, 1, 'Pagina', 'ComponenteListado', '', 1359187351, 'FireFox', '192.168.143.1'),
(104177, 1, 'Pagina', 'PaginaListado', '', 1359187355, 'FireFox', '192.168.143.1'),
(104178, 1, 'Pagina', 'RegistroListado', '', 1359187365, 'FireFox', '192.168.143.1'),
(104179, 1, 'Pagina', 'RegistroAlta', '', 1359187367, 'FireFox', '192.168.143.1'),
(104180, 1, 'Pagina', 'RegistroAltaInsercion', '', 1359187375, 'FireFox', '192.168.143.1'),
(104181, 1, 'Pagina', 'RegistroListado', '', 1359187375, 'FireFox', '192.168.143.1'),
(104182, 1, 'Pagina', 'RegistroAlta', '', 1359187378, 'FireFox', '192.168.143.1'),
(104183, 1, 'Pagina', 'RegistroAltaInsercion', '', 1359187380, 'FireFox', '192.168.143.1'),
(104184, 1, 'Pagina', 'RegistroListado', '', 1359187381, 'FireFox', '192.168.143.1'),
(104185, 1, 'Pagina', 'RegistroAlta', '', 1359187385, 'FireFox', '192.168.143.1'),
(104186, 1, 'Pagina', 'RegistroAltaInsercion', '', 1359187387, 'FireFox', '192.168.143.1'),
(104187, 1, 'Pagina', 'RegistroListado', '', 1359187387, 'FireFox', '192.168.143.1'),
(104188, 1, 'Pagina', 'RegistroAlta', '', 1359187390, 'FireFox', '192.168.143.1'),
(104189, 1, 'Pagina', 'RegistroAltaInsercion', '', 1359187392, 'FireFox', '192.168.143.1'),
(104190, 1, 'Pagina', 'RegistroListado', '', 1359187392, 'FireFox', '192.168.143.1'),
(104191, 1, 'Pagina', 'RegistroAlta', '', 1359187396, 'FireFox', '192.168.143.1'),
(104192, 1, 'Pagina', 'RegistroAltaInsercion', '', 1359187398, 'FireFox', '192.168.143.1'),
(104193, 1, 'Pagina', 'RegistroListado', '', 1359187398, 'FireFox', '192.168.143.1'),
(104194, 1, 'Pagina', 'RegistroAlta', '', 1359187404, 'FireFox', '192.168.143.1'),
(104195, 1, 'Pagina', 'RegistroAltaInsercion', '', 1359187406, 'FireFox', '192.168.143.1'),
(104196, 1, 'Pagina', 'RegistroListado', '', 1359187406, 'FireFox', '192.168.143.1'),
(104197, 1, 'Pagina', 'RegistroAlta', '', 1359187411, 'FireFox', '192.168.143.1'),
(104198, 1, 'Pagina', 'RegistroAltaInsercion', '', 1359187413, 'FireFox', '192.168.143.1'),
(104199, 1, 'Pagina', 'RegistroListado', '', 1359187413, 'FireFox', '192.168.143.1'),
(104200, 1, 'Pagina', 'RegistroAlta', '', 1359187417, 'FireFox', '192.168.143.1'),
(104201, 1, 'Pagina', 'RegistroAltaInsercion', '', 1359187419, 'FireFox', '192.168.143.1'),
(104202, 1, 'Pagina', 'RegistroListado', '', 1359187419, 'FireFox', '192.168.143.1'),
(104203, 1, 'Pagina', 'PaginaListado', '', 1359187484, 'FireFox', '192.168.143.1'),
(104204, 1, 'Pagina', 'PaginaAlta', '', 1359187493, 'FireFox', '192.168.143.1'),
(104205, 1, 'Pagina', 'PaginaAltaInsercion', '', 1359187502, 'FireFox', '192.168.143.1'),
(104206, 1, 'Pagina', 'ComponenteListado', '', 1359187502, 'FireFox', '192.168.143.1'),
(104207, 1, 'Pagina', 'ComponenteAlta', '', 1359187507, 'FireFox', '192.168.143.1'),
(104208, 1, 'Pagina', 'ComponenteListado', '', 1359187568, 'FireFox', '192.168.143.1'),
(104209, 1, 'Pagina', 'PaginaListado', '', 1359187569, 'FireFox', '192.168.143.1'),
(104210, 1, 'Pagina', 'ComponenteListado', '', 1359187602, 'FireFox', '192.168.143.1'),
(104211, 1, 'Pagina', 'ComponenteAlta', '', 1359187607, 'FireFox', '192.168.143.1'),
(104212, 1, 'Pagina', 'ComponenteAltaInsercion', '', 1359187674, 'FireFox', '192.168.143.1'),
(104213, 1, 'Pagina', 'ComponenteListado', '', 1359187674, 'FireFox', '192.168.143.1'),
(104214, 1, 'Pagina', 'ComponenteAlta', '', 1359187679, 'FireFox', '192.168.143.1'),
(104215, 1, 'Pagina', 'ComponenteAltaInsercion', '', 1359187688, 'FireFox', '192.168.143.1'),
(104216, 1, 'Pagina', 'ComponenteListado', '', 1359187688, 'FireFox', '192.168.143.1'),
(104217, 1, 'Pagina', 'ComponenteAlta', '', 1359187696, 'FireFox', '192.168.143.1'),
(104218, 1, 'Pagina', 'ComponenteAltaInsercion', '', 1359187716, 'FireFox', '192.168.143.1'),
(104219, 1, 'Pagina', 'ComponenteListado', '', 1359187716, 'FireFox', '192.168.143.1'),
(104220, 1, 'Pagina', 'ComponenteListado', '', 1359187784, 'FireFox', '192.168.143.1'),
(104221, 1, 'Pagina', 'PaginaListado', '', 1359187786, 'FireFox', '192.168.143.1'),
(104222, 1, 'Pagina', 'PaginaAlta', '', 1359187790, 'FireFox', '192.168.143.1'),
(104223, 1, 'Pagina', 'PaginaAltaInsercion', '', 1359187803, 'FireFox', '192.168.143.1'),
(104224, 1, 'Pagina', 'ComponenteListado', '', 1359187803, 'FireFox', '192.168.143.1'),
(104225, 1, 'Pagina', 'ComponenteAlta', '', 1359187808, 'FireFox', '192.168.143.1'),
(104226, 1, 'Pagina', 'ComponenteAltaInsercion', '', 1359187823, 'FireFox', '192.168.143.1'),
(104227, 1, 'Pagina', 'ComponenteListado', '', 1359187823, 'FireFox', '192.168.143.1'),
(104228, 1, 'Pagina', 'PaginaListado', '', 1359187827, 'FireFox', '192.168.143.1'),
(104229, 1, 'Pagina', 'RegistroListado', '', 1359187832, 'FireFox', '192.168.143.1'),
(104230, 1, 'Pagina', 'RegistroAlta', '', 1359187835, 'FireFox', '192.168.143.1'),
(104231, 1, 'Pagina', 'RegistroAltaInsercion', '', 1359187891, 'FireFox', '192.168.143.1'),
(104232, 1, 'Pagina', 'RegistroListado', '', 1359187891, 'FireFox', '192.168.143.1'),
(104233, 1, 'Pagina', 'RegistroAlta', '', 1359187892, 'FireFox', '192.168.143.1'),
(104234, 1, 'Pagina', 'RegistroAltaInsercion', '', 1359187897, 'FireFox', '192.168.143.1'),
(104235, 1, 'Pagina', 'RegistroListado', '', 1359187897, 'FireFox', '192.168.143.1'),
(104236, 1, 'Pagina', 'RegistroAlta', '', 1359187899, 'FireFox', '192.168.143.1'),
(104237, 1, 'Pagina', 'RegistroAltaInsercion', '', 1359187903, 'FireFox', '192.168.143.1'),
(104238, 1, 'Pagina', 'RegistroListado', '', 1359187903, 'FireFox', '192.168.143.1'),
(104239, 1, 'Pagina', 'RegistroAlta', '', 1359187907, 'FireFox', '192.168.143.1'),
(104240, 1, 'Pagina', 'RegistroAltaInsercion', '', 1359187915, 'FireFox', '192.168.143.1'),
(104241, 1, 'Pagina', 'RegistroListado', '', 1359187915, 'FireFox', '192.168.143.1'),
(104242, 1, 'Pagina', 'RegistroAlta', '', 1359187916, 'FireFox', '192.168.143.1'),
(104243, 1, 'Pagina', 'RegistroAltaInsercion', '', 1359187923, 'FireFox', '192.168.143.1'),
(104244, 1, 'Pagina', 'RegistroListado', '', 1359187923, 'FireFox', '192.168.143.1'),
(104245, 1, 'Pagina', 'RegistroAlta', '', 1359187926, 'FireFox', '192.168.143.1'),
(104246, 1, 'Pagina', 'RegistroAltaInsercion', '', 1359187934, 'FireFox', '192.168.143.1'),
(104247, 1, 'Pagina', 'RegistroListado', '', 1359187934, 'FireFox', '192.168.143.1'),
(104248, 1, 'Pagina', 'RegistroListado', '', 1359187936, 'FireFox', '192.168.143.1'),
(104249, 1, 'Pagina', 'RegistroListado', '', 1359187937, 'FireFox', '192.168.143.1'),
(104250, 1, 'Pagina', 'RegistroAlta', '', 1359187942, 'FireFox', '192.168.143.1'),
(104251, 1, 'Pagina', 'RegistroAltaInsercion', '', 1359187951, 'FireFox', '192.168.143.1'),
(104252, 1, 'Pagina', 'RegistroListado', '', 1359187951, 'FireFox', '192.168.143.1'),
(104253, 1, 'Pagina', 'ComponenteAlta', '', 1359187964, 'FireFox', '192.168.143.1'),
(104254, 1, 'Pagina', 'ComponenteAltaInsercion', '', 1359187979, 'FireFox', '192.168.143.1'),
(104255, 1, 'Pagina', 'ComponenteListado', '', 1359187979, 'FireFox', '192.168.143.1'),
(104256, 1, 'Pagina', 'ComponenteAlta', '', 1359187989, 'FireFox', '192.168.143.1'),
(104257, 1, 'Pagina', 'ComponenteAltaInsercion', '', 1359188032, 'FireFox', '192.168.143.1'),
(104258, 1, 'Pagina', 'ComponenteListado', '', 1359188032, 'FireFox', '192.168.143.1'),
(104259, 1, 'Pagina', 'ComponenteAlta', '', 1359188047, 'FireFox', '192.168.143.1'),
(104260, 1, 'Pagina', 'ComponenteAltaInsercion', '', 1359188068, 'FireFox', '192.168.143.1'),
(104261, 1, 'Pagina', 'ComponenteListado', '', 1359188068, 'FireFox', '192.168.143.1'),
(104262, 1, 'Pagina', 'PaginaListado', '', 1359188078, 'FireFox', '192.168.143.1'),
(104263, 1, 'Pagina', 'PaginaAlta', '', 1359188081, 'FireFox', '192.168.143.1'),
(104264, 1, 'Pagina', 'PaginaAltaInsercion', '', 1359188095, 'FireFox', '192.168.143.1'),
(104265, 1, 'Pagina', 'ComponenteListado', '', 1359188095, 'FireFox', '192.168.143.1'),
(104266, 1, 'Pagina', 'PaginaListado', '', 1359188099, 'FireFox', '192.168.143.1'),
(104267, 1, 'Pagina', 'ComponenteListado', '', 1359188106, 'FireFox', '192.168.143.1'),
(104268, 1, 'Pagina', 'ComponenteAlta', '', 1359188114, 'FireFox', '192.168.143.1'),
(104269, 1, 'Pagina', 'ComponenteAltaInsercion', '', 1359188131, 'FireFox', '192.168.143.1'),
(104270, 1, 'Pagina', 'ComponenteListado', '', 1359188131, 'FireFox', '192.168.143.1'),
(104271, 1, 'Pagina', 'ComponenteAlta', '', 1359188136, 'FireFox', '192.168.143.1'),
(104272, 1, 'Pagina', 'ComponenteAltaInsercion', '', 1359188155, 'FireFox', '192.168.143.1'),
(104273, 1, 'Pagina', 'ComponenteListado', '', 1359188155, 'FireFox', '192.168.143.1'),
(104274, 1, 'Pagina', 'ComponenteAlta', '', 1359188159, 'FireFox', '192.168.143.1'),
(104275, 1, 'Pagina', 'ComponenteAltaInsercion', '', 1359188181, 'FireFox', '192.168.143.1'),
(104276, 1, 'Pagina', 'ComponenteListado', '', 1359188181, 'FireFox', '192.168.143.1'),
(104277, 1, 'Pagina', 'ComponenteAlta', '', 1359188188, 'FireFox', '192.168.143.1'),
(104278, 1, 'Pagina', 'ComponenteAltaInsercion', '', 1359188204, 'FireFox', '192.168.143.1'),
(104279, 1, 'Pagina', 'ComponenteListado', '', 1359188204, 'FireFox', '192.168.143.1'),
(104280, 1, 'Pagina', 'ComponenteAlta', '', 1359188207, 'FireFox', '192.168.143.1'),
(104281, 1, 'Pagina', 'ComponenteAltaInsercion', '', 1359188216, 'FireFox', '192.168.143.1'),
(104282, 1, 'Pagina', 'ComponenteListado', '', 1359188216, 'FireFox', '192.168.143.1'),
(104283, 1, 'Pagina', 'PaginaListado', '', 1359188219, 'FireFox', '192.168.143.1'),
(104284, 1, 'Pagina', 'PaginaAlta', '', 1359188269, 'FireFox', '192.168.143.1'),
(104285, 1, 'Pagina', 'PaginaAltaInsercion', '', 1359188286, 'FireFox', '192.168.143.1'),
(104286, 1, 'Pagina', 'ComponenteListado', '', 1359188286, 'FireFox', '192.168.143.1'),
(104287, 1, 'Pagina', 'ComponenteAlta', '', 1359188293, 'FireFox', '192.168.143.1'),
(104288, 1, 'Pagina', 'ComponenteAltaInsercion', '', 1359188312, 'FireFox', '192.168.143.1'),
(104289, 1, 'Pagina', 'ComponenteListado', '', 1359188312, 'FireFox', '192.168.143.1'),
(104290, 1, 'Pagina', 'ComponenteAlta', '', 1359188315, 'FireFox', '192.168.143.1'),
(104291, 1, 'Pagina', 'ComponenteAltaInsercion', '', 1359188328, 'FireFox', '192.168.143.1'),
(104292, 1, 'Pagina', 'ComponenteListado', '', 1359188328, 'FireFox', '192.168.143.1'),
(104293, 1, 'Pagina', 'ComponenteAlta', '', 1359188334, 'FireFox', '192.168.143.1'),
(104294, 1, 'Pagina', 'ComponenteAltaInsercion', '', 1359188341, 'FireFox', '192.168.143.1'),
(104295, 1, 'Pagina', 'ComponenteListado', '', 1359188341, 'FireFox', '192.168.143.1'),
(104296, 1, 'Pagina', 'PaginaListado', '', 1359188348, 'FireFox', '192.168.143.1'),
(104297, 1, 'Pagina', 'PaginaAlta', '', 1359188355, 'FireFox', '192.168.143.1'),
(104298, 1, 'Pagina', 'PaginaAltaInsercion', '', 1359188369, 'FireFox', '192.168.143.1'),
(104299, 1, 'Pagina', 'ComponenteListado', '', 1359188369, 'FireFox', '192.168.143.1'),
(104300, 1, 'Pagina', 'ComponenteAlta', '', 1359188371, 'FireFox', '192.168.143.1'),
(104301, 1, 'Pagina', 'ComponenteAltaInsercion', '', 1359188388, 'FireFox', '192.168.143.1'),
(104302, 1, 'Pagina', 'ComponenteListado', '', 1359188388, 'FireFox', '192.168.143.1'),
(104303, 1, 'Pagina', 'ComponenteAlta', '', 1359188396, 'FireFox', '192.168.143.1'),
(104304, 1, 'Pagina', 'ComponenteAltaInsercion', '', 1359188407, 'FireFox', '192.168.143.1'),
(104305, 1, 'Pagina', 'ComponenteListado', '', 1359188407, 'FireFox', '192.168.143.1'),
(104306, 1, 'Pagina', 'ComponenteAlta', '', 1359188412, 'FireFox', '192.168.143.1'),
(104307, 1, 'Pagina', 'ComponenteAltaInsercion', '', 1359188428, 'FireFox', '192.168.143.1'),
(104308, 1, 'Pagina', 'ComponenteListado', '', 1359188428, 'FireFox', '192.168.143.1'),
(104309, 1, 'Pagina', 'PaginaListado', '', 1359188431, 'FireFox', '192.168.143.1'),
(104310, 1, 'Pagina', 'ComponenteListado', '', 1359188439, 'FireFox', '192.168.143.1'),
(104311, 1, 'Pagina', 'PaginaListado', '', 1359188442, 'FireFox', '192.168.143.1'),
(104312, 1, 'Pagina', 'PaginaAlta', '', 1359188860, 'FireFox', '192.168.143.1'),
(104313, 1, 'Pagina', 'PaginaAltaInsercion', '', 1359188886, 'FireFox', '192.168.143.1'),
(104314, 1, 'Pagina', 'ComponenteListado', '', 1359188886, 'FireFox', '192.168.143.1'),
(104315, 1, 'Pagina', 'ComponenteAlta', '', 1359188895, 'FireFox', '192.168.143.1'),
(104316, 1, 'Pagina', 'ComponenteAltaInsercion', '', 1359188908, 'FireFox', '192.168.143.1'),
(104317, 1, 'Pagina', 'ComponenteListado', '', 1359188908, 'FireFox', '192.168.143.1'),
(104318, 1, 'Pagina', 'ComponenteAlta', '', 1359188912, 'FireFox', '192.168.143.1'),
(104319, 1, 'Pagina', 'ComponenteAltaInsercion', '', 1359188928, 'FireFox', '192.168.143.1'),
(104320, 1, 'Pagina', 'ComponenteListado', '', 1359188928, 'FireFox', '192.168.143.1'),
(104321, 1, 'Pagina', 'ComponenteAlta', '', 1359188943, 'FireFox', '192.168.143.1'),
(104322, 1, 'Pagina', 'ComponenteAltaInsercion', '', 1359188959, 'FireFox', '192.168.143.1'),
(104323, 1, 'Pagina', 'ComponenteListado', '', 1359188959, 'FireFox', '192.168.143.1'),
(104324, 1, 'Pagina', 'ComponenteAlta', '', 1359188964, 'FireFox', '192.168.143.1'),
(104325, 1, 'Pagina', 'ComponenteAltaInsercion', '', 1359188975, 'FireFox', '192.168.143.1'),
(104326, 1, 'Pagina', 'ComponenteListado', '', 1359188975, 'FireFox', '192.168.143.1'),
(104327, 1, 'Pagina', 'ComponenteAlta', '', 1359188979, 'FireFox', '192.168.143.1'),
(104328, 1, 'Pagina', 'ComponenteAltaInsercion', '', 1359188998, 'FireFox', '192.168.143.1'),
(104329, 1, 'Pagina', 'ComponenteListado', '', 1359188998, 'FireFox', '192.168.143.1'),
(104330, 1, 'Pagina', 'ComponenteAlta', '', 1359189022, 'FireFox', '192.168.143.1'),
(104331, 1, 'Pagina', 'ComponenteAltaInsercion', '', 1359189045, 'FireFox', '192.168.143.1'),
(104332, 1, 'Pagina', 'ComponenteListado', '', 1359189045, 'FireFox', '192.168.143.1'),
(104333, 1, 'Pagina', 'PaginaListado', '', 1359189056, 'FireFox', '192.168.143.1'),
(104334, 1, 'Pagina', 'PaginaAlta', '', 1359189061, 'FireFox', '192.168.143.1'),
(104335, 1, 'Pagina', 'PaginaAltaInsercion', '', 1359189072, 'FireFox', '192.168.143.1'),
(104336, 1, 'Pagina', 'ComponenteListado', '', 1359189073, 'FireFox', '192.168.143.1'),
(104337, 1, 'Pagina', 'PaginaListado', '', 1359189074, 'FireFox', '192.168.143.1'),
(104338, 1, 'Pagina', 'ComponenteListado', '', 1359189084, 'FireFox', '192.168.143.1'),
(104339, 1, 'Pagina', 'ComponenteModificacion', '', 1359189087, 'FireFox', '192.168.143.1'),
(104340, 1, 'Pagina', 'ComponenteModificacionInsercion', '', 1359189102, 'FireFox', '192.168.143.1'),
(104341, 1, 'Pagina', 'ComponenteListado', '', 1359189102, 'FireFox', '192.168.143.1'),
(104342, 1, 'Pagina', 'PaginaListado', '', 1359189104, 'FireFox', '192.168.143.1'),
(104343, 1, 'Pagina', 'ComponenteListado', '', 1359189111, 'FireFox', '192.168.143.1'),
(104344, 1, 'Pagina', 'ComponenteAlta', '', 1359189117, 'FireFox', '192.168.143.1'),
(104345, 1, 'Pagina', 'ComponenteAltaInsercion', '', 1359189133, 'FireFox', '192.168.143.1'),
(104346, 1, 'Pagina', 'ComponenteListado', '', 1359189133, 'FireFox', '192.168.143.1'),
(104347, 1, 'Pagina', 'ComponenteAlta', '', 1359189137, 'FireFox', '192.168.143.1'),
(104348, 1, 'Pagina', 'ComponenteAltaInsercion', '', 1359189163, 'FireFox', '192.168.143.1'),
(104349, 1, 'Pagina', 'ComponenteListado', '', 1359189163, 'FireFox', '192.168.143.1'),
(104350, 1, 'Pagina', 'ComponenteAlta', '', 1359189173, 'FireFox', '192.168.143.1'),
(104351, 1, 'Pagina', 'ComponenteAltaInsercion', '', 1359189188, 'FireFox', '192.168.143.1'),
(104352, 1, 'Pagina', 'ComponenteListado', '', 1359189188, 'FireFox', '192.168.143.1'),
(104353, 1, 'Pagina', 'ComponenteAlta', '', 1359189199, 'FireFox', '192.168.143.1'),
(104354, 1, 'Pagina', 'ComponenteAltaInsercion', '', 1359189206, 'FireFox', '192.168.143.1'),
(104355, 1, 'Pagina', 'ComponenteListado', '', 1359189206, 'FireFox', '192.168.143.1'),
(104356, 1, 'Pagina', 'ComponenteAlta', '', 1359189210, 'FireFox', '192.168.143.1'),
(104357, 1, 'Pagina', 'ComponenteAltaInsercion', '', 1359189220, 'FireFox', '192.168.143.1'),
(104358, 1, 'Pagina', 'ComponenteListado', '', 1359189220, 'FireFox', '192.168.143.1'),
(104359, 1, 'Pagina', 'ComponenteAlta', '', 1359189225, 'FireFox', '192.168.143.1'),
(104360, 1, 'Pagina', 'ComponenteAltaInsercion', '', 1359189233, 'FireFox', '192.168.143.1'),
(104361, 1, 'Pagina', 'ComponenteListado', '', 1359189234, 'FireFox', '192.168.143.1'),
(104362, 1, 'Pagina', 'PaginaListado', '', 1359189289, 'FireFox', '192.168.143.1'),
(104363, 1, 'Pagina', 'PaginaAlta', '', 1359189299, 'FireFox', '192.168.143.1'),
(104364, 1, 'Pagina', 'PaginaAltaInsercion', '', 1359189320, 'FireFox', '192.168.143.1'),
(104365, 1, 'Pagina', 'ComponenteListado', '', 1359189320, 'FireFox', '192.168.143.1'),
(104366, 1, 'Pagina', 'ComponenteAlta', '', 1359189322, 'FireFox', '192.168.143.1'),
(104367, 1, 'Pagina', 'ComponenteAltaInsercion', '', 1359189341, 'FireFox', '192.168.143.1'),
(104368, 1, 'Pagina', 'ComponenteListado', '', 1359189341, 'FireFox', '192.168.143.1'),
(104369, 1, 'Pagina', 'ComponenteAlta', '', 1359189343, 'FireFox', '192.168.143.1'),
(104370, 1, 'Pagina', 'ComponenteAltaInsercion', '', 1359189349, 'FireFox', '192.168.143.1'),
(104371, 1, 'Pagina', 'ComponenteListado', '', 1359189349, 'FireFox', '192.168.143.1'),
(104372, 1, 'Pagina', 'ComponenteAlta', '', 1359189354, 'FireFox', '192.168.143.1'),
(104373, 1, 'Pagina', 'ComponenteAltaInsercion', '', 1359189358, 'FireFox', '192.168.143.1'),
(104374, 1, 'Pagina', 'ComponenteListado', '', 1359189358, 'FireFox', '192.168.143.1'),
(104375, 1, 'Pagina', 'PaginaListado', '', 1359189725, 'FireFox', '192.168.143.1'),
(104376, 1, 'Pagina', 'PaginaAlta', '', 1359189743, 'FireFox', '192.168.143.1'),
(104377, 1, 'Pagina', 'PaginaAltaInsercion', '', 1359189772, 'FireFox', '192.168.143.1'),
(104378, 1, 'Pagina', 'ComponenteListado', '', 1359189772, 'FireFox', '192.168.143.1'),
(104379, 1, 'Pagina', 'ComponenteAlta', '', 1359189775, 'FireFox', '192.168.143.1'),
(104380, 1, 'Pagina', 'ComponenteAltaInsercion', '', 1359189802, 'FireFox', '192.168.143.1'),
(104381, 1, 'Pagina', 'ComponenteListado', '', 1359189802, 'FireFox', '192.168.143.1'),
(104382, 1, 'Pagina', 'ComponenteAlta', '', 1359189805, 'FireFox', '192.168.143.1'),
(104383, 1, 'Pagina', 'ComponenteAltaInsercion', '', 1359189813, 'FireFox', '192.168.143.1'),
(104384, 1, 'Pagina', 'ComponenteListado', '', 1359189813, 'FireFox', '192.168.143.1'),
(104385, 1, 'Pagina', 'ComponenteAlta', '', 1359189831, 'FireFox', '192.168.143.1'),
(104386, 1, 'Pagina', 'ComponenteAltaInsercion', '', 1359189843, 'FireFox', '192.168.143.1'),
(104387, 1, 'Pagina', 'ComponenteListado', '', 1359189843, 'FireFox', '192.168.143.1'),
(104388, 1, 'Pagina', 'ComponenteAlta', '', 1359189848, 'FireFox', '192.168.143.1'),
(104389, 1, 'Pagina', 'ComponenteAltaInsercion', '', 1359189864, 'FireFox', '192.168.143.1'),
(104390, 1, 'Pagina', 'ComponenteListado', '', 1359189864, 'FireFox', '192.168.143.1'),
(104391, 1, 'Pagina', 'ComponenteAlta', '', 1359189867, 'FireFox', '192.168.143.1'),
(104392, 1, 'Pagina', 'ComponenteAltaInsercion', '', 1359189877, 'FireFox', '192.168.143.1'),
(104393, 1, 'Pagina', 'ComponenteListado', '', 1359189877, 'FireFox', '192.168.143.1'),
(104394, 1, 'Pagina', 'ComponenteAlta', '', 1359189922, 'FireFox', '192.168.143.1'),
(104395, 1, 'Pagina', 'ComponenteListado', '', 1359189926, 'FireFox', '192.168.143.1'),
(104396, 1, 'Pagina', 'ComponenteAlta', '', 1359189928, 'FireFox', '192.168.143.1'),
(104397, 1, 'Pagina', 'ComponenteAltaInsercion', '', 1359189934, 'FireFox', '192.168.143.1'),
(104398, 1, 'Pagina', 'ComponenteListado', '', 1359189934, 'FireFox', '192.168.143.1'),
(104399, 1, 'Pagina', 'ComponenteAlta', '', 1359189937, 'FireFox', '192.168.143.1'),
(104400, 1, 'Pagina', 'ComponenteAltaInsercion', '', 1359189948, 'FireFox', '192.168.143.1'),
(104401, 1, 'Pagina', 'ComponenteListado', '', 1359189948, 'FireFox', '192.168.143.1'),
(104402, 1, 'Pagina', 'ComponenteAlta', '', 1359189950, 'FireFox', '192.168.143.1'),
(104403, 1, 'Pagina', 'ComponenteAltaInsercion', '', 1359189964, 'FireFox', '192.168.143.1'),
(104404, 1, 'Pagina', 'ComponenteListado', '', 1359189964, 'FireFox', '192.168.143.1'),
(104405, 1, 'Pagina', 'ComponenteAlta', '', 1359189969, 'FireFox', '192.168.143.1'),
(104406, 1, 'Pagina', 'ComponenteAltaInsercion', '', 1359189981, 'FireFox', '192.168.143.1'),
(104407, 1, 'Pagina', 'ComponenteListado', '', 1359189981, 'FireFox', '192.168.143.1'),
(104408, 1, 'Pagina', 'ComponenteAlta', '', 1359189983, 'FireFox', '192.168.143.1'),
(104409, 1, 'Pagina', 'ComponenteAltaInsercion', '', 1359189993, 'FireFox', '192.168.143.1'),
(104410, 1, 'Pagina', 'ComponenteListado', '', 1359189993, 'FireFox', '192.168.143.1'),
(104411, 1, 'Pagina', 'ComponenteAlta', '', 1359189998, 'FireFox', '192.168.143.1'),
(104412, 1, 'Pagina', 'ComponenteAltaInsercion', '', 1359190008, 'FireFox', '192.168.143.1'),
(104413, 1, 'Pagina', 'ComponenteListado', '', 1359190008, 'FireFox', '192.168.143.1'),
(104414, 1, 'Pagina', 'PaginaListado', '', 1359190009, 'FireFox', '192.168.143.1'),
(104415, 1, 'Pagina', 'PaginaAlta', '', 1359190100, 'FireFox', '192.168.143.1'),
(104416, 1, 'Pagina', 'PaginaAltaInsercion', '', 1359190117, 'FireFox', '192.168.143.1'),
(104417, 1, 'Pagina', 'ComponenteListado', '', 1359190117, 'FireFox', '192.168.143.1'),
(104418, 1, 'Pagina', 'ComponenteAlta', '', 1359190130, 'FireFox', '192.168.143.1'),
(104419, 1, 'Pagina', 'ComponenteAltaInsercion', '', 1359190146, 'FireFox', '192.168.143.1'),
(104420, 1, 'Pagina', 'ComponenteListado', '', 1359190146, 'FireFox', '192.168.143.1'),
(104421, 1, 'Pagina', 'ComponenteAlta', '', 1359190149, 'FireFox', '192.168.143.1'),
(104422, 1, 'Pagina', 'ComponenteAltaInsercion', '', 1359190157, 'FireFox', '192.168.143.1'),
(104423, 1, 'Pagina', 'ComponenteListado', '', 1359190157, 'FireFox', '192.168.143.1'),
(104424, 1, 'Pagina', 'ComponenteAlta', '', 1359190174, 'FireFox', '192.168.143.1'),
(104425, 1, 'Pagina', 'ComponenteAltaInsercion', '', 1359190181, 'FireFox', '192.168.143.1'),
(104426, 1, 'Pagina', 'ComponenteListado', '', 1359190181, 'FireFox', '192.168.143.1'),
(104427, 1, 'Pagina', 'ComponenteAlta', '', 1359190185, 'FireFox', '192.168.143.1'),
(104428, 1, 'Pagina', 'ComponenteAltaInsercion', '', 1359190191, 'FireFox', '192.168.143.1'),
(104429, 1, 'Pagina', 'ComponenteListado', '', 1359190191, 'FireFox', '192.168.143.1'),
(104430, 1, 'Pagina', 'ComponenteAlta', '', 1359190196, 'FireFox', '192.168.143.1'),
(104431, 1, 'Pagina', 'ComponenteAltaInsercion', '', 1359190204, 'FireFox', '192.168.143.1'),
(104432, 1, 'Pagina', 'ComponenteListado', '', 1359190204, 'FireFox', '192.168.143.1'),
(104433, 1, 'Pagina', 'ComponenteAlta', '', 1359190211, 'FireFox', '192.168.143.1'),
(104434, 1, 'Pagina', 'ComponenteAltaInsercion', '', 1359190217, 'FireFox', '192.168.143.1'),
(104435, 1, 'Pagina', 'ComponenteListado', '', 1359190217, 'FireFox', '192.168.143.1'),
(104436, 1, 'Pagina', 'ComponenteAlta', '', 1359190221, 'FireFox', '192.168.143.1'),
(104437, 1, 'Pagina', 'ComponenteAltaInsercion', '', 1359190227, 'FireFox', '192.168.143.1'),
(104438, 1, 'Pagina', 'ComponenteListado', '', 1359190227, 'FireFox', '192.168.143.1'),
(104439, 1, 'Pagina', 'ComponenteAlta', '', 1359190230, 'FireFox', '192.168.143.1'),
(104440, 1, 'Pagina', 'ComponenteAltaInsercion', '', 1359190235, 'FireFox', '192.168.143.1'),
(104441, 1, 'Pagina', 'ComponenteListado', '', 1359190235, 'FireFox', '192.168.143.1'),
(104442, 1, 'Pagina', 'ComponenteAlta', '', 1359190238, 'FireFox', '192.168.143.1'),
(104443, 1, 'Pagina', 'ComponenteAltaInsercion', '', 1359190243, 'FireFox', '192.168.143.1'),
(104444, 1, 'Pagina', 'ComponenteListado', '', 1359190243, 'FireFox', '192.168.143.1'),
(104445, 1, 'Pagina', 'ComponenteAlta', '', 1359190246, 'FireFox', '192.168.143.1'),
(104446, 1, 'Pagina', 'ComponenteAltaInsercion', '', 1359190252, 'FireFox', '192.168.143.1'),
(104447, 1, 'Pagina', 'ComponenteListado', '', 1359190252, 'FireFox', '192.168.143.1'),
(104448, 1, 'Pagina', 'ComponenteAlta', '', 1359190255, 'FireFox', '192.168.143.1'),
(104449, 1, 'Pagina', 'ComponenteAltaInsercion', '', 1359190262, 'FireFox', '192.168.143.1'),
(104450, 1, 'Pagina', 'ComponenteListado', '', 1359190262, 'FireFox', '192.168.143.1'),
(104451, 1, 'Pagina', 'PaginaListado', '', 1359190268, 'FireFox', '192.168.143.1'),
(104452, 1, 'Pagina', 'ComponenteListado', '', 1359190288, 'FireFox', '192.168.143.1'),
(104453, 1, 'Pagina', 'ComponenteModificacion', '', 1359190291, 'FireFox', '192.168.143.1'),
(104454, 1, 'Pagina', 'ComponenteModificacionInsercion', '', 1359190296, 'FireFox', '192.168.143.1'),
(104455, 1, 'Pagina', 'ComponenteListado', '', 1359190297, 'FireFox', '192.168.143.1'),
(104456, 1, 'Pagina', 'PaginaListado', '', 1359190303, 'FireFox', '192.168.143.1'),
(104457, 1, 'Pagina', 'ComponenteListado', '', 1359191225, 'FireFox', '192.168.143.1'),
(104458, 1, 'Pagina', 'ComponenteAlta', '', 1359191297, 'FireFox', '192.168.143.1'),
(104459, 1, 'Pagina', 'ComponenteAltaInsercion', '', 1359191312, 'FireFox', '192.168.143.1'),
(104460, 1, 'Pagina', 'ComponenteListado', '', 1359191312, 'FireFox', '192.168.143.1'),
(104461, 1, 'Pagina', 'ComponenteListado', '', 1359191318, 'FireFox', '192.168.143.1'),
(104462, 1, 'Pagina', 'ComponenteListado', '', 1359191319, 'FireFox', '192.168.143.1'),
(104463, 1, 'Pagina', 'ComponenteListado', '', 1359191320, 'FireFox', '192.168.143.1'),
(104464, 1, 'Pagina', 'ComponenteListado', '', 1359191321, 'FireFox', '192.168.143.1'),
(104465, 1, 'Pagina', 'ComponenteListado', '', 1359191321, 'FireFox', '192.168.143.1'),
(104466, 1, 'Pagina', 'ComponenteListado', '', 1359191322, 'FireFox', '192.168.143.1'),
(104467, 1, 'Pagina', 'ComponenteListado', '', 1359191328, 'FireFox', '192.168.143.1'),
(104468, 1, 'Pagina', 'ComponenteListado', '', 1359191329, 'FireFox', '192.168.143.1'),
(104469, 1, 'Pagina', 'ComponenteListado', '', 1359191330, 'FireFox', '192.168.143.1'),
(104470, 1, 'Pagina', 'PaginaListado', '', 1359191333, 'FireFox', '192.168.143.1'),
(104471, 1, 'Pagina', 'ComponenteListado', '', 1359191343, 'FireFox', '192.168.143.1'),
(104472, 1, 'Pagina', 'PaginaListado', '', 1359191345, 'FireFox', '192.168.143.1'),
(104473, 1, 'Pagina', 'ComponenteListado', '', 1359191350, 'FireFox', '192.168.143.1'),
(104474, 1, 'Pagina', 'ComponenteAlta', '', 1359191353, 'FireFox', '192.168.143.1'),
(104475, 1, 'Pagina', 'ComponenteAltaInsercion', '', 1359191361, 'FireFox', '192.168.143.1'),
(104476, 1, 'Pagina', 'ComponenteListado', '', 1359191361, 'FireFox', '192.168.143.1'),
(104477, 1, 'Pagina', 'ComponenteListado', '', 1359191363, 'FireFox', '192.168.143.1'),
(104478, 1, 'Pagina', 'ComponenteListado', '', 1359191363, 'FireFox', '192.168.143.1'),
(104479, 1, 'Pagina', 'ComponenteListado', '', 1359191364, 'FireFox', '192.168.143.1'),
(104480, 1, 'Pagina', 'ComponenteListado', '', 1359191365, 'FireFox', '192.168.143.1'),
(104481, 1, 'Pagina', 'ComponenteListado', '', 1359191367, 'FireFox', '192.168.143.1'),
(104482, 1, 'Pagina', 'ComponenteListado', '', 1359191368, 'FireFox', '192.168.143.1'),
(104483, 1, 'Pagina', 'ComponenteListado', '', 1359191368, 'FireFox', '192.168.143.1'),
(104484, 1, 'Pagina', 'ComponenteModificacion', '', 1359191369, 'FireFox', '192.168.143.1'),
(104485, 1, 'Pagina', 'ComponenteListado', '', 1359191371, 'FireFox', '192.168.143.1'),
(104486, 1, 'Pagina', 'ComponenteListado', '', 1359191375, 'FireFox', '192.168.143.1'),
(104487, 1, 'Pagina', 'ComponenteListado', '', 1359191376, 'FireFox', '192.168.143.1'),
(104488, 1, 'Pagina', 'PaginaListado', '', 1359191378, 'FireFox', '192.168.143.1'),
(104489, 1, 'Pagina', 'Bienvenida', '', 1359197561, 'FireFox', '192.168.143.1'),
(104490, 1, 'Pagina', 'PaginaListado', '', 1359197563, 'FireFox', '192.168.143.1'),
(104491, 1, 'Pagina', 'PaginaAlta', '', 1359197566, 'FireFox', '192.168.143.1'),
(104492, 1, 'Pagina', 'PaginaAltaInsercion', '', 1359197577, 'FireFox', '192.168.143.1'),
(104493, 1, 'Pagina', 'ComponenteListado', '', 1359197577, 'FireFox', '192.168.143.1'),
(104494, 1, 'Pagina', 'ComponenteAlta', '', 1359197583, 'FireFox', '192.168.143.1'),
(104495, 1, 'Pagina', 'ComponenteAltaInsercion', '', 1359197597, 'FireFox', '192.168.143.1'),
(104496, 1, 'Pagina', 'ComponenteListado', '', 1359197597, 'FireFox', '192.168.143.1'),
(104497, 1, 'Pagina', 'ComponenteAlta', '', 1359197600, 'FireFox', '192.168.143.1'),
(104498, 1, 'Pagina', 'ComponenteAltaInsercion', '', 1359197613, 'FireFox', '192.168.143.1'),
(104499, 1, 'Pagina', 'ComponenteListado', '', 1359197613, 'FireFox', '192.168.143.1'),
(104500, 1, 'Pagina', 'PaginaListado', '', 1359197615, 'FireFox', '192.168.143.1'),
(104501, 1, 'Pagina', 'PaginaAlta', '', 1359197806, 'FireFox', '192.168.143.1'),
(104502, 1, 'Pagina', 'PaginaAltaInsercion', '', 1359197820, 'FireFox', '192.168.143.1'),
(104503, 1, 'Pagina', 'ComponenteListado', '', 1359197820, 'FireFox', '192.168.143.1'),
(104504, 1, 'Pagina', 'ComponenteAlta', '', 1359197833, 'FireFox', '192.168.143.1'),
(104505, 1, 'Pagina', 'ComponenteAltaInsercion', '', 1359197842, 'FireFox', '192.168.143.1'),
(104506, 1, 'Pagina', 'ComponenteListado', '', 1359197842, 'FireFox', '192.168.143.1'),
(104507, 1, 'Pagina', 'ComponenteAlta', '', 1359197857, 'FireFox', '192.168.143.1'),
(104508, 1, 'Pagina', 'ComponenteAltaInsercion', '', 1359197884, 'FireFox', '192.168.143.1'),
(104509, 1, 'Pagina', 'ComponenteListado', '', 1359197884, 'FireFox', '192.168.143.1'),
(104510, 1, 'Pagina', 'PaginaListado', '', 1359197886, 'FireFox', '192.168.143.1'),
(104511, 1, 'Pagina', 'PaginaAlta', '', 1359197891, 'FireFox', '192.168.143.1'),
(104512, 1, 'Pagina', 'PaginaAltaInsercion', '', 1359197910, 'FireFox', '192.168.143.1'),
(104513, 1, 'Pagina', 'ComponenteListado', '', 1359197910, 'FireFox', '192.168.143.1'),
(104514, 1, 'Pagina', 'ComponenteAlta', '', 1359197914, 'FireFox', '192.168.143.1'),
(104515, 1, 'Pagina', 'ComponenteAltaInsercion', '', 1359197935, 'FireFox', '192.168.143.1'),
(104516, 1, 'Pagina', 'ComponenteListado', '', 1359197936, 'FireFox', '192.168.143.1'),
(104517, 1, 'Pagina', 'ComponenteAlta', '', 1359197942, 'FireFox', '192.168.143.1'),
(104518, 1, 'Pagina', 'ComponenteAltaInsercion', '', 1359197954, 'FireFox', '192.168.143.1'),
(104519, 1, 'Pagina', 'ComponenteListado', '', 1359197954, 'FireFox', '192.168.143.1'),
(104520, 1, 'Pagina', 'ComponenteAlta', '', 1359197958, 'FireFox', '192.168.143.1'),
(104521, 1, 'Pagina', 'ComponenteAltaInsercion', '', 1359197971, 'FireFox', '192.168.143.1'),
(104522, 1, 'Pagina', 'ComponenteListado', '', 1359197971, 'FireFox', '192.168.143.1'),
(104523, 1, 'Pagina', 'ComponenteAlta', '', 1359197974, 'FireFox', '192.168.143.1'),
(104524, 1, 'Pagina', 'ComponenteAltaInsercion', '', 1359197982, 'FireFox', '192.168.143.1'),
(104525, 1, 'Pagina', 'ComponenteListado', '', 1359197982, 'FireFox', '192.168.143.1'),
(104526, 1, 'Pagina', 'ComponenteAlta', '', 1359197985, 'FireFox', '192.168.143.1'),
(104527, 1, 'Pagina', 'ComponenteListado', '', 1359197986, 'FireFox', '192.168.143.1'),
(104528, 1, 'Pagina', 'ComponenteAlta', '', 1359197989, 'FireFox', '192.168.143.1'),
(104529, 1, 'Pagina', 'ComponenteAltaInsercion', '', 1359197996, 'FireFox', '192.168.143.1'),
(104530, 1, 'Pagina', 'ComponenteListado', '', 1359197996, 'FireFox', '192.168.143.1'),
(104531, 1, 'Pagina', 'ComponenteAlta', '', 1359197999, 'FireFox', '192.168.143.1'),
(104532, 1, 'Pagina', 'ComponenteAltaInsercion', '', 1359198005, 'FireFox', '192.168.143.1'),
(104533, 1, 'Pagina', 'ComponenteListado', '', 1359198005, 'FireFox', '192.168.143.1'),
(104534, 1, 'Pagina', 'PaginaListado', '', 1359198010, 'FireFox', '192.168.143.1'),
(104535, 1, 'Pagina', 'PaginaAlta', '', 1359198017, 'FireFox', '192.168.143.1'),
(104536, 1, 'Pagina', 'PaginaAltaInsercion', '', 1359198032, 'FireFox', '192.168.143.1'),
(104537, 1, 'Pagina', 'ComponenteListado', '', 1359198032, 'FireFox', '192.168.143.1'),
(104538, 1, 'Pagina', 'ComponenteAlta', '', 1359198035, 'FireFox', '192.168.143.1'),
(104539, 1, 'Pagina', 'ComponenteAltaInsercion', '', 1359198053, 'FireFox', '192.168.143.1'),
(104540, 1, 'Pagina', 'ComponenteListado', '', 1359198053, 'FireFox', '192.168.143.1'),
(104541, 1, 'Pagina', 'ComponenteAlta', '', 1359198058, 'FireFox', '192.168.143.1'),
(104542, 1, 'Pagina', 'ComponenteAltaInsercion', '', 1359198068, 'FireFox', '192.168.143.1'),
(104543, 1, 'Pagina', 'ComponenteListado', '', 1359198068, 'FireFox', '192.168.143.1'),
(104544, 1, 'Pagina', 'ComponenteAlta', '', 1359198073, 'FireFox', '192.168.143.1'),
(104545, 1, 'Pagina', 'ComponenteAltaInsercion', '', 1359198092, 'FireFox', '192.168.143.1'),
(104546, 1, 'Pagina', 'ComponenteListado', '', 1359198092, 'FireFox', '192.168.143.1'),
(104547, 1, 'Pagina', 'ComponenteAlta', '', 1359198099, 'FireFox', '192.168.143.1'),
(104548, 1, 'Pagina', 'ComponenteListado', '', 1359198104, 'FireFox', '192.168.143.1'),
(104549, 1, 'Pagina', 'ComponenteAlta', '', 1359198158, 'FireFox', '192.168.143.1'),
(104550, 1, 'Pagina', 'ComponenteAltaInsercion', '', 1359198167, 'FireFox', '192.168.143.1'),
(104551, 1, 'Pagina', 'ComponenteListado', '', 1359198167, 'FireFox', '192.168.143.1'),
(104552, 1, 'Pagina', 'ComponenteAlta', '', 1359198170, 'FireFox', '192.168.143.1'),
(104553, 1, 'Pagina', 'ComponenteAltaInsercion', '', 1359198185, 'FireFox', '192.168.143.1'),
(104554, 1, 'Pagina', 'ComponenteListado', '', 1359198185, 'FireFox', '192.168.143.1'),
(104555, 1, 'Pagina', 'ComponenteAlta', '', 1359198187, 'FireFox', '192.168.143.1'),
(104556, 1, 'Pagina', 'ComponenteAltaInsercion', '', 1359198199, 'FireFox', '192.168.143.1'),
(104557, 1, 'Pagina', 'ComponenteListado', '', 1359198199, 'FireFox', '192.168.143.1'),
(104558, 1, 'Pagina', 'ComponenteAlta', '', 1359198202, 'FireFox', '192.168.143.1'),
(104559, 1, 'Pagina', 'ComponenteAltaInsercion', '', 1359198213, 'FireFox', '192.168.143.1'),
(104560, 1, 'Pagina', 'ComponenteListado', '', 1359198213, 'FireFox', '192.168.143.1'),
(104561, 1, 'Pagina', 'PaginaListado', '', 1359198229, 'FireFox', '192.168.143.1'),
(104562, 1, 'Pagina', 'PaginaListado', '', 1359198328, 'FireFox', '192.168.143.1'),
(104563, 1, 'Pagina', 'ComponenteListado', '', 1359198337, 'FireFox', '192.168.143.1'),
(104564, 1, 'Pagina', 'PaginaAlta', '', 1359198344, 'FireFox', '192.168.143.1'),
(104565, 1, 'Pagina', 'PaginaAltaInsercion', '', 1359198372, 'FireFox', '192.168.143.1'),
(104566, 1, 'Pagina', 'ComponenteListado', '', 1359198372, 'FireFox', '192.168.143.1'),
(104567, 1, 'Pagina', 'ComponenteAlta', '', 1359198378, 'FireFox', '192.168.143.1'),
(104568, 1, 'Pagina', 'ComponenteAltaInsercion', '', 1359198385, 'FireFox', '192.168.143.1'),
(104569, 1, 'Pagina', 'ComponenteListado', '', 1359198385, 'FireFox', '192.168.143.1'),
(104570, 1, 'Pagina', 'ComponenteAlta', '', 1359198388, 'FireFox', '192.168.143.1'),
(104571, 1, 'Pagina', 'ComponenteAltaInsercion', '', 1359198427, 'FireFox', '192.168.143.1'),
(104572, 1, 'Pagina', 'ComponenteListado', '', 1359198427, 'FireFox', '192.168.143.1'),
(104573, 1, 'Pagina', 'PaginaListado', '', 1359198435, 'FireFox', '192.168.143.1'),
(104574, 1, 'Pagina', 'PaginaListado', '', 1359198439, 'FireFox', '192.168.143.1'),
(104575, 1, 'Pagina', 'ComponenteListado', '', 1359198449, 'FireFox', '192.168.143.1'),
(104576, 1, 'Pagina', 'PaginaAlta', '', 1359198454, 'FireFox', '192.168.143.1'),
(104577, 1, 'Pagina', 'PaginaAltaInsercion', '', 1359198478, 'FireFox', '192.168.143.1'),
(104578, 1, 'Pagina', 'ComponenteListado', '', 1359198479, 'FireFox', '192.168.143.1'),
(104579, 1, 'Pagina', 'ComponenteAlta', '', 1359198482, 'FireFox', '192.168.143.1'),
(104580, 1, 'Pagina', 'ComponenteAltaInsercion', '', 1359198506, 'FireFox', '192.168.143.1'),
(104581, 1, 'Pagina', 'ComponenteListado', '', 1359198506, 'FireFox', '192.168.143.1'),
(104582, 1, 'Pagina', 'ComponenteAlta', '', 1359198511, 'FireFox', '192.168.143.1'),
(104583, 1, 'Pagina', 'ComponenteAltaInsercion', '', 1359198520, 'FireFox', '192.168.143.1'),
(104584, 1, 'Pagina', 'ComponenteListado', '', 1359198520, 'FireFox', '192.168.143.1'),
(104585, 1, 'Pagina', 'ComponenteAlta', '', 1359198524, 'FireFox', '192.168.143.1'),
(104586, 1, 'Pagina', 'ComponenteAltaInsercion', '', 1359198539, 'FireFox', '192.168.143.1'),
(104587, 1, 'Pagina', 'ComponenteListado', '', 1359198539, 'FireFox', '192.168.143.1'),
(104588, 1, 'Pagina', 'ComponenteAlta', '', 1359198545, 'FireFox', '192.168.143.1'),
(104589, 1, 'Pagina', 'ComponenteAltaInsercion', '', 1359198554, 'FireFox', '192.168.143.1'),
(104590, 1, 'Pagina', 'ComponenteListado', '', 1359198554, 'FireFox', '192.168.143.1'),
(104591, 1, 'Pagina', 'ComponenteAlta', '', 1359198556, 'FireFox', '192.168.143.1'),
(104592, 1, 'Pagina', 'ComponenteAltaInsercion', '', 1359198562, 'FireFox', '192.168.143.1'),
(104593, 1, 'Pagina', 'ComponenteListado', '', 1359198562, 'FireFox', '192.168.143.1'),
(104594, 1, 'Pagina', 'ComponenteAlta', '', 1359198566, 'FireFox', '192.168.143.1'),
(104595, 1, 'Pagina', 'ComponenteAltaInsercion', '', 1359198572, 'FireFox', '192.168.143.1'),
(104596, 1, 'Pagina', 'ComponenteListado', '', 1359198572, 'FireFox', '192.168.143.1'),
(104597, 1, 'Pagina', 'PaginaListado', '', 1359198573, 'FireFox', '192.168.143.1'),
(104598, 1, 'Pagina', 'ComponenteListado', '', 1359198580, 'FireFox', '192.168.143.1'),
(104599, 1, 'Pagina', 'PaginaListado', '', 1359198586, 'FireFox', '192.168.143.1'),
(104600, 1, 'Pagina', 'PaginaAlta', '', 1359198612, 'FireFox', '192.168.143.1'),
(104601, 1, 'Pagina', 'PaginaAltaInsercion', '', 1359198637, 'FireFox', '192.168.143.1'),
(104602, 1, 'Pagina', 'ComponenteListado', '', 1359198637, 'FireFox', '192.168.143.1'),
(104603, 1, 'Pagina', 'ComponenteAlta', '', 1359198643, 'FireFox', '192.168.143.1'),
(104604, 1, 'Pagina', 'ComponenteAltaInsercion', '', 1359198685, 'FireFox', '192.168.143.1'),
(104605, 1, 'Pagina', 'ComponenteListado', '', 1359198685, 'FireFox', '192.168.143.1'),
(104606, 1, 'Pagina', 'ComponenteAlta', '', 1359198689, 'FireFox', '192.168.143.1'),
(104607, 1, 'Pagina', 'ComponenteAltaInsercion', '', 1359198696, 'FireFox', '192.168.143.1'),
(104608, 1, 'Pagina', 'ComponenteListado', '', 1359198696, 'FireFox', '192.168.143.1'),
(104609, 1, 'Pagina', 'ComponenteAlta', '', 1359198700, 'FireFox', '192.168.143.1'),
(104610, 1, 'Pagina', 'ComponenteAltaInsercion', '', 1359198714, 'FireFox', '192.168.143.1'),
(104611, 1, 'Pagina', 'ComponenteListado', '', 1359198714, 'FireFox', '192.168.143.1'),
(104612, 1, 'Pagina', 'ComponenteModificacion', '', 1359198719, 'FireFox', '192.168.143.1'),
(104613, 1, 'Pagina', 'ComponenteAlta', '', 1359198724, 'FireFox', '192.168.143.1'),
(104614, 1, 'Pagina', 'ComponenteAltaInsercion', '', 1359198728, 'FireFox', '192.168.143.1'),
(104615, 1, 'Pagina', 'ComponenteListado', '', 1359198728, 'FireFox', '192.168.143.1'),
(104616, 1, 'Pagina', 'ComponenteListado', '', 1359198729, 'FireFox', '192.168.143.1'),
(104617, 1, 'Pagina', 'ComponenteAlta', '', 1359198741, 'FireFox', '192.168.143.1'),
(104618, 1, 'Pagina', 'ComponenteAltaInsercion', '', 1359198751, 'FireFox', '192.168.143.1'),
(104619, 1, 'Pagina', 'ComponenteListado', '', 1359198752, 'FireFox', '192.168.143.1'),
(104620, 1, 'Pagina', 'ComponenteAlta', '', 1359198756, 'FireFox', '192.168.143.1'),
(104621, 1, 'Pagina', 'ComponenteAltaInsercion', '', 1359198764, 'FireFox', '192.168.143.1'),
(104622, 1, 'Pagina', 'ComponenteListado', '', 1359198764, 'FireFox', '192.168.143.1'),
(104623, 1, 'Pagina', 'ComponenteAlta', '', 1359198769, 'FireFox', '192.168.143.1'),
(104624, 1, 'Pagina', 'ComponenteAltaInsercion', '', 1359198776, 'FireFox', '192.168.143.1'),
(104625, 1, 'Pagina', 'ComponenteListado', '', 1359198776, 'FireFox', '192.168.143.1'),
(104626, 1, 'Pagina', 'ComponenteModificacion', '', 1359198778, 'FireFox', '192.168.143.1'),
(104627, 1, 'Pagina', 'ComponenteModificacion', '', 1359198780, 'FireFox', '192.168.143.1'),
(104628, 1, 'Pagina', 'ComponenteModificacionInsercion', '', 1359198783, 'FireFox', '192.168.143.1'),
(104629, 1, 'Pagina', 'ComponenteListado', '', 1359198784, 'FireFox', '192.168.143.1'),
(104630, 1, 'Pagina', 'ComponenteListado', '', 1359198787, 'FireFox', '192.168.143.1'),
(104631, 1, 'Pagina', 'PaginaListado', '', 1359198797, 'FireFox', '192.168.143.1'),
(104632, 1, 'Pagina', 'ComponenteListado', '', 1359198871, 'FireFox', '192.168.143.1'),
(104633, 1, 'Pagina', 'ComponenteBaja', '', 1359198883, 'FireFox', '192.168.143.1'),
(104634, 1, 'Pagina', 'ComponenteListado', '', 1359198883, 'FireFox', '192.168.143.1'),
(104635, 1, 'Pagina', 'ComponenteBaja', '', 1359198886, 'FireFox', '192.168.143.1'),
(104636, 1, 'Pagina', 'ComponenteListado', '', 1359198886, 'FireFox', '192.168.143.1');
INSERT INTO `kirke_log` (`id_log`, `id_usuario`, `elemento`, `pagina`, `nombre`, `hora`, `navegador`, `ip`) VALUES
(104637, 1, 'Pagina', 'ComponenteAlta', '', 1359198890, 'FireFox', '192.168.143.1'),
(104638, 1, 'Pagina', 'ComponenteAltaInsercion', '', 1359198905, 'FireFox', '192.168.143.1'),
(104639, 1, 'Pagina', 'ComponenteListado', '', 1359198905, 'FireFox', '192.168.143.1'),
(104640, 1, 'Pagina', 'ComponenteBaja', '', 1359198909, 'FireFox', '192.168.143.1'),
(104641, 1, 'Pagina', 'ComponenteListado', '', 1359198909, 'FireFox', '192.168.143.1'),
(104642, 1, 'Pagina', 'ComponenteAlta', '', 1359198913, 'FireFox', '192.168.143.1'),
(104643, 1, 'Pagina', 'ComponenteListado', '', 1359198915, 'FireFox', '192.168.143.1'),
(104644, 1, 'Pagina', 'ComponenteAlta', '', 1359198917, 'FireFox', '192.168.143.1'),
(104645, 1, 'Pagina', 'ComponenteAltaInsercion', '', 1359198929, 'FireFox', '192.168.143.1'),
(104646, 1, 'Pagina', 'ComponenteListado', '', 1359198929, 'FireFox', '192.168.143.1'),
(104647, 1, 'Pagina', 'ComponenteAlta', '', 1359198932, 'FireFox', '192.168.143.1'),
(104648, 1, 'Pagina', 'ComponenteAltaInsercion', '', 1359199014, 'FireFox', '192.168.143.1'),
(104649, 1, 'Pagina', 'ComponenteListado', '', 1359199014, 'FireFox', '192.168.143.1'),
(104650, 1, 'Pagina', 'ComponenteAlta', '', 1359199017, 'FireFox', '192.168.143.1'),
(104651, 1, 'Pagina', 'ComponenteAltaInsercion', '', 1359199028, 'FireFox', '192.168.143.1'),
(104652, 1, 'Pagina', 'ComponenteListado', '', 1359199028, 'FireFox', '192.168.143.1'),
(104653, 1, 'Pagina', 'PaginaListado', '', 1359199042, 'FireFox', '192.168.143.1'),
(104654, 1, 'Pagina', 'ComponenteListado', '', 1359199050, 'FireFox', '192.168.143.1'),
(104655, 1, 'Pagina', 'PaginaListado', '', 1359199117, 'FireFox', '192.168.143.1'),
(104656, 1, 'Pagina', 'PaginaAlta', '', 1359199121, 'FireFox', '192.168.143.1'),
(104657, 1, 'Pagina', 'PaginaAltaInsercion', '', 1359199137, 'FireFox', '192.168.143.1'),
(104658, 1, 'Pagina', 'ComponenteListado', '', 1359199138, 'FireFox', '192.168.143.1'),
(104659, 1, 'Pagina', 'ComponenteAlta', '', 1359199145, 'FireFox', '192.168.143.1'),
(104660, 1, 'Pagina', 'ComponenteAltaInsercion', '', 1359199151, 'FireFox', '192.168.143.1'),
(104661, 1, 'Pagina', 'ComponenteListado', '', 1359199151, 'FireFox', '192.168.143.1'),
(104662, 1, 'Pagina', 'PaginaListado', '', 1359199154, 'FireFox', '192.168.143.1'),
(104663, 1, 'Pagina', 'ComponenteListado', '', 1359199162, 'FireFox', '192.168.143.1'),
(104664, 1, 'Pagina', 'ComponenteAlta', '', 1359199167, 'FireFox', '192.168.143.1'),
(104665, 1, 'Pagina', 'ComponenteAltaInsercion', '', 1359199187, 'FireFox', '192.168.143.1'),
(104666, 1, 'Pagina', 'ComponenteListado', '', 1359199187, 'FireFox', '192.168.143.1'),
(104667, 1, 'Pagina', 'ComponenteModificacion', '', 1359199188, 'FireFox', '192.168.143.1'),
(104668, 1, 'Pagina', 'ComponenteListado', '', 1359199190, 'FireFox', '192.168.143.1'),
(104669, 1, 'Pagina', 'PaginaListado', '', 1359199192, 'FireFox', '192.168.143.1'),
(104670, 1, 'Pagina', 'PaginaListado', '', 1359199194, 'FireFox', '192.168.143.1'),
(104671, 1, 'Pagina', 'ComponenteListado', '', 1359199224, 'FireFox', '192.168.143.1'),
(104672, 1, 'Pagina', 'PaginaAlta', '', 1359199233, 'FireFox', '192.168.143.1'),
(104673, 1, 'Pagina', 'PaginaAltaInsercion', '', 1359199253, 'FireFox', '192.168.143.1'),
(104674, 1, 'Pagina', 'ComponenteListado', '', 1359199253, 'FireFox', '192.168.143.1'),
(104675, 1, 'Pagina', 'ComponenteAlta', '', 1359199258, 'FireFox', '192.168.143.1'),
(104676, 1, 'Pagina', 'ComponenteAltaInsercion', '', 1359199278, 'FireFox', '192.168.143.1'),
(104677, 1, 'Pagina', 'ComponenteListado', '', 1359199278, 'FireFox', '192.168.143.1'),
(104678, 1, 'Pagina', 'ComponenteAlta', '', 1359199281, 'FireFox', '192.168.143.1'),
(104679, 1, 'Pagina', 'ComponenteAltaInsercion', '', 1359199293, 'FireFox', '192.168.143.1'),
(104680, 1, 'Pagina', 'ComponenteListado', '', 1359199293, 'FireFox', '192.168.143.1'),
(104681, 1, 'Pagina', 'ComponenteAlta', '', 1359199295, 'FireFox', '192.168.143.1'),
(104682, 1, 'Pagina', 'ComponenteAltaInsercion', '', 1359199304, 'FireFox', '192.168.143.1'),
(104683, 1, 'Pagina', 'ComponenteListado', '', 1359199304, 'FireFox', '192.168.143.1'),
(104684, 1, 'Pagina', 'ComponenteAlta', '', 1359199309, 'FireFox', '192.168.143.1'),
(104685, 1, 'Pagina', 'ComponenteAltaInsercion', '', 1359199315, 'FireFox', '192.168.143.1'),
(104686, 1, 'Pagina', 'ComponenteListado', '', 1359199315, 'FireFox', '192.168.143.1'),
(104687, 1, 'Pagina', 'ComponenteAlta', '', 1359199320, 'FireFox', '192.168.143.1'),
(104688, 1, 'Pagina', 'ComponenteAltaInsercion', '', 1359199328, 'FireFox', '192.168.143.1'),
(104689, 1, 'Pagina', 'ComponenteListado', '', 1359199328, 'FireFox', '192.168.143.1'),
(104690, 1, 'Pagina', 'ComponenteAlta', '', 1359199331, 'FireFox', '192.168.143.1'),
(104691, 1, 'Pagina', 'ComponenteAltaInsercion', '', 1359199337, 'FireFox', '192.168.143.1'),
(104692, 1, 'Pagina', 'ComponenteListado', '', 1359199337, 'FireFox', '192.168.143.1'),
(104693, 1, 'Pagina', 'PaginaListado', '', 1359199343, 'FireFox', '192.168.143.1'),
(104694, 1, 'Pagina', 'PaginaAlta', '', 1359199347, 'FireFox', '192.168.143.1'),
(104695, 1, 'Pagina', 'PaginaListado', '', 1359199357, 'FireFox', '192.168.143.1'),
(104696, 1, 'Pagina', 'ComponenteListado', '', 1359199373, 'FireFox', '192.168.143.1'),
(104697, 1, 'Pagina', 'PaginaAltaInsercion', '', 1359199373, 'FireFox', '192.168.143.1'),
(104698, 1, 'Pagina', 'ComponenteListado', '', 1359199373, 'FireFox', '192.168.143.1'),
(104699, 1, 'Pagina', 'ComponenteAlta', '', 1359199379, 'FireFox', '192.168.143.1'),
(104700, 1, 'Pagina', 'ComponenteAltaInsercion', '', 1359199396, 'FireFox', '192.168.143.1'),
(104701, 1, 'Pagina', 'ComponenteListado', '', 1359199396, 'FireFox', '192.168.143.1'),
(104702, 1, 'Pagina', 'ComponenteAlta', '', 1359199399, 'FireFox', '192.168.143.1'),
(104703, 1, 'Pagina', 'ComponenteAltaInsercion', '', 1359199406, 'FireFox', '192.168.143.1'),
(104704, 1, 'Pagina', 'ComponenteListado', '', 1359199406, 'FireFox', '192.168.143.1'),
(104705, 1, 'Pagina', 'ComponenteAlta', '', 1359199413, 'FireFox', '192.168.143.1'),
(104706, 1, 'Pagina', 'ComponenteAltaInsercion', '', 1359199425, 'FireFox', '192.168.143.1'),
(104707, 1, 'Pagina', 'ComponenteListado', '', 1359199426, 'FireFox', '192.168.143.1'),
(104708, 1, 'Pagina', 'ComponenteAlta', '', 1359199431, 'FireFox', '192.168.143.1'),
(104709, 1, 'Pagina', 'ComponenteAltaInsercion', '', 1359199435, 'FireFox', '192.168.143.1'),
(104710, 1, 'Pagina', 'ComponenteListado', '', 1359199435, 'FireFox', '192.168.143.1'),
(104711, 1, 'Pagina', 'ComponenteAlta', '', 1359199446, 'FireFox', '192.168.143.1'),
(104712, 1, 'Pagina', 'ComponenteAltaInsercion', '', 1359199459, 'FireFox', '192.168.143.1'),
(104713, 1, 'Pagina', 'ComponenteListado', '', 1359199459, 'FireFox', '192.168.143.1'),
(104714, 1, 'Pagina', 'ComponenteModificacion', '', 1359199463, 'FireFox', '192.168.143.1'),
(104715, 1, 'Pagina', 'ComponenteAlta', '', 1359199466, 'FireFox', '192.168.143.1'),
(104716, 1, 'Pagina', 'ComponenteAltaInsercion', '', 1359199477, 'FireFox', '192.168.143.1'),
(104717, 1, 'Pagina', 'ComponenteListado', '', 1359199477, 'FireFox', '192.168.143.1'),
(104718, 1, 'Pagina', 'ComponenteListado', '', 1359199478, 'FireFox', '192.168.143.1'),
(104719, 1, 'Pagina', 'ComponenteModificacion', '', 1359199485, 'FireFox', '192.168.143.1'),
(104720, 1, 'Pagina', 'ComponenteModificacionInsercion', '', 1359199489, 'FireFox', '192.168.143.1'),
(104721, 1, 'Pagina', 'ComponenteListado', '', 1359199489, 'FireFox', '192.168.143.1'),
(104722, 1, 'Pagina', 'ComponenteAlta', '', 1359199498, 'FireFox', '192.168.143.1'),
(104723, 1, 'Pagina', 'ComponenteModificacion', '', 1359199507, 'FireFox', '192.168.143.1'),
(104724, 1, 'Pagina', 'ComponenteAltaInsercion', '', 1359199511, 'FireFox', '192.168.143.1'),
(104725, 1, 'Pagina', 'ComponenteListado', '', 1359199511, 'FireFox', '192.168.143.1'),
(104726, 1, 'Pagina', 'ComponenteListado', '', 1359199512, 'FireFox', '192.168.143.1'),
(104727, 1, 'Pagina', 'ComponenteAlta', '', 1359199516, 'FireFox', '192.168.143.1'),
(104728, 1, 'Pagina', 'ComponenteAltaInsercion', '', 1359199528, 'FireFox', '192.168.143.1'),
(104729, 1, 'Pagina', 'ComponenteListado', '', 1359199529, 'FireFox', '192.168.143.1'),
(104730, 1, 'Pagina', 'PaginaListado', '', 1359199531, 'FireFox', '192.168.143.1'),
(104731, 1, 'Pagina', 'Bienvenida', '', 1359487148, 'FireFox', '192.168.143.1'),
(104732, 1, 'Pagina', 'PaginaListado', '', 1359487150, 'FireFox', '192.168.143.1'),
(104733, 1, 'Archivo externo', 'DerDbdesigner4', '', 1359487155, 'FireFox', '192.168.143.1'),
(104734, 1, 'Pagina', 'ComponenteListado', '', 1359487314, 'FireFox', '192.168.143.1'),
(104735, 1, 'Pagina', 'PaginaListado', '', 1359487317, 'FireFox', '192.168.143.1'),
(104736, 1, 'Archivo externo', 'DerDbdesigner4', '', 1359488027, 'FireFox', '192.168.143.1'),
(104737, 1, 'Pagina', 'Bienvenida', '', 1359746544, 'FireFox', '192.168.143.1'),
(104738, 1, 'Pagina', 'PaginaListado', '', 1359746549, 'FireFox', '192.168.143.1'),
(104739, 1, 'Pagina', 'ComponenteListado', '', 1359746618, 'FireFox', '192.168.143.1'),
(104740, 1, 'Pagina', 'PaginaListado', '', 1359746676, 'FireFox', '192.168.143.1'),
(104741, 1, 'Pagina', 'Bienvenida', '', 1359750733, 'FireFox', '192.168.143.1'),
(104742, 1, 'Pagina', 'PaginaListado', '', 1359750737, 'FireFox', '192.168.143.1'),
(104743, 1, 'Pagina', 'ComponenteListado', '', 1359750752, 'FireFox', '192.168.143.1'),
(104744, 1, 'Pagina', 'ComponenteAlta', '', 1359750767, 'FireFox', '192.168.143.1'),
(104745, 1, 'Pagina', 'ComponenteAltaInsercion', '', 1359750807, 'FireFox', '192.168.143.1'),
(104746, 1, 'Pagina', 'ComponenteListado', '', 1359750807, 'FireFox', '192.168.143.1'),
(104747, 1, 'Pagina', 'ComponenteBaja', '', 1359750901, 'FireFox', '192.168.143.1'),
(104748, 1, 'Pagina', 'ComponenteListado', '', 1359750901, 'FireFox', '192.168.143.1'),
(104749, 1, 'Pagina', 'PaginaListado', '', 1359751015, 'FireFox', '192.168.143.1'),
(104750, 1, 'Pagina', 'ComponenteListado', '', 1359751033, 'FireFox', '192.168.143.1'),
(104751, 1, 'Pagina', 'ComponenteModificacion', '', 1359751036, 'FireFox', '192.168.143.1'),
(104752, 1, 'Pagina', 'ComponenteModificacionInsercion', '', 1359751052, 'FireFox', '192.168.143.1'),
(104753, 1, 'Pagina', 'ComponenteListado', '', 1359751052, 'FireFox', '192.168.143.1'),
(104754, 1, 'Pagina', 'PaginaListado', '', 1359751355, 'FireFox', '192.168.143.1'),
(104755, 1, 'Pagina', 'ComponenteListado', '', 1359751377, 'FireFox', '192.168.143.1'),
(104756, 1, 'Pagina', 'ComponenteModificacion', '', 1359751381, 'FireFox', '192.168.143.1'),
(104757, 1, 'Pagina', 'ComponenteModificacionInsercion', '', 1359751388, 'FireFox', '192.168.143.1'),
(104758, 1, 'Pagina', 'ComponenteListado', '', 1359751388, 'FireFox', '192.168.143.1'),
(104759, 1, 'Pagina', 'PaginaListado', '', 1359751464, 'FireFox', '192.168.143.1'),
(104760, 1, 'Pagina', 'ComponenteListado', '', 1359751479, 'FireFox', '192.168.143.1'),
(104761, 1, 'Pagina', 'ComponenteModificacion', '', 1359751485, 'FireFox', '192.168.143.1'),
(104762, 1, 'Pagina', 'ComponenteModificacionInsercion', '', 1359751507, 'FireFox', '192.168.143.1'),
(104763, 1, 'Pagina', 'ComponenteListado', '', 1359751507, 'FireFox', '192.168.143.1'),
(104764, 1, 'Pagina', 'ComponenteListado', '', 1359751665, 'FireFox', '192.168.143.1'),
(104765, 1, 'Pagina', 'PaginaListado', '', 1359751746, 'FireFox', '192.168.143.1'),
(104766, 1, 'Pagina', 'ComponenteListado', '', 1359751760, 'FireFox', '192.168.143.1'),
(104767, 1, 'Pagina', 'ComponenteAlta', '', 1359751771, 'FireFox', '192.168.143.1'),
(104768, 1, 'Pagina', 'ComponenteAltaInsercion', '', 1359751787, 'FireFox', '192.168.143.1'),
(104769, 1, 'Pagina', 'ComponenteListado', '', 1359751787, 'FireFox', '192.168.143.1'),
(104770, 1, 'Pagina', 'PaginaListado', '', 1359751798, 'FireFox', '192.168.143.1'),
(104771, 1, 'Pagina', 'ComponenteListado', '', 1359751809, 'FireFox', '192.168.143.1'),
(104772, 1, 'Pagina', 'ComponenteModificacion', '', 1359751812, 'FireFox', '192.168.143.1'),
(104773, 1, 'Pagina', 'ComponenteModificacionInsercion', '', 1359751825, 'FireFox', '192.168.143.1'),
(104774, 1, 'Pagina', 'ComponenteListado', '', 1359751825, 'FireFox', '192.168.143.1'),
(104775, 1, 'Pagina', 'ComponenteModificacion', '', 1359751895, 'FireFox', '192.168.143.1'),
(104776, 1, 'Pagina', 'ComponenteModificacionInsercion', '', 1359751901, 'FireFox', '192.168.143.1'),
(104777, 1, 'Pagina', 'ComponenteListado', '', 1359751902, 'FireFox', '192.168.143.1'),
(104778, 1, 'Pagina', 'PaginaListado', '', 1359752096, 'FireFox', '192.168.143.1'),
(104779, 1, 'Pagina', 'ComponenteListado', '', 1359752107, 'FireFox', '192.168.143.1'),
(104780, 1, 'Pagina', 'ComponenteModificacion', '', 1359752112, 'FireFox', '192.168.143.1'),
(104781, 1, 'Pagina', 'ComponenteModificacionInsercion', '', 1359752136, 'FireFox', '192.168.143.1'),
(104782, 1, 'Pagina', 'ComponenteListado', '', 1359752136, 'FireFox', '192.168.143.1'),
(104783, 1, 'Pagina', 'PaginaListado', '', 1359752203, 'FireFox', '192.168.143.1'),
(104784, 1, 'Pagina', 'ComponenteListado', '', 1359752264, 'FireFox', '192.168.143.1'),
(104785, 1, 'Pagina', 'ComponenteModificacion', '', 1359752268, 'FireFox', '192.168.143.1'),
(104786, 1, 'Pagina', 'ComponenteModificacionInsercion', '', 1359752273, 'FireFox', '192.168.143.1'),
(104787, 1, 'Pagina', 'ComponenteListado', '', 1359752273, 'FireFox', '192.168.143.1'),
(104788, 1, 'Pagina', 'Bienvenida', '', 1359769355, 'FireFox', '192.168.143.1'),
(104789, 1, 'Pagina', 'PaginaListado', '', 1359769357, 'FireFox', '192.168.143.1'),
(104790, 1, 'Pagina', 'ComponenteListado', '', 1359769373, 'FireFox', '192.168.143.1'),
(104791, 1, 'Pagina', 'ComponenteListado', '', 1359769386, 'FireFox', '192.168.143.1'),
(104792, 1, 'Pagina', 'PaginaListado', '', 1359769390, 'FireFox', '192.168.143.1'),
(104793, 1, 'Pagina', 'PaginaAlta', '', 1359769396, 'FireFox', '192.168.143.1'),
(104794, 1, 'Pagina', 'PaginaAltaInsercion', '', 1359769426, 'FireFox', '192.168.143.1'),
(104795, 1, 'Pagina', 'ComponenteListado', '', 1359769426, 'FireFox', '192.168.143.1'),
(104796, 1, 'Pagina', 'ComponenteAlta', '', 1359769433, 'FireFox', '192.168.143.1'),
(104797, 1, 'Pagina', 'ComponenteAltaInsercion', '', 1359769452, 'FireFox', '192.168.143.1'),
(104798, 1, 'Pagina', 'ComponenteListado', '', 1359769452, 'FireFox', '192.168.143.1'),
(104799, 1, 'Pagina', 'ComponenteAlta', '', 1359769458, 'FireFox', '192.168.143.1'),
(104800, 1, 'Pagina', 'ComponenteAltaInsercion', '', 1359769496, 'FireFox', '192.168.143.1'),
(104801, 1, 'Pagina', 'ComponenteListado', '', 1359769496, 'FireFox', '192.168.143.1'),
(104802, 1, 'Pagina', 'PaginaListado', '', 1359769504, 'FireFox', '192.168.143.1'),
(104803, 1, 'Pagina', 'ComponenteListado', '', 1359769510, 'FireFox', '192.168.143.1'),
(104804, 1, 'Pagina', 'PaginaListado', '', 1359769511, 'FireFox', '192.168.143.1'),
(104805, 1, 'Pagina', 'PaginaAlta', '', 1359769516, 'FireFox', '192.168.143.1'),
(104806, 1, 'Pagina', 'PaginaAltaInsercion', '', 1359769540, 'FireFox', '192.168.143.1'),
(104807, 1, 'Pagina', 'ComponenteListado', '', 1359769540, 'FireFox', '192.168.143.1'),
(104808, 1, 'Pagina', 'ComponenteAlta', '', 1359769552, 'FireFox', '192.168.143.1'),
(104809, 1, 'Pagina', 'ComponenteAltaInsercion', '', 1359769574, 'FireFox', '192.168.143.1'),
(104810, 1, 'Pagina', 'ComponenteListado', '', 1359769574, 'FireFox', '192.168.143.1'),
(104811, 1, 'Pagina', 'ComponenteAlta', '', 1359769578, 'FireFox', '192.168.143.1'),
(104812, 1, 'Pagina', 'ComponenteAltaInsercion', '', 1359769593, 'FireFox', '192.168.143.1'),
(104813, 1, 'Pagina', 'ComponenteListado', '', 1359769593, 'FireFox', '192.168.143.1'),
(104814, 1, 'Pagina', 'ComponenteAlta', '', 1359769595, 'FireFox', '192.168.143.1'),
(104815, 1, 'Pagina', 'ComponenteAltaInsercion', '', 1359769625, 'FireFox', '192.168.143.1'),
(104816, 1, 'Pagina', 'ComponenteListado', '', 1359769625, 'FireFox', '192.168.143.1'),
(104817, 1, 'Pagina', 'ComponenteAlta', '', 1359769629, 'FireFox', '192.168.143.1'),
(104818, 1, 'Pagina', 'ComponenteAltaInsercion', '', 1359769643, 'FireFox', '192.168.143.1'),
(104819, 1, 'Pagina', 'ComponenteListado', '', 1359769643, 'FireFox', '192.168.143.1'),
(104820, 1, 'Pagina', 'ComponenteAlta', '', 1359769653, 'FireFox', '192.168.143.1'),
(104821, 1, 'Pagina', 'ComponenteAltaInsercion', '', 1359769668, 'FireFox', '192.168.143.1'),
(104822, 1, 'Pagina', 'ComponenteListado', '', 1359769669, 'FireFox', '192.168.143.1'),
(104823, 1, 'Pagina', 'PaginaListado', '', 1359769679, 'FireFox', '192.168.143.1'),
(104824, 1, 'Pagina', 'ComponenteListado', '', 1359769684, 'FireFox', '192.168.143.1'),
(104825, 1, 'Pagina', 'PaginaListado', '', 1359769686, 'FireFox', '192.168.143.1'),
(104826, 1, 'Pagina', 'PaginaAlta', '', 1359769698, 'FireFox', '192.168.143.1'),
(104827, 1, 'Pagina', 'PaginaListado', '', 1359769716, 'FireFox', '192.168.143.1'),
(104828, 1, 'Pagina', 'PaginaAlta', '', 1359769726, 'FireFox', '192.168.143.1'),
(104829, 1, 'Pagina', 'PaginaAltaInsercion', '', 1359769747, 'FireFox', '192.168.143.1'),
(104830, 1, 'Pagina', 'ComponenteListado', '', 1359769747, 'FireFox', '192.168.143.1'),
(104831, 1, 'Pagina', 'ComponenteAlta', '', 1359769750, 'FireFox', '192.168.143.1'),
(104832, 1, 'Pagina', 'ComponenteAltaInsercion', '', 1359769774, 'FireFox', '192.168.143.1'),
(104833, 1, 'Pagina', 'ComponenteListado', '', 1359769774, 'FireFox', '192.168.143.1'),
(104834, 1, 'Pagina', 'ComponenteAlta', '', 1359769779, 'FireFox', '192.168.143.1'),
(104835, 1, 'Pagina', 'ComponenteAltaInsercion', '', 1359769792, 'FireFox', '192.168.143.1'),
(104836, 1, 'Pagina', 'ComponenteListado', '', 1359769792, 'FireFox', '192.168.143.1'),
(104837, 1, 'Pagina', 'ComponenteAlta', '', 1359769796, 'FireFox', '192.168.143.1'),
(104838, 1, 'Pagina', 'ComponenteAltaInsercion', '', 1359769803, 'FireFox', '192.168.143.1'),
(104839, 1, 'Pagina', 'ComponenteListado', '', 1359769803, 'FireFox', '192.168.143.1'),
(104840, 1, 'Pagina', 'PaginaListado', '', 1359769805, 'FireFox', '192.168.143.1'),
(104841, 1, 'Archivo externo', 'DerDbdesigner4', '', 1359770611, 'FireFox', '192.168.143.1'),
(104842, 1, 'Pagina', 'ComponenteListado', '', 1359772834, 'FireFox', '192.168.143.1'),
(104843, 1, 'Pagina', 'ComponenteAlta', '', 1359772838, 'FireFox', '192.168.143.1'),
(104844, 1, 'Pagina', 'ComponenteAltaInsercion', '', 1359772854, 'FireFox', '192.168.143.1'),
(104845, 1, 'Pagina', 'ComponenteListado', '', 1359772854, 'FireFox', '192.168.143.1'),
(104846, 1, 'Pagina', 'ComponenteListado', '', 1359772862, 'FireFox', '192.168.143.1'),
(104847, 1, 'Pagina', 'ComponenteListado', '', 1359772866, 'FireFox', '192.168.143.1'),
(104848, 1, 'Pagina', 'ComponenteListado', '', 1359772867, 'FireFox', '192.168.143.1'),
(104849, 1, 'Pagina', 'ComponenteListado', '', 1359772868, 'FireFox', '192.168.143.1'),
(104850, 1, 'Pagina', 'ComponenteListado', '', 1359772869, 'FireFox', '192.168.143.1'),
(104851, 1, 'Pagina', 'PaginaListado', '', 1359773607, 'FireFox', '192.168.143.1'),
(104852, 1, 'Pagina', 'ComponenteListado', '', 1359774333, 'FireFox', '192.168.143.1'),
(104853, 1, 'Pagina', 'ComponenteAlta', '', 1359774339, 'FireFox', '192.168.143.1'),
(104854, 1, 'Pagina', 'ComponenteAltaInsercion', '', 1359774362, 'FireFox', '192.168.143.1'),
(104855, 1, 'Pagina', 'ComponenteListado', '', 1359774362, 'FireFox', '192.168.143.1'),
(104856, 1, 'Pagina', 'PaginaListado', '', 1359775403, 'FireFox', '192.168.143.1'),
(104857, 1, 'Pagina', 'ComponenteListado', '', 1359775411, 'FireFox', '192.168.143.1'),
(104858, 1, 'Pagina', 'PaginaListado', '', 1359775472, 'FireFox', '192.168.143.1'),
(104859, 1, 'Pagina', 'ComponenteListado', '', 1359775479, 'FireFox', '192.168.143.1'),
(104860, 1, 'Pagina', 'ComponenteBaja', '', 1359775559, 'FireFox', '192.168.143.1'),
(104861, 1, 'Pagina', 'ComponenteListado', '', 1359775559, 'FireFox', '192.168.143.1'),
(104862, 1, 'Pagina', 'ComponenteAlta', '', 1359775562, 'FireFox', '192.168.143.1'),
(104863, 1, 'Pagina', 'ComponenteAltaInsercion', '', 1359775588, 'FireFox', '192.168.143.1'),
(104864, 1, 'Pagina', 'ComponenteListado', '', 1359775588, 'FireFox', '192.168.143.1'),
(104865, 1, 'Pagina', 'PaginaListado', '', 1359776187, 'FireFox', '192.168.143.1'),
(104866, 1, 'Pagina', 'PaginaListado', '', 1359776285, 'FireFox', '192.168.143.1'),
(104867, 1, 'Pagina', 'ComponenteListado', '', 1359776844, 'FireFox', '192.168.143.1'),
(104868, 1, 'Pagina', 'ComponenteAlta', '', 1359776854, 'FireFox', '192.168.143.1'),
(104869, 1, 'Pagina', 'ComponenteListado', '', 1359776873, 'FireFox', '192.168.143.1'),
(104870, 1, 'Pagina', 'PaginaListado', '', 1359776875, 'FireFox', '192.168.143.1'),
(104871, 1, 'Pagina', 'ComponenteListado', '', 1359776885, 'FireFox', '192.168.143.1'),
(104872, 1, 'Pagina', 'ComponenteAlta', '', 1359777096, 'FireFox', '192.168.143.1'),
(104873, 1, 'Pagina', 'ComponenteAltaInsercion', '', 1359777107, 'FireFox', '192.168.143.1'),
(104874, 1, 'Pagina', 'ComponenteListado', '', 1359777107, 'FireFox', '192.168.143.1'),
(104875, 1, 'Pagina', 'ComponenteAlta', '', 1359777111, 'FireFox', '192.168.143.1'),
(104876, 1, 'Pagina', 'ComponenteAltaInsercion', '', 1359777118, 'FireFox', '192.168.143.1'),
(104877, 1, 'Pagina', 'ComponenteListado', '', 1359777118, 'FireFox', '192.168.143.1'),
(104878, 1, 'Pagina', 'ComponenteAlta', '', 1359777138, 'FireFox', '192.168.143.1'),
(104879, 1, 'Pagina', 'ComponenteAltaInsercion', '', 1359777166, 'FireFox', '192.168.143.1'),
(104880, 1, 'Pagina', 'ComponenteListado', '', 1359777166, 'FireFox', '192.168.143.1'),
(104881, 1, 'Pagina', 'ComponenteAlta', '', 1359777172, 'FireFox', '192.168.143.1'),
(104882, 1, 'Pagina', 'ComponenteAltaInsercion', '', 1359777180, 'FireFox', '192.168.143.1'),
(104883, 1, 'Pagina', 'ComponenteListado', '', 1359777180, 'FireFox', '192.168.143.1'),
(104884, 1, 'Pagina', 'ComponenteListado', '', 1359777447, 'FireFox', '192.168.143.1'),
(104885, 1, 'Pagina', 'PaginaListado', '', 1359777849, 'FireFox', '192.168.143.1'),
(104886, 1, 'Pagina', 'ComponenteListado', '', 1359777864, 'FireFox', '192.168.143.1'),
(104887, 1, 'Pagina', 'ComponenteBaja', '', 1359777877, 'FireFox', '192.168.143.1'),
(104888, 1, 'Pagina', 'ComponenteListado', '', 1359777877, 'FireFox', '192.168.143.1'),
(104889, 1, 'Pagina', 'ComponenteAlta', '', 1359777880, 'FireFox', '192.168.143.1'),
(104890, 1, 'Pagina', 'ComponenteAltaInsercion', '', 1359777891, 'FireFox', '192.168.143.1'),
(104891, 1, 'Pagina', 'ComponenteListado', '', 1359777891, 'FireFox', '192.168.143.1'),
(104892, 1, 'Pagina', 'PaginaListado', '', 1359777897, 'FireFox', '192.168.143.1'),
(104893, 1, 'Pagina', 'ComponenteListado', '', 1359777907, 'FireFox', '192.168.143.1'),
(104894, 1, 'Pagina', 'ComponenteBaja', '', 1359777911, 'FireFox', '192.168.143.1'),
(104895, 1, 'Pagina', 'ComponenteListado', '', 1359777911, 'FireFox', '192.168.143.1'),
(104896, 1, 'Pagina', 'ComponenteAlta', '', 1359777914, 'FireFox', '192.168.143.1'),
(104897, 1, 'Pagina', 'ComponenteAltaInsercion', '', 1359777925, 'FireFox', '192.168.143.1'),
(104898, 1, 'Pagina', 'ComponenteListado', '', 1359777925, 'FireFox', '192.168.143.1'),
(104899, 1, 'Pagina', 'PaginaListado', '', 1359777936, 'FireFox', '192.168.143.1'),
(104900, 1, 'Pagina', 'ComponenteListado', '', 1359777946, 'FireFox', '192.168.143.1'),
(104901, 1, 'Pagina', 'ComponenteBaja', '', 1359777952, 'FireFox', '192.168.143.1'),
(104902, 1, 'Pagina', 'ComponenteListado', '', 1359777952, 'FireFox', '192.168.143.1'),
(104903, 1, 'Pagina', 'ComponenteAlta', '', 1359777955, 'FireFox', '192.168.143.1'),
(104904, 1, 'Pagina', 'ComponenteAltaInsercion', '', 1359777963, 'FireFox', '192.168.143.1'),
(104905, 1, 'Pagina', 'ComponenteListado', '', 1359777963, 'FireFox', '192.168.143.1'),
(104906, 1, 'Pagina', 'PaginaListado', '', 1359778526, 'FireFox', '192.168.143.1'),
(104907, 1, 'Pagina', 'PaginaAlta', '', 1359778550, 'FireFox', '192.168.143.1'),
(104908, 1, 'Pagina', 'PaginaListado', '', 1359778551, 'FireFox', '192.168.143.1'),
(104909, 1, 'Pagina', 'PaginaAlta', '', 1359778567, 'FireFox', '192.168.143.1'),
(104910, 1, 'Pagina', 'PaginaAltaInsercion', '', 1359778617, 'FireFox', '192.168.143.1'),
(104911, 1, 'Pagina', 'ComponenteListado', '', 1359778618, 'FireFox', '192.168.143.1'),
(104912, 1, 'Pagina', 'ComponenteAlta', '', 1359778622, 'FireFox', '192.168.143.1'),
(104913, 1, 'Pagina', 'ComponenteAltaInsercion', '', 1359778631, 'FireFox', '192.168.143.1'),
(104914, 1, 'Pagina', 'ComponenteListado', '', 1359778631, 'FireFox', '192.168.143.1'),
(104915, 1, 'Pagina', 'PaginaListado', '', 1359778632, 'FireFox', '192.168.143.1'),
(104916, 1, 'Pagina', 'RegistroListado', '', 1359778658, 'FireFox', '192.168.143.1'),
(104917, 1, 'Pagina', 'RegistroAlta', '', 1359778660, 'FireFox', '192.168.143.1'),
(104918, 1, 'Pagina', 'RegistroAltaInsercion', '', 1359778674, 'FireFox', '192.168.143.1'),
(104919, 1, 'Pagina', 'RegistroListado', '', 1359778674, 'FireFox', '192.168.143.1'),
(104920, 1, 'Pagina', 'RegistroAlta', '', 1359778676, 'FireFox', '192.168.143.1'),
(104921, 1, 'Pagina', 'RegistroAltaInsercion', '', 1359778690, 'FireFox', '192.168.143.1'),
(104922, 1, 'Pagina', 'RegistroListado', '', 1359778690, 'FireFox', '192.168.143.1'),
(104923, 1, 'Pagina', 'RegistroAlta', '', 1359778692, 'FireFox', '192.168.143.1'),
(104924, 1, 'Pagina', 'RegistroAltaInsercion', '', 1359778707, 'FireFox', '192.168.143.1'),
(104925, 1, 'Pagina', 'RegistroListado', '', 1359778707, 'FireFox', '192.168.143.1'),
(104926, 1, 'Pagina', 'PaginaListado', '', 1359778763, 'FireFox', '192.168.143.1'),
(104927, 1, 'Pagina', 'ComponenteListado', '', 1359778775, 'FireFox', '192.168.143.1'),
(104928, 1, 'Pagina', 'PaginaListado', '', 1359779928, 'FireFox', '192.168.143.1'),
(104929, 1, 'Pagina', 'PaginaAlta', '', 1359780345, 'FireFox', '192.168.143.1'),
(104930, 1, 'Pagina', 'PaginaListado', '', 1359780412, 'FireFox', '192.168.143.1'),
(104931, 1, 'Pagina', 'ComponenteListado', '', 1359780420, 'FireFox', '192.168.143.1'),
(104932, 1, 'Pagina', 'ComponenteAlta', '', 1359780434, 'FireFox', '192.168.143.1'),
(104933, 1, 'Pagina', 'ComponenteListado', '', 1359780513, 'FireFox', '192.168.143.1'),
(104934, 1, 'Pagina', 'PaginaListado', '', 1359780520, 'FireFox', '192.168.143.1'),
(104935, 1, 'Pagina', 'PaginaAlta', '', 1359780525, 'FireFox', '192.168.143.1'),
(104936, 1, 'Pagina', 'PaginaListado', '', 1359780538, 'FireFox', '192.168.143.1'),
(104937, 1, 'Pagina', 'PaginaAlta', '', 1359780546, 'FireFox', '192.168.143.1'),
(104938, 1, 'Pagina', 'PaginaAltaInsercion', '', 1359780578, 'FireFox', '192.168.143.1'),
(104939, 1, 'Pagina', 'ComponenteListado', '', 1359780578, 'FireFox', '192.168.143.1'),
(104940, 1, 'Pagina', 'ComponenteAlta', '', 1359780582, 'FireFox', '192.168.143.1'),
(104941, 1, 'Pagina', 'ComponenteAltaInsercion', '', 1359780599, 'FireFox', '192.168.143.1'),
(104942, 1, 'Pagina', 'ComponenteListado', '', 1359780599, 'FireFox', '192.168.143.1'),
(104943, 1, 'Pagina', 'ComponenteAlta', '', 1359780641, 'FireFox', '192.168.143.1'),
(104944, 1, 'Pagina', 'ComponenteAltaInsercion', '', 1359780663, 'FireFox', '192.168.143.1'),
(104945, 1, 'Pagina', 'ComponenteListado', '', 1359780663, 'FireFox', '192.168.143.1'),
(104946, 1, 'Pagina', 'ComponenteAlta', '', 1359780705, 'FireFox', '192.168.143.1'),
(104947, 1, 'Pagina', 'ComponenteAltaInsercion', '', 1359780713, 'FireFox', '192.168.143.1'),
(104948, 1, 'Pagina', 'ComponenteListado', '', 1359780713, 'FireFox', '192.168.143.1'),
(104949, 1, 'Pagina', 'ComponenteAlta', '', 1359780717, 'FireFox', '192.168.143.1'),
(104950, 1, 'Pagina', 'ComponenteAltaInsercion', '', 1359780723, 'FireFox', '192.168.143.1'),
(104951, 1, 'Pagina', 'ComponenteListado', '', 1359780723, 'FireFox', '192.168.143.1'),
(104952, 1, 'Pagina', 'PaginaListado', '', 1359780914, 'FireFox', '192.168.143.1'),
(104953, 1, 'Pagina', 'PaginaAlta', '', 1359780922, 'FireFox', '192.168.143.1'),
(104954, 1, 'Pagina', 'PaginaAltaInsercion', '', 1359780946, 'FireFox', '192.168.143.1'),
(104955, 1, 'Pagina', 'ComponenteListado', '', 1359780946, 'FireFox', '192.168.143.1'),
(104956, 1, 'Pagina', 'ComponenteAlta', '', 1359780948, 'FireFox', '192.168.143.1'),
(104957, 1, 'Pagina', 'ComponenteAltaInsercion', '', 1359780970, 'FireFox', '192.168.143.1'),
(104958, 1, 'Pagina', 'ComponenteListado', '', 1359780970, 'FireFox', '192.168.143.1'),
(104959, 1, 'Pagina', 'ComponenteAlta', '', 1359780973, 'FireFox', '192.168.143.1'),
(104960, 1, 'Pagina', 'ComponenteAltaInsercion', '', 1359780997, 'FireFox', '192.168.143.1'),
(104961, 1, 'Pagina', 'ComponenteListado', '', 1359780997, 'FireFox', '192.168.143.1'),
(104962, 1, 'Pagina', 'PaginaListado', '', 1359781012, 'FireFox', '192.168.143.1'),
(104963, 1, 'Pagina', 'ComponenteListado', '', 1359781027, 'FireFox', '192.168.143.1'),
(104964, 1, 'Pagina', 'PaginaListado', '', 1359781074, 'FireFox', '192.168.143.1'),
(104965, 1, 'Pagina', 'ComponenteListado', '', 1359781079, 'FireFox', '192.168.143.1'),
(104966, 1, 'Pagina', 'ComponenteAlta', '', 1359781086, 'FireFox', '192.168.143.1'),
(104967, 1, 'Pagina', 'ComponenteAltaInsercion', '', 1359781092, 'FireFox', '192.168.143.1'),
(104968, 1, 'Pagina', 'ComponenteListado', '', 1359781092, 'FireFox', '192.168.143.1'),
(104969, 1, 'Pagina', 'ComponenteAlta', '', 1359781096, 'FireFox', '192.168.143.1'),
(104970, 1, 'Pagina', 'ComponenteAltaInsercion', '', 1359781102, 'FireFox', '192.168.143.1'),
(104971, 1, 'Pagina', 'ComponenteListado', '', 1359781102, 'FireFox', '192.168.143.1'),
(104972, 1, 'Pagina', 'ComponenteModificacion', '', 1359781108, 'FireFox', '192.168.143.1'),
(104973, 1, 'Pagina', 'ComponenteListado', '', 1359781110, 'FireFox', '192.168.143.1'),
(104974, 1, 'Pagina', 'Bienvenida', '', 1359797971, 'FireFox', '192.168.143.1'),
(104975, 1, 'Pagina', 'PaginaListado', '', 1359797974, 'FireFox', '192.168.143.1'),
(104976, 1, 'Pagina', 'ComponenteListado', '', 1359798271, 'FireFox', '192.168.143.1'),
(104977, 1, 'Pagina', 'ComponenteAlta', '', 1359798275, 'FireFox', '192.168.143.1'),
(104978, 1, 'Pagina', 'ComponenteAltaInsercion', '', 1359798294, 'FireFox', '192.168.143.1'),
(104979, 1, 'Pagina', 'ComponenteListado', '', 1359798294, 'FireFox', '192.168.143.1'),
(104980, 1, 'Pagina', 'PaginaListado', '', 1359798298, 'FireFox', '192.168.143.1'),
(104981, 1, 'Pagina', 'RegistroListado', '', 1359798305, 'FireFox', '192.168.143.1'),
(104982, 1, 'Pagina', 'PaginaListado', '', 1359798317, 'FireFox', '192.168.143.1'),
(104983, 1, 'Pagina', 'RegistroListado', '', 1359798322, 'FireFox', '192.168.143.1'),
(104984, 1, 'Pagina', 'PaginaListado', '', 1359798324, 'FireFox', '192.168.143.1'),
(104985, 1, 'Pagina', 'ComponenteListado', '', 1359798334, 'FireFox', '192.168.143.1'),
(104986, 1, 'Pagina', 'ComponenteBaja', '', 1359798336, 'FireFox', '192.168.143.1'),
(104987, 1, 'Pagina', 'ComponenteListado', '', 1359798337, 'FireFox', '192.168.143.1'),
(104988, 1, 'Pagina', 'PaginaListado', '', 1359798338, 'FireFox', '192.168.143.1'),
(104989, 1, 'Pagina', 'ComponenteListado', '', 1359798353, 'FireFox', '192.168.143.1'),
(104990, 1, 'Pagina', 'ComponenteAlta', '', 1359798357, 'FireFox', '192.168.143.1'),
(104991, 1, 'Pagina', 'ComponenteAltaInsercion', '', 1359798375, 'FireFox', '192.168.143.1'),
(104992, 1, 'Pagina', 'ComponenteListado', '', 1359798375, 'FireFox', '192.168.143.1'),
(104993, 1, 'Pagina', 'PaginaListado', '', 1359798382, 'FireFox', '192.168.143.1'),
(104994, 1, 'Pagina', 'RegistroListado', '', 1359798389, 'FireFox', '192.168.143.1'),
(104995, 1, 'Pagina', 'RegistroListado', '', 1359798492, 'FireFox', '192.168.143.1');

-- --------------------------------------------------------

--
-- Table structure for table `kirke_menu`
--

CREATE TABLE IF NOT EXISTS `kirke_menu` (
  `id_menu` int(6) NOT NULL AUTO_INCREMENT,
  `nivel1_orden` int(3) DEFAULT NULL,
  `nivel2_orden` int(6) DEFAULT NULL,
  `nivel3_orden` int(3) DEFAULT NULL,
  `nivel4_orden` int(3) DEFAULT NULL,
  `habilitado` char(1) DEFAULT NULL,
  PRIMARY KEY (`id_menu`)
) ENGINE=InnoDB  DEFAULT CHARSET=utf8 AUTO_INCREMENT=100005 ;

--
-- Dumping data for table `kirke_menu`
--

INSERT INTO `kirke_menu` (`id_menu`, `nivel1_orden`, `nivel2_orden`, `nivel3_orden`, `nivel4_orden`, `habilitado`) VALUES
(3001, 3001, NULL, NULL, NULL, 's'),
(3002, 3001, 1, NULL, NULL, 's'),
(100000, 3002, NULL, NULL, NULL, 's'),
(100001, 3003, NULL, NULL, NULL, 's'),
(100002, 3003, 1, NULL, NULL, 's'),
(100003, 3004, NULL, NULL, NULL, 's'),
(100004, 3005, NULL, NULL, NULL, 's');

-- --------------------------------------------------------

--
-- Table structure for table `kirke_menu_link`
--

CREATE TABLE IF NOT EXISTS `kirke_menu_link` (
  `id_menu_link` int(6) NOT NULL AUTO_INCREMENT,
  `id_menu` int(6) NOT NULL,
  `id_elemento` int(6) NOT NULL,
  `kk_generar` int(6) NOT NULL,
  `orden` int(6) NOT NULL,
  `habilitado` char(1) DEFAULT NULL,
  PRIMARY KEY (`id_menu_link`),
  KEY `id_menu` (`id_menu`,`id_elemento`)
) ENGINE=InnoDB  DEFAULT CHARSET=utf8 AUTO_INCREMENT=100013 ;

--
-- Dumping data for table `kirke_menu_link`
--

INSERT INTO `kirke_menu_link` (`id_menu_link`, `id_menu`, `id_elemento`, `kk_generar`, `orden`, `habilitado`) VALUES
(3003, 3002, 3001, 0, 3001, 's'),
(3004, 3002, 3008, 0, 3002, 's'),
(3005, 3002, 3009, 0, 3003, 's'),
(3006, 3002, 3010, 0, 3004, 's'),
(100000, 100000, 100004, 0, 3005, 's'),
(100002, 100002, 100005, 0, 3006, 's'),
(100003, 100002, 100006, 0, 3007, 's'),
(100004, 100002, 100007, 0, 3008, 's'),
(100005, 100002, 100009, 0, 3009, 's'),
(100006, 100003, 3003, 0, 3010, 's'),
(100007, 100003, 3004, 0, 3011, 's'),
(100008, 100003, 100010, 0, 3012, 's'),
(100009, 100004, 100002, 0, 3013, 's'),
(100010, 100004, 100000, 0, 3014, 's'),
(100011, 100004, 100001, 0, 3015, 's'),
(100012, 100004, 100003, 0, 3016, 's');

-- --------------------------------------------------------

--
-- Table structure for table `kirke_menu_link_nombre`
--

CREATE TABLE IF NOT EXISTS `kirke_menu_link_nombre` (
  `id_menu_link_nombre` int(6) NOT NULL AUTO_INCREMENT,
  `id_menu_link` int(6) NOT NULL,
  `menu_link_nombre` varchar(30) DEFAULT NULL,
  `idioma_codigo` char(2) DEFAULT NULL,
  PRIMARY KEY (`id_menu_link_nombre`),
  KEY `id_menu_link` (`id_menu_link`)
) ENGINE=InnoDB  DEFAULT CHARSET=utf8 AUTO_INCREMENT=100013 ;

--
-- Dumping data for table `kirke_menu_link_nombre`
--

INSERT INTO `kirke_menu_link_nombre` (`id_menu_link_nombre`, `id_menu_link`, `menu_link_nombre`, `idioma_codigo`) VALUES
(3003, 3003, 'Datos personales', 'cs'),
(3004, 3004, 'Educacion', 'cs'),
(3005, 3005, 'Idiomas', 'cs'),
(3006, 3006, 'Experiencia laboral', 'cs'),
(100000, 100000, 'Contacto', 'cs'),
(100002, 100002, 'Clientes', 'cs'),
(100003, 100003, 'Sucursales', 'cs'),
(100004, 100004, 'Contactos', 'cs'),
(100005, 100005, 'Comentarios', 'cs'),
(100006, 100006, 'Paises', 'cs'),
(100007, 100007, 'Provincias', 'cs'),
(100008, 100008, 'Areas', 'cs'),
(100009, 100009, 'Productos', 'cs'),
(100010, 100010, 'Familias', 'cs'),
(100011, 100011, 'Subfamilia', 'cs'),
(100012, 100012, 'Marcas', 'cs');

-- --------------------------------------------------------

--
-- Table structure for table `kirke_menu_link_parametro`
--

CREATE TABLE IF NOT EXISTS `kirke_menu_link_parametro` (
  `id_menu_link_parametro` int(6) NOT NULL AUTO_INCREMENT,
  `id_menu_link` int(6) NOT NULL,
  `tipo` varchar(30) DEFAULT NULL,
  `id` int(6) DEFAULT NULL,
  `parametro` varchar(30) DEFAULT NULL,
  `valor` varchar(30) DEFAULT NULL,
  PRIMARY KEY (`id_menu_link_parametro`),
  KEY `id_menu_link` (`id_menu_link`)
) ENGINE=InnoDB  DEFAULT CHARSET=utf8 AUTO_INCREMENT=1000072 ;

--
-- Dumping data for table `kirke_menu_link_parametro`
--

INSERT INTO `kirke_menu_link_parametro` (`id_menu_link_parametro`, `id_menu_link`, `tipo`, `id`, `parametro`, `valor`) VALUES
(3020, 3003, 'orden', 3001, 'descendente', ''),
(3021, 3003, 'filtro', 3001, 'no_filtrar', ''),
(3022, 3003, 'filtro', 3002, 'no_filtrar', ''),
(3023, 3003, 'filtro', 3041, 'no_filtrar', ''),
(3024, 3003, 'filtro', 3003, 'no_filtrar', ''),
(3025, 3003, 'filtro', 3006, 'no_filtrar', ''),
(3026, 3003, 'filtro', 3008, 'no_filtrar', ''),
(3027, 3003, 'filtro', 3009, 'no_filtrar', ''),
(3028, 3003, 'filtro', 3010, 'no_filtrar', ''),
(3029, 3003, 'filtro', 3011, 'no_filtrar', ''),
(3030, 3003, 'filtro', 3012, 'no_filtrar', ''),
(3031, 3003, 'filtro', 3016, 'no_filtrar', ''),
(3032, 3003, 'filtro', 3017, 'no_filtrar', ''),
(3033, 3003, 'filtro', 3018, 'no_filtrar', ''),
(3034, 3003, 'filtro', 3020, 'no_filtrar', ''),
(3035, 3003, 'filtro', 3021, 'no_filtrar', ''),
(3036, 3003, 'filtro', 3022, 'no_filtrar', ''),
(3037, 3003, 'filtro', 3042, 'no_filtrar', ''),
(3038, 3003, 'filtro', 3046, 'no_filtrar', ''),
(3039, 3003, 'filtro', 3044, 'no_filtrar', ''),
(3040, 3003, 'filtro', 3045, 'no_filtrar', ''),
(3041, 3003, 'filtro', 3043, 'no_filtrar', ''),
(3042, 3003, 'filtro', 3030, 'no_filtrar', ''),
(3043, 3003, 'filtro', 3032, 'no_filtrar', ''),
(3044, 3003, 'filtro', 3034, 'no_filtrar', ''),
(3045, 3003, 'filtro', 3035, 'no_filtrar', ''),
(3046, 3003, 'filtro', 3037, 'no_filtrar', ''),
(3047, 3003, 'filtro', 3038, 'no_filtrar', ''),
(3048, 3003, 'filtro', 3040, 'no_filtrar', ''),
(3049, 3003, 'filtro', 3049, 'no_filtrar', ''),
(3050, 3003, 'filtro', 3050, 'no_filtrar', ''),
(3051, 3003, 'filtro', 3051, 'no_filtrar', ''),
(3052, 3003, 'filtro', 3047, 'no_filtrar', ''),
(3053, 3003, 'filtro', 3048, 'no_filtrar', ''),
(3054, 3003, 'filtro', 3053, 'no_filtrar', ''),
(3055, 3003, 'filtro', 3054, 'no_filtrar', ''),
(3056, 3003, 'filtro', 3056, 'no_filtrar', ''),
(3057, 3003, 'filtro', 3057, 'no_filtrar', ''),
(3058, 3003, 'filtro', 3058, 'no_filtrar', ''),
(3059, 3003, 'filtro', 3059, 'no_filtrar', ''),
(3060, 3003, 'filtro', 3060, 'no_filtrar', ''),
(3061, 3003, 'filtro', 3061, 'no_filtrar', ''),
(3062, 3003, 'filtro', 3063, 'no_filtrar', ''),
(3063, 3003, 'filtro', 3064, 'no_filtrar', ''),
(3064, 3003, 'filtro', 3066, 'no_filtrar', ''),
(3065, 3003, 'filtro', 3067, 'no_filtrar', ''),
(3066, 3003, 'filtro', 3068, 'no_filtrar', ''),
(3067, 3003, 'filtro', 3069, 'no_filtrar', ''),
(3068, 3003, 'filtro', 3070, 'no_filtrar', ''),
(3069, 3003, 'filtro', 3071, 'no_filtrar', ''),
(3070, 3003, 'filtro', 3073, 'no_filtrar', ''),
(3071, 3003, 'filtro', 3076, 'no_filtrar', ''),
(3072, 3003, 'filtro', 3077, 'no_filtrar', ''),
(3073, 3003, 'filtro', 3078, 'no_filtrar', ''),
(3074, 3003, 'filtro', 3079, 'no_filtrar', ''),
(3075, 3003, 'filtro', 3080, 'no_filtrar', ''),
(3076, 3003, 'filtro', 3085, 'no_filtrar', ''),
(3077, 3003, 'filtro', 3086, 'no_filtrar', ''),
(3078, 3003, 'filtro', 3087, 'no_filtrar', ''),
(3079, 3004, 'orden', 3008, 'descendente', ''),
(3080, 3004, 'filtro', 3088, 'no_filtrar', ''),
(3081, 3004, 'filtro', 3089, 'no_filtrar', ''),
(3082, 3004, 'filtro', 3090, 'no_filtrar', ''),
(3083, 3004, 'filtro', 3091, 'no_filtrar', ''),
(3084, 3004, 'filtro', 3092, 'no_filtrar', ''),
(3085, 3004, 'filtro', 3093, 'no_filtrar', ''),
(3086, 3004, 'filtro', 3094, 'no_filtrar', ''),
(3087, 3005, 'orden', 3009, 'descendente', ''),
(3088, 3005, 'filtro', 3109, 'no_filtrar', ''),
(3089, 3005, 'filtro', 3095, 'no_filtrar', ''),
(3090, 3005, 'filtro', 3096, 'no_filtrar', ''),
(3091, 3005, 'filtro', 3097, 'no_filtrar', ''),
(3092, 3005, 'filtro', 3098, 'no_filtrar', ''),
(3093, 3006, 'orden', 3010, 'descendente', ''),
(3094, 3006, 'filtro', 3110, 'no_filtrar', ''),
(3095, 3006, 'filtro', 3099, 'no_filtrar', ''),
(3096, 3006, 'filtro', 3100, 'no_filtrar', ''),
(3097, 3006, 'filtro', 3101, 'no_filtrar', ''),
(3098, 3006, 'filtro', 3104, 'no_filtrar', ''),
(3099, 3006, 'filtro', 3105, 'no_filtrar', ''),
(3100, 3006, 'filtro', 3106, 'no_filtrar', ''),
(3101, 3006, 'filtro', 3107, 'no_filtrar', ''),
(3102, 3006, 'filtro', 3108, 'no_filtrar', ''),
(1000000, 100000, 'orden', 100004, 'ascendente', ''),
(1000001, 100000, 'filtro', 100020, 'no_filtrar', ''),
(1000002, 100000, 'filtro', 100021, 'no_filtrar', ''),
(1000003, 100000, 'filtro', 100022, 'no_filtrar', ''),
(1000004, 100000, 'filtro', 100023, 'no_filtrar', ''),
(1000005, 100000, 'filtro', 100024, 'no_filtrar', ''),
(1000006, 100000, 'filtro', 100025, 'no_filtrar', ''),
(1000007, 100000, 'filtro', 100026, 'no_filtrar', ''),
(1000008, 100000, 'filtro', 100027, 'no_filtrar', ''),
(1000009, 100000, 'filtro', 100028, 'no_filtrar', ''),
(1000019, 100002, 'orden', 100005, 'ascendente', ''),
(1000020, 100002, 'filtro', 100029, 'no_filtrar', ''),
(1000021, 100002, 'filtro', 100030, 'no_filtrar', ''),
(1000022, 100002, 'filtro', 100031, 'no_filtrar', ''),
(1000023, 100002, 'filtro', 100032, 'no_filtrar', ''),
(1000024, 100002, 'filtro', 100033, 'no_filtrar', ''),
(1000025, 100002, 'filtro', 100034, 'no_filtrar', ''),
(1000026, 100002, 'filtro', 100040, 'no_filtrar', ''),
(1000027, 100002, 'filtro', 100041, 'no_filtrar', ''),
(1000028, 100003, 'orden', 100006, 'ascendente', ''),
(1000029, 100003, 'filtro', 100035, 'no_filtrar', ''),
(1000030, 100003, 'filtro', 100036, 'no_filtrar', ''),
(1000031, 100003, 'filtro', 100037, 'no_filtrar', ''),
(1000032, 100003, 'filtro', 100038, 'no_filtrar', ''),
(1000033, 100004, 'orden', 100007, 'ascendente', ''),
(1000034, 100004, 'filtro', 100039, 'no_filtrar', ''),
(1000035, 100004, 'filtro', 100042, 'no_filtrar', ''),
(1000036, 100004, 'filtro', 100043, 'no_filtrar', ''),
(1000037, 100004, 'filtro', 100044, 'no_filtrar', ''),
(1000038, 100004, 'filtro', 100045, 'no_filtrar', ''),
(1000039, 100004, 'filtro', 100046, 'no_filtrar', ''),
(1000040, 100004, 'filtro', 100047, 'no_filtrar', ''),
(1000041, 100004, 'filtro', 100048, 'no_filtrar', ''),
(1000042, 100004, 'filtro', 100049, 'no_filtrar', ''),
(1000043, 100005, 'orden', 100009, 'ascendente', ''),
(1000044, 100005, 'filtro', 100055, 'no_filtrar', ''),
(1000045, 100006, 'orden', 3003, 'ascendente', ''),
(1000046, 100006, 'filtro', 3013, 'no_filtrar', ''),
(1000047, 100007, 'orden', 3004, 'ascendente', ''),
(1000048, 100007, 'filtro', 3014, 'no_filtrar', ''),
(1000049, 100007, 'filtro', 3015, 'no_filtrar', ''),
(1000050, 100008, 'orden', 100010, 'ascendente', ''),
(1000051, 100008, 'filtro', 100060, 'no_filtrar', ''),
(1000052, 100009, 'orden', 100002, 'ascendente', ''),
(1000053, 100009, 'filtro', 100004, 'no_filtrar', ''),
(1000054, 100009, 'filtro', 100005, 'no_filtrar', ''),
(1000055, 100009, 'filtro', 100006, 'no_filtrar', ''),
(1000056, 100009, 'filtro', 100007, 'no_filtrar', ''),
(1000057, 100009, 'filtro', 100008, 'no_filtrar', ''),
(1000058, 100009, 'filtro', 100010, 'no_filtrar', ''),
(1000059, 100009, 'filtro', 100011, 'no_filtrar', ''),
(1000060, 100009, 'filtro', 100012, 'no_filtrar', ''),
(1000061, 100009, 'filtro', 100013, 'no_filtrar', ''),
(1000062, 100009, 'filtro', 100014, 'no_filtrar', ''),
(1000063, 100009, 'filtro', 100015, 'no_filtrar', ''),
(1000064, 100009, 'filtro', 100068, 'no_filtrar', ''),
(1000065, 100010, 'orden', 100000, 'ascendente', ''),
(1000066, 100010, 'filtro', 100000, 'no_filtrar', ''),
(1000067, 100011, 'orden', 100001, 'ascendente', ''),
(1000068, 100011, 'filtro', 100001, 'no_filtrar', ''),
(1000069, 100011, 'filtro', 100002, 'no_filtrar', ''),
(1000070, 100012, 'orden', 100003, 'ascendente', ''),
(1000071, 100012, 'filtro', 100003, 'no_filtrar', '');

-- --------------------------------------------------------

--
-- Table structure for table `kirke_menu_nombre`
--

CREATE TABLE IF NOT EXISTS `kirke_menu_nombre` (
  `id_menu_nombre` int(6) NOT NULL AUTO_INCREMENT,
  `id_menu` int(6) NOT NULL DEFAULT '0',
  `menu_nombre` varchar(30) DEFAULT NULL,
  `idioma_codigo` char(2) DEFAULT NULL,
  PRIMARY KEY (`id_menu_nombre`)
) ENGINE=InnoDB  DEFAULT CHARSET=utf8 AUTO_INCREMENT=100007 ;

--
-- Dumping data for table `kirke_menu_nombre`
--

INSERT INTO `kirke_menu_nombre` (`id_menu_nombre`, `id_menu`, `menu_nombre`, `idioma_codigo`) VALUES
(100000, 100000, 'Gerencia', 'cs'),
(100001, 3001, 'RRHH', 'cs'),
(100002, 3002, 'CV', 'cs'),
(100003, 100001, 'Ventas', 'cs'),
(100004, 100002, 'Clientes', 'cs'),
(100005, 100003, 'SIS', 'cs'),
(100006, 100004, 'Productos', 'cs');

-- --------------------------------------------------------

--
-- Table structure for table `kirke_rol`
--

CREATE TABLE IF NOT EXISTS `kirke_rol` (
  `id_rol` int(6) NOT NULL AUTO_INCREMENT,
  `orden` int(6) NOT NULL,
  `rol` varchar(100) DEFAULT NULL,
  `descripcion` varchar(100) DEFAULT NULL,
  PRIMARY KEY (`id_rol`)
) ENGINE=InnoDB  DEFAULT CHARSET=utf8 AUTO_INCREMENT=100001 ;

--
-- Dumping data for table `kirke_rol`
--

INSERT INTO `kirke_rol` (`id_rol`, `orden`, `rol`, `descripcion`) VALUES
(1, 0, '{TR|o_administrador_general}', '{TR|o_administrador_general_descripcion}'),
(2, 0, '{TR|o_administrador_usuarios}', '{TR|o_administrador_usuarios_descripcion}'),
(100000, 1, 'Administracion de datos', 'Administracion');

-- --------------------------------------------------------

--
-- Table structure for table `kirke_rol_detalle`
--

CREATE TABLE IF NOT EXISTS `kirke_rol_detalle` (
  `id_rol_detalle` int(6) NOT NULL AUTO_INCREMENT,
  `id_rol` int(6) NOT NULL,
  `elemento` varchar(100) DEFAULT NULL,
  `id_elemento` int(6) DEFAULT NULL,
  `permiso` varchar(50) DEFAULT NULL,
  PRIMARY KEY (`id_rol_detalle`),
  KEY `id_rol` (`id_rol`)
) ENGINE=InnoDB  DEFAULT CHARSET=utf8 AUTO_INCREMENT=100021 ;

--
-- Dumping data for table `kirke_rol_detalle`
--

INSERT INTO `kirke_rol_detalle` (`id_rol_detalle`, `id_rol`, `elemento`, `id_elemento`, `permiso`) VALUES
(1, 1, NULL, NULL, NULL),
(2, 2, NULL, NULL, NULL),
(100000, 100000, 'pagina', 3001, 'datos'),
(100001, 100000, 'pagina', 3003, 'datos'),
(100002, 100000, 'pagina', 3004, 'datos'),
(100003, 100000, 'pagina', 3008, 'datos'),
(100004, 100000, 'pagina', 3009, 'datos'),
(100005, 100000, 'pagina', 3010, 'datos'),
(100006, 100000, 'pagina', 100000, 'datos'),
(100007, 100000, 'pagina', 100001, 'datos'),
(100008, 100000, 'pagina', 100002, 'datos'),
(100009, 100000, 'pagina', 100003, 'datos'),
(100010, 100000, 'pagina', 100004, 'datos'),
(100011, 100000, 'pagina', 100005, 'datos'),
(100012, 100000, 'pagina', 100006, 'datos'),
(100013, 100000, 'pagina', 100007, 'datos'),
(100014, 100000, 'pagina', 100008, 'datos'),
(100016, 100000, 'pagina', 100010, 'datos'),
(100017, 100000, 'pagina', 100011, 'datos'),
(100018, 100000, 'pagina', 100012, 'datos'),
(100019, 100000, 'pagina', 100013, 'datos'),
(100020, 100000, 'informe', 1, 'no_habilitado');

-- --------------------------------------------------------

--
-- Table structure for table `kirke_tabla`
--

CREATE TABLE IF NOT EXISTS `kirke_tabla` (
  `id_tabla` int(6) NOT NULL AUTO_INCREMENT,
  `id_tabla_prefijo` int(6) NOT NULL DEFAULT '0',
  `orden` int(6) NOT NULL,
  `tabla_nombre` varchar(40) DEFAULT NULL,
  `habilitado` char(1) DEFAULT NULL,
  `tipo` varchar(30) DEFAULT NULL,
  `plantilla` longtext,
  PRIMARY KEY (`id_tabla`)
) ENGINE=InnoDB  DEFAULT CHARSET=utf8 AUTO_INCREMENT=100170 ;

--
-- Dumping data for table `kirke_tabla`
--

INSERT INTO `kirke_tabla` (`id_tabla`, `id_tabla_prefijo`, `orden`, `tabla_nombre`, `habilitado`, `tipo`, `plantilla`) VALUES
(3001, 3001, 3001, 'datos_personales', 's', 'registros', NULL),
(3003, 100004, 3003, 'pais', 's', 'registros', NULL),
(3004, 100004, 3004, 'provincia', 's', 'registros', NULL),
(3008, 3001, 3005, 'datos_educacion', 's', 'registros', NULL),
(3009, 3001, 3006, 'datos_idiomas', 's', 'registros', NULL),
(3010, 3001, 3007, 'datos_experiencia_laboral', 's', 'registros', NULL),
(100000, 100001, 3008, 'familia', 's', 'registros', NULL),
(100001, 100001, 3009, 'subfamilia', 's', 'registros', NULL),
(100002, 100001, 3010, 'producto', 's', 'registros', NULL),
(100003, 100001, 3011, 'marca', 's', 'registros', NULL),
(100004, 100002, 3012, 'contacto', 's', 'registros', NULL),
(100005, 100003, 3013, 'cliente', 's', 'registros', NULL),
(100006, 100003, 3014, 'cliente_sucursales', 's', 'registros', NULL),
(100007, 100003, 3015, 'cliente_contacto', 's', 'registros', NULL),
(100008, 100003, 3016, 'lista_precios', 's', 'registros', NULL),
(100010, 100004, 3018, 'areas', 's', 'registros', NULL),
(100011, 100003, 3019, 'orden_pedidos', 's', 'registros', NULL),
(100012, 100003, 3020, 'orden_pedidos_prod', 's', 'registros', NULL),
(100013, 3001, 3021, 'dato_hijos', 's', 'registros', NULL),
(100014, 100004, 3022, 'feriados', 's', 'registros', NULL),
(100015, 100004, 3023, 'procesos', 's', 'registros', NULL),
(100016, 100004, 3024, 'procesos_flujos_dias', 's', 'registros', NULL),
(100017, 100003, 3025, 'cliente_proc', 's', 'registros', NULL),
(100018, 100003, 3026, 'pedido_muestra', 's', 'registros', NULL),
(100019, 100003, 3027, 'pedido_muestra_proc', 's', 'registros', NULL),
(100020, 100003, 3028, 'pedido_muestra_prod', 's', 'registros', NULL),
(100021, 100006, 3029, 'campania', 's', 'registros', NULL),
(100022, 100006, 3030, 'campania_proc', 's', 'registros', NULL),
(100023, 100006, 3031, 'campania_clientes', 's', 'registros', NULL),
(100024, 100003, 3032, 'analisis_riesgo_crediticio', 's', 'registros', NULL),
(100025, 100003, 3033, 'analisis_riesgo_crediticio_proc', 's', 'registros', NULL),
(100026, 100003, 3034, 'orden_pedidos_proc', 's', 'registros', NULL),
(100027, 100003, 3035, 'pedidos_varios_clientes', 's', 'registros', NULL),
(100028, 100003, 3036, 'pedidos_varios_clientes_proc', 's', 'registros', NULL),
(100029, 100003, 3037, 'pedidos_varios_clientes_arch', 's', 'registros', NULL),
(100030, 100003, 3038, 'pedido_precio_credito', 's', 'registros', NULL),
(100031, 100003, 3039, 'pedido_precio_credito_proc', 's', 'registros', NULL),
(100032, 100003, 3040, 'pedido_precio_credito_arch', 's', 'registros', NULL),
(100033, 100002, 3041, 'otros_pedidos', 's', 'registros', NULL),
(100034, 100002, 3042, 'otros_pedidos_proc', 's', 'registros', NULL),
(100035, 100002, 3043, 'otros_pedidos_archivos', 's', 'registros', NULL),
(100036, 100007, 3044, 'pedido_pagos_adelantos', 's', 'registros', NULL),
(100037, 100007, 3045, 'pedido_pagos_adelantos_proc', 's', 'registros', NULL),
(100038, 100007, 3046, 'pedido_pagos_adelantos_arch', 's', 'registros', NULL),
(100039, 100007, 3047, 'propuestas_mejoras', 's', 'registros', NULL),
(100040, 100007, 3048, 'propuestas_mejoras_proc', 's', 'registros', NULL),
(100041, 100007, 3049, 'propuestas_mejoras_arch', 's', 'registros', NULL),
(100042, 100007, 3050, 'pedido_compras', 's', 'registros', NULL),
(100043, 100007, 3051, 'pedido_compras_proc', 's', 'registros', NULL),
(100044, 100007, 3052, 'pedido_compras_arch', 's', 'registros', NULL),
(100045, 100007, 3053, 'reclamos', 's', 'registros', NULL),
(100046, 100007, 3054, 'reclamos_proc', 's', 'registros', NULL),
(100047, 100007, 3055, 'reclamos_arch', 's', 'registros', NULL),
(100048, 100008, 3056, 'pedido_vacaciones', 's', 'registros', NULL),
(100049, 100008, 3057, 'pedido_vacaciones_proc', 's', 'registros', NULL),
(100050, 100008, 3058, 'pedido_vacaciones_arch', 's', 'registros', NULL),
(100051, 100008, 3059, 'pedido_dias_libres', 's', 'registros', NULL),
(100052, 100008, 3060, 'pedido_dias_libres_proc', 's', 'registros', NULL),
(100053, 100008, 3061, 'pedido_dias_libres_arch', 's', 'registros', NULL),
(100054, 100008, 3062, 'rendicion_dias_enfermedad', 's', 'registros', NULL),
(100055, 100008, 3063, 'rendicion_dias_enfermedad_proc', 's', 'registros', NULL),
(100056, 100008, 3064, 'rendicion_dias_enfermedad_arch', 's', 'registros', NULL),
(100057, 100008, 3065, 'pedido_adelanto', 's', 'registros', NULL),
(100058, 100008, 3066, 'pedido_adelanto_proc', 's', 'registros', NULL),
(100059, 100008, 3067, 'pedidos_de_rrhh', 's', 'registros', NULL),
(100060, 100008, 3068, 'pedidos_de_rrhh_proc', 's', 'registros', NULL),
(100061, 100008, 3069, 'pedidos_de_rrhh_arch', 's', 'registros', NULL),
(100065, 100009, 3070, 'solucionar_bugs', 's', 'registros', NULL),
(100066, 100009, 3071, 'solucionar_bugs_proc', 's', 'registros', NULL),
(100067, 100009, 3072, 'solucionar_bugs_arch', 's', 'registros', NULL),
(100068, 100009, 3073, 'mejorar_aplicaciones', 's', 'registros', NULL),
(100069, 100009, 3074, 'mejorar_aplicaciones_proc', 's', 'registros', NULL),
(100070, 100009, 3075, 'mejorar_aplicaciones_arch', 's', 'registros', NULL),
(100071, 100010, 3076, 'proponer_ideas', 's', 'registros', NULL),
(100072, 100010, 3077, 'proponer_ideas_proc', 's', 'registros', NULL),
(100073, 100010, 3078, 'proponer_ideas_arch', 's', 'registros', NULL),
(100074, 100010, 3079, 'imp_arte_fabrica', 's', 'registros', NULL),
(100075, 100010, 3080, 'imp_arte_fabrica_proc', 's', 'registros', NULL),
(100076, 100010, 3081, 'imp_arte_fabrica_arch', 's', 'registros', NULL),
(100077, 100010, 3082, 'armado_arte_fabrica', 's', 'registros', NULL),
(100078, 100010, 3083, 'armado_arte_fabrica_proc', 's', 'registros', NULL),
(100079, 100010, 3084, 'armado_arte_fabrica_arch', 's', 'registros', NULL),
(100082, 100010, 3085, 'aprobacion_licencias', 's', 'registros', NULL),
(100083, 100010, 3086, 'aprobacion_licencias_proc', 's', 'registros', NULL),
(100084, 100010, 3087, 'aprobacion_licencias_arch', 's', 'registros', NULL),
(100085, 100010, 3088, 'recibir_trabajar_artes', 's', 'registros', NULL),
(100086, 100010, 3089, 'recibir_trabajar_artes_proc', 's', 'registros', NULL),
(100087, 100010, 3090, 'recibir_trabajar_artes_arch', 's', 'registros', NULL),
(100088, 100005, 3091, 'mantener_limpieza', 's', 'registros', NULL),
(100089, 100005, 3092, 'mantener_limpieza_proc', 's', 'registros', NULL),
(100090, 100007, 3093, 'audit_stock_limpieza', 's', 'registros', NULL),
(100091, 100007, 3094, 'audit_stock_limpieza_proc', 's', 'registros', NULL),
(100092, 100003, 3095, 'propuestas_comerciales', 's', 'registros', NULL),
(100093, 100003, 3096, 'propuestas_comerciales_proc', 's', 'registros', NULL),
(100094, 100003, 3097, 'propuestas_comerciales_arch', 's', 'registros', NULL),
(100095, 100003, 3098, 'solicitud_viaticos_viajes', 's', 'registros', NULL),
(100096, 100003, 3099, 'solicitud_viaticos_viajes_proc', 's', 'registros', NULL),
(100097, 100003, 3100, 'solicitud_viaticos_viajes_clie', 's', 'registros', NULL),
(100098, 100004, 3101, 'gastos_viajes', 's', 'registros', NULL),
(100099, 100003, 3102, 'solicitud_viaticos_viajes_gast', 's', 'registros', NULL),
(100100, 100003, 3103, 'rendicion_viaticos_viajes', 's', 'registros', NULL),
(100101, 100003, 3104, 'rendicion_viaticos_viajes_proc', 's', 'registros', NULL),
(100102, 100003, 3105, 'rendicion_viaticos_viajes_clie', 's', 'registros', NULL),
(100103, 100003, 3106, 'rendicion_viaticos_viajes_gast', 's', 'registros', NULL),
(100104, 100003, 3107, 'visitas_de_clientes', 's', 'registros', NULL),
(100105, 100003, 3108, 'visitas_de_clientes_proc', 's', 'registros', NULL),
(100106, 100003, 3109, 'visitas_de_clientes_sucursales', 's', 'registros', NULL),
(100107, 100003, 3110, 'visitas_de_clientes_contactos', 's', 'registros', NULL),
(100108, 100003, 3111, 'visitas_de_clientes_temas', 's', 'registros', NULL),
(100109, 100003, 3112, 'visitas_de_clientes_muestras', 's', 'registros', NULL),
(100110, 100003, 3113, 'pedido_muestra_stock', 's', 'registros', NULL),
(100111, 100003, 3114, 'store_check', 's', 'registros', NULL),
(100112, 100003, 3115, 'store_check_proc', 's', 'registros', NULL),
(100113, 100003, 3116, 'store_check_prod', 's', 'registros', NULL),
(100114, 100003, 3117, 'store_check_arch', 's', 'registros', NULL),
(100115, 100003, 3118, 'llamadas', 's', 'registros', NULL),
(100116, 100003, 3119, 'llamadas_proc', 's', 'registros', NULL),
(100117, 100003, 3120, 'llamadas_temas', 's', 'registros', NULL),
(100118, 100006, 3121, 'comparacion_hoteles', 's', 'registros', NULL),
(100119, 100006, 3122, 'comparacion_hoteles_proc', 's', 'registros', NULL),
(100120, 100006, 3123, 'comparacion_hoteles_opc', 's', 'registros', NULL),
(100121, 100006, 3124, 'comparacion_aerolineas', 's', 'registros', NULL),
(100122, 100006, 3125, 'comparacion_aerolineas_proc', 's', 'registros', NULL),
(100123, 100006, 3126, 'comparacion_aerolineas_opc', 's', 'registros', NULL),
(100124, 100011, 3127, 'busqueda_fabricas_precios', 's', 'registros', NULL),
(100125, 100011, 3128, 'busqueda_fabricas_precios_proc', 's', 'registros', NULL),
(100126, 100011, 3129, 'busqueda_fabricas_precios_prod', 's', 'registros', NULL),
(100127, 100011, 3130, 'pedidos_muestras', 's', 'registros', NULL),
(100128, 100011, 3131, 'pedidos_muestras_proc', 's', 'registros', NULL),
(100129, 100011, 3132, 'pedidos_muestras_prod', 's', 'registros', NULL),
(100130, 100011, 3133, 'pedidos_ej_busqueda', 's', 'registros', NULL),
(100131, 100011, 3134, 'pedidos_ej_busqueda_proc', 's', 'registros', NULL),
(100132, 100011, 3135, 'pedidos_ej_busqueda_prod', 's', 'registros', NULL),
(100133, 100011, 3136, 'visitas_expo', 's', 'registros', NULL),
(100134, 100011, 3137, 'visitas_expo_proc', 's', 'registros', NULL),
(100135, 100011, 3138, 'visitas_fabricas', 's', 'registros', NULL),
(100136, 100011, 3139, 'visitas_fabricas_proc', 's', 'registros', NULL),
(100138, 100000, 3140, 'aprob_consolidaciones', 's', 'registros', NULL),
(100139, 100000, 3141, 'aprob_consolidaciones_proc', 's', 'registros', NULL),
(100140, 100000, 3142, 'packing_list', 's', 'registros', NULL),
(100141, 100001, 3143, 'etapa_productos', 's', 'registros', NULL),
(100142, 100001, 3144, 'etapa_productos_proc', 's', 'registros', NULL),
(100143, 100004, 3145, 'mantenimiento_opciones', 's', 'registros', NULL),
(100144, 100002, 3146, 'mantenimiento', 's', 'registros', NULL),
(100145, 100004, 3147, 'periodicidad', 's', 'registros', NULL),
(100146, 100002, 3148, 'mantenimiento_proc', 's', 'registros', NULL),
(100147, 100002, 3149, 'mantenimiento_arch', 's', 'registros', NULL),
(100148, 100002, 3150, 'mantenimiento_mails', 's', 'registros', NULL),
(100149, 100007, 3151, 'ytd_mantenimientos', 's', 'registros', NULL),
(100150, 100007, 3152, 'ytd_mantenimientos_proc', 's', 'registros', NULL),
(100151, 100007, 3153, 'ytd_mantenimientos_arch', 's', 'registros', NULL),
(100152, 100002, 3154, 'mantenimiento_recordatorio', 's', 'registros', NULL),
(100153, 100007, 3155, 'ytd_mantenimiento_recordatorio', 's', 'registros', NULL),
(100154, 100004, 3156, 'cuentas', 's', 'registros', NULL),
(100155, 100002, 3157, 'planificacion_gastos', 's', 'registros', NULL),
(100156, 100002, 3158, 'planificacion_gastos_proc', 's', 'registros', NULL),
(100157, 100002, 3159, 'planificacion_gastos_detalle', 's', 'registros', NULL),
(100158, 100007, 3160, 'ytd_gastos_costos', 's', 'registros', NULL),
(100159, 100007, 3161, 'ytd_gastos_costos_proc', 's', 'registros', NULL),
(100160, 100007, 3162, 'ytd_gastos_costos_detalle', 's', 'registros', NULL),
(100161, 100007, 3163, 'pedido_caja_chica', 's', 'registros', NULL),
(100162, 100007, 3164, 'pedido_caja_chica_proc', 's', 'registros', NULL),
(100163, 100007, 3165, 'pedido_caja_chica_detalle', 's', 'registros', NULL),
(100164, 100011, 3166, 'proveedores', 's', 'registros', NULL),
(100165, 100011, 3167, 'proveedores_proc', 's', 'registros', NULL),
(100166, 100011, 3168, 'proveedores_arch', 's', 'registros', NULL),
(100167, 100004, 3169, 'roles_usuarios', 's', 'registros', NULL),
(100168, 100004, 3170, 'relacion_asistente_vendedor', 's', 'registros', NULL),
(100169, 100004, 3171, 'relacion_asistente_cliente', 's', 'registros', NULL);

-- --------------------------------------------------------

--
-- Table structure for table `kirke_tabla_nombre_idioma`
--

CREATE TABLE IF NOT EXISTS `kirke_tabla_nombre_idioma` (
  `id_tabla_nombre_idioma` int(6) NOT NULL AUTO_INCREMENT,
  `id_tabla` int(6) NOT NULL DEFAULT '0',
  `idioma_codigo` char(2) DEFAULT NULL,
  `tabla_nombre_idioma` varchar(30) DEFAULT NULL,
  PRIMARY KEY (`id_tabla_nombre_idioma`),
  KEY `id_idioma` (`idioma_codigo`)
) ENGINE=InnoDB  DEFAULT CHARSET=utf8 AUTO_INCREMENT=100170 ;

--
-- Dumping data for table `kirke_tabla_nombre_idioma`
--

INSERT INTO `kirke_tabla_nombre_idioma` (`id_tabla_nombre_idioma`, `id_tabla`, `idioma_codigo`, `tabla_nombre_idioma`) VALUES
(3001, 3001, 'cs', 'Datos personales'),
(3003, 3003, 'cs', 'Pais'),
(3004, 3004, 'cs', 'Provincia'),
(3008, 3008, 'cs', 'Datos educacion'),
(3009, 3009, 'cs', 'Datos idiomas'),
(3010, 3010, 'cs', 'Datos experiencia laboral'),
(100000, 100000, 'cs', 'Familia de productos'),
(100001, 100001, 'cs', 'Subfamilia'),
(100002, 100002, 'cs', 'Producto'),
(100003, 100003, 'cs', 'Marca'),
(100004, 100004, 'cs', 'Contacto'),
(100005, 100005, 'cs', 'Clientes'),
(100006, 100006, 'cs', 'Cliente sucursales'),
(100007, 100007, 'cs', 'Cliente contacto'),
(100008, 100008, 'cs', 'Lista de precios'),
(100010, 100010, 'cs', 'Areas'),
(100011, 100011, 'cs', 'Orden de pedidos'),
(100012, 100012, 'cs', 'Orden de pedidos productos'),
(100013, 100013, 'cs', 'Datos hijos'),
(100014, 100014, 'cs', 'Feriados'),
(100015, 100015, 'cs', 'Procesos'),
(100016, 100016, 'cs', 'Procesos flujos dias'),
(100017, 100017, 'cs', 'Cliente procesos'),
(100018, 100018, 'cs', 'Pedido de muestra'),
(100019, 100019, 'cs', 'Pedido de muestra procesos'),
(100020, 100020, 'cs', 'Pedido de muestra productos'),
(100021, 100021, 'cs', 'Campaña'),
(100022, 100022, 'cs', 'Campaña procesos'),
(100023, 100023, 'cs', 'Campaña clientes'),
(100024, 100024, 'cs', 'Analisis de riesgo crediticio'),
(100025, 100025, 'cs', 'Analisis de riesgo crediticio '),
(100026, 100026, 'cs', 'Orden de pedidos procesos'),
(100027, 100027, 'cs', 'Pedidos varios del cliente'),
(100028, 100028, 'cs', 'Pedidos varios clientes proces'),
(100029, 100029, 'cs', 'Pedidos varios clientes archiv'),
(100030, 100030, 'cs', 'Pedido de precio credito espec'),
(100031, 100031, 'cs', 'Pedido de precio credito proce'),
(100032, 100032, 'cs', 'Pedido de precio credito espec'),
(100033, 100033, 'cs', 'Otros pedidos'),
(100034, 100034, 'cs', 'Otros pedidos procesos'),
(100035, 100035, 'cs', 'Otros pedidos archivos'),
(100036, 100036, 'cs', 'Pedido de pagos y adelantos'),
(100037, 100037, 'cs', 'Pedido pagos adelantos proceso'),
(100038, 100038, 'cs', 'Pedido y pagos de adelantos ar'),
(100039, 100039, 'cs', 'propuestas_mejoras'),
(100040, 100040, 'cs', 'Propuestas mejoras procesos'),
(100041, 100041, 'cs', 'Propuestas mejoras archivos'),
(100042, 100042, 'cs', 'Pedido de compras'),
(100043, 100043, 'cs', 'Pedido de compras procesos'),
(100044, 100044, 'cs', 'Pedido de compras archivos'),
(100045, 100045, 'cs', 'Reclamos'),
(100046, 100046, 'cs', 'Reclamos Procesos'),
(100047, 100047, 'cs', 'Reclamos archivos'),
(100048, 100048, 'cs', 'Pedido de vacaciones'),
(100049, 100049, 'cs', 'Pedido de vacaciones procesos'),
(100050, 100050, 'cs', 'Pedido de vacaciones archivos'),
(100051, 100051, 'cs', 'Pedidos de dias libres'),
(100052, 100052, 'cs', 'Pedidos de dias libres proceso'),
(100053, 100053, 'cs', 'Pedidos de dias libres archivo'),
(100054, 100054, 'cs', 'Rendicion de dias por enfermed'),
(100055, 100055, 'cs', 'Rendicion de dias por enfermed'),
(100056, 100056, 'cs', 'Rendicion de dias por enfermed'),
(100057, 100057, 'cs', 'Pedido de adelanto'),
(100058, 100058, 'cs', 'Pedidos de adelanto procesos'),
(100059, 100059, 'cs', 'Pedidos de RRHH'),
(100060, 100060, 'cs', 'Pedidos de RRHH procesos'),
(100061, 100061, 'cs', 'Pedidos de RRHH archivos'),
(100065, 100065, 'cs', 'Solucionar bug crm'),
(100066, 100066, 'cs', 'Solucionar bug crm procesos'),
(100067, 100067, 'cs', 'Solucionar bug crm archivos'),
(100068, 100068, 'cs', 'Mejorar aplicaciones'),
(100069, 100069, 'cs', 'Mejorar aplicaciones procesos'),
(100070, 100070, 'cs', 'Mejorar aplicaciones archivos'),
(100071, 100071, 'cs', 'Proponer ideas'),
(100072, 100072, 'cs', 'Proponer ideas procesos'),
(100073, 100073, 'cs', 'Proponer ideas archivos'),
(100074, 100074, 'cs', 'Implementacion arte de fabrica'),
(100075, 100075, 'cs', 'Implementacion arte de fabrica'),
(100076, 100076, 'cs', 'Implementacion arte de fabrica'),
(100077, 100077, 'cs', 'Armado de arte para fabrica'),
(100078, 100078, 'cs', 'Armado de arte para fabrica pr'),
(100079, 100079, 'cs', 'Armado de arte para fabrica ar'),
(100082, 100082, 'cs', 'Aprobacion licencias'),
(100083, 100083, 'cs', 'Aprobacion licencias procesos'),
(100084, 100084, 'cs', 'Aprobacion licencias archivos'),
(100085, 100085, 'cs', 'Recibir trabajos de artes'),
(100086, 100086, 'cs', 'Recibir y trabajar artes proce'),
(100087, 100087, 'cs', 'Recibir y trabajar artes archi'),
(100088, 100088, 'cs', 'Mantener limpieza'),
(100089, 100089, 'cs', 'Mantener limpieza procesos'),
(100090, 100090, 'cs', 'Auditoria de stock y limpieza'),
(100091, 100091, 'cs', 'Auditoria de stock y limpieza '),
(100092, 100092, 'cs', 'Propuestas comerciales'),
(100093, 100093, 'cs', 'Propuestas comerciales proceso'),
(100094, 100094, 'cs', 'Propuestas comerciales archivo'),
(100095, 100095, 'cs', 'Solicitud de viaticos viajes'),
(100096, 100096, 'cs', 'Solicitud de viaticos viajes p'),
(100097, 100097, 'cs', 'Solicitud de viaticos viajes c'),
(100098, 100098, 'cs', 'Gastos viajes'),
(100099, 100099, 'cs', 'Solicitud de viaticos viajes g'),
(100100, 100100, 'cs', 'Rendicion de viaticos viajes'),
(100101, 100101, 'cs', 'Rendicion viaticos viajes proc'),
(100102, 100102, 'cs', 'Rendicion viaticos viajes clie'),
(100103, 100103, 'cs', 'Rendicion viaticos viajes gast'),
(100104, 100104, 'cs', 'Visitas de clientes'),
(100105, 100105, 'cs', 'Visitas de clientes proc'),
(100106, 100106, 'cs', 'Visita de clientes sucursales'),
(100107, 100107, 'cs', 'Visita de clientes contactos'),
(100108, 100108, 'cs', 'Visita de clientes temas'),
(100109, 100109, 'cs', 'Visitas de clientes muestras'),
(100110, 100110, 'cs', 'Pedidos de muestas stock'),
(100111, 100111, 'cs', 'Store check'),
(100112, 100112, 'cs', 'Store check procesos'),
(100113, 100113, 'cs', 'Store check productos'),
(100114, 100114, 'cs', 'Store check archivos'),
(100115, 100115, 'cs', 'Llamadas'),
(100116, 100116, 'cs', 'Llamadas procesos'),
(100117, 100117, 'cs', 'Llamadas temas'),
(100118, 100118, 'cs', 'Comparacion de hoteles'),
(100119, 100119, 'cs', 'Comparacion de hoteles proceso'),
(100120, 100120, 'cs', 'Comparacion de hoteles opcione'),
(100121, 100121, 'cs', 'Comparacion aerolineas'),
(100122, 100122, 'cs', 'Comparacion aerolineas proceso'),
(100123, 100123, 'cs', 'Comparacion aerolineas opcione'),
(100124, 100124, 'cs', 'Busqueda fabricas precios'),
(100125, 100125, 'cs', 'Busqueda fabricas precios proc'),
(100126, 100126, 'cs', 'Busqueda fabricas precios prod'),
(100127, 100127, 'cs', 'Pedidos de muestas'),
(100128, 100128, 'cs', 'Pedido de muestra procesos'),
(100129, 100129, 'cs', 'Pedidos de muestas productos'),
(100130, 100130, 'cs', 'Pedidos ejemplo busqueda'),
(100131, 100131, 'cs', 'Pedidos ejemplo busqueda proce'),
(100132, 100132, 'cs', 'Pedidos ejemplo busqueda produ'),
(100133, 100133, 'cs', 'Visitas expo'),
(100134, 100134, 'cs', 'Visitas expo procesos'),
(100135, 100135, 'cs', 'Visitas fabricas'),
(100136, 100136, 'cs', 'visitas fabricas procesos'),
(100138, 100138, 'cs', 'Aprobacion consolidaciones'),
(100139, 100139, 'cs', 'Aprobacion consolidaciones pro'),
(100140, 100140, 'cs', 'Packing list'),
(100141, 100141, 'cs', 'Etapas productos'),
(100142, 100142, 'cs', 'Etapas productos procesos'),
(100143, 100143, 'cs', 'Mantenimiento opciones'),
(100144, 100144, 'cs', 'Mantenimiento'),
(100145, 100145, 'cs', 'Periodicidad'),
(100146, 100146, 'cs', 'Mantenimiento procesos'),
(100147, 100147, 'cs', 'Mantenimiento archivos'),
(100148, 100148, 'cs', 'Mantenimiento mails'),
(100149, 100149, 'cs', 'YTD mantenimientos'),
(100150, 100150, 'cs', 'YTD mantenimientos procesos'),
(100151, 100151, 'cs', 'YTD mantenimientos archivos'),
(100152, 100152, 'cs', 'Mantenimiento recordatorio'),
(100153, 100153, 'cs', 'YTD mantenimientos recordatori'),
(100154, 100154, 'cs', 'Cuentas'),
(100155, 100155, 'cs', 'Planificacion de gastos'),
(100156, 100156, 'cs', 'Planificacion gastos procesos'),
(100157, 100157, 'cs', 'Planificacion de gastos detall'),
(100158, 100158, 'cs', 'YTD gastos costos'),
(100159, 100159, 'cs', 'YTD gastos costos procesos'),
(100160, 100160, 'cs', 'YTD gastos costos detalle'),
(100161, 100161, 'cs', 'Pedido caja chica'),
(100162, 100162, 'cs', 'Pedido caja chica procesos'),
(100163, 100163, 'cs', 'Pedido caja chica detalle'),
(100164, 100164, 'cs', 'Alta proveedores'),
(100165, 100165, 'cs', 'Alta proveedores procesos'),
(100166, 100166, 'cs', 'Alta proveedores archivos'),
(100167, 100167, 'cs', 'Roles de los usuarios'),
(100168, 100168, 'cs', 'Relacion asistente vendedor'),
(100169, 100169, 'cs', 'Relacion asistente cliente');

-- --------------------------------------------------------

--
-- Table structure for table `kirke_tabla_parametro`
--

CREATE TABLE IF NOT EXISTS `kirke_tabla_parametro` (
  `id_tabla_parametro` int(6) NOT NULL AUTO_INCREMENT,
  `id_tabla` int(6) NOT NULL,
  `tipo` varchar(30) DEFAULT NULL,
  `parametro` varchar(30) DEFAULT NULL,
  `valor` varchar(30) DEFAULT NULL,
  PRIMARY KEY (`id_tabla_parametro`),
  KEY `id_tabla` (`id_tabla`)
) ENGINE=InnoDB  DEFAULT CHARSET=utf8 AUTO_INCREMENT=100276 ;

--
-- Dumping data for table `kirke_tabla_parametro`
--

INSERT INTO `kirke_tabla_parametro` (`id_tabla_parametro`, `id_tabla`, `tipo`, `parametro`, `valor`) VALUES
(3002, 3003, 'link', 'destino_id_cp', '14'),
(3003, 3004, 'link', 'destino_id_cp', '16'),
(3007, 3001, 'link', 'destino_id_cp', '88'),
(3008, 3001, 'link', 'destino_id_cp', '109'),
(3009, 3001, 'link', 'destino_id_cp', '110'),
(100000, 100000, 'link', 'destino_id_cp', '100002'),
(100001, 100001, 'link', 'destino_id_cp', '100004'),
(100002, 100003, 'link', 'destino_id_cp', '100005'),
(100003, 3004, 'link', 'destino_id_cp', '100032'),
(100004, 100005, 'link', 'destino_id_cp', '100035'),
(100006, 100006, 'link', 'destino_id_cp', '100044'),
(100007, 100008, 'link', 'destino_id_cp', '100054'),
(100011, 100010, 'link', 'destino_id_cp', '100065'),
(100015, 100006, 'link', 'destino_id_cp', '100074'),
(100017, 100002, 'link', 'destino_id_cp', '100078'),
(100018, 3001, 'link', 'destino_id_cp', '100087'),
(100019, 3003, 'link', 'destino_id_cp', '100099'),
(100020, 100010, 'link', 'destino_id_cp', '100102'),
(100021, 100015, 'link', 'destino_id_cp', '100103'),
(100022, 100005, 'link', 'destino_id_cp', '100107'),
(100023, 100016, 'link', 'destino_id_cp', '100108'),
(100024, 3001, 'link', 'destino_id_cp', '100109'),
(100026, 100005, 'link', 'destino_id_cp', '100115'),
(100027, 100018, 'link', 'destino_id_cp', '100116'),
(100028, 100016, 'link', 'destino_id_cp', '100117'),
(100029, 3001, 'link', 'destino_id_cp', '100118'),
(100030, 100019, 'link', 'destino_id_cp', '100122'),
(100031, 100002, 'link', 'destino_id_cp', '100124'),
(100032, 100021, 'link', 'destino_id_cp', '100135'),
(100033, 100016, 'link', 'destino_id_cp', '100136'),
(100034, 3001, 'link', 'destino_id_cp', '100137'),
(100035, 100022, 'link', 'destino_id_cp', '100143'),
(100036, 100007, 'link', 'destino_id_cp', '100145'),
(100038, 100007, 'link', 'destino_id_cp', '100148'),
(100039, 100024, 'link', 'destino_id_cp', '100159'),
(100040, 100016, 'link', 'destino_id_cp', '100161'),
(100041, 3001, 'link', 'destino_id_cp', '100162'),
(100042, 100011, 'link', 'destino_id_cp', '100166'),
(100043, 100016, 'link', 'destino_id_cp', '100167'),
(100044, 3001, 'link', 'destino_id_cp', '100168'),
(100047, 100007, 'link', 'destino_id_cp', '100176'),
(100048, 100027, 'link', 'destino_id_cp', '100180'),
(100049, 100016, 'link', 'destino_id_cp', '100181'),
(100050, 3001, 'link', 'destino_id_cp', '100182'),
(100051, 100028, 'link', 'destino_id_cp', '100186'),
(100052, 100007, 'link', 'destino_id_cp', '100188'),
(100053, 100030, 'link', 'destino_id_cp', '100191'),
(100054, 100016, 'link', 'destino_id_cp', '100192'),
(100055, 3001, 'link', 'destino_id_cp', '100193'),
(100056, 100031, 'link', 'destino_id_cp', '100197'),
(100057, 100007, 'link', 'destino_id_cp', '100200'),
(100058, 100010, 'link', 'destino_id_cp', '100201'),
(100059, 100033, 'link', 'destino_id_cp', '100205'),
(100060, 100016, 'link', 'destino_id_cp', '100206'),
(100061, 3001, 'link', 'destino_id_cp', '100207'),
(100063, 100034, 'link', 'destino_id_cp', '100214'),
(100064, 100016, 'link', 'destino_id_cp', '100218'),
(100065, 100036, 'link', 'destino_id_cp', '100219'),
(100066, 3001, 'link', 'destino_id_cp', '100220'),
(100067, 100037, 'link', 'destino_id_cp', '100224'),
(100068, 100039, 'link', 'destino_id_cp', '100230'),
(100069, 100016, 'link', 'destino_id_cp', '100231'),
(100070, 3001, 'link', 'destino_id_cp', '100232'),
(100071, 100040, 'link', 'destino_id_cp', '100235'),
(100072, 100042, 'link', 'destino_id_cp', '100241'),
(100073, 100016, 'link', 'destino_id_cp', '100242'),
(100074, 3001, 'link', 'destino_id_cp', '100243'),
(100075, 100043, 'link', 'destino_id_cp', '100247'),
(100076, 100007, 'link', 'destino_id_cp', '100250'),
(100077, 100045, 'link', 'destino_id_cp', '100254'),
(100078, 100016, 'link', 'destino_id_cp', '100255'),
(100079, 3001, 'link', 'destino_id_cp', '100256'),
(100080, 100046, 'link', 'destino_id_cp', '100260'),
(100081, 100048, 'link', 'destino_id_cp', '100268'),
(100082, 3001, 'link', 'destino_id_cp', '100269'),
(100083, 100049, 'link', 'destino_id_cp', '100273'),
(100086, 100051, 'link', 'destino_id_cp', '100286'),
(100087, 100016, 'link', 'destino_id_cp', '100287'),
(100088, 3001, 'link', 'destino_id_cp', '100288'),
(100089, 100052, 'link', 'destino_id_cp', '100292'),
(100090, 100054, 'link', 'destino_id_cp', '100300'),
(100091, 100016, 'link', 'destino_id_cp', '100301'),
(100092, 3001, 'link', 'destino_id_cp', '100302'),
(100093, 100054, 'link', 'destino_id_cp', '100306'),
(100094, 100057, 'link', 'destino_id_cp', '100312'),
(100095, 100016, 'link', 'destino_id_cp', '100313'),
(100096, 3001, 'link', 'destino_id_cp', '100314'),
(100097, 100059, 'link', 'destino_id_cp', '100321'),
(100098, 100016, 'link', 'destino_id_cp', '100322'),
(100099, 3001, 'link', 'destino_id_cp', '100323'),
(100100, 100060, 'link', 'destino_id_cp', '100328'),
(100104, 100065, 'link', 'destino_id_cp', '100347'),
(100105, 100016, 'link', 'destino_id_cp', '100348'),
(100106, 3001, 'link', 'destino_id_cp', '100349'),
(100107, 100066, 'link', 'destino_id_cp', '100353'),
(100108, 100068, 'link', 'destino_id_cp', '100359'),
(100109, 100016, 'link', 'destino_id_cp', '100360'),
(100110, 3001, 'link', 'destino_id_cp', '100361'),
(100111, 100069, 'link', 'destino_id_cp', '100365'),
(100112, 100071, 'link', 'destino_id_cp', '100371'),
(100114, 100016, 'link', 'destino_id_cp', '100373'),
(100115, 3001, 'link', 'destino_id_cp', '100374'),
(100116, 100072, 'link', 'destino_id_cp', '100378'),
(100117, 100074, 'link', 'destino_id_cp', '100384'),
(100118, 100016, 'link', 'destino_id_cp', '100385'),
(100119, 3001, 'link', 'destino_id_cp', '100386'),
(100120, 100075, 'link', 'destino_id_cp', '100390'),
(100121, 100077, 'link', 'destino_id_cp', '100396'),
(100122, 100016, 'link', 'destino_id_cp', '100397'),
(100123, 3001, 'link', 'destino_id_cp', '100398'),
(100124, 100078, 'link', 'destino_id_cp', '100402'),
(100128, 100082, 'link', 'destino_id_cp', '100417'),
(100129, 100016, 'link', 'destino_id_cp', '100418'),
(100130, 3001, 'link', 'destino_id_cp', '100419'),
(100131, 100083, 'link', 'destino_id_cp', '100423'),
(100132, 100085, 'link', 'destino_id_cp', '100429'),
(100133, 100016, 'link', 'destino_id_cp', '100430'),
(100134, 3001, 'link', 'destino_id_cp', '100431'),
(100135, 100086, 'link', 'destino_id_cp', '100435'),
(100136, 100088, 'link', 'destino_id_cp', '100440'),
(100137, 100016, 'link', 'destino_id_cp', '100441'),
(100138, 3001, 'link', 'destino_id_cp', '100442'),
(100139, 100090, 'link', 'destino_id_cp', '100450'),
(100140, 100016, 'link', 'destino_id_cp', '100451'),
(100141, 3001, 'link', 'destino_id_cp', '100452'),
(100142, 100007, 'link', 'destino_id_cp', '100456'),
(100143, 100092, 'link', 'destino_id_cp', '100460'),
(100144, 100016, 'link', 'destino_id_cp', '100461'),
(100145, 3001, 'link', 'destino_id_cp', '100462'),
(100146, 100093, 'link', 'destino_id_cp', '100466'),
(100147, 100095, 'link', 'destino_id_cp', '100473'),
(100148, 100016, 'link', 'destino_id_cp', '100474'),
(100149, 3001, 'link', 'destino_id_cp', '100475'),
(100150, 100096, 'link', 'destino_id_cp', '100479'),
(100151, 100006, 'link', 'destino_id_cp', '100481'),
(100152, 100096, 'link', 'destino_id_cp', '100483'),
(100153, 100100, 'link', 'destino_id_cp', '100490'),
(100154, 100016, 'link', 'destino_id_cp', '100491'),
(100155, 3001, 'link', 'destino_id_cp', '100492'),
(100156, 100101, 'link', 'destino_id_cp', '100496'),
(100157, 100006, 'link', 'destino_id_cp', '100498'),
(100158, 100101, 'link', 'destino_id_cp', '100499'),
(100159, 100098, 'link', 'destino_id_cp', '100505'),
(100160, 100098, 'link', 'destino_id_cp', '100506'),
(100161, 100006, 'link', 'destino_id_cp', '100507'),
(100162, 100104, 'link', 'destino_id_cp', '100512'),
(100163, 100016, 'link', 'destino_id_cp', '100513'),
(100164, 3001, 'link', 'destino_id_cp', '100514'),
(100165, 100105, 'link', 'destino_id_cp', '100518'),
(100166, 100006, 'link', 'destino_id_cp', '100520'),
(100167, 100105, 'link', 'destino_id_cp', '100521'),
(100168, 100007, 'link', 'destino_id_cp', '100523'),
(100169, 100105, 'link', 'destino_id_cp', '100524'),
(100172, 100105, 'link', 'destino_id_cp', '100530'),
(100173, 100002, 'link', 'destino_id_cp', '100532'),
(100174, 3001, 'link', 'destino_id_cp', '100534'),
(100175, 100002, 'link', 'destino_id_cp', '100535'),
(100176, 3001, 'link', 'destino_id_cp', '100537'),
(100177, 100104, 'link', 'destino_id_cp', '100538'),
(100178, 100006, 'link', 'destino_id_cp', '100539'),
(100179, 100111, 'link', 'destino_id_cp', '100546'),
(100180, 100016, 'link', 'destino_id_cp', '100547'),
(100181, 3001, 'link', 'destino_id_cp', '100548'),
(100182, 100112, 'link', 'destino_id_cp', '100553'),
(100183, 100002, 'link', 'destino_id_cp', '100555'),
(100184, 100112, 'link', 'destino_id_cp', '100557'),
(100185, 100021, 'link', 'destino_id_cp', '100560'),
(100186, 100007, 'link', 'destino_id_cp', '100561'),
(100187, 100115, 'link', 'destino_id_cp', '100574'),
(100188, 100016, 'link', 'destino_id_cp', '100575'),
(100189, 3001, 'link', 'destino_id_cp', '100576'),
(100190, 100116, 'link', 'destino_id_cp', '100580'),
(100191, 3003, 'link', 'destino_id_cp', '100585'),
(100192, 100118, 'link', 'destino_id_cp', '100591'),
(100193, 100016, 'link', 'destino_id_cp', '100592'),
(100194, 3001, 'link', 'destino_id_cp', '100593'),
(100195, 100119, 'link', 'destino_id_cp', '100596'),
(100196, 3003, 'link', 'destino_id_cp', '100602'),
(100197, 100121, 'link', 'destino_id_cp', '100608'),
(100198, 100016, 'link', 'destino_id_cp', '100609'),
(100199, 3001, 'link', 'destino_id_cp', '100610'),
(100200, 100122, 'link', 'destino_id_cp', '100614'),
(100201, 3003, 'link', 'destino_id_cp', '100621'),
(100202, 100124, 'link', 'destino_id_cp', '100628'),
(100203, 100016, 'link', 'destino_id_cp', '100629'),
(100204, 3001, 'link', 'destino_id_cp', '100630'),
(100205, 100125, 'link', 'destino_id_cp', '100634'),
(100206, 3003, 'link', 'destino_id_cp', '100641'),
(100207, 100127, 'link', 'destino_id_cp', '100646'),
(100208, 100016, 'link', 'destino_id_cp', '100647'),
(100209, 3001, 'link', 'destino_id_cp', '100648'),
(100210, 100128, 'link', 'destino_id_cp', '100654'),
(100211, 100130, 'link', 'destino_id_cp', '100661'),
(100212, 100016, 'link', 'destino_id_cp', '100662'),
(100213, 3001, 'link', 'destino_id_cp', '100663'),
(100214, 100131, 'link', 'destino_id_cp', '100667'),
(100215, 3003, 'link', 'destino_id_cp', '100687'),
(100216, 100133, 'link', 'destino_id_cp', '100694'),
(100217, 100016, 'link', 'destino_id_cp', '100695'),
(100218, 3001, 'link', 'destino_id_cp', '100696'),
(100219, 3003, 'link', 'destino_id_cp', '100701'),
(100220, 100135, 'link', 'destino_id_cp', '100708'),
(100221, 100016, 'link', 'destino_id_cp', '100709'),
(100222, 3001, 'link', 'destino_id_cp', '100710'),
(100224, 100007, 'link', 'destino_id_cp', '100725'),
(100225, 100138, 'link', 'destino_id_cp', '100735'),
(100226, 100016, 'link', 'destino_id_cp', '100736'),
(100227, 3001, 'link', 'destino_id_cp', '100737'),
(100228, 100001, 'link', 'destino_id_cp', '100741'),
(100229, 100003, 'link', 'destino_id_cp', '100742'),
(100230, 100141, 'link', 'destino_id_cp', '100765'),
(100231, 100016, 'link', 'destino_id_cp', '100766'),
(100232, 3001, 'link', 'destino_id_cp', '100767'),
(100233, 100143, 'link', 'destino_id_cp', '100772'),
(100234, 100145, 'link', 'destino_id_cp', '100776'),
(100235, 100016, 'link', 'destino_id_cp', '100779'),
(100236, 3001, 'link', 'destino_id_cp', '100780'),
(100237, 100146, 'link', 'destino_id_cp', '100784'),
(100238, 100146, 'link', 'destino_id_cp', '100787'),
(100239, 100145, 'link', 'destino_id_cp', '100793'),
(100240, 100149, 'link', 'destino_id_cp', '100796'),
(100241, 100016, 'link', 'destino_id_cp', '100797'),
(100242, 3001, 'link', 'destino_id_cp', '100798'),
(100243, 100150, 'link', 'destino_id_cp', '100802'),
(100244, 100146, 'link', 'destino_id_cp', '100805'),
(100245, 100150, 'link', 'destino_id_cp', '100816'),
(100246, 100155, 'link', 'destino_id_cp', '100833'),
(100247, 100016, 'link', 'destino_id_cp', '100834'),
(100248, 3001, 'link', 'destino_id_cp', '100835'),
(100249, 100156, 'link', 'destino_id_cp', '100839'),
(100250, 100154, 'link', 'destino_id_cp', '100841'),
(100251, 100158, 'link', 'destino_id_cp', '100848'),
(100252, 100016, 'link', 'destino_id_cp', '100849'),
(100253, 3001, 'link', 'destino_id_cp', '100850'),
(100254, 100159, 'link', 'destino_id_cp', '100854'),
(100255, 100154, 'link', 'destino_id_cp', '100856'),
(100256, 100010, 'link', 'destino_id_cp', '100863'),
(100257, 100161, 'link', 'destino_id_cp', '100867'),
(100258, 100016, 'link', 'destino_id_cp', '100868'),
(100259, 3001, 'link', 'destino_id_cp', '100869'),
(100260, 100162, 'link', 'destino_id_cp', '100873'),
(100261, 100154, 'link', 'destino_id_cp', '100875'),
(100262, 100010, 'link', 'destino_id_cp', '100879'),
(100263, 100016, 'link', 'destino_id_cp', '100882'),
(100264, 100164, 'link', 'destino_id_cp', '100885'),
(100265, 100016, 'link', 'destino_id_cp', '100886'),
(100266, 3001, 'link', 'destino_id_cp', '100887'),
(100267, 100165, 'link', 'destino_id_cp', '100890'),
(100268, 100144, 'link', 'destino_id_cp', '100893'),
(100269, 100164, 'link', 'destino_id_cp', '100900'),
(100270, 100164, 'link', 'destino_id_cp', '100901'),
(100271, 100164, 'link', 'destino_id_cp', '100902'),
(100272, 3001, 'link', 'destino_id_cp', '100904'),
(100273, 3001, 'link', 'destino_id_cp', '100905'),
(100274, 3001, 'link', 'destino_id_cp', '100908'),
(100275, 100005, 'link', 'destino_id_cp', '100909');

-- --------------------------------------------------------

--
-- Table structure for table `kirke_tabla_prefijo`
--

CREATE TABLE IF NOT EXISTS `kirke_tabla_prefijo` (
  `id_tabla_prefijo` int(6) NOT NULL AUTO_INCREMENT,
  `orden` int(6) NOT NULL,
  `prefijo` varchar(6) DEFAULT NULL,
  `descripcion` varchar(100) DEFAULT NULL,
  PRIMARY KEY (`id_tabla_prefijo`)
) ENGINE=InnoDB  DEFAULT CHARSET=utf8 AUTO_INCREMENT=100012 ;

--
-- Dumping data for table `kirke_tabla_prefijo`
--

INSERT INTO `kirke_tabla_prefijo` (`id_tabla_prefijo`, `orden`, `prefijo`, `descripcion`) VALUES
(3001, 3001, 'cv', 'Curriculum Vitae'),
(100000, 3002, 'tra', 'Trafico'),
(100001, 3003, 'pro', 'Productos'),
(100002, 3004, 'ger', 'Gerencia'),
(100003, 3005, 'ven', 'Ventas'),
(100004, 3006, 'sis', 'Sistema en general'),
(100005, 3007, 'bod', 'Bodega'),
(100006, 3008, 'ave', 'Asistente de ventas'),
(100007, 3009, 'adm', 'Administracion'),
(100008, 3010, 'rh', 'Recursos humanos'),
(100009, 3011, 'crm', 'Sistema CRM'),
(100010, 3012, 'dis', 'Diseño'),
(100011, 3013, 'crp', 'Compreadores');

-- --------------------------------------------------------

--
-- Table structure for table `kirke_tmp`
--

CREATE TABLE IF NOT EXISTS `kirke_tmp` (
  `id_tmp` int(6) NOT NULL AUTO_INCREMENT,
  `fecha` int(20) NOT NULL,
  `id_componente` int(6) NOT NULL,
  `contenido` longtext,
  PRIMARY KEY (`id_tmp`),
  KEY `id_componente` (`id_componente`)
) ENGINE=InnoDB DEFAULT CHARSET=utf8 AUTO_INCREMENT=1 ;

-- --------------------------------------------------------

--
-- Table structure for table `kirke_usuario`
--

CREATE TABLE IF NOT EXISTS `kirke_usuario` (
  `id_usuario` int(6) NOT NULL AUTO_INCREMENT,
  `orden` int(6) NOT NULL,
  `nombre` varchar(50) DEFAULT NULL,
  `apellido` varchar(50) DEFAULT NULL,
  `usuario` varchar(20) DEFAULT NULL,
  `clave` varchar(32) DEFAULT NULL,
  `mail` varchar(50) DEFAULT NULL,
  `telefono` varchar(30) DEFAULT NULL,
  `habilitado` char(1) DEFAULT NULL,
  PRIMARY KEY (`id_usuario`)
) ENGINE=InnoDB  DEFAULT CHARSET=utf8 AUTO_INCREMENT=100001 ;

--
-- Dumping data for table `kirke_usuario`
--

INSERT INTO `kirke_usuario` (`id_usuario`, `orden`, `nombre`, `apellido`, `usuario`, `clave`, `mail`, `telefono`, `habilitado`) VALUES
(1, 1, 'kirke', 'kirke', 'kirke', 'e4afca97a13bd913ad0627a5ffc48d01', 'kirke@kirke.ws', '', 's'),
(100000, 2, 'Assaf', 'Silberberg', 'assaf', '4dbfe57b2704d930692c30f5568fbb86', 'asilberberg@dreamkyds.com', '', 's');

-- --------------------------------------------------------

--
-- Table structure for table `kirke_usuario_atributo`
--

CREATE TABLE IF NOT EXISTS `kirke_usuario_atributo` (
  `id_usuario_atributo` int(6) NOT NULL AUTO_INCREMENT,
  `id_usuario` int(6) NOT NULL,
  `atributo_nombre` varchar(50) DEFAULT NULL,
  `atributo_valor` varchar(50) DEFAULT NULL,
  PRIMARY KEY (`id_usuario_atributo`),
  KEY `id_usuario` (`id_usuario`)
) ENGINE=InnoDB  DEFAULT CHARSET=utf8 AUTO_INCREMENT=100001 ;

--
-- Dumping data for table `kirke_usuario_atributo`
--

INSERT INTO `kirke_usuario_atributo` (`id_usuario_atributo`, `id_usuario`, `atributo_nombre`, `atributo_valor`) VALUES
(5, 1, 'idioma', 'idioma'),
(6, 1, 'plantilla', 'kirke'),
(100000, 100000, 'idioma', 'idioma');

-- --------------------------------------------------------

--
-- Table structure for table `kirke_usuario_rol`
--

CREATE TABLE IF NOT EXISTS `kirke_usuario_rol` (
  `id_usuario_rol` int(6) NOT NULL AUTO_INCREMENT,
  `id_usuario` int(6) NOT NULL DEFAULT '0',
  `id_rol` int(6) NOT NULL DEFAULT '0',
  PRIMARY KEY (`id_usuario_rol`),
  KEY `id_usuario` (`id_usuario`,`id_rol`)
) ENGINE=InnoDB  DEFAULT CHARSET=utf8 AUTO_INCREMENT=100001 ;

--
-- Dumping data for table `kirke_usuario_rol`
--

INSERT INTO `kirke_usuario_rol` (`id_usuario_rol`, `id_usuario`, `id_rol`) VALUES
(1, 1, 1),
(100000, 100000, 100000);

-- --------------------------------------------------------

--
-- Table structure for table `pro_etapa_productos`
--

CREATE TABLE IF NOT EXISTS `pro_etapa_productos` (
  `id_pro_etapa_productos` int(12) NOT NULL AUTO_INCREMENT,
  `orden` int(6) NOT NULL,
  `id_pro_subfamilia` int(6) DEFAULT NULL,
  `id_pro_marca` int(6) DEFAULT NULL,
  `referencia` varchar(50) DEFAULT NULL,
  `producto` varchar(100) DEFAULT NULL,
  `detalle` longtext,
  `productos_por_caja` int(3) DEFAULT NULL,
  `alto` int(3) DEFAULT NULL,
  `ancho` int(3) DEFAULT NULL,
  `fondo` int(3) DEFAULT NULL,
  `volumen` int(3) DEFAULT NULL,
  `peso` int(3) DEFAULT NULL,
  `precio` decimal(12,2) DEFAULT NULL,
  `foto_muestra` longtext,
  `problemas` longtext,
  `aclaracion` longtext,
  `piso` int(4) DEFAULT NULL,
  `pared` int(4) DEFAULT NULL,
  `nivel_estanteria` int(4) DEFAULT NULL,
  `cuadrante` int(4) DEFAULT NULL,
  `observaciones` longtext,
  `id_pro_etapa_productos_proc` int(6) DEFAULT NULL,
  PRIMARY KEY (`id_pro_etapa_productos`)
) ENGINE=InnoDB DEFAULT CHARSET=utf8 AUTO_INCREMENT=1 ;

-- --------------------------------------------------------

--
-- Table structure for table `pro_etapa_productos_proc`
--

CREATE TABLE IF NOT EXISTS `pro_etapa_productos_proc` (
  `id_pro_etapa_productos_proc` int(6) NOT NULL AUTO_INCREMENT,
  `orden` int(6) NOT NULL,
  `id_pro_etapa_productos` int(6) DEFAULT NULL,
  `id_sis_procesos_flujos_dias` int(6) DEFAULT NULL,
  `id_cv_datos_personales` int(6) DEFAULT NULL,
  `id_relacionado` int(6) DEFAULT NULL,
  `fecha_alta` int(20) DEFAULT NULL,
  `comentario` longtext,
  PRIMARY KEY (`id_pro_etapa_productos_proc`)
) ENGINE=InnoDB DEFAULT CHARSET=utf8 AUTO_INCREMENT=1 ;

-- --------------------------------------------------------

--
-- Table structure for table `pro_familia`
--

CREATE TABLE IF NOT EXISTS `pro_familia` (
  `id_pro_familia` int(6) NOT NULL AUTO_INCREMENT,
  `orden` int(6) NOT NULL,
  `familia` varchar(100) DEFAULT NULL,
  PRIMARY KEY (`id_pro_familia`)
) ENGINE=InnoDB DEFAULT CHARSET=utf8 AUTO_INCREMENT=1 ;

-- --------------------------------------------------------

--
-- Table structure for table `pro_marca`
--

CREATE TABLE IF NOT EXISTS `pro_marca` (
  `id_pro_marca` int(6) NOT NULL AUTO_INCREMENT,
  `orden` int(6) NOT NULL,
  `marca` varchar(50) DEFAULT NULL,
  PRIMARY KEY (`id_pro_marca`)
) ENGINE=InnoDB DEFAULT CHARSET=utf8 AUTO_INCREMENT=1 ;

-- --------------------------------------------------------

--
-- Table structure for table `pro_productos`
--

CREATE TABLE IF NOT EXISTS `pro_productos` (
  `id_pro_productos` int(12) NOT NULL AUTO_INCREMENT,
  `orden` int(6) NOT NULL,
  `id_pro_subfamilia` int(6) DEFAULT NULL,
  `id_pro_marca` int(6) DEFAULT NULL,
  `referencia` varchar(50) DEFAULT NULL,
  `producto` varchar(100) DEFAULT NULL,
  `detalle` longtext,
  `productos_por_caja` int(3) DEFAULT NULL,
  `alto` int(3) DEFAULT NULL,
  `ancho` int(3) DEFAULT NULL,
  `fondo` int(3) DEFAULT NULL,
  `volumen` int(3) DEFAULT NULL,
  `peso` int(3) DEFAULT NULL,
  `foto_carrito_catalodo` longtext,
  `foto_catalogo_detalle` longtext,
  `foto_catalogo_detalle_grande` longtext,
  `archivo` longtext,
  `stock` int(5) DEFAULT NULL,
  `habilitado` int(1) DEFAULT NULL,
  `precio` decimal(12,2) DEFAULT NULL,
  PRIMARY KEY (`id_pro_productos`)
) ENGINE=InnoDB  DEFAULT CHARSET=utf8 AUTO_INCREMENT=4 ;

--
-- Dumping data for table `pro_productos`
--

INSERT INTO `pro_productos` (`id_pro_productos`, `orden`, `id_pro_subfamilia`, `id_pro_marca`, `referencia`, `producto`, `detalle`, `productos_por_caja`, `alto`, `ancho`, `fondo`, `volumen`, `peso`, `foto_carrito_catalodo`, `foto_catalogo_detalle`, `foto_catalogo_detalle_grande`, `archivo`, `stock`, `habilitado`, `precio`) VALUES
(1, 0, NULL, NULL, '2344433', 'Termo Acero Inoxidable', 'el detalle del producto del termo de acero inxidable, bkabaks bd kasbd aksbdka sbd as', 30, 12, 20, 34, 8160, 25, NULL, NULL, NULL, NULL, NULL, 1, 87.90),
(2, 0, NULL, NULL, '9963533', 'Lampara Bajo Consumo', 'este es el detalle de la lamp de bajo consumoma s dasb dnma bsnmd ban msbdn masnd   ', 40, 12, 10, 5, 600, 3, NULL, NULL, NULL, NULL, NULL, 1, 22.50),
(3, 0, NULL, NULL, '765654', 'Cacerola', 'detaaa de la cacerolaaaa', 40, 1, 2, 5, 10, 12, NULL, NULL, NULL, NULL, NULL, 1, 88.50);

-- --------------------------------------------------------

--
-- Table structure for table `pro_subfamilia`
--

CREATE TABLE IF NOT EXISTS `pro_subfamilia` (
  `id_pro_subfamilia` int(6) NOT NULL AUTO_INCREMENT,
  `orden` int(6) NOT NULL,
  `subfamilia` varchar(100) DEFAULT NULL,
  `id_pro_familia` int(6) DEFAULT NULL,
  PRIMARY KEY (`id_pro_subfamilia`)
) ENGINE=InnoDB DEFAULT CHARSET=utf8 AUTO_INCREMENT=1 ;

-- --------------------------------------------------------

--
-- Table structure for table `rh_pedidos_de_rrhh`
--

CREATE TABLE IF NOT EXISTS `rh_pedidos_de_rrhh` (
  `id_rh_pedidos_de_rrhh` int(6) NOT NULL AUTO_INCREMENT,
  `orden` int(6) NOT NULL,
  `asunto` varchar(200) DEFAULT NULL,
  `observaciones` longtext,
  `id_rh_pedidos_de_rrhh_proc` int(6) DEFAULT NULL,
  PRIMARY KEY (`id_rh_pedidos_de_rrhh`)
) ENGINE=InnoDB  DEFAULT CHARSET=utf8 AUTO_INCREMENT=4 ;

--
-- Dumping data for table `rh_pedidos_de_rrhh`
--

INSERT INTO `rh_pedidos_de_rrhh` (`id_rh_pedidos_de_rrhh`, `orden`, `asunto`, `observaciones`, `id_rh_pedidos_de_rrhh_proc`) VALUES
(1, 0, 'asunto', 'observaciones nuevo', 1),
(2, 0, 'asunto', 'observa', 2),
(3, 0, 'asunto de ped de rrhh', 'las observacions', 0);

-- --------------------------------------------------------

--
-- Table structure for table `rh_pedidos_de_rrhh_arch`
--

CREATE TABLE IF NOT EXISTS `rh_pedidos_de_rrhh_arch` (
  `id_rh_pedidos_de_rrhh_arch` int(6) NOT NULL AUTO_INCREMENT,
  `orden` int(6) NOT NULL,
  `id_rh_pedidos_de_rrhh_proc` int(6) DEFAULT NULL,
  `activo` int(1) DEFAULT NULL,
  `archivo` longtext,
  PRIMARY KEY (`id_rh_pedidos_de_rrhh_arch`)
) ENGINE=InnoDB  DEFAULT CHARSET=utf8 AUTO_INCREMENT=8 ;

--
-- Dumping data for table `rh_pedidos_de_rrhh_arch`
--

INSERT INTO `rh_pedidos_de_rrhh_arch` (`id_rh_pedidos_de_rrhh_arch`, `orden`, `id_rh_pedidos_de_rrhh_proc`, `activo`, `archivo`) VALUES
(1, 0, 1, NULL, NULL),
(2, 0, 2, NULL, NULL),
(3, 0, 2, 1, '_3_Traducciones.odt'),
(4, 0, 2, 1, '_4_Sql(1).pdf'),
(5, 0, 4, 0, '_5_Traducciones.odt'),
(6, 0, 4, 1, '_6_Sql(1).pdf'),
(7, 0, 4, 1, '_7_Traducciones.odt');

-- --------------------------------------------------------

--
-- Table structure for table `rh_pedidos_de_rrhh_proc`
--

CREATE TABLE IF NOT EXISTS `rh_pedidos_de_rrhh_proc` (
  `id_rh_pedidos_de_rrhh_proc` int(6) NOT NULL AUTO_INCREMENT,
  `orden` int(6) NOT NULL,
  `id_rh_pedidos_de_rrhh` int(6) DEFAULT NULL,
  `id_sis_procesos_flujos_dias` int(6) DEFAULT NULL,
  `id_cv_datos_personales` int(6) DEFAULT NULL,
  `id_relacionado` int(6) DEFAULT NULL,
  `fecha_alta` int(20) DEFAULT NULL,
  `comentario` longtext,
  PRIMARY KEY (`id_rh_pedidos_de_rrhh_proc`)
) ENGINE=InnoDB  DEFAULT CHARSET=utf8 AUTO_INCREMENT=7 ;

--
-- Dumping data for table `rh_pedidos_de_rrhh_proc`
--

INSERT INTO `rh_pedidos_de_rrhh_proc` (`id_rh_pedidos_de_rrhh_proc`, `orden`, `id_rh_pedidos_de_rrhh`, `id_sis_procesos_flujos_dias`, `id_cv_datos_personales`, `id_relacionado`, `fecha_alta`, `comentario`) VALUES
(1, 0, 1, 175, 99905, NULL, 1369796400, NULL),
(2, 0, 2, 175, 99905, NULL, 1369796400, NULL),
(3, 0, 2, 178, NULL, NULL, NULL, NULL),
(4, 0, 3, 175, 99905, NULL, 1369796400, NULL),
(5, 0, 3, 178, 99903, NULL, 1369796400, 'dale'),
(6, 0, 3, 179, 99905, NULL, 1369796400, 'oka');

-- --------------------------------------------------------

--
-- Table structure for table `rh_pedido_adelanto`
--

CREATE TABLE IF NOT EXISTS `rh_pedido_adelanto` (
  `id_rh_pedido_adelanto` int(6) NOT NULL AUTO_INCREMENT,
  `orden` int(6) NOT NULL,
  `monto` decimal(12,2) DEFAULT NULL,
  `observaciones` longtext,
  `id_rh_pedido_adelanto_proc` int(6) DEFAULT NULL,
  PRIMARY KEY (`id_rh_pedido_adelanto`)
) ENGINE=InnoDB  DEFAULT CHARSET=utf8 AUTO_INCREMENT=4 ;

--
-- Dumping data for table `rh_pedido_adelanto`
--

INSERT INTO `rh_pedido_adelanto` (`id_rh_pedido_adelanto`, `orden`, `monto`, `observaciones`, `id_rh_pedido_adelanto_proc`) VALUES
(1, 0, 1222.00, 'obasodbasodbsad', 0),
(2, 0, 200.00, 'pido adelanto', 4),
(3, 0, 1500.00, 'pido adelanto de mil quinientos pesos.', 0);

-- --------------------------------------------------------

--
-- Table structure for table `rh_pedido_adelanto_proc`
--

CREATE TABLE IF NOT EXISTS `rh_pedido_adelanto_proc` (
  `id_rh_pedido_adelanto_proc` int(6) NOT NULL AUTO_INCREMENT,
  `orden` int(6) NOT NULL,
  `id_rh_pedido_adelanto` int(6) DEFAULT NULL,
  `id_sis_procesos_flujos_dias` int(6) DEFAULT NULL,
  `id_cv_datos_personales` int(6) DEFAULT NULL,
  `id_relacionado` int(6) DEFAULT NULL,
  `fecha_alta` int(20) DEFAULT NULL,
  `comentario` longtext,
  PRIMARY KEY (`id_rh_pedido_adelanto_proc`)
) ENGINE=InnoDB  DEFAULT CHARSET=utf8 AUTO_INCREMENT=13 ;

--
-- Dumping data for table `rh_pedido_adelanto_proc`
--

INSERT INTO `rh_pedido_adelanto_proc` (`id_rh_pedido_adelanto_proc`, `orden`, `id_rh_pedido_adelanto`, `id_sis_procesos_flujos_dias`, `id_cv_datos_personales`, `id_relacionado`, `fecha_alta`, `comentario`) VALUES
(1, 0, 1, 168, 99901, NULL, 1369623600, NULL),
(2, 0, 1, 173, 99903, NULL, 1369623600, 'oka, aceptado.'),
(3, 0, 1, 174, 99905, NULL, 1369623600, 'perfecto'),
(4, 0, 2, 168, 99901, NULL, 1369796400, NULL),
(5, 0, 2, 173, 99903, 4, 1369796400, 'fijate si pueden se 100 pesos.'),
(6, 0, 2, 168, 99901, NULL, 1369796400, 'okey'),
(7, 0, 2, 173, NULL, NULL, NULL, NULL),
(8, 0, 3, 168, 99901, NULL, 1369796400, NULL),
(9, 0, 3, 173, 99903, 8, 1369796400, 'fijate podemos 1000 pesos nada más.'),
(10, 0, 3, 168, 99921, NULL, 1369796400, 'okey'),
(11, 0, 3, 173, 99903, NULL, 1369796400, 'oka'),
(12, 0, 3, 174, 99905, NULL, 1369796400, 'okey, entrego en el día de la fecha.');

-- --------------------------------------------------------

--
-- Table structure for table `rh_pedido_dias_libres`
--

CREATE TABLE IF NOT EXISTS `rh_pedido_dias_libres` (
  `id_rh_pedido_dias_libres` int(6) NOT NULL AUTO_INCREMENT,
  `orden` int(6) NOT NULL,
  `fecha_inicio` int(20) DEFAULT NULL,
  `fecha_fin` int(20) DEFAULT NULL,
  `cantidad_dias` decimal(2,0) DEFAULT NULL,
  `observaciones` longtext,
  `id_rh_pedido_dias_libres_proc` int(6) DEFAULT NULL,
  PRIMARY KEY (`id_rh_pedido_dias_libres`)
) ENGINE=InnoDB  DEFAULT CHARSET=utf8 AUTO_INCREMENT=4 ;

--
-- Dumping data for table `rh_pedido_dias_libres`
--

INSERT INTO `rh_pedido_dias_libres` (`id_rh_pedido_dias_libres`, `orden`, `fecha_inicio`, `fecha_fin`, `cantidad_dias`, `observaciones`, `id_rh_pedido_dias_libres_proc`) VALUES
(1, 0, 1367377200, 1367377200, 2, 'pepepe', 0),
(2, 0, 1368414000, 1368414000, 2, 'solicito días libres', -1),
(3, 0, 1369623600, 1369710000, 2, 'pepe', 0);

-- --------------------------------------------------------

--
-- Table structure for table `rh_pedido_dias_libres_arch`
--

CREATE TABLE IF NOT EXISTS `rh_pedido_dias_libres_arch` (
  `id_rh_pedido_dias_libres_arch` int(6) NOT NULL AUTO_INCREMENT,
  `orden` int(6) NOT NULL,
  `id_rh_pedido_dias_libres_proc` int(6) DEFAULT NULL,
  `activo` int(1) DEFAULT NULL,
  `archivo` longtext,
  PRIMARY KEY (`id_rh_pedido_dias_libres_arch`)
) ENGINE=InnoDB  DEFAULT CHARSET=utf8 AUTO_INCREMENT=5 ;

--
-- Dumping data for table `rh_pedido_dias_libres_arch`
--

INSERT INTO `rh_pedido_dias_libres_arch` (`id_rh_pedido_dias_libres_arch`, `orden`, `id_rh_pedido_dias_libres_proc`, `activo`, `archivo`) VALUES
(1, 0, 1, 1, '_1_F1404.png'),
(2, 0, 4, 1, '_2_Traducciones.odt'),
(3, 0, 6, NULL, NULL),
(4, 0, 6, 1, '_4_F1404.png');

-- --------------------------------------------------------

--
-- Table structure for table `rh_pedido_dias_libres_proc`
--

CREATE TABLE IF NOT EXISTS `rh_pedido_dias_libres_proc` (
  `id_rh_pedido_dias_libres_proc` int(6) NOT NULL AUTO_INCREMENT,
  `orden` int(6) NOT NULL,
  `id_rh_pedido_dias_libres` int(6) DEFAULT NULL,
  `id_sis_procesos_flujos_dias` int(6) DEFAULT NULL,
  `id_cv_datos_personales` int(6) DEFAULT NULL,
  `id_relacionado` int(6) DEFAULT NULL,
  `fecha_alta` int(20) DEFAULT NULL,
  `comentario` longtext,
  PRIMARY KEY (`id_rh_pedido_dias_libres_proc`)
) ENGINE=InnoDB  DEFAULT CHARSET=utf8 AUTO_INCREMENT=9 ;

--
-- Dumping data for table `rh_pedido_dias_libres_proc`
--

INSERT INTO `rh_pedido_dias_libres_proc` (`id_rh_pedido_dias_libres_proc`, `orden`, `id_rh_pedido_dias_libres`, `id_sis_procesos_flujos_dias`, `id_cv_datos_personales`, `id_relacionado`, `fecha_alta`, `comentario`) VALUES
(1, 0, 1, 156, 99901, NULL, 1369364400, NULL),
(2, 0, 1, 161, 99905, NULL, 1369364400, 'kaokaoka'),
(3, 0, 1, 162, 99903, NULL, 1369364400, 'asd'),
(4, 0, 2, 157, 99902, NULL, 1369364400, NULL),
(5, 0, 2, 161, 99905, NULL, 1369364400, 'no va'),
(6, 0, 3, 157, 99902, NULL, 1369364400, NULL),
(7, 0, 3, 161, 99905, NULL, 1369364400, 'oka'),
(8, 0, 3, 162, 99903, NULL, 1369364400, 'oka');

-- --------------------------------------------------------

--
-- Table structure for table `rh_pedido_vacaciones`
--

CREATE TABLE IF NOT EXISTS `rh_pedido_vacaciones` (
  `id_rh_pedido_vacaciones` int(6) NOT NULL AUTO_INCREMENT,
  `orden` int(6) NOT NULL,
  `fecha_inicio` int(20) DEFAULT NULL,
  `fecha_fin` int(20) DEFAULT NULL,
  `cantidad_dias` decimal(2,0) DEFAULT NULL,
  `observaciones` longtext,
  `id_rh_pedido_vacaciones_proc` int(6) DEFAULT NULL,
  PRIMARY KEY (`id_rh_pedido_vacaciones`)
) ENGINE=InnoDB DEFAULT CHARSET=utf8 AUTO_INCREMENT=1 ;

-- --------------------------------------------------------

--
-- Table structure for table `rh_pedido_vacaciones_arch`
--

CREATE TABLE IF NOT EXISTS `rh_pedido_vacaciones_arch` (
  `id_rh_pedido_vacaciones_arch` int(6) NOT NULL AUTO_INCREMENT,
  `orden` int(6) NOT NULL,
  `id_rh_pedido_vacaciones_proc` int(6) DEFAULT NULL,
  `activo` int(1) DEFAULT NULL,
  `archivo` longtext,
  PRIMARY KEY (`id_rh_pedido_vacaciones_arch`)
) ENGINE=InnoDB DEFAULT CHARSET=utf8 AUTO_INCREMENT=1 ;

-- --------------------------------------------------------

--
-- Table structure for table `rh_pedido_vacaciones_proc`
--

CREATE TABLE IF NOT EXISTS `rh_pedido_vacaciones_proc` (
  `id_rh_pedido_vacaciones_proc` int(6) NOT NULL AUTO_INCREMENT,
  `orden` int(6) NOT NULL,
  `id_rh_pedido_vacaciones` int(6) DEFAULT NULL,
  `id_cv_datos_personales` int(6) DEFAULT NULL,
  `id_relacionado` int(6) DEFAULT NULL,
  `fecha_alta` int(20) DEFAULT NULL,
  `comentario` longtext,
  `id_sis_procesos_flujos_dias` int(6) DEFAULT NULL,
  PRIMARY KEY (`id_rh_pedido_vacaciones_proc`)
) ENGINE=InnoDB DEFAULT CHARSET=utf8 AUTO_INCREMENT=1 ;

-- --------------------------------------------------------

--
-- Table structure for table `rh_rendicion_dias_enfermedad`
--

CREATE TABLE IF NOT EXISTS `rh_rendicion_dias_enfermedad` (
  `id_rh_rendicion_dias_enfermedad` int(6) NOT NULL AUTO_INCREMENT,
  `orden` int(6) NOT NULL,
  `fecha_inicio` int(20) DEFAULT NULL,
  `fecha_fin` int(20) DEFAULT NULL,
  `cantidad_dias` int(2) DEFAULT NULL,
  `observaciones` longtext,
  `id_rh_rendicion_dia_enfermedad_proc` int(6) DEFAULT NULL,
  PRIMARY KEY (`id_rh_rendicion_dias_enfermedad`)
) ENGINE=InnoDB DEFAULT CHARSET=utf8 AUTO_INCREMENT=1 ;

-- --------------------------------------------------------

--
-- Table structure for table `rh_rendicion_dias_enfermedad_arch`
--

CREATE TABLE IF NOT EXISTS `rh_rendicion_dias_enfermedad_arch` (
  `id_rh_rendicion_dias_enfermedad_arch` int(6) NOT NULL AUTO_INCREMENT,
  `orden` int(6) NOT NULL,
  `id_rh_rendicion_dias_enfermedad` int(6) DEFAULT NULL,
  `activo` int(1) DEFAULT NULL,
  `archivo` longtext,
  PRIMARY KEY (`id_rh_rendicion_dias_enfermedad_arch`)
) ENGINE=InnoDB DEFAULT CHARSET=utf8 AUTO_INCREMENT=1 ;

-- --------------------------------------------------------

--
-- Table structure for table `rh_rendicion_dias_enfermedad_proc`
--

CREATE TABLE IF NOT EXISTS `rh_rendicion_dias_enfermedad_proc` (
  `id_rh_rendicion_dias_enfermedad_proc` int(6) NOT NULL AUTO_INCREMENT,
  `orden` int(6) NOT NULL,
  `id_rh_rendicion_dias_enfermedad` int(6) DEFAULT NULL,
  `id_sis_procesos_flujos_dias` int(6) DEFAULT NULL,
  `id_cv_datos_personales` int(6) DEFAULT NULL,
  `id_relacionado` int(6) DEFAULT NULL,
  `fecha_alta` int(20) DEFAULT NULL,
  `comentario` longtext,
  PRIMARY KEY (`id_rh_rendicion_dias_enfermedad_proc`)
) ENGINE=InnoDB DEFAULT CHARSET=utf8 AUTO_INCREMENT=1 ;

-- --------------------------------------------------------

--
-- Table structure for table `sis_areas`
--

CREATE TABLE IF NOT EXISTS `sis_areas` (
  `id_sis_areas` int(6) NOT NULL AUTO_INCREMENT,
  `orden` int(6) NOT NULL,
  `area` varchar(100) DEFAULT NULL,
  `acceso_publico` int(1) DEFAULT NULL,
  PRIMARY KEY (`id_sis_areas`)
) ENGINE=InnoDB  DEFAULT CHARSET=utf8 AUTO_INCREMENT=13 ;

--
-- Dumping data for table `sis_areas`
--

INSERT INTO `sis_areas` (`id_sis_areas`, `orden`, `area`, `acceso_publico`) VALUES
(1, 1, 'VENTAS', 1),
(2, 2, 'ASISTENTE DE VENTAS', 0),
(3, 3, 'GERENCIA', 0),
(4, 4, 'ADMINISTRACION', 0),
(5, 5, 'RRHH', 0),
(6, 6, 'TRAFICO', 0),
(7, 7, 'BODEGA', 0),
(8, 8, 'SISTEMAS', 1),
(9, 9, 'COMPRADORES', 1),
(10, 10, 'DISEÑO', 1),
(11, 11, 'LABORATORIO', 1),
(12, 12, 'CLIENTES', 1);

-- --------------------------------------------------------

--
-- Table structure for table `sis_cuentas`
--

CREATE TABLE IF NOT EXISTS `sis_cuentas` (
  `id_sis_cuentas` int(6) NOT NULL AUTO_INCREMENT,
  `orden` int(6) NOT NULL,
  `cuenta` varchar(20) DEFAULT NULL,
  `descripcion` varchar(200) DEFAULT NULL,
  PRIMARY KEY (`id_sis_cuentas`)
) ENGINE=InnoDB  DEFAULT CHARSET=utf8 AUTO_INCREMENT=5 ;

--
-- Dumping data for table `sis_cuentas`
--

INSERT INTO `sis_cuentas` (`id_sis_cuentas`, `orden`, `cuenta`, `descripcion`) VALUES
(1, 3, '1234', 'campaña'),
(2, 4, '4321', 'campaña de viajes'),
(3, 3, '76454', 'marketing'),
(4, 4, '74648', 'publicidad');

-- --------------------------------------------------------

--
-- Table structure for table `sis_feriados`
--

CREATE TABLE IF NOT EXISTS `sis_feriados` (
  `id_sis_feriados` int(6) NOT NULL AUTO_INCREMENT,
  `orden` int(6) NOT NULL,
  `id_sis_pais` int(6) DEFAULT NULL,
  `fecha` int(20) DEFAULT NULL,
  PRIMARY KEY (`id_sis_feriados`)
) ENGINE=InnoDB  DEFAULT CHARSET=utf8 AUTO_INCREMENT=4 ;

--
-- Dumping data for table `sis_feriados`
--

INSERT INTO `sis_feriados` (`id_sis_feriados`, `orden`, `id_sis_pais`, `fecha`) VALUES
(1, 3, 1, 1364785200),
(2, 5, 1, 1364871600),
(3, 5, 1, 1369796400);

-- --------------------------------------------------------

--
-- Table structure for table `sis_gastos_viajes`
--

CREATE TABLE IF NOT EXISTS `sis_gastos_viajes` (
  `id_sis_gastos_viajes` int(6) NOT NULL AUTO_INCREMENT,
  `orden` int(6) NOT NULL,
  `referencia` varchar(150) DEFAULT NULL,
  PRIMARY KEY (`id_sis_gastos_viajes`)
) ENGINE=InnoDB  DEFAULT CHARSET=utf8 AUTO_INCREMENT=13 ;

--
-- Dumping data for table `sis_gastos_viajes`
--

INSERT INTO `sis_gastos_viajes` (`id_sis_gastos_viajes`, `orden`, `referencia`) VALUES
(1, 1, 'Hotel diarios'),
(2, 2, 'Comida'),
(3, 3, 'Taxi diarios'),
(4, 4, 'Taxi / casa aeropuerto'),
(5, 5, 'Taxi aeropuerto hotel'),
(6, 6, 'Llamadas / tarjetas tel.'),
(7, 7, 'Ayudante de maletero(propinas)'),
(8, 8, 'Equipaje acompañado'),
(9, 9, 'Impuesto de aeropuerto'),
(10, 10, 'Varios (muestras)'),
(11, 11, 'Almacenaje '),
(12, 12, 'Ayudante de maletero ');

-- --------------------------------------------------------

--
-- Table structure for table `sis_mantenimiento_opciones`
--

CREATE TABLE IF NOT EXISTS `sis_mantenimiento_opciones` (
  `id_sis_mantenimiento_opciones` int(6) NOT NULL AUTO_INCREMENT,
  `orden` int(6) NOT NULL,
  `mantenimieno` varchar(200) DEFAULT NULL,
  PRIMARY KEY (`id_sis_mantenimiento_opciones`)
) ENGINE=InnoDB  DEFAULT CHARSET=utf8 AUTO_INCREMENT=9 ;

--
-- Dumping data for table `sis_mantenimiento_opciones`
--

INSERT INTO `sis_mantenimiento_opciones` (`id_sis_mantenimiento_opciones`, `orden`, `mantenimieno`) VALUES
(1, 1, 'Mantenimiento de Central'),
(2, 2, 'Mantenimiento de PBX'),
(3, 3, 'Mantenimiento de Cámaras'),
(4, 4, 'Mantenimiento de Alarmas'),
(5, 5, 'Actualizar versiones de software'),
(6, 6, 'Hacer Backups'),
(7, 7, 'Antivirus'),
(8, 8, 'Anti Hackers');

-- --------------------------------------------------------

--
-- Table structure for table `sis_pais`
--

CREATE TABLE IF NOT EXISTS `sis_pais` (
  `id_sis_pais` int(12) NOT NULL AUTO_INCREMENT,
  `orden` int(6) NOT NULL,
  `pais` varchar(50) DEFAULT NULL,
  PRIMARY KEY (`id_sis_pais`)
) ENGINE=InnoDB  DEFAULT CHARSET=utf8 AUTO_INCREMENT=3 ;

--
-- Dumping data for table `sis_pais`
--

INSERT INTO `sis_pais` (`id_sis_pais`, `orden`, `pais`) VALUES
(1, 1, 'Argentina'),
(2, 2, 'Brasil');

-- --------------------------------------------------------

--
-- Table structure for table `sis_periodicidad`
--

CREATE TABLE IF NOT EXISTS `sis_periodicidad` (
  `id_sis_periodicidad` int(6) NOT NULL AUTO_INCREMENT,
  `orden` int(6) NOT NULL,
  `periodicidad` varchar(50) DEFAULT NULL,
  PRIMARY KEY (`id_sis_periodicidad`)
) ENGINE=InnoDB  DEFAULT CHARSET=utf8 AUTO_INCREMENT=8 ;

--
-- Dumping data for table `sis_periodicidad`
--

INSERT INTO `sis_periodicidad` (`id_sis_periodicidad`, `orden`, `periodicidad`) VALUES
(1, 1, 'diario'),
(2, 2, 'semanal'),
(3, 3, 'mensual'),
(4, 5, 'x días'),
(5, 6, 'x semanas'),
(6, 4, 'anualmente'),
(7, 7, 'x meses');

-- --------------------------------------------------------

--
-- Table structure for table `sis_procesos`
--

CREATE TABLE IF NOT EXISTS `sis_procesos` (
  `id_sis_procesos` int(6) NOT NULL AUTO_INCREMENT,
  `orden` int(6) NOT NULL,
  `proceso` varchar(150) DEFAULT NULL,
  `nombre` varchar(200) NOT NULL,
  PRIMARY KEY (`id_sis_procesos`)
) ENGINE=InnoDB  DEFAULT CHARSET=utf8 AUTO_INCREMENT=55 ;

--
-- Dumping data for table `sis_procesos`
--

INSERT INTO `sis_procesos` (`id_sis_procesos`, `orden`, `proceso`, `nombre`) VALUES
(1, 1, 'ven_solicitud_viaticos_viajes', 'Ventas | Solicitud de Viaticos para Viajes'),
(2, 2, 'ven_rendicion_viaticos_viajes', 'Ventas | Rendición de Viaticos para Viajes'),
(3, 3, 'ven_pedido_muestra', 'Ventas | Pedido Muestra'),
(4, 4, 'ven_visitas_de_clientes', 'Ventas | Visitas de Clientes'),
(5, 5, 'ven_orden_pedidos', 'Ventas | Orden de Pedidos'),
(6, 6, 'ven_store_check', 'Ventas | Store Check'),
(7, 7, 'ven_llamadas', 'Ventas | Llamadas'),
(8, 8, 'ven_propuestas_comerciales', 'Ventas | Propuestas Comerciales'),
(9, 9, 'ven_cliente', 'Ventas | Cliente'),
(10, 10, 'ven_analisis_riesgo_crediticio', 'Ventas | Análisis de Riesgo Crediticio'),
(11, 11, 'ven_pedidos_varios_clientes', 'Ventas | Pedidos varios clientes'),
(12, 12, 'ven_pedido_precio_credito', 'Ventas | Pedidos Precio Credito'),
(13, 13, 'pro_etapa_productos', 'Ventas | Etapa Productos'),
(14, 14, 'ave_comparacion_hoteles', 'Aist Ventas | Comparación de Hoteles'),
(15, 15, 'ave_comparacion_aerolineas', 'Asisten de Ventas | Comparación de Aerolíneas'),
(16, 16, 'ave_campania', 'Aistente de Ventas | Campañia'),
(17, 17, 'ger_otros_pedidos', 'Gerencia | Otros Pedidos'),
(18, 18, 'ger_planificacion_gastos', 'Gerencia | Planificación de Gastos'),
(19, 19, 'ger_mantenimiento', 'Gerencia | Mantenimientos'),
(20, 20, 'adm_audit_stock_limpieza', 'Administración | Audit Stock Limpieza'),
(21, 21, 'adm_ytd_mantenimientos', 'Administración | YTD Mantenimientos'),
(22, 22, 'adm_ytd_gastos_costos', 'Administración | YTD Gastos Costos'),
(23, 23, 'adm_pedido_caja_chica', 'Administración | Pedido de Caja Chica'),
(24, 24, 'adm_pedido_pagos_adelantos', 'Administración | Pedido de Pagos Adelantos'),
(25, 25, 'adm_pedido_compras', 'Administración | Pedidos de Compras'),
(26, 26, 'adm_reclamos', 'Administración | Reclamos'),
(27, 27, 'adm_propuestas_mejoras', 'Administración | Propuestas Mejoras'),
(28, 28, 'rh_pedido_vacaciones', 'RRHH | Pedido de Vacaciones'),
(29, 29, 'rh_pedido_dias_libres', 'RRHH | Pedido Días Libres'),
(30, 30, 'rh_rendicion_dias_enfermedad', 'RRHH | Rendición Días de Enfermedad'),
(31, 31, 'rh_pedido_adelanto', 'RRHH | Pedido de Adelanto'),
(32, 32, 'rh_pedidos_de_rrhh', 'RRHH | Pedidos de rrhh'),
(34, 34, 'tra_aprob_consolidaciones', 'Trafico | Aproba Consolidaciones'),
(35, 35, 'tra_packing_list', 'Trafico | Packing List'),
(36, 36, 'tra_carga_mercaderia_transito', 'Trafico  | Carga de mercaderia transito'),
(40, 40, 'bod_mantener_limpieza', 'Bodega | Mantener Limpieza'),
(41, 41, 'bod_armado_pedidos_etiquetas', 'Bodega | Armado Pedidos Etiquetas'),
(42, 42, 'crm_solucionar_bugs', 'CRM | Solucionar bugs'),
(47, 47, 'cpr_visitas_expo', 'Compradores | Visitas Expo'),
(48, 48, 'cpr_visitas_fabricas', 'Compradores | Visita de Fábricas'),
(49, 49, 'dis_recibir_trabajar_artes', 'Diseño | Recibir Trabajos Artes'),
(50, 50, 'dis_proponer_ideas', 'Diseño | Proponer Ideas'),
(51, 51, 'dis_aprobacion_licencias', 'Diseño | Aprobación Licencias'),
(52, 52, 'dis_armado_arte_fabrica', 'Diseño | Armado Arte Fabrica'),
(53, 53, 'dis_imp_arte_fabrica', 'Diseño | Imp Arte Fábrica'),
(54, 0, 'crm_mejorar_aplicaciones', 'CRM | Mejorar Aplicaciones');

-- --------------------------------------------------------

--
-- Table structure for table `sis_procesos_flujos_dias`
--

CREATE TABLE IF NOT EXISTS `sis_procesos_flujos_dias` (
  `id_sis_procesos_flujos_dias` int(6) NOT NULL AUTO_INCREMENT,
  `orden` int(6) NOT NULL,
  `id_sis_areas` int(6) DEFAULT NULL,
  `id_sis_procesos` int(6) DEFAULT NULL,
  `proceso_orden` decimal(2,0) DEFAULT NULL,
  `dias_activo` decimal(2,0) DEFAULT NULL,
  PRIMARY KEY (`id_sis_procesos_flujos_dias`)
) ENGINE=InnoDB  DEFAULT CHARSET=utf8 AUTO_INCREMENT=392 ;

--
-- Dumping data for table `sis_procesos_flujos_dias`
--

INSERT INTO `sis_procesos_flujos_dias` (`id_sis_procesos_flujos_dias`, `orden`, `id_sis_areas`, `id_sis_procesos`, `proceso_orden`, `dias_activo`) VALUES
(1, 1, 1, 1, 1, 2),
(2, 2, 2, 1, 1, 2),
(3, 3, 1, 1, 2, 2),
(4, 4, 3, 1, 3, 2),
(5, 5, 4, 1, 4, 2),
(6, 6, 2, 1, 5, 2),
(7, 7, 1, 2, 1, 2),
(8, 8, 2, 2, 2, 2),
(9, 9, 3, 2, 3, 2),
(10, 10, 4, 2, 4, 2),
(11, 11, 1, 3, 1, 2),
(12, 12, 2, 3, 1, 2),
(13, 13, 3, 3, 1, 2),
(14, 14, 12, 3, 1, 2),
(15, 15, 6, 3, 3, 2),
(16, 16, 7, 3, 4, 2),
(17, 17, 6, 3, 5, 2),
(18, 18, 2, 3, 6, 2),
(19, 19, 12, 3, 6, 2),
(20, 20, 1, 4, 1, 2),
(21, 21, 2, 4, 1, 2),
(22, 22, 1, 4, 2, 2),
(23, 23, 3, 4, 3, 2),
(24, 24, 12, 5, 1, 2),
(26, 26, 2, 5, 2, 2),
(27, 27, 1, 5, 1, 2),
(28, 28, 3, 5, 3, 2),
(29, 29, 4, 5, 4, 2),
(30, 30, 6, 5, 5, 2),
(31, 31, 7, 5, 6, 2),
(32, 32, 12, 5, 7, 2),
(33, 33, 1, 6, 1, 2),
(34, 34, 2, 6, 2, 2),
(35, 35, 3, 6, 2, 2),
(36, 36, 3, 6, 3, 2),
(37, 37, 2, 7, 1, 2),
(38, 38, 1, 7, 2, 2),
(39, 39, 12, 8, 1, 2),
(40, 40, 1, 8, 2, 2),
(41, 41, 2, 8, 3, 2),
(42, 42, 3, 8, 4, 2),
(43, 43, 1, 8, 5, 2),
(44, 44, 12, 8, 6, 2),
(45, 45, 12, 9, 1, 2),
(46, 46, 1, 9, 2, 2),
(47, 47, 2, 9, 3, 2),
(48, 48, 3, 9, 4, 2),
(49, 49, 4, 9, 5, 2),
(50, 50, 12, 9, 6, 2),
(51, 51, 1, 10, 1, 2),
(52, 52, 2, 10, 1, 2),
(53, 53, 3, 10, 2, 2),
(54, 54, 12, 11, 1, 2),
(56, 56, 2, 11, 2, 2),
(57, 57, 1, 11, 3, 2),
(58, 58, 12, 11, 4, 2),
(59, 59, 1, 12, 1, 2),
(60, 60, 2, 12, 1, 2),
(61, 61, 3, 12, 2, 2),
(62, 62, 1, 13, 1, 2),
(63, 63, 2, 13, 1, 2),
(64, 64, 3, 13, 2, 2),
(65, 65, 4, 13, 3, 2),
(66, 66, 1, 14, 1, 2),
(67, 67, 2, 14, 2, 2),
(68, 68, 4, 14, 3, 2),
(69, 69, 1, 15, 1, 2),
(70, 70, 2, 15, 2, 2),
(71, 71, 4, 15, 3, 2),
(72, 72, 1, 16, 1, 2),
(73, 73, 2, 16, 1, 2),
(74, 74, 3, 16, 1, 2),
(75, 75, 2, 16, 2, 2),
(76, 76, 3, 16, 3, 2),
(77, 77, 12, 17, 1, 2),
(78, 78, 1, 17, 2, 2),
(79, 79, 2, 17, 2, 2),
(80, 80, 4, 17, 2, 2),
(81, 81, 6, 17, 2, 2),
(82, 82, 7, 17, 2, 2),
(83, 83, 8, 17, 2, 2),
(84, 84, 9, 17, 2, 2),
(85, 85, 10, 17, 2, 2),
(86, 86, 11, 17, 2, 2),
(87, 87, 3, 17, 3, 2),
(88, 88, 3, 18, 1, 2),
(89, 89, 3, 18, 3, 2),
(90, 90, 1, 19, 1, 2),
(91, 91, 2, 19, 1, 2),
(92, 92, 3, 19, 1, 2),
(93, 93, 4, 19, 1, 2),
(94, 94, 5, 19, 1, 2),
(95, 95, 6, 19, 1, 2),
(96, 96, 7, 19, 1, 2),
(97, 97, 8, 19, 1, 2),
(98, 98, 9, 19, 1, 2),
(99, 99, 10, 19, 1, 2),
(100, 100, 11, 19, 1, 2),
(101, 101, 3, 19, 2, 2),
(102, 102, 1, 19, 3, 2),
(103, 103, 2, 19, 3, 2),
(104, 104, 3, 19, 3, 2),
(105, 105, 4, 19, 3, 2),
(106, 106, 5, 19, 3, 2),
(107, 107, 6, 19, 3, 2),
(108, 108, 7, 19, 3, 2),
(109, 109, 8, 19, 3, 2),
(110, 110, 9, 19, 3, 2),
(111, 111, 10, 19, 3, 2),
(112, 112, 11, 19, 3, 2),
(113, 113, 3, 20, 1, 2),
(114, 114, 4, 20, 2, 2),
(115, 115, 3, 20, 3, 2),
(116, 116, 4, 21, 1, 2),
(117, 117, 8, 21, 1, 2),
(118, 118, 11, 21, 1, 2),
(119, 119, 3, 21, 2, 2),
(120, 120, 4, 22, 1, 2),
(121, 121, 3, 22, 2, 2),
(122, 122, 4, 23, 1, 2),
(123, 123, 3, 23, 2, 2),
(124, 124, 4, 24, 1, 2),
(125, 125, 3, 24, 2, 2),
(126, 126, 1, 25, 1, 2),
(127, 127, 2, 25, 1, 2),
(128, 128, 4, 25, 1, 2),
(129, 129, 6, 25, 1, 2),
(130, 130, 7, 25, 1, 2),
(131, 131, 8, 25, 1, 2),
(132, 132, 4, 25, 2, 2),
(133, 133, 3, 25, 3, 2),
(134, 134, 4, 25, 4, 2),
(135, 135, 1, 26, 1, 2),
(136, 136, 2, 26, 1, 2),
(137, 137, 4, 26, 1, 2),
(138, 138, 6, 26, 1, 2),
(139, 139, 7, 26, 1, 2),
(140, 140, 8, 26, 1, 2),
(141, 141, 3, 26, 2, 2),
(142, 142, 1, 27, 1, 2),
(143, 143, 2, 27, 1, 2),
(144, 144, 4, 27, 1, 2),
(145, 145, 6, 27, 1, 2),
(146, 146, 7, 27, 1, 2),
(147, 147, 8, 27, 1, 2),
(148, 148, 3, 27, 2, 2),
(149, 149, 1, 28, 1, 2),
(150, 150, 2, 28, 1, 2),
(151, 151, 5, 28, 1, 2),
(152, 152, 6, 28, 1, 2),
(153, 153, 7, 28, 1, 2),
(154, 154, 5, 28, 2, 2),
(155, 155, 3, 28, 3, 2),
(156, 156, 1, 29, 1, 2),
(157, 157, 2, 29, 1, 2),
(158, 158, 5, 29, 1, 2),
(159, 159, 6, 29, 1, 2),
(160, 160, 7, 29, 1, 2),
(161, 161, 5, 29, 2, 2),
(162, 162, 3, 29, 3, 2),
(163, 163, 1, 30, 1, 2),
(164, 164, 2, 30, 1, 2),
(165, 165, 6, 30, 1, 2),
(166, 166, 7, 30, 1, 2),
(167, 167, 5, 30, 2, 2),
(168, 168, 1, 31, 1, 2),
(169, 169, 2, 31, 1, 2),
(170, 170, 5, 31, 1, 2),
(171, 171, 6, 31, 1, 2),
(172, 172, 7, 31, 1, 2),
(173, 173, 3, 31, 2, 2),
(174, 174, 5, 31, 3, 2),
(175, 175, 5, 32, 1, 2),
(176, 176, 6, 32, 1, 2),
(177, 177, 7, 32, 1, 2),
(178, 178, 3, 32, 2, 2),
(179, 179, 5, 32, 3, 2),
(180, 180, 4, 33, 1, 2),
(181, 181, 3, 33, 2, 2),
(182, 182, 1, 34, 1, 2),
(183, 183, 2, 34, 1, 2),
(184, 184, 6, 34, 1, 2),
(185, 185, 7, 34, 1, 2),
(186, 186, 12, 34, 1, 2),
(187, 187, 3, 34, 2, 2),
(188, 188, 6, 34, 3, 2),
(189, 189, 4, 35, 1, 2),
(190, 190, 6, 35, 2, 2),
(191, 191, 7, 35, 3, 2),
(192, 192, 4, 36, 1, 2),
(193, 193, 6, 36, 2, 2),
(194, 194, 3, 36, 3, 2),
(210, 210, 3, 40, 1, 2),
(211, 211, 7, 40, 2, 2),
(212, 212, 4, 40, 3, 2),
(213, 213, 4, 41, 1, 2),
(214, 214, 6, 41, 2, 2),
(215, 215, 7, 41, 3, 2),
(216, 216, 6, 41, 4, 2),
(217, 217, 1, 42, 1, 2),
(218, 218, 2, 42, 1, 2),
(219, 219, 3, 42, 1, 2),
(220, 220, 4, 42, 1, 2),
(221, 221, 6, 42, 1, 2),
(222, 222, 7, 42, 1, 2),
(223, 223, 12, 42, 1, 2),
(224, 224, 8, 42, 2, 2),
(225, 225, 3, 42, 3, 2),
(252, 252, 10, 50, 1, 2),
(253, 253, 3, 50, 2, 2),
(254, 254, 3, 51, 1, 2),
(255, 255, 10, 51, 2, 2),
(256, 256, 3, 51, 3, 2),
(257, 257, 3, 52, 1, 2),
(258, 258, 10, 52, 2, 2),
(259, 259, 9, 52, 3, 2),
(260, 260, 3, 52, 4, 2),
(261, 261, 3, 53, 1, 2),
(262, 262, 9, 53, 1, 2),
(379, 0, 8, 18, 2, 2),
(380, 0, 3, 49, 1, 2),
(381, 0, 10, 49, 2, 2),
(382, 0, 3, 49, 3, 2),
(383, 0, 1, 54, 1, 2),
(384, 0, 2, 54, 1, 2),
(385, 0, 3, 54, 1, 1),
(386, 0, 4, 54, 1, 2),
(387, 0, 6, 54, 1, 2),
(388, 0, 7, 54, 1, 2),
(389, 0, 12, 54, 1, 2),
(390, 0, 8, 54, 2, 2),
(391, 0, 3, 54, 3, 2);

-- --------------------------------------------------------

--
-- Table structure for table `sis_provincia`
--

CREATE TABLE IF NOT EXISTS `sis_provincia` (
  `id_sis_provincia` int(12) NOT NULL AUTO_INCREMENT,
  `orden` int(6) NOT NULL,
  `id_sis_pais` int(6) DEFAULT NULL,
  `provincia` varchar(100) DEFAULT NULL,
  PRIMARY KEY (`id_sis_provincia`)
) ENGINE=InnoDB  DEFAULT CHARSET=utf8 AUTO_INCREMENT=27 ;

--
-- Dumping data for table `sis_provincia`
--

INSERT INTO `sis_provincia` (`id_sis_provincia`, `orden`, `id_sis_pais`, `provincia`) VALUES
(1, 1, 1, 'Ciudad de Buenos Aires'),
(2, 2, 1, 'Provincia de Buenos Aires'),
(3, 3, 1, 'Catamarca'),
(4, 4, 1, 'Chaco'),
(5, 5, 1, 'Chubut'),
(6, 6, 1, 'Córdoba'),
(7, 7, 1, 'Corrientes'),
(8, 8, 1, 'Entre Ríos'),
(9, 9, 1, 'Formosa'),
(10, 10, 1, 'Jujuy'),
(11, 11, 1, 'La Pampa'),
(12, 12, 1, 'La Rioja'),
(13, 13, 1, 'Mendoza'),
(14, 14, 1, 'Misiones'),
(15, 15, 1, 'Neuquén'),
(16, 16, 1, 'Río Negro'),
(17, 17, 1, 'Salta'),
(18, 18, 1, 'San Juan'),
(19, 19, 1, 'San Luis'),
(20, 20, 1, 'Santa Cruz'),
(21, 21, 1, 'Santa Fe'),
(22, 22, 1, 'Santiago del Estero'),
(23, 23, 1, 'Tierra del Fuego, Antártida e Islas del Atlántico Sur'),
(24, 24, 1, 'Tucumán'),
(25, 0, 2, 'Rio de Janeiro'),
(26, 0, 2, 'Camboriu');

-- --------------------------------------------------------

--
-- Table structure for table `sis_relacion_asistente_cliente`
--

CREATE TABLE IF NOT EXISTS `sis_relacion_asistente_cliente` (
  `id_sis_relacion_asistente_cliente` int(6) NOT NULL AUTO_INCREMENT,
  `orden` int(6) NOT NULL,
  `id_cv_datos_personales` int(6) DEFAULT NULL,
  `id_ven_cliente` int(6) DEFAULT NULL,
  `activo` int(1) DEFAULT NULL,
  `fecha_alta` int(20) DEFAULT NULL,
  PRIMARY KEY (`id_sis_relacion_asistente_cliente`)
) ENGINE=InnoDB DEFAULT CHARSET=utf8 AUTO_INCREMENT=1 ;

-- --------------------------------------------------------

--
-- Table structure for table `sis_relacion_asistente_vendedor`
--

CREATE TABLE IF NOT EXISTS `sis_relacion_asistente_vendedor` (
  `id_sis_relacion_asistente_vendedor` int(6) NOT NULL AUTO_INCREMENT,
  `orden` int(6) NOT NULL,
  `id_cv_datos_personales_asistente` int(6) DEFAULT NULL,
  `id_cv_datos_personales_vendedor` int(6) DEFAULT NULL,
  `fecha_alta` int(20) DEFAULT NULL,
  `activo` int(1) DEFAULT NULL,
  PRIMARY KEY (`id_sis_relacion_asistente_vendedor`)
) ENGINE=InnoDB DEFAULT CHARSET=utf8 AUTO_INCREMENT=1 ;

-- --------------------------------------------------------

--
-- Table structure for table `sis_roles_usuarios`
--

CREATE TABLE IF NOT EXISTS `sis_roles_usuarios` (
  `id_sis_roles_usuarios` int(6) NOT NULL AUTO_INCREMENT,
  `orden` int(6) NOT NULL,
  `rol` varchar(50) DEFAULT NULL,
  PRIMARY KEY (`id_sis_roles_usuarios`)
) ENGINE=InnoDB  DEFAULT CHARSET=utf8 AUTO_INCREMENT=4 ;

--
-- Dumping data for table `sis_roles_usuarios`
--

INSERT INTO `sis_roles_usuarios` (`id_sis_roles_usuarios`, `orden`, `rol`) VALUES
(1, 1, 'Responsable del area'),
(2, 2, 'Usuario'),
(3, 3, 'No autorizado');

-- --------------------------------------------------------

--
-- Table structure for table `tra_aprobacion_consolidaciones_proc`
--

CREATE TABLE IF NOT EXISTS `tra_aprobacion_consolidaciones_proc` (
  `id_tra_aprobacion_consolidaciones_proc` int(6) NOT NULL AUTO_INCREMENT,
  `orden` int(6) NOT NULL,
  PRIMARY KEY (`id_tra_aprobacion_consolidaciones_proc`)
) ENGINE=InnoDB DEFAULT CHARSET=utf8 AUTO_INCREMENT=1 ;

-- --------------------------------------------------------

--
-- Table structure for table `tra_aprob_consolidaciones`
--

CREATE TABLE IF NOT EXISTS `tra_aprob_consolidaciones` (
  `id_tra_aprob_consolidaciones` int(12) NOT NULL AUTO_INCREMENT,
  `orden` int(6) NOT NULL,
  `id_ven_cliente_contacto` int(6) DEFAULT NULL,
  `fecha` int(20) DEFAULT NULL,
  `hora` varchar(20) DEFAULT NULL,
  `empresa` varchar(200) DEFAULT NULL,
  `contacto` varchar(200) DEFAULT NULL,
  `telefono` varchar(200) DEFAULT NULL,
  `mail` varchar(200) DEFAULT NULL,
  `direccion` longtext,
  `observaciones` longtext,
  `id_tra_aprob_consolidaciones_proc` int(6) DEFAULT NULL,
  PRIMARY KEY (`id_tra_aprob_consolidaciones`)
) ENGINE=InnoDB DEFAULT CHARSET=utf8 AUTO_INCREMENT=1 ;

-- --------------------------------------------------------

--
-- Table structure for table `tra_aprob_consolidaciones_proc`
--

CREATE TABLE IF NOT EXISTS `tra_aprob_consolidaciones_proc` (
  `id_tra_aprob_consolidaciones_proc` int(6) NOT NULL AUTO_INCREMENT,
  `orden` int(6) NOT NULL,
  `id_tra_aprob_consolidaciones` int(6) DEFAULT NULL,
  `id_sis_procesos_flujos_dias` int(6) DEFAULT NULL,
  `id_cv_datos_personales` int(6) DEFAULT NULL,
  `id_relacionado` int(6) DEFAULT NULL,
  `fecha_alta` int(20) DEFAULT NULL,
  `comentario` longtext,
  PRIMARY KEY (`id_tra_aprob_consolidaciones_proc`)
) ENGINE=InnoDB DEFAULT CHARSET=utf8 AUTO_INCREMENT=1 ;

-- --------------------------------------------------------

--
-- Table structure for table `tra_carga_mercaderia_transito`
--

CREATE TABLE IF NOT EXISTS `tra_carga_mercaderia_transito` (
  `id_tra_carga_mercaderia_transito` int(6) NOT NULL AUTO_INCREMENT,
  `orden` int(6) NOT NULL,
  `id_tra_carga_mercaderia_transito_proc` int(6) DEFAULT NULL,
  `observaciones` varchar(200) DEFAULT NULL,
  PRIMARY KEY (`id_tra_carga_mercaderia_transito`)
) ENGINE=InnoDB DEFAULT CHARSET=utf8 AUTO_INCREMENT=1 ;

-- --------------------------------------------------------

--
-- Table structure for table `tra_carga_mercaderia_transito_proc`
--

CREATE TABLE IF NOT EXISTS `tra_carga_mercaderia_transito_proc` (
  `id_tra_carga_mercaderia_transito_proc` int(6) NOT NULL AUTO_INCREMENT,
  `orden` int(6) NOT NULL,
  `id_tra_carga_mercaderia_transito` int(6) DEFAULT NULL,
  `id_sis_procesos_flujos_dias` int(6) DEFAULT NULL,
  `id_cv_datos_personales` int(6) DEFAULT NULL,
  `id_relacionado` int(6) DEFAULT NULL,
  `fecha_alta` int(20) DEFAULT NULL,
  `comentario` longtext,
  PRIMARY KEY (`id_tra_carga_mercaderia_transito_proc`)
) ENGINE=InnoDB DEFAULT CHARSET=utf8 AUTO_INCREMENT=1 ;

-- --------------------------------------------------------

--
-- Table structure for table `tra_packing_list`
--

CREATE TABLE IF NOT EXISTS `tra_packing_list` (
  `id_tra_packing_list` int(6) NOT NULL AUTO_INCREMENT,
  `orden` int(6) NOT NULL,
  PRIMARY KEY (`id_tra_packing_list`)
) ENGINE=InnoDB DEFAULT CHARSET=utf8 AUTO_INCREMENT=1 ;

-- --------------------------------------------------------

--
-- Table structure for table `ven_analisis_riesgo_crediticio`
--

CREATE TABLE IF NOT EXISTS `ven_analisis_riesgo_crediticio` (
  `id_ven_analisis_riesgo_crediticio` int(12) NOT NULL AUTO_INCREMENT,
  `orden` int(6) NOT NULL,
  `id_ven_cliente_contacto` int(6) DEFAULT NULL,
  `asunto` varchar(200) DEFAULT NULL,
  `detalle` longtext,
  `archivo_pacto_social` longtext,
  `archivo_certificado_registro_p` longtext,
  `archivo_certificado_incumb` longtext,
  `archivo_referencias_bancarias` longtext,
  `archivo_referencias_com` longtext,
  `archivo_autorizaciones` longtext,
  `archivo_contrato_credito` longtext,
  `id_ven_analisis_riesgo_crediticio_proc` int(6) DEFAULT NULL,
  PRIMARY KEY (`id_ven_analisis_riesgo_crediticio`)
) ENGINE=InnoDB DEFAULT CHARSET=utf8 AUTO_INCREMENT=1 ;

-- --------------------------------------------------------

--
-- Table structure for table `ven_analisis_riesgo_crediticio_proc`
--

CREATE TABLE IF NOT EXISTS `ven_analisis_riesgo_crediticio_proc` (
  `id_ven_analisis_riesgo_crediticio_proc` int(6) NOT NULL AUTO_INCREMENT,
  `orden` int(6) NOT NULL,
  `id_ven_analisis_riesgo_crediticio` int(11) NOT NULL,
  `id_sis_procesos_flujos_dias` int(11) NOT NULL,
  PRIMARY KEY (`id_ven_analisis_riesgo_crediticio_proc`)
) ENGINE=InnoDB DEFAULT CHARSET=utf8 AUTO_INCREMENT=1 ;

-- --------------------------------------------------------

--
-- Table structure for table `ven_cliente`
--

CREATE TABLE IF NOT EXISTS `ven_cliente` (
  `id_ven_cliente` int(6) NOT NULL AUTO_INCREMENT,
  `orden` int(6) NOT NULL,
  `empresa` varchar(100) DEFAULT NULL,
  `sitio_web` varchar(200) DEFAULT NULL,
  `identificacion_tributaria` varchar(50) DEFAULT NULL,
  `id_sis_provincia` int(6) DEFAULT NULL,
  `telefono` varchar(200) DEFAULT NULL,
  `mail_solicitante` varchar(200) DEFAULT NULL,
  `usuario` varchar(50) DEFAULT NULL,
  `clave` varchar(40) DEFAULT NULL,
  `observaciones` longtext,
  `habilitado` int(1) DEFAULT NULL,
  `id_ven_lista_precios` int(6) DEFAULT NULL,
  `comentario` longtext,
  `id_ven_cliente_proc` int(6) DEFAULT NULL,
  PRIMARY KEY (`id_ven_cliente`)
) ENGINE=InnoDB  DEFAULT CHARSET=utf8 AUTO_INCREMENT=4 ;

--
-- Dumping data for table `ven_cliente`
--

INSERT INTO `ven_cliente` (`id_ven_cliente`, `orden`, `empresa`, `sitio_web`, `identificacion_tributaria`, `id_sis_provincia`, `telefono`, `mail_solicitante`, `usuario`, `clave`, `observaciones`, `habilitado`, `id_ven_lista_precios`, `comentario`, `id_ven_cliente_proc`) VALUES
(1, 1, 'kirke', 'kirke', 'kirke', NULL, 'kirke', 'kirke@kirke.ws', 'kirke', 'e4afca97a13bd913ad0627a5ffc48d01', NULL, 0, NULL, NULL, NULL),
(2, 2, 'pepe SA', NULL, NULL, 3, NULL, 'jsjs@pepe.com', 'juampa', NULL, NULL, 1, NULL, NULL, NULL),
(3, 3, 'LIFTING SRL', NULL, NULL, 7, NULL, 'jsjs@pepe.com', 'Carlos', NULL, NULL, 1, NULL, NULL, NULL);

-- --------------------------------------------------------

--
-- Table structure for table `ven_cliente_contacto`
--

CREATE TABLE IF NOT EXISTS `ven_cliente_contacto` (
  `id_ven_cliente_contacto` int(6) NOT NULL AUTO_INCREMENT,
  `orden` int(6) NOT NULL,
  `nombre` varchar(200) DEFAULT NULL,
  `apellido` varchar(200) DEFAULT NULL,
  `id_ven_cliente_sucursales` int(6) DEFAULT NULL,
  `mail` varchar(200) DEFAULT NULL,
  `telefono` varchar(200) DEFAULT NULL,
  `celular` varchar(200) DEFAULT NULL,
  `sector` varchar(100) DEFAULT NULL,
  `puesto` varchar(100) DEFAULT NULL,
  `usuario` varchar(20) DEFAULT NULL,
  `clave` varchar(20) DEFAULT NULL,
  PRIMARY KEY (`id_ven_cliente_contacto`)
) ENGINE=InnoDB  DEFAULT CHARSET=utf8 AUTO_INCREMENT=5 ;

--
-- Dumping data for table `ven_cliente_contacto`
--

INSERT INTO `ven_cliente_contacto` (`id_ven_cliente_contacto`, `orden`, `nombre`, `apellido`, `id_ven_cliente_sucursales`, `mail`, `telefono`, `celular`, `sector`, `puesto`, `usuario`, `clave`) VALUES
(1, 1, 'kirke', 'kirke', 2, 'kirke@kirke.ws', 'kirke', NULL, '1', NULL, NULL, NULL),
(2, 0, 'juan pablo', 'sousass', 4, NULL, '4983.9288', NULL, NULL, NULL, 'juampa', 'juampa'),
(3, 0, 'pepito', 'florenze', 2, NULL, NULL, NULL, NULL, NULL, NULL, NULL),
(4, 0, 'pepepepep', 'apellidododod', 1, NULL, NULL, NULL, NULL, NULL, NULL, NULL);

-- --------------------------------------------------------

--
-- Table structure for table `ven_cliente_proc`
--

CREATE TABLE IF NOT EXISTS `ven_cliente_proc` (
  `id_ven_cliente_proc` int(6) NOT NULL AUTO_INCREMENT,
  `orden` int(6) NOT NULL,
  `id_ven_cliente` int(6) DEFAULT NULL,
  `id_sis_procesos_flujos_dias` int(6) DEFAULT NULL,
  `id_cv_datos_personales` int(6) DEFAULT NULL,
  `id_relacionado` int(6) DEFAULT NULL,
  `fecha_alta` int(20) DEFAULT NULL,
  `comentario` longtext,
  PRIMARY KEY (`id_ven_cliente_proc`)
) ENGINE=InnoDB DEFAULT CHARSET=utf8 AUTO_INCREMENT=1 ;

-- --------------------------------------------------------

--
-- Table structure for table `ven_cliente_sucursales`
--

CREATE TABLE IF NOT EXISTS `ven_cliente_sucursales` (
  `id_ven_cliente_sucursales` int(6) NOT NULL AUTO_INCREMENT,
  `orden` int(6) NOT NULL,
  `id_ven_cliente` int(6) DEFAULT NULL,
  `nombre_sucursal` varchar(200) DEFAULT NULL,
  `direccion` longtext,
  `telefono` varchar(200) DEFAULT NULL,
  PRIMARY KEY (`id_ven_cliente_sucursales`)
) ENGINE=InnoDB  DEFAULT CHARSET=utf8 AUTO_INCREMENT=5 ;

--
-- Dumping data for table `ven_cliente_sucursales`
--

INSERT INTO `ven_cliente_sucursales` (`id_ven_cliente_sucursales`, `orden`, `id_ven_cliente`, `nombre_sucursal`, `direccion`, `telefono`) VALUES
(1, 0, 2, 'buenos aires sucursal', 'Bulnes 6563 ', NULL),
(2, 3, 3, 'La Rioja Sucursal', 'Esparta 6576', NULL),
(3, 5, 2, 'Chubut Sucursal', 'Los tomas 563, esquina Triunvirato', NULL),
(4, 4, 3, 'Coca Sucursal', 'Calle Rua 4376', NULL);

-- --------------------------------------------------------

--
-- Table structure for table `ven_lista_precios`
--

CREATE TABLE IF NOT EXISTS `ven_lista_precios` (
  `id_ven_lista_precios` int(6) NOT NULL AUTO_INCREMENT,
  `orden` int(6) NOT NULL,
  `nombre` varchar(50) DEFAULT NULL,
  `multiplicador` decimal(3,2) DEFAULT NULL,
  PRIMARY KEY (`id_ven_lista_precios`)
) ENGINE=InnoDB  DEFAULT CHARSET=utf8 AUTO_INCREMENT=4 ;

--
-- Dumping data for table `ven_lista_precios`
--

INSERT INTO `ven_lista_precios` (`id_ven_lista_precios`, `orden`, `nombre`, `multiplicador`) VALUES
(1, 1, 'Lista A', 1.10),
(2, 2, 'LIsta B', 1.00),
(3, 3, 'Lista C', 0.90);

-- --------------------------------------------------------

--
-- Table structure for table `ven_llamadas`
--

CREATE TABLE IF NOT EXISTS `ven_llamadas` (
  `id_ven_llamadas` int(6) NOT NULL AUTO_INCREMENT,
  `orden` int(6) NOT NULL,
  `id_ave_campania` int(6) DEFAULT NULL,
  `id_ven_cliente_contacto` int(6) DEFAULT NULL,
  `tipo_llamada` varchar(1) DEFAULT NULL,
  `prioridad` varchar(2) DEFAULT NULL,
  `fecha` int(20) DEFAULT NULL,
  `hora` varchar(20) DEFAULT NULL,
  `observaciones` longtext,
  `pedido_muestras` int(1) DEFAULT NULL,
  `orden_pedidos` int(1) DEFAULT NULL,
  `propuestas_com_presup` int(1) DEFAULT NULL,
  `alta_liente` int(1) DEFAULT NULL,
  `pedidos_arios_cliente` int(1) DEFAULT NULL,
  `recordar_temas_pendientes_d` decimal(2,0) DEFAULT NULL,
  `id_ven_llamadas_proc` int(6) DEFAULT NULL,
  PRIMARY KEY (`id_ven_llamadas`)
) ENGINE=InnoDB DEFAULT CHARSET=utf8 AUTO_INCREMENT=1 ;

-- --------------------------------------------------------

--
-- Table structure for table `ven_llamadas_proc`
--

CREATE TABLE IF NOT EXISTS `ven_llamadas_proc` (
  `id_ven_llamadas_proc` int(6) NOT NULL AUTO_INCREMENT,
  `orden` int(6) NOT NULL,
  `id_ven_llamadas` int(6) DEFAULT NULL,
  `id_sis_procesos_flujos_dias` int(6) DEFAULT NULL,
  `id_cv_datos_personales` int(6) DEFAULT NULL,
  `id_relacionado` int(6) DEFAULT NULL,
  `fecha_alta` int(20) DEFAULT NULL,
  `comentario` longtext,
  PRIMARY KEY (`id_ven_llamadas_proc`)
) ENGINE=InnoDB DEFAULT CHARSET=utf8 AUTO_INCREMENT=1 ;

-- --------------------------------------------------------

--
-- Table structure for table `ven_llamadas_temas`
--

CREATE TABLE IF NOT EXISTS `ven_llamadas_temas` (
  `id_ven_llamadas_temas` int(6) NOT NULL AUTO_INCREMENT,
  `orden` int(6) NOT NULL,
  `id_ven_llamadas_proc` int(6) DEFAULT NULL,
  `activo` int(1) DEFAULT NULL,
  `tema` longtext,
  `tema_tocado` int(1) DEFAULT NULL,
  PRIMARY KEY (`id_ven_llamadas_temas`)
) ENGINE=InnoDB DEFAULT CHARSET=utf8 AUTO_INCREMENT=1 ;

-- --------------------------------------------------------

--
-- Table structure for table `ven_orden_pedidos`
--

CREATE TABLE IF NOT EXISTS `ven_orden_pedidos` (
  `id_ven_orden_pedidos` int(12) NOT NULL AUTO_INCREMENT,
  `orden` int(6) NOT NULL,
  `id_ven_cliente_sucursales` int(6) DEFAULT NULL,
  `fecha_alta` int(20) DEFAULT NULL,
  `habilitado` int(1) DEFAULT NULL,
  `observacion` longtext,
  `id_ven_orden_pedidos_proc` int(6) DEFAULT NULL,
  `id_cv_datos_personales` int(6) DEFAULT NULL,
  `id_ven_visitas_de_clientes` int(6) DEFAULT NULL,
  PRIMARY KEY (`id_ven_orden_pedidos`)
) ENGINE=InnoDB  DEFAULT CHARSET=utf8 AUTO_INCREMENT=20 ;

--
-- Dumping data for table `ven_orden_pedidos`
--

INSERT INTO `ven_orden_pedidos` (`id_ven_orden_pedidos`, `orden`, `id_ven_cliente_sucursales`, `fecha_alta`, `habilitado`, `observacion`, `id_ven_orden_pedidos_proc`, `id_cv_datos_personales`, `id_ven_visitas_de_clientes`) VALUES
(1, 1, 0, 1358265214, 1, 'sdfgsdfg', NULL, NULL, NULL),
(2, 0, NULL, NULL, NULL, NULL, 1, NULL, NULL),
(3, 0, NULL, NULL, NULL, NULL, 2, NULL, NULL),
(4, 0, NULL, NULL, NULL, NULL, 3, NULL, NULL),
(5, 0, NULL, NULL, NULL, NULL, 4, NULL, NULL),
(6, 0, NULL, NULL, NULL, NULL, 5, NULL, NULL),
(7, 0, 2, NULL, NULL, 'ssss', 6, 99901, NULL),
(8, 0, 2, NULL, 1, 'sdcsdf', 7, 99901, NULL),
(9, 0, 3, NULL, 1, 'pepe n', 8, 99901, NULL),
(10, 0, 1, NULL, 1, 'dfdfd', 9, 99901, NULL),
(11, 0, 1, NULL, 1, 'sd', 10, 99901, NULL),
(12, 0, 1, NULL, 1, 'sdsdsd', 11, 99901, NULL),
(13, 0, 2, NULL, 1, 'peped1', 12, 99901, NULL),
(14, 0, 1, NULL, 1, 'dd1', 13, 99901, NULL),
(15, 0, 1, NULL, 1, 'dd1', 14, 99901, NULL),
(16, 0, 1, NULL, 1, 'ssdddfdf', 15, 99901, NULL),
(17, 0, 2, NULL, 1, 'pepepe', 16, 99901, NULL),
(18, 0, 1, NULL, 1, 'asdf', 18, 99901, NULL),
(19, 0, 1, NULL, 1, 'observaciones de esta lista', 20, 99901, NULL);

-- --------------------------------------------------------

--
-- Table structure for table `ven_orden_pedidos_proc`
--

CREATE TABLE IF NOT EXISTS `ven_orden_pedidos_proc` (
  `id_ven_orden_pedidos_proc` int(6) NOT NULL AUTO_INCREMENT,
  `orden` int(6) NOT NULL,
  `id_ven_orden_pedidos` int(6) DEFAULT NULL,
  `id_sis_procesos_flujos_dias` int(6) DEFAULT NULL,
  `id_cv_datos_personales` int(6) DEFAULT NULL,
  `id_relacionado` int(6) DEFAULT NULL,
  `fecha_alta` int(20) DEFAULT NULL,
  `comentario` longtext,
  PRIMARY KEY (`id_ven_orden_pedidos_proc`)
) ENGINE=InnoDB  DEFAULT CHARSET=utf8 AUTO_INCREMENT=23 ;

--
-- Dumping data for table `ven_orden_pedidos_proc`
--

INSERT INTO `ven_orden_pedidos_proc` (`id_ven_orden_pedidos_proc`, `orden`, `id_ven_orden_pedidos`, `id_sis_procesos_flujos_dias`, `id_cv_datos_personales`, `id_relacionado`, `fecha_alta`, `comentario`) VALUES
(1, 0, 2, 27, 99901, NULL, 1369450800, NULL),
(2, 0, 3, 27, 99901, NULL, 1369450800, NULL),
(3, 0, 4, 27, 99901, NULL, 1369450800, NULL),
(4, 0, 5, 27, 99901, NULL, 1369450800, NULL),
(5, 0, 6, 27, 99901, NULL, 1369450800, NULL),
(6, 0, 7, 27, 99901, NULL, 1369450800, NULL),
(7, 0, 8, 27, 99901, NULL, 1369450800, NULL),
(8, 0, 9, 27, 99901, NULL, 1369450800, NULL),
(9, 0, 10, 27, 99901, NULL, 1369450800, NULL),
(10, 0, 11, 27, 99901, NULL, 1369450800, NULL),
(11, 0, 12, 27, 99901, NULL, 1369450800, NULL),
(12, 0, 13, 27, 99901, NULL, 1369537200, NULL),
(13, 0, 14, 27, 99901, NULL, 1369537200, NULL),
(14, 0, 15, 27, 99901, NULL, 1369537200, NULL),
(15, 0, 16, 27, 99901, NULL, 1369537200, NULL),
(16, 0, 17, 27, 99901, NULL, 1369623600, NULL),
(17, 0, 17, 26, NULL, NULL, NULL, NULL),
(18, 0, 18, 27, 99901, NULL, 1369623600, NULL),
(19, 0, 18, 26, NULL, NULL, NULL, NULL),
(20, 0, 19, 27, 99901, NULL, 1369623600, NULL),
(21, 0, 19, 26, 99902, NULL, 1369623600, 'oka'),
(22, 0, 19, 28, NULL, NULL, NULL, NULL);

-- --------------------------------------------------------

--
-- Table structure for table `ven_orden_pedidos_prod`
--

CREATE TABLE IF NOT EXISTS `ven_orden_pedidos_prod` (
  `id_ven_orden_pedidos_prod` int(12) NOT NULL AUTO_INCREMENT,
  `orden` int(6) NOT NULL,
  `id_pro_productos` int(6) DEFAULT NULL,
  `cantidad` int(4) DEFAULT NULL,
  `precio` decimal(12,2) DEFAULT NULL,
  `habilitado` int(1) DEFAULT NULL,
  `fecha_alta` int(20) DEFAULT NULL,
  `activo` int(1) DEFAULT NULL,
  `id_ven_orden_pedidos_proc` int(6) DEFAULT NULL,
  PRIMARY KEY (`id_ven_orden_pedidos_prod`)
) ENGINE=InnoDB  DEFAULT CHARSET=utf8 AUTO_INCREMENT=14 ;

--
-- Dumping data for table `ven_orden_pedidos_prod`
--

INSERT INTO `ven_orden_pedidos_prod` (`id_ven_orden_pedidos_prod`, `orden`, `id_pro_productos`, `cantidad`, `precio`, `habilitado`, `fecha_alta`, `activo`, `id_ven_orden_pedidos_proc`) VALUES
(1, 1, 0, 2323, 2323.23, 1, 1358265242, NULL, NULL),
(2, 0, 2, 3, 22.50, 1, 1369537200, 1, 12),
(3, 0, 2, 3, 22.50, 1, 1369537200, 1, 15),
(4, 0, 3, 2, 88.50, 1, 1369537200, 1, 15),
(5, 0, 2, 100, 23.00, 1, 1369623600, 1, 16),
(6, 0, 3, 4, 88.50, 1, 1369623600, 1, 16),
(7, 0, 3, 2, 88.50, 1, 1369623600, 1, 16),
(8, 0, 2, 10, 22.50, 1, 1369623600, 0, 18),
(9, 0, 3, 20, 88.50, 1, 1369623600, 1, 18),
(10, 0, 2, 10, 22.50, 1, 1369623600, 0, 18),
(11, 0, 3, 10, 88.50, 1, 1369623600, 1, 20),
(12, 0, 2, 20, 22.50, 1, 1369623600, 0, 20),
(13, 0, 2, 40, 22.50, 1, 1369623600, 1, 20);

-- --------------------------------------------------------

--
-- Table structure for table `ven_pedidos_varios_clientes`
--

CREATE TABLE IF NOT EXISTS `ven_pedidos_varios_clientes` (
  `id_ven_pedidos_varios_clientes` int(6) NOT NULL AUTO_INCREMENT,
  `orden` int(6) NOT NULL,
  `id_ven_cliente_contacto` int(6) DEFAULT NULL,
  `asunto` varchar(200) DEFAULT NULL,
  `pedido` longtext,
  `id_ven_pedidos_varios_clientes_proc` int(6) DEFAULT NULL,
  PRIMARY KEY (`id_ven_pedidos_varios_clientes`)
) ENGINE=InnoDB  DEFAULT CHARSET=utf8 AUTO_INCREMENT=10 ;

--
-- Dumping data for table `ven_pedidos_varios_clientes`
--

INSERT INTO `ven_pedidos_varios_clientes` (`id_ven_pedidos_varios_clientes`, `orden`, `id_ven_cliente_contacto`, `asunto`, `pedido`, `id_ven_pedidos_varios_clientes_proc`) VALUES
(1, 0, NULL, 'que', 'pasó ?', 1),
(2, 0, NULL, 'uno', 'dos', 2),
(3, 0, NULL, 'yes', 'no', 3),
(4, 0, NULL, 'heheheasd', 'asdasdsad', 4),
(5, 0, NULL, 'asunto uno', 'pedido uno new', 5),
(6, 0, NULL, 'sdsd', 'sdsd new', 6),
(7, 0, NULL, 'comeinnnn', 'pedidodo', 0),
(8, 0, NULL, 'asdasd', 'qwdsad', 15),
(9, 0, 2, 'wef', 'wefwef', 0);

-- --------------------------------------------------------

--
-- Table structure for table `ven_pedidos_varios_clientes_arch`
--

CREATE TABLE IF NOT EXISTS `ven_pedidos_varios_clientes_arch` (
  `id_ven_pedidos_varios_clientes_arch` int(6) NOT NULL AUTO_INCREMENT,
  `orden` int(6) NOT NULL,
  `id_ven_pedidos_varios_clientes_proc` int(6) DEFAULT NULL,
  `activo` int(1) DEFAULT NULL,
  `archivo` longtext,
  PRIMARY KEY (`id_ven_pedidos_varios_clientes_arch`)
) ENGINE=InnoDB  DEFAULT CHARSET=utf8 AUTO_INCREMENT=19 ;

--
-- Dumping data for table `ven_pedidos_varios_clientes_arch`
--

INSERT INTO `ven_pedidos_varios_clientes_arch` (`id_ven_pedidos_varios_clientes_arch`, `orden`, `id_ven_pedidos_varios_clientes_proc`, `activo`, `archivo`) VALUES
(1, 0, 3, 1, '_1_F1404.png'),
(2, 0, 3, 1, '_2_Sql(1).pdf'),
(3, 0, -10, 1, '_3_CPP_CLI_tutorial.pdf'),
(4, 0, 4, 1, '_4_Traducciones.odt'),
(5, 0, 4, 1, '_5_F1404.png'),
(6, 0, 5, 1, '_6_Traducciones.odt'),
(7, 0, 6, 0, '_7_F1404.png'),
(8, 0, 6, 0, '_8_Traducciones.odt'),
(9, 0, 6, 1, '_9_Traducciones.odt'),
(10, 0, 6, 0, '_10_F1404.png'),
(11, 0, 6, 1, '_11_F1404.png'),
(12, 0, 6, 1, '_12_CPP_CLI_tutorial.pdf'),
(13, 0, 6, 1, '_13_F1404.png'),
(14, 0, 6, 1, '_14_Sql(1).pdf'),
(15, 0, 11, 1, '_15_Traducciones.odt'),
(16, 0, 15, 0, '_16_Traducciones.odt'),
(17, 0, 17, 1, '_17_Traducciones.odt'),
(18, 0, 17, 1, '_18_F1404.png');

-- --------------------------------------------------------

--
-- Table structure for table `ven_pedidos_varios_clientes_proc`
--

CREATE TABLE IF NOT EXISTS `ven_pedidos_varios_clientes_proc` (
  `id_ven_pedidos_varios_clientes_proc` int(6) NOT NULL AUTO_INCREMENT,
  `orden` int(6) NOT NULL,
  `id_ven_pedidos_varios_clientes` int(6) DEFAULT NULL,
  `id_sis_procesos_flujos_dias` int(6) DEFAULT NULL,
  `id_cv_datos_personales` int(6) DEFAULT NULL,
  `id_relacionado` int(6) DEFAULT NULL,
  `fecha_alta` int(20) DEFAULT NULL,
  `comentario` longtext,
  PRIMARY KEY (`id_ven_pedidos_varios_clientes_proc`)
) ENGINE=InnoDB  DEFAULT CHARSET=utf8 AUTO_INCREMENT=21 ;

--
-- Dumping data for table `ven_pedidos_varios_clientes_proc`
--

INSERT INTO `ven_pedidos_varios_clientes_proc` (`id_ven_pedidos_varios_clientes_proc`, `orden`, `id_ven_pedidos_varios_clientes`, `id_sis_procesos_flujos_dias`, `id_cv_datos_personales`, `id_relacionado`, `fecha_alta`, `comentario`) VALUES
(1, 0, 1, 54, 99912, NULL, 1368586800, NULL),
(2, 0, 2, 54, 99912, NULL, 1368586800, NULL),
(3, 0, 3, 54, 99912, NULL, 1368586800, NULL),
(4, 0, 4, 54, 99912, NULL, 1368586800, NULL),
(5, 0, 5, 54, 99912, NULL, 1368586800, NULL),
(6, 0, 6, 54, 99912, NULL, 1368586800, NULL),
(7, 0, 6, 55, 99901, 6, 1368586800, 'vuelvo atras'),
(8, 0, 6, 54, 99912, NULL, 1368586800, 'oka ahora si'),
(9, 0, 6, 55, 99901, NULL, 1368586800, 'oka'),
(10, 0, 6, 57, NULL, NULL, NULL, NULL),
(11, 0, 7, 54, 99912, NULL, 1368586800, NULL),
(12, 0, 7, 55, 99901, NULL, 1368586800, 'oka siga'),
(13, 0, 7, 57, 99901, NULL, 1368586800, 'siga siga'),
(14, 0, 7, 58, 99912, NULL, 1368586800, 'oka'),
(15, 0, 8, 54, 99912, NULL, 1368586800, NULL),
(16, 0, 8, 55, NULL, NULL, NULL, NULL),
(17, 0, 9, 54, -100, NULL, 1369278000, NULL),
(18, 0, 9, 56, 99902, NULL, 1369278000, 'pepito'),
(19, 0, 9, 57, 99901, NULL, 1369278000, 'gaby querido, que hacemos'),
(20, 0, 9, 58, -100, NULL, 1369278000, 'perfecto cirero');

-- --------------------------------------------------------

--
-- Table structure for table `ven_pedido_muestra`
--

CREATE TABLE IF NOT EXISTS `ven_pedido_muestra` (
  `id_ven_pedido_muestra` int(6) NOT NULL AUTO_INCREMENT,
  `orden` int(6) NOT NULL,
  `id_ven_cliente` int(6) DEFAULT NULL,
  `id_ven_pedido_muestra_proc` int(6) DEFAULT NULL,
  PRIMARY KEY (`id_ven_pedido_muestra`)
) ENGINE=InnoDB DEFAULT CHARSET=utf8 AUTO_INCREMENT=1 ;

-- --------------------------------------------------------

--
-- Table structure for table `ven_pedido_muestra_proc`
--

CREATE TABLE IF NOT EXISTS `ven_pedido_muestra_proc` (
  `id_ven_pedido_muestra_proc` int(12) NOT NULL AUTO_INCREMENT,
  `orden` int(6) NOT NULL,
  `id_ven_pedido_muestra` int(6) DEFAULT NULL,
  `id_sis_procesos_flujos_dias` int(6) DEFAULT NULL,
  `id_cv_datos_personales` int(6) DEFAULT NULL,
  `id_relacionado` int(6) DEFAULT NULL,
  `fecha_alta` int(20) DEFAULT NULL,
  `comentario` longtext,
  PRIMARY KEY (`id_ven_pedido_muestra_proc`)
) ENGINE=InnoDB DEFAULT CHARSET=utf8 AUTO_INCREMENT=1 ;

-- --------------------------------------------------------

--
-- Table structure for table `ven_pedido_muestra_prod`
--

CREATE TABLE IF NOT EXISTS `ven_pedido_muestra_prod` (
  `id_ven_pedido_muestra_prod` int(6) NOT NULL AUTO_INCREMENT,
  `orden` int(6) NOT NULL,
  `id_ven_pedido_muestra_proc` int(6) DEFAULT NULL,
  `activo` int(1) DEFAULT NULL,
  `id_pro_producto` int(6) DEFAULT NULL,
  `cantidad` int(4) DEFAULT NULL,
  PRIMARY KEY (`id_ven_pedido_muestra_prod`)
) ENGINE=InnoDB DEFAULT CHARSET=utf8 AUTO_INCREMENT=1 ;

-- --------------------------------------------------------

--
-- Table structure for table `ven_pedido_muestra_stock`
--

CREATE TABLE IF NOT EXISTS `ven_pedido_muestra_stock` (
  `id_ven_pedido_muestra_stock` int(6) NOT NULL AUTO_INCREMENT,
  `orden` int(6) NOT NULL,
  `id_pro_producto` int(6) DEFAULT NULL,
  `cantidad` int(3) DEFAULT NULL,
  `id_cv_datos_personales` int(6) DEFAULT NULL,
  PRIMARY KEY (`id_ven_pedido_muestra_stock`)
) ENGINE=InnoDB DEFAULT CHARSET=utf8 AUTO_INCREMENT=1 ;

-- --------------------------------------------------------

--
-- Table structure for table `ven_pedido_precio_credito`
--

CREATE TABLE IF NOT EXISTS `ven_pedido_precio_credito` (
  `id_ven_pedido_precio_credito` int(6) NOT NULL AUTO_INCREMENT,
  `orden` int(6) NOT NULL,
  `id_ven_cliente_contacto` int(6) DEFAULT NULL,
  `pedido` longtext,
  `id_ven_pedido_precio_credito_proc` int(6) DEFAULT NULL,
  PRIMARY KEY (`id_ven_pedido_precio_credito`)
) ENGINE=InnoDB  DEFAULT CHARSET=utf8 AUTO_INCREMENT=13 ;

--
-- Dumping data for table `ven_pedido_precio_credito`
--

INSERT INTO `ven_pedido_precio_credito` (`id_ven_pedido_precio_credito`, `orden`, `id_ven_cliente_contacto`, `pedido`, `id_ven_pedido_precio_credito_proc`) VALUES
(1, 0, NULL, 'pepe', 1),
(2, 0, NULL, 'nuevo', 3),
(3, 0, NULL, 'pepe', 0),
(4, 0, NULL, 'pedo', 8),
(5, 0, NULL, 'pedoNEW', 9),
(6, 0, NULL, 'pedroNEW', 10),
(7, 0, NULL, 'dd', 11),
(8, 0, NULL, 'dddfdfwef', 12),
(9, 0, NULL, 'asdsdf', 13),
(10, 0, 1, 'sdfsdf', 14),
(11, 0, 2, 'sdfs', 16),
(12, 0, 1, 'este es el pedido', 0);

-- --------------------------------------------------------

--
-- Table structure for table `ven_pedido_precio_credito_arch`
--

CREATE TABLE IF NOT EXISTS `ven_pedido_precio_credito_arch` (
  `id_ven_pedido_precio_credito_arch` int(6) NOT NULL AUTO_INCREMENT,
  `orden` int(6) NOT NULL,
  `id_ven_pedido_precio_credito_proc` int(6) DEFAULT NULL,
  `activo` int(1) DEFAULT NULL,
  `archivo` longtext,
  PRIMARY KEY (`id_ven_pedido_precio_credito_arch`)
) ENGINE=InnoDB  DEFAULT CHARSET=utf8 AUTO_INCREMENT=16 ;

--
-- Dumping data for table `ven_pedido_precio_credito_arch`
--

INSERT INTO `ven_pedido_precio_credito_arch` (`id_ven_pedido_precio_credito_arch`, `orden`, `id_ven_pedido_precio_credito_proc`, `activo`, `archivo`) VALUES
(1, 0, 1, 1, '_1_CPP_CLI_tutorial.pdf'),
(2, 0, 1, 0, '_2_Traducciones.odt'),
(3, 0, 1, 1, '_3_F1404.png'),
(4, 0, 3, 0, '_4_F1404.png'),
(5, 0, 3, 0, '_5_Traducciones.odt'),
(6, 0, 4, 1, '_6_Sql(1).pdf'),
(7, 0, 4, 1, '_7_F1404.png'),
(8, 0, 12, 1, '_8_Traducciones.odt'),
(9, 0, 12, 1, '_9_Sql(1).pdf'),
(10, 0, 12, 1, '_10_F1404.png'),
(11, 0, 14, 0, '_11_F1404.png'),
(12, 0, 14, 1, '_12_Sql(1).pdf'),
(13, 0, 14, 1, '_13_Traducciones.odt'),
(14, 0, 18, 1, '_14_F1404.png'),
(15, 0, 18, 1, '_15_Traducciones.odt');

-- --------------------------------------------------------

--
-- Table structure for table `ven_pedido_precio_credito_proc`
--

CREATE TABLE IF NOT EXISTS `ven_pedido_precio_credito_proc` (
  `id_ven_pedido_precio_credito_proc` int(6) NOT NULL AUTO_INCREMENT,
  `orden` int(6) NOT NULL,
  `id_ven_pedido_precio_credito` int(6) DEFAULT NULL,
  `id_sis_procesos_flujos_dias` int(6) DEFAULT NULL,
  `id_cv_datos_personales` int(6) DEFAULT NULL,
  `id_relacionado` int(6) DEFAULT NULL,
  `fecha_alta` int(20) DEFAULT NULL,
  `comentario` longtext,
  PRIMARY KEY (`id_ven_pedido_precio_credito_proc`)
) ENGINE=InnoDB  DEFAULT CHARSET=utf8 AUTO_INCREMENT=20 ;

--
-- Dumping data for table `ven_pedido_precio_credito_proc`
--

INSERT INTO `ven_pedido_precio_credito_proc` (`id_ven_pedido_precio_credito_proc`, `orden`, `id_ven_pedido_precio_credito`, `id_sis_procesos_flujos_dias`, `id_cv_datos_personales`, `id_relacionado`, `fecha_alta`, `comentario`) VALUES
(1, 0, 1, 59, 99901, NULL, 1368586800, NULL),
(2, 0, 1, 61, NULL, NULL, NULL, NULL),
(3, 0, 2, 59, 99901, NULL, 1368586800, NULL),
(4, 0, 3, 59, 99901, NULL, 1368586800, NULL),
(5, 0, 3, 61, 99903, 4, 1368586800, 'habria que revisarlo.'),
(6, 0, 3, 59, 99901, NULL, 1368586800, 'oka, ya está controlado'),
(7, 0, 3, 61, 99903, NULL, 1368586800, 'perfecto lo cierro'),
(8, 0, 4, 59, 99901, NULL, 1369191600, NULL),
(9, 0, 5, 59, 99901, NULL, 1369191600, NULL),
(10, 0, 6, 59, 99901, NULL, 1369191600, NULL),
(11, 0, 7, 59, 99901, NULL, 1369191600, NULL),
(12, 0, 8, 59, 99901, NULL, 1369191600, NULL),
(13, 0, 9, 59, 99901, NULL, 1369191600, NULL),
(14, 0, 10, 59, 99901, NULL, 1369278000, NULL),
(15, 0, 10, 61, NULL, NULL, NULL, NULL),
(16, 0, 11, 59, 99901, NULL, 1369278000, NULL),
(17, 0, 11, 61, NULL, NULL, NULL, NULL),
(18, 0, 12, 59, 99901, NULL, 1369364400, NULL),
(19, 0, 12, 61, 99903, NULL, 1369364400, 'oka');

-- --------------------------------------------------------

--
-- Table structure for table `ven_propuestas_comerciales`
--

CREATE TABLE IF NOT EXISTS `ven_propuestas_comerciales` (
  `id_ven_propuestas_comerciales` int(6) NOT NULL AUTO_INCREMENT,
  `orden` int(6) NOT NULL,
  `id_ven_cliente_contacto` int(6) DEFAULT NULL,
  `asunto` varchar(200) DEFAULT NULL,
  `propuesta` longtext,
  `id_ven_propuestas_comerciales_proc` int(6) DEFAULT NULL,
  PRIMARY KEY (`id_ven_propuestas_comerciales`)
) ENGINE=InnoDB  DEFAULT CHARSET=utf8 AUTO_INCREMENT=4 ;

--
-- Dumping data for table `ven_propuestas_comerciales`
--

INSERT INTO `ven_propuestas_comerciales` (`id_ven_propuestas_comerciales`, `orden`, `id_ven_cliente_contacto`, `asunto`, `propuesta`, `id_ven_propuestas_comerciales_proc`) VALUES
(1, 0, NULL, 'asd', 'asdasd', 1),
(2, 0, 2, 'asunto', 'propuesta', -1),
(3, 0, 2, 'aunteli', 'propuestassss', 0);

-- --------------------------------------------------------

--
-- Table structure for table `ven_propuestas_comerciales_arch`
--

CREATE TABLE IF NOT EXISTS `ven_propuestas_comerciales_arch` (
  `id_ven_propuestas_comerciales_arch` int(6) NOT NULL AUTO_INCREMENT,
  `orden` int(6) NOT NULL,
  `id_ven_propuestas_comerciales_proc` int(6) DEFAULT NULL,
  `activo` int(1) DEFAULT NULL,
  `archivo` longtext,
  PRIMARY KEY (`id_ven_propuestas_comerciales_arch`)
) ENGINE=InnoDB  DEFAULT CHARSET=utf8 AUTO_INCREMENT=8 ;

--
-- Dumping data for table `ven_propuestas_comerciales_arch`
--

INSERT INTO `ven_propuestas_comerciales_arch` (`id_ven_propuestas_comerciales_arch`, `orden`, `id_ven_propuestas_comerciales_proc`, `activo`, `archivo`) VALUES
(1, 0, 2, NULL, NULL),
(2, 0, 2, 1, '_2_Sql(1).pdf'),
(3, 0, 2, 1, '_3_Sql(1).pdf'),
(4, 0, 4, NULL, NULL),
(5, 0, 4, 1, '_5_Traducciones.odt'),
(6, 0, 4, 1, '_6_F1404.png'),
(7, 0, 4, 1, '_7_Traducciones.odt');

-- --------------------------------------------------------

--
-- Table structure for table `ven_propuestas_comerciales_proc`
--

CREATE TABLE IF NOT EXISTS `ven_propuestas_comerciales_proc` (
  `id_ven_propuestas_comerciales_proc` int(6) NOT NULL AUTO_INCREMENT,
  `orden` int(6) NOT NULL,
  `id_ven_propuestas_comerciales` int(6) DEFAULT NULL,
  `id_sis_procesos_flujos_dias` int(6) DEFAULT NULL,
  `id_cv_datos_personales` int(6) DEFAULT NULL,
  `id_relacionado` int(6) DEFAULT NULL,
  `fecha_alta` int(20) DEFAULT NULL,
  `comentario` longtext,
  PRIMARY KEY (`id_ven_propuestas_comerciales_proc`)
) ENGINE=InnoDB  DEFAULT CHARSET=utf8 AUTO_INCREMENT=10 ;

--
-- Dumping data for table `ven_propuestas_comerciales_proc`
--

INSERT INTO `ven_propuestas_comerciales_proc` (`id_ven_propuestas_comerciales_proc`, `orden`, `id_ven_propuestas_comerciales`, `id_sis_procesos_flujos_dias`, `id_cv_datos_personales`, `id_relacionado`, `fecha_alta`, `comentario`) VALUES
(1, 0, 1, 39, -100, NULL, 1369364400, NULL),
(2, 0, 2, 39, -100, NULL, 1369364400, NULL),
(3, 0, 2, 40, 99901, NULL, 1369364400, 'tengo q desaprobar'),
(4, 0, 3, 39, -100, NULL, 1369364400, NULL),
(5, 0, 3, 40, 99901, NULL, 1369364400, 'okaaaaa'),
(6, 0, 3, 41, 99902, NULL, 1369364400, 'perfecto'),
(7, 0, 3, 42, 99903, NULL, 1369364400, 'sdfsdfsdfsdf'),
(8, 0, 3, 43, 99901, NULL, 1369364400, 'okaokaoa'),
(9, 0, 3, 44, -100, NULL, 1369364400, 'okoaa');

-- --------------------------------------------------------

--
-- Table structure for table `ven_rendicion_viaticos_viajes`
--

CREATE TABLE IF NOT EXISTS `ven_rendicion_viaticos_viajes` (
  `id_ven_rendicion_viaticos_viajes` int(6) NOT NULL AUTO_INCREMENT,
  `orden` int(6) NOT NULL,
  `fecha_inicio` int(20) DEFAULT NULL,
  `fecha_fin` int(20) DEFAULT NULL,
  `observaciones` longtext,
  `id_ven_rendicion_viaticos_viajes_proc` int(6) DEFAULT NULL,
  PRIMARY KEY (`id_ven_rendicion_viaticos_viajes`)
) ENGINE=InnoDB DEFAULT CHARSET=utf8 AUTO_INCREMENT=1 ;

-- --------------------------------------------------------

--
-- Table structure for table `ven_rendicion_viaticos_viajes_clientes`
--

CREATE TABLE IF NOT EXISTS `ven_rendicion_viaticos_viajes_clientes` (
  `id_ven_rendicion_viaticos_viajes_clientes` int(6) NOT NULL AUTO_INCREMENT,
  `orden` int(6) NOT NULL,
  `id_ven_rendicion_viaticos_viajes_proc` int(6) DEFAULT NULL,
  `activo` int(1) DEFAULT NULL,
  `id_ven_cliente_sucursales` int(6) DEFAULT NULL,
  PRIMARY KEY (`id_ven_rendicion_viaticos_viajes_clientes`)
) ENGINE=InnoDB  DEFAULT CHARSET=utf8 AUTO_INCREMENT=207 ;

--
-- Dumping data for table `ven_rendicion_viaticos_viajes_clientes`
--

INSERT INTO `ven_rendicion_viaticos_viajes_clientes` (`id_ven_rendicion_viaticos_viajes_clientes`, `orden`, `id_ven_rendicion_viaticos_viajes_proc`, `activo`, `id_ven_cliente_sucursales`) VALUES
(1, 0, 11, 1, 2),
(2, 0, 11, 1, 1),
(3, 0, 12, 1, 2),
(4, 0, 30, 1, 2),
(5, 0, 30, 1, 3),
(6, 0, 30, 1, 4),
(7, 0, 31, 1, 2),
(8, 0, 31, 1, 3),
(9, 0, 31, 1, 4),
(10, 0, 32, 1, 2),
(11, 0, 32, 1, 3),
(12, 0, 32, 1, 4),
(13, 0, 33, 1, 2),
(14, 0, 33, 1, 3),
(15, 0, 33, 1, 4),
(16, 0, 34, 1, 2),
(17, 0, 34, 1, 3),
(18, 0, 34, 1, 4),
(19, 0, 35, 1, 2),
(20, 0, 35, 1, 3),
(21, 0, 35, 1, 4),
(22, 0, 36, 1, 2),
(23, 0, 36, 1, 3),
(24, 0, 36, 1, 4),
(25, 0, 37, 1, 2),
(26, 0, 37, 1, 3),
(27, 0, 37, 1, 4),
(28, 0, 38, 1, 2),
(29, 0, 38, 1, 3),
(30, 0, 38, 1, 4),
(31, 0, 39, 1, 2),
(32, 0, 39, 1, 3),
(33, 0, 39, 1, 4),
(34, 0, 40, 1, 2),
(35, 0, 40, 1, 3),
(36, 0, 40, 1, 4),
(37, 0, 41, 1, 2),
(38, 0, 41, 1, 3),
(39, 0, 41, 1, 4),
(40, 0, 42, 1, 2),
(41, 0, 42, 1, 3),
(42, 0, 42, 1, 4),
(43, 0, 43, 1, 2),
(44, 0, 43, 1, 3),
(45, 0, 43, 1, 4),
(46, 0, 44, 1, 2),
(47, 0, 44, 1, 3),
(48, 0, 44, 1, 4),
(49, 0, 45, 1, 2),
(50, 0, 45, 1, 3),
(51, 0, 45, 1, 4),
(52, 0, 46, 1, 2),
(53, 0, 46, 1, 3),
(54, 0, 46, 1, 4),
(55, 0, 47, 1, 2),
(56, 0, 47, 1, 3),
(57, 0, 47, 1, 4),
(58, 0, 48, 1, 2),
(59, 0, 48, 1, 3),
(60, 0, 48, 1, 4),
(61, 0, 49, 1, 2),
(62, 0, 49, 1, 3),
(63, 0, 49, 1, 4),
(64, 0, 50, 1, 2),
(65, 0, 50, 1, 3),
(66, 0, 50, 1, 4),
(67, 0, 51, 1, 2),
(68, 0, 51, 1, 3),
(69, 0, 51, 1, 4),
(70, 0, 52, 1, 2),
(71, 0, 52, 1, 3),
(72, 0, 52, 1, 4),
(73, 0, 53, 1, 2),
(74, 0, 53, 1, 3),
(75, 0, 53, 1, 4),
(76, 0, 54, 1, 2),
(77, 0, 54, 1, 3),
(78, 0, 54, 1, 4),
(79, 0, 55, 1, 2),
(80, 0, 55, 1, 3),
(81, 0, 55, 1, 4),
(82, 0, 56, 1, 2),
(83, 0, 56, 1, 3),
(84, 0, 56, 1, 4),
(85, 0, 57, 1, 2),
(86, 0, 57, 1, 3),
(87, 0, 57, 1, 4),
(88, 0, 58, 1, 2),
(89, 0, 58, 1, 3),
(90, 0, 58, 1, 4),
(91, 0, 59, 1, 2),
(92, 0, 59, 1, 3),
(93, 0, 59, 1, 4),
(94, 0, 60, 1, 2),
(95, 0, 60, 1, 3),
(96, 0, 60, 1, 4),
(97, 0, 61, 1, 2),
(98, 0, 61, 1, 3),
(99, 0, 61, 1, 4),
(100, 0, 62, 1, 2),
(101, 0, 62, 1, 3),
(102, 0, 62, 1, 4),
(103, 0, 63, 1, 2),
(104, 0, 63, 1, 3),
(105, 0, 63, 1, 4),
(106, 0, 64, 1, 2),
(107, 0, 64, 1, 3),
(108, 0, 64, 1, 4),
(109, 0, 65, 1, 2),
(110, 0, 65, 1, 3),
(111, 0, 65, 1, 4),
(112, 0, 66, 1, 2),
(113, 0, 66, 1, 3),
(114, 0, 66, 1, 4),
(115, 0, 67, 1, 2),
(116, 0, 67, 1, 3),
(117, 0, 67, 1, 4),
(118, 0, 68, 1, 2),
(119, 0, 68, 1, 3),
(120, 0, 68, 1, 4),
(121, 0, 69, 1, 2),
(122, 0, 69, 1, 3),
(123, 0, 69, 1, 4),
(124, 0, 70, 1, 2),
(125, 0, 70, 1, 3),
(126, 0, 70, 1, 4),
(127, 0, 71, 1, 2),
(128, 0, 71, 1, 3),
(129, 0, 71, 1, 4),
(130, 0, 72, 1, 2),
(131, 0, 72, 1, 3),
(132, 0, 72, 1, 4),
(133, 0, 73, 1, 2),
(134, 0, 73, 1, 3),
(135, 0, 73, 1, 4),
(136, 0, 74, 1, 2),
(137, 0, 74, 1, 3),
(138, 0, 74, 1, 4),
(139, 0, 75, 1, 2),
(140, 0, 75, 1, 3),
(141, 0, 75, 1, 4),
(142, 0, 76, 1, 2),
(143, 0, 76, 1, 3),
(144, 0, 76, 1, 4),
(145, 0, 77, 1, 2),
(146, 0, 77, 1, 3),
(147, 0, 77, 1, 4),
(148, 0, 78, 1, 2),
(149, 0, 78, 1, 3),
(150, 0, 78, 1, 4),
(151, 0, 79, 1, 2),
(152, 0, 79, 1, 3),
(153, 0, 79, 1, 4),
(154, 0, 80, 1, 2),
(155, 0, 80, 1, 3),
(156, 0, 80, 1, 4),
(157, 0, 81, 1, 2),
(158, 0, 81, 1, 3),
(159, 0, 81, 1, 4),
(160, 0, 82, 1, 2),
(161, 0, 82, 1, 3),
(162, 0, 82, 1, 4),
(163, 0, 83, 1, 2),
(164, 0, 83, 1, 3),
(165, 0, 83, 1, 4),
(166, 0, 84, 1, 2),
(167, 0, 84, 1, 3),
(168, 0, 84, 1, 4),
(169, 0, 85, 1, 2),
(170, 0, 85, 1, 3),
(171, 0, 85, 1, 4),
(172, 0, 86, 1, 2),
(173, 0, 86, 1, 3),
(174, 0, 86, 1, 4),
(175, 0, 87, 1, 2),
(176, 0, 87, 1, 3),
(177, 0, 87, 1, 4),
(178, 0, 88, 1, 2),
(179, 0, 88, 1, 3),
(180, 0, 88, 1, 4),
(181, 0, 89, 1, 2),
(182, 0, 89, 1, 3),
(183, 0, 89, 1, 4),
(184, 0, 90, 1, 2),
(185, 0, 90, 1, 3),
(186, 0, 90, 1, 4),
(187, 0, 91, 1, 2),
(188, 0, 91, 1, 3),
(189, 0, 91, 1, 4),
(190, 0, 92, 1, 2),
(191, 0, 92, 1, 3),
(192, 0, 92, 1, 4),
(193, 0, 93, 1, 2),
(194, 0, 93, 1, 3),
(195, 0, 93, 1, 4),
(196, 0, 94, 1, 2),
(197, 0, 94, 1, 3),
(198, 0, 94, 1, 4),
(199, 0, 95, 1, 2),
(200, 0, 95, 1, 3),
(201, 0, 95, 1, 4),
(202, 0, 96, 1, 2),
(203, 0, 96, 1, 3),
(204, 0, 96, 1, 4),
(205, 0, 102, 1, 2),
(206, 0, 104, 1, 2);

-- --------------------------------------------------------

--
-- Table structure for table `ven_rendicion_viaticos_viajes_gast`
--

CREATE TABLE IF NOT EXISTS `ven_rendicion_viaticos_viajes_gast` (
  `id_ven_rendicion_viaticos_viajes_gast` int(12) NOT NULL AUTO_INCREMENT,
  `orden` int(6) NOT NULL,
  `id_ven_rendicion_viaticos_viajes_proc` int(6) DEFAULT NULL,
  `detalle` longtext,
  `monto_real` decimal(10,2) DEFAULT NULL,
  `monto` decimal(10,2) DEFAULT NULL,
  `activo` int(1) DEFAULT NULL,
  `archivo` longtext,
  `id_sis_gastos_viajes` int(6) DEFAULT NULL,
  PRIMARY KEY (`id_ven_rendicion_viaticos_viajes_gast`)
) ENGINE=InnoDB  DEFAULT CHARSET=utf8 AUTO_INCREMENT=192 ;

--
-- Dumping data for table `ven_rendicion_viaticos_viajes_gast`
--

INSERT INTO `ven_rendicion_viaticos_viajes_gast` (`id_ven_rendicion_viaticos_viajes_gast`, `orden`, `id_ven_rendicion_viaticos_viajes_proc`, `detalle`, `monto_real`, `monto`, `activo`, `archivo`, `id_sis_gastos_viajes`) VALUES
(1, 0, 8, 'pepe', NULL, 0.00, 1, NULL, 1),
(2, 0, 8, 'taxi aerp', NULL, 120.00, 1, NULL, 4),
(3, 0, 8, 'dedeed', NULL, 121.00, 1, NULL, 3),
(4, 0, 8, 'sdsd', NULL, 120.00, 1, NULL, 1),
(5, 0, 9, 'hghg', NULL, 120.25, 1, NULL, 1),
(6, 0, 9, 'sdsd', NULL, 10.11, 1, NULL, 1),
(7, 0, 9, 'sdsds', NULL, 0.12, 1, NULL, 1),
(8, 0, 9, 'sdsd', NULL, 10.11, 1, NULL, 1),
(9, 0, 9, 'detalle', NULL, 120.67, 1, NULL, 1),
(10, 0, 9, 'pepepepe', NULL, 124.34, 1, NULL, 1),
(11, 0, 9, 'comi', NULL, 12.12, 1, NULL, 2),
(12, 0, 9, '12121', NULL, 12.12, 1, NULL, 1),
(13, 0, 9, '12121', NULL, 12.12, 1, NULL, 1),
(14, 0, 9, '12121', NULL, 12.12, 1, NULL, 1),
(15, 0, 9, '12121', NULL, 100.00, 1, NULL, 1),
(16, 0, 9, 'sdasd', NULL, 0.51, 1, NULL, 1),
(17, 0, 9, 'aasdas', NULL, 0.41, 1, NULL, 1),
(18, 0, 11, 'pepe pepe', NULL, 120.25, 1, NULL, 1),
(19, 0, 11, 'asdasd', NULL, 120.00, 1, NULL, 5),
(20, 0, 11, 'pepeepepe', NULL, 120.00, 1, NULL, 7),
(21, 0, 12, 'deded', NULL, 120.35, 1, NULL, 1),
(22, 0, 29, 'deded', NULL, 250.00, 1, NULL, 1),
(23, 0, 29, 'dede', NULL, 125.56, 1, NULL, 1),
(24, 0, 30, 'deded', NULL, 250.00, 1, NULL, 1),
(25, 0, 30, 'dede', NULL, 125.56, 1, NULL, 1),
(26, 0, 31, 'deded', NULL, 250.00, 1, NULL, 1),
(27, 0, 31, 'dede', NULL, 125.56, 1, NULL, 1),
(28, 0, 32, 'deded', NULL, 250.00, 1, NULL, 1),
(29, 0, 32, 'dede', NULL, 125.56, 1, NULL, 1),
(30, 0, 33, 'deded', NULL, 250.00, 1, NULL, 1),
(31, 0, 33, 'dede', NULL, 125.56, 1, NULL, 1),
(32, 0, 34, 'deded', NULL, 250.00, 1, NULL, 1),
(33, 0, 34, 'dede', NULL, 125.56, 1, NULL, 1),
(34, 0, 35, 'deded', NULL, 250.00, 1, NULL, 1),
(35, 0, 35, 'dede', NULL, 125.56, 1, NULL, 1),
(36, 0, 36, 'deded', NULL, 250.00, 1, NULL, 1),
(37, 0, 36, 'dede', NULL, 125.56, 1, NULL, 1),
(38, 0, 37, 'deded', NULL, 250.00, 1, '_38_enGlish.learn', 1),
(39, 0, 37, 'dede', NULL, 125.56, 1, NULL, 1),
(40, 0, 38, 'deded', NULL, 250.00, 1, '_40_Página_12 __ El mundo __ Otra vuelta de los estudiantes.pdf', 1),
(41, 0, 38, 'dede', NULL, 125.56, 1, NULL, 1),
(42, 0, 39, 'deded', NULL, 250.00, 1, '_42_enGlish.learn', 1),
(43, 0, 39, 'dede', NULL, 125.56, 1, NULL, 1),
(44, 0, 40, 'deded', NULL, 250.00, 1, '_44_procesos.php', 1),
(45, 0, 40, 'dede', NULL, 125.56, 1, NULL, 1),
(46, 0, 41, 'deded', NULL, 250.00, 1, NULL, 1),
(47, 0, 41, 'dede', NULL, 125.56, 1, NULL, 1),
(48, 0, 42, 'deded', NULL, 250.00, 1, '_48_dk_cosas', 1),
(49, 0, 42, 'dede', NULL, 125.56, 1, '_49_Niveles.SistemaUNO', 1),
(50, 0, 43, 'deded', NULL, 250.00, 1, NULL, 1),
(51, 0, 43, 'dede', NULL, 125.56, 1, NULL, 1),
(52, 0, 44, 'deded', NULL, 250.00, 1, NULL, 1),
(53, 0, 44, 'dede', NULL, 125.56, 1, NULL, 1),
(54, 0, 45, 'deded', NULL, 250.00, 1, NULL, 1),
(55, 0, 45, 'dede', NULL, 125.56, 1, NULL, 1),
(56, 0, 46, 'deded', NULL, 250.00, 1, NULL, 1),
(57, 0, 46, 'dede', NULL, 125.56, 1, NULL, 1),
(58, 0, 47, 'deded', NULL, 250.00, 1, NULL, 1),
(59, 0, 47, 'dede', NULL, 125.56, 1, NULL, 1),
(60, 0, 48, 'deded', 120.23, 250.00, 1, NULL, 1),
(61, 0, 48, 'dede', 150.85, 125.56, 1, NULL, 1),
(62, 0, 49, 'deded', NULL, 250.00, 1, NULL, 1),
(63, 0, 49, 'dede', NULL, 125.56, 1, NULL, 1),
(64, 0, 50, 'deded', NULL, 250.00, 1, NULL, 1),
(65, 0, 50, 'dede', NULL, 125.56, 1, NULL, 1),
(66, 0, 51, 'deded', NULL, 250.00, 1, NULL, 1),
(67, 0, 51, 'dede', NULL, 125.56, 1, NULL, 1),
(68, 0, 52, 'deded', NULL, 250.00, 1, NULL, 1),
(69, 0, 52, 'dede', NULL, 125.56, 1, NULL, 1),
(70, 0, 53, 'deded', NULL, 250.00, 1, NULL, 1),
(71, 0, 53, 'dede', NULL, 125.56, 1, NULL, 1),
(72, 0, 54, 'deded', NULL, 250.00, 1, NULL, 1),
(73, 0, 54, 'dede', NULL, 125.56, 1, NULL, 1),
(74, 0, 55, 'deded', 300.00, 250.00, 1, '_74_dk_cosas', 1),
(75, 0, 55, 'dede', 200.00, 125.56, 1, NULL, 1),
(76, 0, 56, 'deded', NULL, 250.00, 1, NULL, 1),
(77, 0, 56, 'dede', NULL, 125.56, 1, NULL, 1),
(78, 0, 57, 'deded', NULL, 250.00, 1, '_78_enGlish.learn', 1),
(79, 0, 57, 'dede', NULL, 125.56, 1, NULL, 1),
(80, 0, 58, 'deded', NULL, 250.00, 1, '_80_procesos.php', 1),
(81, 0, 58, 'dede', NULL, 125.56, 1, NULL, 1),
(82, 0, 59, 'deded', NULL, 250.00, 1, NULL, 1),
(83, 0, 59, 'dede', NULL, 125.56, 1, NULL, 1),
(84, 0, 60, 'deded', NULL, 250.00, 1, NULL, 1),
(85, 0, 60, 'dede', NULL, 125.56, 1, NULL, 1),
(86, 0, 61, 'deded', NULL, 250.00, 1, NULL, 1),
(87, 0, 61, 'dede', NULL, 125.56, 1, NULL, 1),
(88, 0, 62, 'deded', NULL, 250.00, 1, NULL, 1),
(89, 0, 62, 'dede', NULL, 125.56, 1, NULL, 1),
(90, 0, 63, 'deded', NULL, 250.00, 1, NULL, 1),
(91, 0, 63, 'dede', NULL, 125.56, 1, NULL, 1),
(92, 0, 64, 'deded', NULL, 250.00, 1, NULL, 1),
(93, 0, 64, 'dede', NULL, 125.56, 1, NULL, 1),
(94, 0, 65, 'deded', NULL, 250.00, 1, NULL, 1),
(95, 0, 65, 'dede', NULL, 125.56, 1, NULL, 1),
(96, 0, 66, 'deded', NULL, 250.00, 1, NULL, 1),
(97, 0, 66, 'dede', NULL, 125.56, 1, NULL, 1),
(98, 0, 66, NULL, NULL, NULL, 1, NULL, NULL),
(99, 0, 67, 'deded', NULL, 250.00, 1, NULL, 1),
(100, 0, 67, 'dede', NULL, 125.56, 1, NULL, 1),
(101, 0, 67, NULL, NULL, NULL, 1, NULL, NULL),
(102, 0, 68, 'deded', 300.00, 250.00, 1, NULL, 1),
(103, 0, 68, 'dede', 500.00, 125.56, 1, '_103_Página_12 __ El mundo __ Otra vuelta de los estudiantes.pdf', 1),
(104, 0, 68, 'alam', 150.00, 0.00, 1, '_104_Página_12 __ El mundo __ Otra vuelta de los estudiantes.pdf', 11),
(105, 0, 68, 'variosss', 200.00, 0.00, 1, NULL, 10),
(106, 0, 69, 'deded', NULL, 250.00, 1, NULL, 1),
(107, 0, 69, 'dede', NULL, 125.56, 1, NULL, 1),
(108, 0, 69, 'ssdsd', NULL, 0.00, 1, NULL, 3),
(109, 0, 70, 'deded', NULL, 250.00, 1, NULL, 1),
(110, 0, 70, 'dede', NULL, 125.56, 1, NULL, 1),
(111, 0, 71, 'deded', NULL, 250.00, 1, NULL, 1),
(112, 0, 71, 'dede', NULL, 125.56, 1, NULL, 1),
(113, 0, 72, 'deded', 120.00, 250.00, 1, NULL, 1),
(114, 0, 72, 'dede', 500.00, 125.56, 1, NULL, 1),
(115, 0, 72, 'pepepe pe e', 12.12, 0.00, 1, '_115_procesos.php', 10),
(116, 0, 72, 'comidadddd', NULL, 0.00, 1, NULL, 2),
(117, 0, 72, 'de', 12.22, 0.00, 1, NULL, 9),
(118, 0, 72, 'deee', NULL, 0.00, 1, NULL, 6),
(119, 0, 72, 'dd', NULL, 0.00, 1, NULL, 1),
(120, 0, 72, 'deed', NULL, 121.11, 1, NULL, 4),
(121, 0, 72, 'comida', 1.25, NULL, 1, NULL, 2),
(122, 0, 72, 'dede', 20.03, NULL, 1, NULL, 9),
(123, 0, 72, 'dd', 0.00, NULL, 1, NULL, 8),
(124, 0, 73, 'deded', NULL, 250.00, 1, NULL, 1),
(125, 0, 73, 'dede', NULL, 125.56, 1, NULL, 1),
(126, 0, 73, 'pepe', 1000.20, NULL, 1, NULL, 4),
(127, 0, 73, 'ddd', 0.12, NULL, 1, NULL, 6),
(128, 0, 73, 'dd', 0.00, NULL, 1, NULL, 1),
(129, 0, 74, 'deded', NULL, 250.00, 1, NULL, 1),
(130, 0, 74, 'dede', NULL, 125.56, 1, NULL, 1),
(131, 0, 75, 'deded', NULL, 250.00, 1, NULL, 1),
(132, 0, 75, 'dede', NULL, 125.56, 1, NULL, 1),
(133, 0, 76, 'deded', NULL, 250.00, 0, NULL, 1),
(134, 0, 76, 'dede', NULL, 125.56, 1, NULL, 1),
(135, 0, 76, 'deded', NULL, 250.00, 0, NULL, 1),
(136, 0, 77, 'deded', NULL, 250.00, 0, NULL, 1),
(137, 0, 77, 'dede', NULL, 125.56, 1, NULL, 1),
(138, 0, 77, 'deded', NULL, 250.00, 0, NULL, 1),
(139, 0, 78, 'deded', NULL, 250.00, 1, NULL, 1),
(140, 0, 78, 'dede', NULL, 125.56, 1, NULL, 1),
(141, 0, 79, 'deded', NULL, 250.00, 1, NULL, 1),
(142, 0, 79, 'dede', NULL, 125.56, 1, NULL, 1),
(143, 0, 80, 'deded', NULL, 250.00, 1, NULL, 1),
(144, 0, 80, 'dede', NULL, 125.56, 1, NULL, 1),
(145, 0, 81, 'deded', 300.00, 250.00, 1, NULL, 1),
(146, 0, 81, 'dede', NULL, 125.56, 1, NULL, 1),
(147, 0, 82, 'deded', NULL, 250.00, 1, NULL, 1),
(148, 0, 82, 'dede', NULL, 125.56, 1, NULL, 1),
(149, 0, 83, 'deded', NULL, 250.00, 1, NULL, 1),
(150, 0, 83, 'dede', NULL, 125.56, 1, NULL, 1),
(151, 0, 84, 'deded', NULL, 250.00, 1, NULL, 1),
(152, 0, 84, 'dede', NULL, 125.56, 1, NULL, 1),
(153, 0, 85, 'deded', NULL, 250.00, 1, NULL, 1),
(154, 0, 85, 'dede', NULL, 125.56, 1, NULL, 1),
(155, 0, 86, 'deded', NULL, 250.00, 0, NULL, 1),
(156, 0, 86, 'dede', NULL, 125.56, 1, NULL, 1),
(157, 0, 86, 'deded', NULL, 250.00, 0, NULL, 1),
(158, 0, 87, 'deded', NULL, 250.00, 0, NULL, 1),
(159, 0, 87, 'dede', NULL, 125.56, 1, NULL, 1),
(160, 0, 87, 'deded', NULL, 250.00, 0, NULL, 1),
(161, 0, 88, 'deded', NULL, 250.00, 0, NULL, 1),
(162, 0, 88, 'dede', NULL, 125.56, 0, NULL, 1),
(163, 0, 88, 'deded', NULL, 250.00, 0, NULL, 1),
(164, 0, 88, 'dede', NULL, 125.56, 0, NULL, 1),
(165, 0, 88, 'pepe', 100.00, NULL, 1, NULL, 4),
(166, 0, 88, 'deeded', 120.00, NULL, 0, NULL, 3),
(167, 0, 88, 'deeded', 120.00, NULL, 0, NULL, 3),
(168, 0, 89, 'deded', NULL, 250.00, 1, NULL, 1),
(169, 0, 89, 'dede', NULL, 125.56, 1, NULL, 1),
(170, 0, 90, 'deded', NULL, 250.00, 1, NULL, 1),
(171, 0, 90, 'dede', NULL, 125.56, 1, NULL, 1),
(172, 0, 89, 'deded NEW', 150.00, NULL, 1, NULL, 1),
(173, 0, 91, 'deded', NULL, 250.00, 1, NULL, 1),
(174, 0, 91, 'dede', NULL, 125.56, 1, NULL, 1),
(175, 0, 92, 'deded', NULL, 250.00, 1, NULL, 1),
(176, 0, 92, 'dede', NULL, 125.56, 1, NULL, 1),
(177, 0, 93, 'deded', NULL, 250.00, 1, NULL, 1),
(178, 0, 93, 'dede', NULL, 125.56, 1, NULL, 1),
(179, 0, 94, 'deded', NULL, 250.00, 1, NULL, 1),
(180, 0, 94, 'dede', NULL, 125.56, 1, NULL, 1),
(181, 0, 95, 'deded', NULL, 250.00, 0, NULL, 1),
(182, 0, 95, 'dede', NULL, 125.56, 1, NULL, 1),
(183, 0, 95, 'deded', NULL, 250.00, 0, NULL, 1),
(184, 0, 96, 'deded', NULL, 250.00, 1, NULL, 1),
(185, 0, 96, 'dede', NULL, 125.56, 0, NULL, 1),
(186, 0, 96, 'dede', NULL, 125.56, 0, NULL, 1),
(187, 0, 96, 'dede NEWNEW', 100.00, NULL, 1, NULL, 1),
(188, 0, 102, 'sadasd', NULL, 450.00, 1, NULL, 1),
(189, 0, 102, '2131324', NULL, 1200.00, 1, NULL, 1),
(190, 0, 104, 'detalle uno', 1200.00, 10020.00, 1, '_190_Traducciones.odt', 4),
(191, 0, 104, 'asdasd', 1200.00, NULL, 1, NULL, 3);

-- --------------------------------------------------------

--
-- Table structure for table `ven_rendicion_viaticos_viajes_proc`
--

CREATE TABLE IF NOT EXISTS `ven_rendicion_viaticos_viajes_proc` (
  `id_ven_rendicion_viaticos_viajes_proc` int(6) NOT NULL AUTO_INCREMENT,
  `orden` int(6) NOT NULL,
  `id_ven_rendicion_viaticos_viajes` int(6) DEFAULT NULL,
  `id_sis_procesos_flujos_dias` int(6) DEFAULT NULL,
  `id_cv_datos_personales` int(6) DEFAULT NULL,
  `id_relacionado` decimal(10,0) DEFAULT NULL,
  `fecha_alta` int(20) DEFAULT NULL,
  `comentario` longtext,
  PRIMARY KEY (`id_ven_rendicion_viaticos_viajes_proc`)
) ENGINE=InnoDB  DEFAULT CHARSET=utf8 AUTO_INCREMENT=106 ;

--
-- Dumping data for table `ven_rendicion_viaticos_viajes_proc`
--

INSERT INTO `ven_rendicion_viaticos_viajes_proc` (`id_ven_rendicion_viaticos_viajes_proc`, `orden`, `id_ven_rendicion_viaticos_viajes`, `id_sis_procesos_flujos_dias`, `id_cv_datos_personales`, `id_relacionado`, `fecha_alta`, `comentario`) VALUES
(1, 0, 1, 7, 99901, NULL, 1367290800, NULL),
(2, 0, 2, 7, 99901, NULL, 1367290800, NULL),
(3, 0, 3, 7, 99901, NULL, 1367290800, NULL),
(4, 0, 4, 7, 99901, NULL, 1367290800, NULL),
(5, 0, 5, 7, 99901, NULL, 1367290800, NULL),
(6, 0, 6, 7, 99901, NULL, 1367290800, NULL),
(7, 0, 7, 7, 99901, NULL, 1367290800, NULL),
(8, 0, 8, 7, 99901, NULL, 1367290800, NULL),
(9, 0, 9, 7, 99901, NULL, 1367290800, NULL),
(10, 0, 10, 7, 99901, NULL, 1367290800, NULL),
(11, 0, 11, 7, 99901, NULL, 1367290800, NULL),
(12, 0, 12, 7, 99901, NULL, 1367290800, NULL),
(13, 0, 12, 8, 99902, NULL, 1367290800, 'okey'),
(14, 0, 12, 9, 99903, 13, 1367290800, 'hay que modificar algo.'),
(15, 0, 12, 8, 99902, NULL, 1367290800, 'okay\r\nmodificamos'),
(16, 0, 12, 9, 99903, NULL, 1367290800, 'bueno'),
(17, 0, 12, 10, 99904, NULL, 1367290800, 'perfecto. cierro'),
(18, 0, 13, 7, 99901, NULL, 1367895600, NULL),
(19, 0, 14, 7, 99901, NULL, 1367895600, NULL),
(20, 0, 15, 7, 99901, NULL, 1367895600, NULL),
(21, 0, 16, 7, 99901, NULL, 1367895600, NULL),
(22, 0, 17, 7, 99901, NULL, 1367895600, NULL),
(23, 0, 18, 7, 99901, NULL, 1367895600, NULL),
(24, 0, 19, 7, 99901, NULL, 1367895600, NULL),
(25, 0, 20, 7, 99901, NULL, 1367895600, NULL),
(26, 0, 21, 7, 99901, NULL, 1367895600, NULL),
(27, 0, 22, 7, 99901, NULL, 1367895600, NULL),
(28, 0, 23, 7, 99901, NULL, 1367895600, NULL),
(29, 0, 24, 7, 99901, NULL, 1367895600, NULL),
(30, 0, 25, 7, 99901, NULL, 1367895600, NULL),
(31, 0, 26, 7, 99901, NULL, 1367895600, NULL),
(32, 0, 27, 7, 99901, NULL, 1367895600, NULL),
(33, 0, 28, 7, 99901, NULL, 1367895600, NULL),
(34, 0, 29, 7, 99901, NULL, 1367895600, NULL),
(35, 0, 30, 7, 99901, NULL, 1367895600, NULL),
(36, 0, 31, 7, 99901, NULL, 1367895600, NULL),
(37, 0, 32, 7, 99901, NULL, 1367895600, NULL),
(38, 0, 33, 7, 99901, NULL, 1367895600, NULL),
(39, 0, 34, 7, 99901, NULL, 1367895600, NULL),
(40, 0, 35, 7, 99901, NULL, 1367895600, NULL),
(41, 0, 36, 7, 99901, NULL, 1367895600, NULL),
(42, 0, 37, 7, 99901, NULL, 1367895600, NULL),
(43, 0, 38, 7, 99901, NULL, 1367895600, NULL),
(44, 0, 39, 7, 99901, NULL, 1367895600, NULL),
(45, 0, 40, 7, 99901, NULL, 1367895600, NULL),
(46, 0, 41, 7, 99901, NULL, 1367895600, NULL),
(47, 0, 42, 7, 99901, NULL, 1367895600, NULL),
(48, 0, 43, 7, 99901, NULL, 1367895600, NULL),
(49, 0, 44, 7, 99901, NULL, 1367895600, NULL),
(50, 0, 45, 7, 99901, NULL, 1367895600, NULL),
(51, 0, 46, 7, 99901, NULL, 1367895600, NULL),
(52, 0, 47, 7, 99901, NULL, 1367895600, NULL),
(53, 0, 48, 7, 99901, NULL, 1367895600, NULL),
(54, 0, 49, 7, 99901, NULL, 1367895600, NULL),
(55, 0, 50, 7, 99901, NULL, 1367895600, NULL),
(56, 0, 51, 7, 99901, NULL, 1367895600, NULL),
(57, 0, 52, 7, 99901, NULL, 1367895600, NULL),
(58, 0, 53, 7, 99901, NULL, 1367895600, NULL),
(59, 0, 54, 7, 99901, NULL, 1367895600, NULL),
(60, 0, 55, 7, 99901, NULL, 1367895600, NULL),
(61, 0, 56, 7, 99901, NULL, 1367895600, NULL),
(62, 0, 57, 7, 99901, NULL, 1367895600, NULL),
(63, 0, 58, 7, 99901, NULL, 1367895600, NULL),
(64, 0, 59, 7, 99901, NULL, 1367895600, NULL),
(65, 0, 60, 7, 99901, NULL, 1367895600, NULL),
(66, 0, 61, 7, 99901, NULL, 1367895600, NULL),
(67, 0, 62, 7, 99901, NULL, 1367895600, NULL),
(68, 0, 63, 7, 99901, NULL, 1367895600, NULL),
(69, 0, 64, 7, 99901, NULL, 1367895600, NULL),
(70, 0, 65, 7, 99901, NULL, 1367895600, NULL),
(71, 0, 66, 7, 99901, NULL, 1367895600, NULL),
(72, 0, 67, 7, 99901, NULL, 1367895600, NULL),
(73, 0, 68, 7, 99901, NULL, 1367895600, NULL),
(74, 0, 69, 7, 99901, NULL, 1367895600, NULL),
(75, 0, 70, 7, 99901, NULL, 1367895600, NULL),
(76, 0, 71, 7, 99901, NULL, 1367895600, NULL),
(77, 0, 72, 7, 99901, NULL, 1367895600, NULL),
(78, 0, 73, 7, 99901, NULL, 1367895600, NULL),
(79, 0, 74, 7, 99901, NULL, 1367895600, NULL),
(80, 0, 75, 7, 99901, NULL, 1367895600, NULL),
(81, 0, 76, 7, 99901, NULL, 1367895600, NULL),
(82, 0, 77, 7, 99901, NULL, 1367982000, NULL),
(83, 0, 78, 7, 99901, NULL, 1367982000, NULL),
(84, 0, 79, 7, 99901, NULL, 1367982000, NULL),
(85, 0, 80, 7, 99901, NULL, 1367982000, NULL),
(86, 0, 81, 7, 99901, NULL, 1367982000, NULL),
(87, 0, 82, 7, 99901, NULL, 1367982000, NULL),
(88, 0, 83, 7, 99901, NULL, 1367982000, NULL),
(89, 0, 84, 7, 99901, NULL, 1367982000, NULL),
(90, 0, 85, 7, 99901, NULL, 1367982000, NULL),
(91, 0, 86, 7, 99901, NULL, 1367982000, NULL),
(92, 0, 87, 7, 99901, NULL, 1367982000, NULL),
(93, 0, 88, 7, 99901, NULL, 1367982000, NULL),
(94, 0, 89, 7, 99901, NULL, 1367982000, NULL),
(95, 0, 90, 7, 99901, NULL, 1367982000, NULL),
(96, 0, 91, 7, 99901, NULL, 1367982000, NULL),
(97, 0, 91, 8, 99902, NULL, 1367982000, 'perfecto'),
(98, 0, 91, 9, 99903, 97, 1367982000, 'verificar tal cosa.'),
(99, 0, 91, 8, 99902, NULL, 1367982000, 'okey'),
(100, 0, 91, 9, 99903, NULL, 1367982000, 'oka'),
(101, 0, 91, 10, 99904, NULL, 1367982000, 'okey. cierro'),
(102, 0, 92, 7, 99901, NULL, 1368154800, NULL),
(103, 0, 93, 7, 99901, NULL, 1368759600, NULL),
(104, 0, 94, 7, 99901, NULL, 1368759600, NULL),
(105, 0, 94, 8, NULL, NULL, NULL, NULL);

-- --------------------------------------------------------

--
-- Table structure for table `ven_solicitud_viaticos_viajes`
--

CREATE TABLE IF NOT EXISTS `ven_solicitud_viaticos_viajes` (
  `id_ven_solicitud_viaticos_viajes` int(6) NOT NULL AUTO_INCREMENT,
  `orden` int(6) NOT NULL,
  `fecha_inicio` int(20) DEFAULT NULL,
  `fecha_fin` int(20) DEFAULT NULL,
  `observaciones` longtext,
  `id_ven_solicitud_viaticos_viajes_proc` decimal(10,0) DEFAULT NULL,
  PRIMARY KEY (`id_ven_solicitud_viaticos_viajes`)
) ENGINE=InnoDB  DEFAULT CHARSET=utf8 AUTO_INCREMENT=91 ;

--
-- Dumping data for table `ven_solicitud_viaticos_viajes`
--

INSERT INTO `ven_solicitud_viaticos_viajes` (`id_ven_solicitud_viaticos_viajes`, `orden`, `fecha_inicio`, `fecha_fin`, `observaciones`, `id_ven_solicitud_viaticos_viajes_proc`) VALUES
(85, 0, 1367377200, 1367463600, 'wef', 0),
(86, 0, 1367377200, 1367463600, 'pepe', 138),
(87, 0, 1367377200, 1367463600, 'dd', 140),
(88, 0, 1367463600, 1369191600, 'dd', 142),
(89, 0, 1367377200, 1367463600, 'pepe', 144),
(90, 0, 1367377200, 1367550000, 'pepe', 145);

-- --------------------------------------------------------

--
-- Table structure for table `ven_solicitud_viaticos_viajes_clientes`
--

CREATE TABLE IF NOT EXISTS `ven_solicitud_viaticos_viajes_clientes` (
  `id_ven_solicitud_viaticos_viajes_clientes` int(6) NOT NULL AUTO_INCREMENT,
  `orden` int(6) NOT NULL,
  `id_ven_solicitud_viaticos_viajes_proc` int(6) NOT NULL,
  `activo` char(1) NOT NULL,
  `id_ven_cliente_sucursales` int(6) NOT NULL,
  PRIMARY KEY (`id_ven_solicitud_viaticos_viajes_clientes`)
) ENGINE=InnoDB  DEFAULT CHARSET=utf8 AUTO_INCREMENT=120 ;

--
-- Dumping data for table `ven_solicitud_viaticos_viajes_clientes`
--

INSERT INTO `ven_solicitud_viaticos_viajes_clientes` (`id_ven_solicitud_viaticos_viajes_clientes`, `orden`, `id_ven_solicitud_viaticos_viajes_proc`, `activo`, `id_ven_cliente_sucursales`) VALUES
(115, 0, 134, '1', 2),
(116, 0, 138, '1', 2),
(117, 0, 140, '1', 1),
(118, 0, 142, '1', 2),
(119, 0, 144, '1', 2);

-- --------------------------------------------------------

--
-- Table structure for table `ven_solicitud_viaticos_viajes_gastos`
--

CREATE TABLE IF NOT EXISTS `ven_solicitud_viaticos_viajes_gastos` (
  `id_ven_solicitud_viaticos_viajes_gastos` int(6) NOT NULL AUTO_INCREMENT,
  `orden` int(6) NOT NULL,
  `id_ven_solicitud_viaticos_viajes_proc` int(6) NOT NULL,
  `activo` char(1) NOT NULL,
  `detalle` longtext NOT NULL,
  `monto` decimal(10,2) NOT NULL,
  `id_sis_gastos_viajes` int(6) NOT NULL,
  PRIMARY KEY (`id_ven_solicitud_viaticos_viajes_gastos`)
) ENGINE=InnoDB  DEFAULT CHARSET=utf8 AUTO_INCREMENT=235 ;

--
-- Dumping data for table `ven_solicitud_viaticos_viajes_gastos`
--

INSERT INTO `ven_solicitud_viaticos_viajes_gastos` (`id_ven_solicitud_viaticos_viajes_gastos`, `orden`, `id_ven_solicitud_viaticos_viajes_proc`, `activo`, `detalle`, `monto`, `id_sis_gastos_viajes`) VALUES
(217, 0, 134, '1', 'wefr', 30.03, 4),
(218, 0, 138, '1', 'deded', 100.02, 5),
(219, 0, 140, '0', 'ddd', 20.02, 3),
(220, 0, 140, '0', 'almacenajeeee', 120.00, 11),
(221, 0, 140, '1', 'almacenajeeee NUEVO', 120.00, 11),
(222, 0, 140, '1', 'llama', 20.02, 6),
(223, 0, 140, '0', 'imp', 100.01, 9),
(224, 0, 140, '0', 'imp', 500.00, 9),
(225, 0, 140, '0', 'imp', 500.00, 9),
(226, 0, 142, '1', 'dcdcdc', 0.00, 6),
(227, 0, 142, '0', 'edede', 120.00, 9),
(228, 0, 142, '0', 'pepepe', 150.00, 8),
(229, 0, 142, '0', 'edede', 120.00, 9),
(230, 0, 142, '1', 'det', 120.00, 1),
(231, 0, 142, '1', 'sdsds', 30.00, 1),
(232, 0, 142, '1', 'pepepe', 100.00, 8),
(233, 0, 144, '1', 'comida', 120.00, 2),
(234, 0, 144, '1', 'pepepep', 125.00, 9);

-- --------------------------------------------------------

--
-- Table structure for table `ven_solicitud_viaticos_viajes_proc`
--

CREATE TABLE IF NOT EXISTS `ven_solicitud_viaticos_viajes_proc` (
  `id_ven_solicitud_viaticos_viajes_proc` int(6) NOT NULL AUTO_INCREMENT,
  `orden` int(6) NOT NULL,
  `id_ven_solicitud_viaticos_viajes` int(6) DEFAULT NULL,
  `id_sis_procesos_flujos_dias` int(6) DEFAULT NULL,
  `id_cv_datos_personales` int(6) DEFAULT NULL,
  `id_relacionado` decimal(10,0) DEFAULT NULL,
  `fecha_alta` int(20) DEFAULT NULL,
  `comentario` longtext,
  PRIMARY KEY (`id_ven_solicitud_viaticos_viajes_proc`)
) ENGINE=InnoDB  DEFAULT CHARSET=utf8 AUTO_INCREMENT=147 ;

--
-- Dumping data for table `ven_solicitud_viaticos_viajes_proc`
--

INSERT INTO `ven_solicitud_viaticos_viajes_proc` (`id_ven_solicitud_viaticos_viajes_proc`, `orden`, `id_ven_solicitud_viaticos_viajes`, `id_sis_procesos_flujos_dias`, `id_cv_datos_personales`, `id_relacionado`, `fecha_alta`, `comentario`) VALUES
(134, 0, 85, 1, 99901, NULL, 1369105200, NULL),
(135, 0, 85, 4, 99903, NULL, 1369105200, 'oka'),
(136, 0, 85, 5, 99904, NULL, 1369105200, 'okey'),
(137, 0, 85, 6, 99902, NULL, 1369105200, 'perfecto, lo cierro'),
(138, 0, 86, 2, 99902, NULL, 1369105200, NULL),
(139, 0, 86, 3, NULL, NULL, NULL, NULL),
(140, 0, 87, 2, 99902, NULL, 1369105200, NULL),
(141, 0, 87, 3, NULL, NULL, NULL, NULL),
(142, 0, 88, 2, 99902, NULL, 1369105200, NULL),
(143, 0, 88, 3, NULL, NULL, NULL, NULL),
(144, 0, 89, 2, 99902, NULL, 1369105200, NULL),
(145, 0, 90, 1, 99901, NULL, 1369796400, NULL),
(146, 0, 90, 4, NULL, NULL, NULL, NULL);

-- --------------------------------------------------------

--
-- Table structure for table `ven_store_check`
--

CREATE TABLE IF NOT EXISTS `ven_store_check` (
  `id_ven_store_check` int(6) NOT NULL AUTO_INCREMENT,
  `orden` int(6) NOT NULL,
  `id_ven_cliente_sucursales` int(6) DEFAULT NULL,
  `exhibiendo_mercaderia` varchar(2) DEFAULT NULL,
  `mercaderia_lugar` varchar(2) DEFAULT NULL,
  `buena_cantidad_productos` varchar(2) DEFAULT NULL,
  `poner_punto_venta` int(1) DEFAULT NULL,
  `poner_banner` int(1) DEFAULT NULL,
  `observaciones` longtext,
  `id_ven_store_check_proc` int(6) DEFAULT NULL,
  PRIMARY KEY (`id_ven_store_check`)
) ENGINE=InnoDB DEFAULT CHARSET=utf8 AUTO_INCREMENT=1 ;

-- --------------------------------------------------------

--
-- Table structure for table `ven_store_check_arch`
--

CREATE TABLE IF NOT EXISTS `ven_store_check_arch` (
  `id_ven_store_check_arch` int(6) NOT NULL AUTO_INCREMENT,
  `orden` int(6) NOT NULL,
  `id_ven_store_check_proc` int(6) DEFAULT NULL,
  `activo` int(1) DEFAULT NULL,
  `archivo` longtext,
  PRIMARY KEY (`id_ven_store_check_arch`)
) ENGINE=InnoDB DEFAULT CHARSET=utf8 AUTO_INCREMENT=1 ;

-- --------------------------------------------------------

--
-- Table structure for table `ven_store_check_proc`
--

CREATE TABLE IF NOT EXISTS `ven_store_check_proc` (
  `id_ven_store_check_proc` int(6) NOT NULL AUTO_INCREMENT,
  `orden` int(6) NOT NULL,
  `id_ven_store_check` int(6) DEFAULT NULL,
  `id_sis_procesos_flujos_dias` int(6) DEFAULT NULL,
  `id_cv_datos_personales` int(6) DEFAULT NULL,
  `id_relacionado` decimal(10,0) DEFAULT NULL,
  `fecha_alta` int(20) DEFAULT NULL,
  `comentario` longtext,
  PRIMARY KEY (`id_ven_store_check_proc`)
) ENGINE=InnoDB DEFAULT CHARSET=utf8 AUTO_INCREMENT=1 ;

-- --------------------------------------------------------

--
-- Table structure for table `ven_store_check_prod`
--

CREATE TABLE IF NOT EXISTS `ven_store_check_prod` (
  `id_ven_store_check_prod` int(6) NOT NULL AUTO_INCREMENT,
  `orden` int(6) NOT NULL,
  `id_ven_store_check_proc` int(6) DEFAULT NULL,
  `activo` int(1) DEFAULT NULL,
  `id_pro_producto` int(6) DEFAULT NULL,
  `cantidad` decimal(4,0) DEFAULT NULL,
  PRIMARY KEY (`id_ven_store_check_prod`)
) ENGINE=InnoDB DEFAULT CHARSET=utf8 AUTO_INCREMENT=1 ;

-- --------------------------------------------------------

--
-- Table structure for table `ven_visitas_de_clientes`
--

CREATE TABLE IF NOT EXISTS `ven_visitas_de_clientes` (
  `id_ven_visitas_de_clientes` int(6) NOT NULL AUTO_INCREMENT,
  `orden` int(6) NOT NULL,
  `id_ven_cliente_sucursales` int(6) DEFAULT NULL,
  `oficina_cliente` int(1) DEFAULT NULL,
  `fecha` int(20) DEFAULT NULL,
  `hora` varchar(100) DEFAULT NULL,
  `id_ven_visitas_de_clientes_proc` int(6) DEFAULT NULL,
  PRIMARY KEY (`id_ven_visitas_de_clientes`)
) ENGINE=InnoDB DEFAULT CHARSET=utf8 AUTO_INCREMENT=1 ;

-- --------------------------------------------------------

--
-- Table structure for table `ven_visitas_de_clientes_contactos`
--

CREATE TABLE IF NOT EXISTS `ven_visitas_de_clientes_contactos` (
  `id_ven_visitas_de_clientes_contactos` int(6) NOT NULL AUTO_INCREMENT,
  `orden` int(6) NOT NULL,
  `id_ven_visitas_de_clientes_proc` int(6) DEFAULT NULL,
  `activo` int(1) DEFAULT NULL,
  `id_ven_cliente_contacto` int(6) DEFAULT NULL,
  PRIMARY KEY (`id_ven_visitas_de_clientes_contactos`)
) ENGINE=InnoDB DEFAULT CHARSET=utf8 AUTO_INCREMENT=1 ;

-- --------------------------------------------------------

--
-- Table structure for table `ven_visitas_de_clientes_muestras`
--

CREATE TABLE IF NOT EXISTS `ven_visitas_de_clientes_muestras` (
  `id_ven_visitas_de_clientes_muestras` int(6) NOT NULL AUTO_INCREMENT,
  `orden` int(6) NOT NULL,
  `id_ven_visitas_de_clientes_proc` int(6) DEFAULT NULL,
  `activo` int(1) DEFAULT NULL,
  `id_pro_producto` int(6) DEFAULT NULL,
  `cantidad` int(10) DEFAULT NULL,
  PRIMARY KEY (`id_ven_visitas_de_clientes_muestras`)
) ENGINE=InnoDB DEFAULT CHARSET=utf8 AUTO_INCREMENT=1 ;

-- --------------------------------------------------------

--
-- Table structure for table `ven_visitas_de_clientes_proc`
--

CREATE TABLE IF NOT EXISTS `ven_visitas_de_clientes_proc` (
  `id_ven_visitas_de_clientes_proc` int(6) NOT NULL AUTO_INCREMENT,
  `orden` int(6) NOT NULL,
  `id_ven_visitas_de_clientes` int(6) DEFAULT NULL,
  `id_sis_procesos_flujos_dias` int(6) DEFAULT NULL,
  `id_cv_datos_personales` int(6) DEFAULT NULL,
  `id_relacionado` int(6) DEFAULT NULL,
  `fecha_alta` int(20) DEFAULT NULL,
  `comentario` longtext,
  PRIMARY KEY (`id_ven_visitas_de_clientes_proc`)
) ENGINE=InnoDB DEFAULT CHARSET=utf8 AUTO_INCREMENT=1 ;

-- --------------------------------------------------------

--
-- Table structure for table `ven_visitas_de_clientes_sucursales`
--

CREATE TABLE IF NOT EXISTS `ven_visitas_de_clientes_sucursales` (
  `id_ven_visitas_de_clientes_sucursales` int(6) NOT NULL AUTO_INCREMENT,
  `orden` int(6) NOT NULL,
  `id_ven_visitas_de_clientes_proc` int(6) DEFAULT NULL,
  `activo` int(1) DEFAULT NULL,
  `id_ven_cliente_sucursales` int(6) DEFAULT NULL,
  PRIMARY KEY (`id_ven_visitas_de_clientes_sucursales`)
) ENGINE=InnoDB DEFAULT CHARSET=utf8 AUTO_INCREMENT=1 ;

-- --------------------------------------------------------

--
-- Table structure for table `ven_visitas_de_clientes_temas`
--

CREATE TABLE IF NOT EXISTS `ven_visitas_de_clientes_temas` (
  `id_ven_visitas_de_clientes_temas` int(6) NOT NULL AUTO_INCREMENT,
  `orden` int(6) NOT NULL,
  `id_ven_visitas_de_clientes_proc` int(6) DEFAULT NULL,
  `activo` int(1) DEFAULT NULL,
  `tema` longtext,
  `tema_tocado` int(1) DEFAULT NULL,
  PRIMARY KEY (`id_ven_visitas_de_clientes_temas`)
) ENGINE=InnoDB DEFAULT CHARSET=utf8 AUTO_INCREMENT=1 ;

/*!40101 SET CHARACTER_SET_CLIENT=@OLD_CHARACTER_SET_CLIENT */;
/*!40101 SET CHARACTER_SET_RESULTS=@OLD_CHARACTER_SET_RESULTS */;
/*!40101 SET COLLATION_CONNECTION=@OLD_COLLATION_CONNECTION */;
